accession,PF00154_results,PF00154_domain_results,PF21134_domain_results,gold_standards_results,PF21134_results,Walker_A,Walker_B
YDI94551,1,0,0,1,0,1,1
YDI88709,1,1,1,1,1,1,1
YDD38469,1,1,1,1,1,1,1
YCR04191,1,1,1,1,1,1,1
YCQ78089,1,1,1,1,1,1,1
YCQ76618,1,1,1,1,1,1,1
YCP71262,1,0,0,1,0,1,1
P04529,1,1,1,1,1,1,1
P41662,0,0,0,0,0,0,0
YCN14603,1,0,0,1,0,1,1
YCL39723,1,1,1,1,1,1,1
YCL15783,1,1,0,1,1,1,1
YCL00421,1,1,0,1,0,1,1
YCJ26573,1,1,1,1,1,1,1
YCJ26308,1,1,1,1,1,1,1
YCJ17403,1,1,0,1,0,1,1
WIL02624,1,1,0,1,1,1,1
WIL02365,1,1,0,1,1,1,1
QSM00476,1,1,1,1,1,0,1
YCB26705,1,1,1,1,1,1,1
YCB25778,1,1,1,1,1,1,1
YCB15776,1,1,1,1,1,1,1
YCA88998,1,1,0,1,1,1,1
YP_011557350,1,0,0,0,0,1,1
WRQ12700,1,1,1,1,1,1,1
YBW68348,1,1,1,1,1,1,1
YBW02273,1,1,1,1,1,1,1
YBW00969,1,0,0,1,0,1,1
XKC24455,1,1,0,1,0,1,1
UGC96822,1,1,0,1,0,1,1
YBB95084,1,1,0,1,0,1,1
YAW78710,1,1,1,1,0,1,1
YP_011872756,1,0,0,1,0,1,1
YP_012053798,0,0,0,0,0,1,1
YP_011925980,1,0,0,1,0,1,1
YP_013537867,0,0,0,0,0,0,1
UCR81688,1,1,1,1,1,1,1
YAA50864,1,0,0,1,0,1,1
WNM70829,1,1,0,1,1,1,1
YP_013606416,1,1,0,1,0,1,1
XZP17675,1,1,1,1,1,1,1
XCZ64124,1,1,0,1,0,1,1
XEN39446,1,1,1,1,1,1,1
XYS98208,1,1,1,1,1,1,1
XYR95885,1,1,0,1,0,1,1
XYR95683,1,1,0,1,0,1,1
DBB19697,1,0,0,1,0,1,1
XYN56207,0,0,0,0,0,1,1
XYM58971,1,1,0,1,0,1,1
XYM58736,1,1,0,1,0,1,1
XYM57640,1,1,0,1,0,1,1
XXS07581,1,1,1,1,1,1,1
XXQ04733,1,1,0,1,0,1,1
XSG53046,1,1,0,1,0,1,1
XXL68479,1,1,1,1,1,1,1
XXJ63011,1,1,1,1,1,1,1
XXJ62871,1,1,1,1,1,1,1
XWJ58874,0,0,0,0,0,1,1
XVB94676,1,1,1,1,1,1,1
XVB70918,1,0,0,1,0,1,1
QWY14387,1,0,1,1,1,1,1
XAN60209,1,1,1,1,1,1,1
XRQ87699,0,1,1,1,1,1,1
XRM24437,1,1,0,1,0,1,1
XRA13571,0,0,0,0,0,1,1
XQU42776,1,1,1,1,1,1,1
XQU63049,1,1,0,1,0,1,1
XQU59788,1,1,0,1,1,1,1
XQU49485,1,1,1,1,1,1,1
XQQ51888,1,1,1,1,1,1,1
XQQ51607,1,1,1,1,1,1,1
XQQ51411,1,1,1,1,1,1,1
XQQ50854,1,1,0,1,0,1,1
XQP02554,1,1,0,1,0,1,1
XQO94789,1,1,0,1,1,1,1
XPP60222,1,1,1,1,1,1,1
XPP56688,1,1,0,1,1,1,0
XPO97844,1,1,1,1,1,1,1
XPO95924,1,0,0,1,0,1,1
XPN62819,1,1,1,1,1,1,1
XPN40897,1,0,0,1,0,1,1
XPN40694,1,0,0,1,0,1,1
XPB69684,0,0,0,0,0,1,1
XOT39798,1,1,0,1,0,1,1
XOS70336,1,1,0,1,0,1,1
XOS69840,1,1,0,1,0,1,1
XOS68277,0,0,0,0,0,1,1
XOS61832,1,0,0,1,0,1,1
XOS59471,1,0,0,1,0,1,1
XOS57001,1,1,0,1,0,1,1
XOS40286,0,0,0,0,0,1,1
XOS37541,0,0,0,0,0,1,1
XOS32638,1,1,0,1,0,1,1
XOS28573,1,1,0,1,0,1,1
XOS28292,1,1,0,1,0,1,1
XOS25364,1,1,0,1,0,1,1
XOS13405,1,1,0,1,0,1,1
XOS10110,1,1,0,1,0,1,1
XOS09896,0,0,0,0,0,1,1
XOS08265,1,1,0,1,0,1,1
XOS01475,0,0,0,0,0,1,1
XOR94015,0,0,0,0,0,1,1
XOR90835,0,0,0,0,0,1,1
XOR85385,1,1,0,1,0,1,1
XOR83761,0,0,0,0,0,1,1
XOR76662,0,0,0,0,0,1,1
XOR76507,1,1,0,1,0,0,1
XOR58766,0,0,0,0,0,1,1
XOR55866,1,0,0,1,0,1,0
XOR46943,0,0,0,0,0,1,1
XOR42131,1,0,0,1,0,1,1
XOR29570,1,0,0,0,0,0,1
XOR28499,1,1,0,1,0,1,1
XOR23144,0,0,0,0,0,1,1
XOR21361,0,0,0,0,0,1,1
XOR17278,1,0,0,1,0,1,1
XOR12127,0,0,0,0,0,1,1
XOR09214,0,0,0,0,0,1,1
XOR07006,0,0,0,0,0,1,1
XOR06191,0,0,0,0,0,0,1
XOR01118,1,0,0,1,0,1,1
XOQ94942,1,1,0,1,0,1,1
XOQ90751,0,0,0,0,0,1,1
XOQ90748,0,0,0,0,0,1,1
XOF00632,0,0,0,0,0,1,1
XOF00050,1,0,0,0,0,0,1
XOE96625,0,0,0,0,0,1,1
XOE95119,1,1,0,1,0,1,1
XOD41043,1,1,1,1,1,1,1
XOD32333,1,1,1,1,1,1,1
XOD32076,1,1,1,1,1,1,1
XOD31821,1,1,1,1,1,1,1
XOD31540,1,1,1,1,1,1,1
XOB77366,1,0,0,1,0,1,1
XOA07903,1,1,1,1,1,1,1
XNZ86301,1,0,0,1,0,1,1
BFL60880,1,0,0,0,0,1,1
XLQ30668,1,1,1,1,1,1,1
XNO95088,0,0,0,0,0,0,1
XMR90074,1,1,1,1,1,1,1
XBS49454,1,1,1,1,1,1,1
BFM22914,1,0,0,0,0,1,1
XMR01857,1,1,1,1,0,1,1
XMR01270,1,1,1,1,1,1,1
XMQ95077,1,0,0,1,0,1,1
XDR01266,1,1,1,1,1,1,1
WNO25330,1,0,0,1,0,0,1
WNO25098,1,0,0,1,0,0,1
XLY77758,1,1,1,1,1,1,1
WGJ78542,1,1,0,1,0,1,1
XLQ29474,1,1,1,1,1,1,1
XLM56194,1,1,0,1,0,1,1
XBA89584,1,1,1,1,1,1,1
XLL18380,1,1,1,1,1,1,1
XLG28237,1,1,0,1,0,0,1
XLG27405,0,0,0,0,0,1,1
XLG26096,1,1,0,1,0,1,1
XLG25413,1,1,0,1,0,1,0
XLG24782,1,1,0,1,0,0,1
XLG23789,1,1,0,1,0,1,0
XLG23610,0,0,0,0,0,0,1
XLE98483,1,0,0,1,0,1,1
XLE98270,1,0,0,1,0,1,1
XLE98064,1,0,0,1,0,1,1
XLE97856,1,0,0,1,0,1,1
XAG94916,1,1,0,1,1,1,1
XKC24153,1,1,1,1,1,1,1
XKC22556,1,0,0,1,0,1,1
XKC21180,1,0,0,1,0,1,1
XKC18860,1,0,0,1,0,1,1
XKC18358,1,1,0,1,0,1,1
XKC18248,0,0,0,0,0,1,1
XJP08863,1,1,0,1,0,0,1
XIJ69057,1,1,0,1,0,1,1
XHY09339,0,0,0,0,0,0,1
XHH74879,1,1,1,1,1,1,1
XHH73923,1,0,0,0,0,1,1
XHH73898,1,0,0,0,0,1,1
XHH73854,1,0,0,0,0,1,1
XHH73696,1,0,0,0,0,1,1
XHH73659,1,0,0,0,0,1,1
XHH73514,1,0,0,0,0,1,1
WVX87167,1,1,1,1,1,1,1
XGU08019,1,1,0,1,0,1,0
XGU07500,1,1,0,1,0,1,0
XGU06302,1,1,0,1,0,1,0
XGU06048,1,1,0,1,0,0,1
XGU05139,1,0,0,1,0,1,1
UYL22564,1,1,1,1,1,1,1
XEN22024,1,1,0,1,0,1,1
XEN14688,1,0,0,1,0,1,1
XEN13287,1,1,0,1,0,1,1
XEN12361,1,1,0,1,0,0,1
XDQ96444,1,1,1,1,1,1,1
XDQ96182,1,1,1,1,1,1,1
WNO24027,1,1,1,1,1,1,1
XDJ26111,0,0,0,0,0,0,1
XDJ03295,1,1,1,1,1,1,1
XDJ02333,0,0,0,0,0,1,1
XDJ00286,1,1,1,1,1,1,1
XDG31042,1,1,1,1,1,1,1
WZW73058,1,1,1,1,1,1,1
WDQ45472,0,0,0,0,0,1,0
XCI66121,1,0,0,1,0,1,1
WNM73345,1,1,0,1,0,1,1
XAI71116,1,1,0,1,1,1,1
XAI70068,1,0,0,1,0,1,1
XAO34940,1,1,0,1,0,1,0
XAV38279,1,1,1,1,1,1,1
XAO35259,1,0,0,0,0,1,1
WPJ20895,1,1,1,1,1,1,1
WZX06288,1,1,1,1,1,1,1
WZX06023,1,1,1,1,1,1,1
WZK93392,1,1,0,1,0,1,1
WZE64652,1,1,1,1,1,1,1
WZB39575,1,1,0,1,0,1,0
WPJ56242,1,1,1,1,1,1,1
WPJ52625,1,1,1,1,1,1,1
WPJ51230,1,1,1,1,1,1,1
WPJ50052,1,1,1,1,0,1,1
WPJ49804,1,1,1,1,1,1,1
WPJ49532,1,1,1,1,1,1,1
WPJ48896,1,1,1,1,1,1,1
WPJ48449,1,1,1,1,1,1,1
WPJ48172,1,1,1,1,1,1,1
WPJ47821,1,1,1,1,1,1,1
WPJ47352,1,1,1,1,1,1,1
WYV71579,0,0,0,0,0,1,1
WYC17952,1,0,0,1,0,0,1
WXW92973,1,1,0,1,0,1,1
WXW92576,1,1,0,1,0,1,1
WWT49612,1,1,1,1,1,1,1
WWT39338,1,1,0,1,0,1,1
WWS25222,1,1,1,1,1,1,1
WWS24773,1,1,1,1,1,1,1
WWS24499,1,1,1,1,1,1,1
WWS24067,1,1,1,1,1,1,1
WWS23726,1,1,1,1,1,1,1
WWS23646,1,1,1,1,1,1,1
WWS23156,1,1,1,1,1,1,1
WWQ02147,1,0,0,1,0,1,1
WWP52119,1,1,1,1,1,1,1
AFD02779,1,1,0,1,0,1,1
WWE96862,1,1,1,1,1,1,1
WVX98315,1,1,1,1,1,1,1
WVX93282,0,0,0,0,0,1,1
WVX93214,0,0,0,0,0,1,1
WVX93130,0,0,0,0,0,1,1
WVW36975,1,0,0,1,0,1,1
WVP82737,1,1,0,1,1,1,1
WLJ70793,0,0,0,1,0,1,1
WNV47410,1,1,1,1,1,1,1
WPJ67653,1,1,1,1,1,1,1
AHY26549,1,1,0,1,0,1,1
WRQ08203,0,0,0,0,0,1,1
UYE95321,1,1,1,1,1,1,1
ASZ74743,1,0,0,1,0,1,1
WQZ01008,1,1,1,1,1,1,1
WCD43754,1,1,1,1,1,1,1
WCD43576,1,1,1,1,1,1,1
QXJ36726,1,0,0,1,0,1,1
WQN07024,1,1,1,1,1,1,1
CAK6624514,1,1,1,1,1,1,1
UYD60058,1,1,1,1,1,1,1
UYD59387,1,1,1,1,1,1,1
WPK18152,1,1,1,1,1,1,1
WPJ72144,1,1,1,1,1,1,1
WPJ71756,1,1,1,1,1,1,1
WPJ71487,1,1,1,1,1,1,1
WPJ71219,1,1,1,1,1,1,1
WPJ70693,1,1,1,1,1,1,1
WPJ70471,1,1,1,1,1,1,1
WPJ21291,1,1,1,1,1,1,1
WPH60355,1,0,0,1,0,1,1
WPH58923,1,0,0,1,0,1,0
WPH58411,1,1,0,1,0,1,1
WPH58212,1,0,0,1,0,1,0
BEU75481,1,1,0,1,0,1,1
WMU08004,1,0,0,1,0,1,1
WMI31754,1,1,0,1,0,0,1
WOZ56556,1,1,1,1,1,1,1
WOZ17414,1,1,0,1,0,1,1
WOL24921,1,1,1,1,1,1,1
QEG11013,1,1,1,1,1,1,1
WOF01167,1,1,1,1,1,1,1
UGL60147,1,1,0,1,1,1,1
WNO29881,1,1,0,1,0,1,1
WNN95444,1,1,0,1,0,1,0
WNN94651,1,0,0,0,0,1,1
WNM74744,1,1,0,1,0,1,1
WNM73673,1,1,0,1,0,1,1
WNM72963,1,1,0,1,0,1,1
WNM72694,0,0,0,0,0,1,1
WNM67123,1,1,0,1,0,0,1
WNL50962,1,1,0,1,0,1,1
WDS51879,1,1,0,1,0,1,0
USL85923,1,1,1,1,1,1,1
WMI33697,1,0,0,1,0,1,1
WMI33460,1,0,0,0,0,1,1
UVK61175,1,1,0,1,0,1,1
UVK60931,1,1,0,1,0,1,1
UVK59985,1,1,0,1,0,1,1
UUG69396,1,0,0,1,0,1,1
UTN93060,1,0,0,0,0,1,1
UTN92319,1,0,0,0,0,1,1
UTN91884,0,0,0,0,0,1,0
URQ04679,1,0,0,0,0,1,1
UOW93514,1,1,0,1,0,1,1
UMO76276,1,1,0,1,0,1,1
UJQ86392,0,0,0,0,0,1,1
UJQ86134,0,0,0,0,0,1,1
UGL63081,1,1,0,1,0,1,1
UEM46630,0,0,0,0,0,1,1
QZE11660,1,0,0,0,0,1,1
QZE11430,1,0,0,0,0,1,1
QZE11203,1,0,0,0,0,1,1
QZE10508,1,0,0,1,0,1,1
QWT29955,1,0,0,1,0,1,1
QRI45771,1,1,0,1,0,1,1
QQV92432,1,0,0,0,0,1,1
QQO39751,1,0,0,0,0,1,1
QPL13722,1,1,0,1,0,1,1
QOI67463,1,0,0,0,0,1,1
QNN99168,1,0,0,0,0,1,1
QLF83584,1,0,0,1,0,1,1
QLF83578,0,0,0,0,0,1,1
QLF83337,1,0,0,1,0,1,1
QJD50830,1,1,0,1,0,1,1
QIQ63238,1,0,0,1,0,1,1
QIQ62950,1,0,0,1,0,1,1
QIN94618,1,0,0,1,0,1,1
QIN94053,1,0,0,1,0,1,1
QIG58365,1,0,0,1,0,1,1
QGJ94940,1,0,0,1,0,1,1
QGJ93781,0,0,0,0,0,0,1
QGH79394,1,0,0,0,0,1,1
QFP98205,1,0,0,1,0,1,1
QFP97398,1,1,0,1,0,1,1
QFG07946,0,0,0,0,0,1,0
QFG07867,1,0,0,0,0,1,1
QDM55727,0,0,0,0,0,0,1
QDH91796,1,0,0,1,0,1,1
QDF18872,1,0,0,1,0,1,1
QDF18640,1,0,0,1,0,1,1
QBZ72346,1,0,0,1,0,1,1
QBJ00095,0,0,0,0,0,0,1
QBI99867,0,0,0,0,0,0,1
QBI97591,0,0,0,0,0,0,1
AZU97143,1,0,0,0,0,1,1
AZS07482,0,0,0,0,0,0,1
AYR01440,1,0,0,1,0,1,1
AYQ99288,1,0,0,1,0,0,1
AYB70922,1,1,0,1,0,1,1
AYB69626,0,0,0,0,0,0,1
AXY85932,1,0,0,1,0,1,1
AXQ63335,1,0,0,0,0,1,1
AXQ62549,0,0,0,0,0,0,1
AXQ52372,0,0,0,0,0,0,1
AXN54000,1,0,0,1,0,1,1
AXH68777,1,0,0,0,0,1,1
AXH49442,0,0,0,0,0,1,0
AXH49207,1,0,0,0,0,1,1
AXG66182,1,0,0,0,0,1,1
AWY10033,1,0,0,1,0,1,1
AWY07537,1,0,0,0,0,1,0
AWY07455,0,0,0,0,0,1,0
AWY07372,1,0,0,0,0,1,1
AWY07292,1,0,0,0,0,1,1
AWN04449,1,0,0,1,0,0,1
AWN03942,1,0,0,1,0,0,1
AVO21668,0,0,0,0,0,1,1
AVJ48689,1,0,0,1,0,1,1
AVJ48458,1,0,0,1,0,1,1
AVI04780,1,0,0,1,0,1,1
AVD99262,1,0,0,1,0,1,1
ATS92985,0,0,0,0,0,0,1
ASZ74919,1,0,0,0,0,1,1
ATN89859,0,0,0,0,0,0,1
ATN87857,1,0,0,1,0,1,1
ATN87403,1,0,0,1,0,1,1
ATN94050,1,1,0,1,0,1,1
ASJ79660,0,0,0,0,0,1,1
APD17211,1,0,0,1,0,1,1
AOZ63694,1,0,0,1,0,1,1
AOZ63534,1,0,0,1,0,1,1
AON96953,1,0,0,1,0,1,1
ALF51270,1,0,0,1,0,1,1
ALF51044,1,0,0,1,0,1,1
AKY02473,1,0,0,1,0,1,1
AKG94746,1,0,0,1,0,1,1
AIX12858,1,0,0,1,0,1,1
AIM50023,0,0,0,0,0,0,1
AIK69356,0,0,0,0,0,0,1
AID18260,1,0,0,1,0,1,1
AGV99902,1,0,0,1,0,1,1
AGV99664,1,0,0,1,0,1,1
AGT11851,0,0,0,0,0,0,1
AGM13861,1,0,0,1,0,1,1
AGM13479,1,0,0,1,0,1,1
AGM13140,1,0,0,1,0,1,1
AER47993,0,0,0,0,0,0,1
AER26006,1,0,0,1,0,1,1
AER25773,1,0,0,1,0,1,1
AEN79801,1,0,0,1,0,1,1
AEK08205,0,0,0,0,0,0,1
AEK06970,1,0,0,1,0,1,1
AEK06655,1,0,0,1,0,1,1
AEJ92196,0,0,0,0,0,0,1
ACH62850,1,0,0,1,0,1,1
ACH62162,1,0,0,1,0,1,1
WLY86624,1,1,1,1,1,1,1
WLY86237,1,1,1,1,1,1,1
WLY86150,1,1,1,1,1,1,1
WLY85931,1,1,1,1,1,1,1
UNA01904,1,1,1,1,1,1,1
WLW37256,1,1,0,1,0,1,1
WLW37101,1,1,0,1,0,1,1
WLW36780,1,1,0,1,0,1,1
BAF36099,1,0,0,1,0,1,1
WGH49847,1,1,0,1,0,1,1
WGH49652,1,1,0,1,0,1,1
WLI71662,1,1,1,1,1,1,1
UHD87220,1,0,0,1,0,0,1
WKW86767,1,0,0,0,0,1,0
WBM23547,1,1,1,1,1,1,1
WKV32846,1,0,0,1,0,0,1
WKV22974,1,1,1,1,1,1,1
WKM80407,1,1,1,1,1,1,1
WKK95812,1,1,1,1,1,1,1
WKN59823,1,1,1,1,1,1,1
WIC89204,0,0,0,0,0,1,0
WIC88965,0,0,0,0,0,1,1
WKC56069,1,0,0,0,0,0,1
CBZ42216,1,1,0,1,0,1,1
WJZ70188,1,1,0,1,0,1,1
WJZ48367,1,1,0,1,0,1,1
WJZ44411,1,0,0,1,0,1,1
AYJ75996,1,1,0,1,0,1,1
AYJ75770,1,1,0,1,0,1,1
AYJ75370,1,1,0,1,0,1,1
AYJ75223,1,0,0,1,0,1,1
AYJ74142,1,1,0,1,0,1,1
WJJ57102,1,1,1,1,1,1,1
WJJ54340,0,0,0,1,0,1,1
WJJ54027,1,1,1,1,1,1,1
WJE87915,1,1,1,1,1,1,1
AET72752,1,1,0,1,0,1,1
UGO47028,1,1,1,1,1,1,1
QPX74464,1,1,0,1,1,1,1
WIL01900,1,1,1,1,1,1,1
UZZ63980,0,0,0,0,0,0,1
WBL99177,1,1,0,1,1,1,1
QIW90405,1,1,1,1,1,1,1
WEM33337,1,1,1,1,1,1,1
YP_009784588,1,1,0,1,0,1,1
YP_009784362,1,1,0,1,0,1,1
YP_009781996,1,1,0,1,0,1,1
YP_009781764,1,1,0,1,0,1,1
YP_009781533,1,1,0,1,0,1,1
YP_009781300,1,1,0,1,0,1,1
YP_009781067,1,1,0,1,0,1,1
YP_009780853,1,1,0,1,0,1,1
YP_009780622,1,1,0,1,0,1,1
YP_008240121,1,1,0,1,0,1,1
WGL39711,1,0,0,1,0,1,1
WGH28595,1,0,0,1,0,1,1
WGH28457,1,0,0,0,0,0,1
WGH19872,1,1,0,1,0,1,1
WGG26156,1,1,1,1,1,1,1
YP_010754372,0,0,0,0,0,1,1
QJD54724,0,0,0,0,0,0,1
WGA02305,1,1,0,1,0,1,1
YP_010740240,0,0,0,0,0,0,1
CAI3971366,0,0,0,0,0,1,0
WEU68073,0,0,0,0,0,1,1
WEU67818,1,1,1,1,1,1,1
WDS61206,1,1,0,1,0,1,1
WDS60946,1,1,0,1,0,1,1
UYE95121,1,1,1,1,1,1,1
WDQ26312,1,1,1,1,1,1,1
BCV04678,1,1,0,1,0,1,1
WCS70008,1,1,0,1,0,1,1
WCS69761,1,1,0,1,0,1,1
WCS69506,1,1,0,1,0,1,1
WCS69248,1,1,0,1,0,1,1
WCS68993,1,1,0,1,0,1,1
WCS68068,1,1,0,1,0,1,1
WCS66854,1,1,1,1,1,1,1
YP_010675749,1,1,0,1,0,0,1
YP_010675622,1,1,0,1,0,0,1
YP_010670227,1,1,0,1,0,1,1
YP_010669606,1,1,0,1,0,1,1
YP_010669337,1,1,0,1,0,1,1
YP_010665831,1,1,1,1,1,1,1
YP_010665420,0,0,0,0,0,1,1
YP_010665335,0,0,0,0,0,1,1
YP_010662767,1,1,0,1,1,0,1
YP_010662632,0,1,0,1,1,0,1
YP_010662016,1,1,0,1,1,0,1
YP_010661767,0,1,1,1,1,0,1
YP_010661513,0,1,1,1,1,0,1
YP_010661260,0,1,1,1,1,0,1
YP_010656630,1,1,0,1,0,1,1
YP_010651450,1,1,0,1,0,1,1
BBI57387,1,1,1,1,1,1,1
ARM70861,1,1,1,1,1,1,1
BCV03674,0,0,0,0,0,1,1
CAI6013068,1,0,0,0,0,0,1
UWI42441,1,0,0,1,0,1,1
UWI42346,1,1,0,1,0,1,1
UWI41987,1,1,0,1,0,1,1
UWI41736,1,1,0,1,0,1,1
UWI41487,1,1,0,1,0,1,1
UWI41211,1,1,0,1,0,1,1
UWI41125,0,0,0,0,0,1,1
UWI38913,1,1,0,1,0,1,1
UWI37982,1,1,0,1,0,1,1
UWI37891,1,1,0,1,0,1,1
UWI37731,1,1,0,1,0,1,1
UWI36644,1,1,0,1,0,1,1
UWI34709,1,0,0,0,0,1,1
UWI32215,1,1,0,1,0,1,1
UWI30082,1,1,1,1,1,1,1
UWI29292,1,1,0,1,0,1,1
UWI28887,1,0,0,1,0,1,1
UWI27732,1,1,0,1,0,1,1
UWI26683,1,1,0,1,0,1,1
UWI26206,1,1,0,1,0,1,1
UWI24926,1,1,0,1,0,1,1
UWI23381,1,1,0,1,0,1,1
UWI21488,1,1,0,1,0,1,1
UWI18251,1,0,0,1,0,1,1
UWI15660,1,1,0,1,0,1,1
UWI13695,0,0,0,0,0,1,1
UWI11850,1,0,0,1,0,1,1
UWI11542,1,1,0,1,0,1,1
UWI09927,1,0,0,0,0,0,1
UWI09827,1,1,0,1,0,1,1
UWI08431,1,1,0,1,0,1,1
UWI08126,1,1,0,1,0,1,1
UWI07714,1,1,0,1,0,1,1
UWI07163,1,1,0,1,0,1,1
UWI04424,1,0,0,1,0,1,1
UWI00314,1,1,0,1,0,1,1
UWH98425,1,1,0,1,0,1,1
UWH98306,1,0,0,1,0,1,1
UWH97079,1,1,0,1,0,1,1
UWH91579,0,0,0,0,0,1,1
UWH91032,1,1,0,1,0,1,1
UWG94176,1,0,0,1,0,1,1
UWG93336,0,0,0,0,0,1,1
UWG88397,1,1,0,1,0,1,1
UWG85923,1,0,0,1,0,1,1
UWG85821,1,1,0,1,0,1,1
UWG85258,1,1,0,1,0,1,1
UWG85164,1,1,0,1,0,1,1
UWG82489,1,0,0,0,0,0,1
UWG81356,1,1,0,1,0,1,1
UWG80022,1,1,0,1,0,1,1
UWG76100,1,1,0,1,0,1,1
UWG72394,1,1,0,1,0,1,1
UWG68177,1,0,0,1,0,1,1
UWG67801,1,1,0,1,0,1,1
UWD76945,1,0,0,0,0,0,1
UWD76455,1,1,0,1,0,1,1
UWD72994,1,1,0,1,0,1,1
UWD71689,1,1,0,1,0,1,1
UWD69317,1,0,0,0,0,0,1
UWD69110,1,0,0,1,0,0,1
UWD68242,1,1,0,1,0,1,1
UWD65860,1,1,0,1,0,1,1
UWD63872,1,1,0,1,0,1,1
UWD63122,1,1,0,1,0,1,1
UWD61934,1,1,0,1,0,1,1
UWD60996,1,1,0,1,0,1,1
UWD60599,1,1,0,1,0,1,1
UWD59538,1,1,0,1,0,1,1
UWD55309,1,0,0,1,0,1,1
UWD54023,1,1,0,1,0,0,1
WBM58936,1,1,1,1,1,1,1
YP_010357352,1,0,0,1,0,1,1
YP_010357154,1,0,0,1,0,1,1
YP_010114417,1,0,0,0,0,1,1
YP_010111818,0,0,0,0,0,0,1
YP_010111512,0,0,0,0,0,0,1
YP_010104848,1,1,0,1,0,1,1
YP_010103975,1,1,0,1,0,1,1
YP_010074718,1,1,1,1,1,1,1
YP_010074246,1,1,1,1,1,1,1
YP_010073980,1,1,1,1,1,1,1
YP_010071786,1,1,1,1,1,1,1
YP_010071083,1,1,1,1,1,1,1
YP_010068837,1,1,1,1,1,1,1
YP_010050273,1,0,0,0,0,1,0
YP_010049900,1,0,0,0,0,1,0
YP_010038000,0,0,0,0,0,1,1
YP_009986978,0,0,0,0,0,0,0
YP_009889461,1,1,1,1,1,1,1
YP_009889258,1,1,0,1,1,1,1
YP_009889058,1,1,0,1,1,1,1
YP_009888850,1,1,0,1,1,1,1
YP_009888648,1,1,0,1,1,1,1
YP_009888443,1,1,0,1,1,1,1
YP_009888240,1,1,0,1,1,1,1
YP_009887835,1,1,0,1,1,1,1
YP_009887651,1,1,0,1,1,1,1
YP_009887458,1,1,0,1,1,1,1
YP_009884644,1,1,1,1,1,1,1
YP_009883756,1,1,1,1,1,1,1
YP_009856032,1,1,1,1,1,1,1
YP_009854194,1,1,0,1,0,1,1
YP_009851516,0,0,0,0,0,1,1
YP_009850742,1,1,1,1,1,1,1
YP_009793756,0,0,0,0,0,0,1
YP_009779568,1,1,0,1,0,1,1
YP_009779353,1,1,0,1,0,1,1
YP_009779142,1,1,0,1,0,1,1
YP_009778891,1,1,0,1,0,1,1
YP_009778613,1,1,0,1,0,1,1
YP_009778325,1,1,0,1,0,1,1
YP_009594818,1,1,1,1,1,1,1
YP_009015710,1,0,0,1,0,1,1
YP_007237363,1,1,1,1,1,1,1
YP_004956966,1,1,0,1,0,1,1
YP_004421719,1,1,0,1,0,1,1
YP_004300858,1,1,1,1,1,1,1
YP_004300647,1,1,1,1,1,1,1
YP_003858336,1,1,1,1,1,1,1
YP_002854376,1,1,1,1,1,1,1
YP_001468521,1,1,0,1,0,1,1
YP_802982,1,1,1,1,1,1,1
YP_239013,1,1,1,1,1,1,1
YP_164688,1,0,0,1,0,1,1
NP_943894,1,1,1,1,1,1,1
NP_620347,0,0,0,0,0,1,0
NP_049656,1,1,1,1,1,1,1
YP_010103459,1,1,0,1,0,1,1
YP_010101504,1,1,0,1,0,1,0
YP_010100625,1,1,1,1,1,1,1
YP_010100140,1,1,1,1,1,1,1
YP_010097317,1,1,1,1,1,1,1
YP_010096010,1,1,1,1,1,1,1
YP_010095309,1,1,0,1,0,1,1
YP_010094912,1,1,1,1,1,1,1
YP_010094381,1,1,1,1,1,1,1
YP_010093088,1,1,1,1,1,1,1
YP_010092771,1,1,1,1,1,1,0
YP_010076514,1,1,1,1,1,1,1
YP_010075206,1,1,1,1,1,1,1
YP_010073689,1,1,1,1,1,1,1
YP_010073411,1,1,1,1,1,1,1
YP_010072984,1,1,1,1,1,1,1
YP_010071519,1,1,1,1,1,1,1
YP_010069607,1,1,1,1,1,1,1
YP_010069064,1,1,1,1,1,1,1
YP_010068278,1,1,1,1,1,1,1
YP_010050516,1,0,0,0,0,1,0
YP_010050455,1,0,0,0,0,1,0
YP_010050086,1,0,0,0,0,1,0
YP_009882750,1,1,1,1,1,1,1
YP_009881357,1,1,0,1,1,1,1
YP_009881158,1,1,0,1,1,1,1
YP_009880227,1,1,0,1,1,1,1
YP_009879789,1,1,0,1,1,1,1
YP_009876908,1,1,0,1,1,1,1
YP_009844103,1,0,0,1,0,1,1
YP_009842026,1,1,1,1,1,1,1
YP_009840256,1,1,0,1,0,1,1
YP_009840008,1,1,0,1,0,1,1
YP_009839522,1,1,0,1,0,1,1
YP_009838222,1,1,0,1,1,1,1
YP_009818179,1,0,0,1,0,1,1
YP_009816183,0,0,0,0,0,1,1
YP_009816092,1,1,0,1,0,1,1
YP_009814455,1,0,0,1,0,1,1
YP_009814285,1,0,0,1,0,1,1
YP_009798416,1,0,0,1,0,1,1
YP_009796504,1,1,1,1,1,1,1
YP_009796288,1,1,1,1,1,1,1
YP_009791320,1,1,0,1,0,1,1
YP_009620736,1,0,0,1,0,1,1
YP_009619249,1,1,1,1,1,1,1
YP_009618855,1,1,1,1,1,1,1
YP_009611521,1,1,0,1,0,1,0
YP_009611294,1,1,0,1,0,1,0
YP_009611074,1,1,0,1,0,1,1
YP_010092184,1,1,1,1,1,1,1
YP_010090394,1,1,0,1,0,1,1
YP_010088816,1,1,0,1,0,1,1
YP_010050396,1,0,0,0,0,1,0
YP_010050027,1,0,0,0,0,1,0
YP_009876592,1,1,0,1,1,1,1
YP_009831805,1,1,0,1,0,1,0
YP_009610853,1,1,0,1,0,1,1
YP_009610622,1,1,0,1,0,1,1
YP_009609359,1,1,1,1,1,1,1
YP_009601990,1,1,1,1,1,1,1
YP_009597225,1,1,0,1,0,1,1
YP_009594457,1,1,0,1,0,1,1
YP_009325147,1,1,0,1,0,1,1
YP_009324322,1,1,0,1,0,1,1
YP_009321437,1,1,0,1,0,1,1
YP_009320595,1,1,0,1,0,1,1
YP_009285448,1,0,0,1,0,1,1
YP_009293454,1,1,0,1,1,1,1
YP_009290040,1,0,0,1,0,1,1
YP_009287058,1,0,0,1,0,1,1
YP_009286787,0,0,0,0,0,1,1
YP_009285575,1,1,1,1,1,1,1
YP_009282574,1,0,0,1,0,1,1
YP_009281381,1,1,1,1,1,1,1
YP_009281134,1,0,0,0,0,1,0
YP_009280982,1,0,0,1,0,1,1
YP_009286400,1,1,1,1,1,1,1
YP_009282128,1,0,0,1,0,1,1
YP_009282990,1,0,0,1,0,1,1
YP_009278198,1,0,0,1,0,1,1
YP_009291756,1,0,0,1,0,1,1
YP_009275044,0,0,0,0,0,1,1
YP_009275335,1,0,0,1,0,1,1
YP_010355759,1,1,0,1,0,1,1
YP_010355540,1,1,0,1,0,1,1
YP_010355315,1,1,0,1,0,1,1
YP_010088440,1,1,1,1,1,1,1
YP_010077879,1,1,1,1,1,1,1
YP_010066716,1,1,1,1,1,1,1
YP_010066255,1,1,1,1,1,1,1
YP_010066094,1,1,1,1,1,1,1
YP_009875248,0,0,0,0,0,0,1
YP_009808003,0,0,0,0,0,1,1
YP_009807512,0,0,0,0,0,1,1
YP_009806443,0,0,0,0,0,1,0
YP_009806433,1,1,0,1,0,1,1
YP_009785643,0,0,0,0,0,1,1
YP_009783297,1,1,0,1,0,1,1
YP_009779999,1,1,0,1,0,1,1
YP_009625811,1,1,0,1,0,1,1
YP_009607233,1,1,1,1,1,1,1
YP_009606952,1,1,1,1,1,1,1
YP_009601143,1,1,1,1,1,1,1
YP_009598665,1,0,0,1,0,1,1
YP_009592688,1,1,0,1,0,1,1
YP_009352312,1,0,0,1,0,1,0
YP_009321653,1,1,0,1,0,1,1
YP_009302259,1,1,0,1,0,1,1
YP_009301664,1,1,0,1,0,1,1
YP_009273570,1,0,0,1,0,1,1
YP_009225812,1,1,0,1,0,1,1
YP_009218156,1,0,0,1,0,1,1
YP_009203755,1,1,1,1,1,1,1
YP_009218695,1,1,1,1,1,1,1
YP_009217692,1,0,0,1,0,1,1
YP_009213881,1,1,1,1,1,1,1
YP_009213662,1,1,0,1,0,1,1
YP_009212273,1,1,1,1,1,1,1
YP_009211461,1,1,1,1,1,1,1
YP_009209789,1,1,1,1,1,1,1
YP_009207222,1,1,1,1,1,1,1
YP_009205735,1,1,1,1,1,1,1
YP_009202771,1,1,1,1,1,1,1
YP_009201357,1,1,1,1,1,1,1
YP_009196633,1,1,1,1,1,1,1
YP_009196167,0,0,0,0,0,1,0
YP_009194281,1,1,1,1,1,1,1
YP_009190197,1,1,1,1,1,1,1
YP_009189393,0,1,1,1,1,0,1
YP_009188251,1,1,0,1,0,1,1
YP_009149731,1,0,0,1,0,1,1
YP_009149169,1,1,0,1,0,1,1
YP_009148489,1,1,1,1,1,1,1
YP_009146476,1,1,1,1,1,1,1
YP_009153642,1,1,1,1,1,1,1
YP_009147549,1,1,1,1,1,1,1
YP_009146399,0,0,0,0,0,0,1
YP_009151690,1,0,0,1,0,1,1
YP_009151072,1,1,0,1,0,1,1
YP_009142942,1,1,1,1,1,1,1
YP_009140927,1,1,0,1,0,1,1
YP_009140289,1,1,1,1,1,1,1
YP_009134387,1,1,0,1,0,1,1
YP_009133716,1,1,0,1,0,1,1
YP_009134139,1,1,0,1,0,1,1
YP_009118708,1,1,1,1,1,1,1
YP_009100585,1,1,1,1,1,1,1
YP_009099032,0,1,1,1,1,1,1
YP_009101601,1,1,1,1,1,1,1
YP_009056630,1,1,1,1,1,1,1
YP_009056385,1,1,0,1,0,1,1
YP_009056260,0,0,0,1,0,1,1
YP_009044611,1,1,0,1,0,1,1
YP_009042949,1,1,0,1,0,1,1
YP_009037081,1,0,0,1,0,1,1
YP_009035699,1,0,0,1,0,1,1
YP_009035372,1,0,0,1,0,1,1
YP_009037462,1,1,1,1,1,1,1
YP_009031422,1,1,0,1,0,1,1
YP_009030649,1,1,1,1,1,1,1
YP_009030086,1,1,1,1,1,1,1
YP_009030363,1,1,0,1,1,1,1
YP_009011443,1,1,1,1,1,1,1
YP_009008281,1,1,0,1,0,1,1
YP_009008013,1,1,0,1,0,1,1
YP_009005301,1,1,1,1,1,1,1
YP_009006302,1,1,1,1,1,1,1
YP_009003226,1,1,0,1,0,1,1
YP_008770385,1,0,0,1,0,1,1
YP_008241584,1,0,0,1,0,1,1
YP_008240675,1,0,0,1,0,1,1
YP_008129993,1,1,0,1,0,1,1
YP_008125207,1,1,1,1,1,1,1
YP_008061201,1,0,0,1,0,1,1
YP_008060562,1,1,1,1,1,1,1
YP_007877893,1,1,0,1,0,1,1
YP_007877692,1,1,0,1,0,1,1
YP_007676800,1,1,0,1,0,1,1
YP_007677317,1,1,0,1,0,1,1
YP_007675626,1,1,0,1,0,1,1
YP_007675086,1,1,0,1,0,1,1
YP_007674466,1,1,0,1,0,1,1
YP_007673932,1,1,0,1,0,1,1
YP_007673070,1,1,0,1,0,1,1
YP_007517990,1,1,0,1,0,1,1
YP_007348675,1,1,1,1,1,1,1
YP_007349132,1,1,1,1,1,1,1
YP_007237628,1,0,0,0,0,1,1
YP_007111923,1,0,0,1,0,1,1
YP_007010273,1,1,1,1,1,1,1
YP_007008023,1,1,0,1,1,1,1
YP_007007269,1,1,1,1,0,1,1
YP_007005899,1,1,0,0,0,0,1
YP_007005669,1,0,0,0,0,1,1
YP_007004784,1,1,1,1,1,1,1
YP_007004426,1,1,1,1,1,1,1
YP_007004137,1,1,1,1,1,1,1
YP_007003452,1,1,0,1,0,1,1
YP_006987377,1,1,1,1,1,1,1
YP_006986592,1,1,1,1,1,1,1
YP_006986313,1,1,1,1,1,1,1
YP_006908064,1,1,0,1,0,1,1
YP_006906692,1,0,0,1,0,1,1
YP_004957616,1,0,0,0,0,1,1
YP_004934484,1,0,0,1,0,1,1
YP_004782219,1,1,0,1,0,1,1
YP_004508574,1,1,0,1,0,1,1
YP_004414943,1,1,1,1,1,1,1
YP_004325007,1,1,0,1,0,1,1
YP_004324773,1,1,0,1,0,1,1
YP_004324526,1,1,0,1,0,1,1
YP_004324241,1,1,0,1,0,1,1
YP_004323997,1,1,0,1,0,1,1
YP_004323779,1,1,0,1,0,1,1
YP_004323524,1,1,0,1,0,1,1
YP_004323321,0,0,0,0,0,1,0
YP_004323311,1,1,0,1,0,1,1
YP_004323072,1,1,0,1,0,1,1
YP_004322838,1,1,0,1,0,1,1
YP_004322579,1,1,0,1,0,1,1
YP_004322308,1,1,0,1,0,1,1
YP_004251220,0,0,0,1,0,1,1
YP_004063729,1,1,1,1,1,1,1
YP_004009896,1,1,1,1,1,1,1
YP_004009435,1,1,1,1,1,1,1
YP_003934669,1,1,1,1,1,1,1
YP_003856864,1,0,0,1,0,1,1
YP_003734188,1,1,1,1,1,1,1
YP_003358542,1,1,1,1,1,1,1
YP_003359088,1,1,0,1,1,1,1
YP_003097304,1,1,0,1,0,1,1
YP_002922386,1,1,1,1,1,1,1
YP_002922097,1,1,1,1,1,1,1
YP_002224648,1,0,0,1,0,1,1
YP_002224426,1,0,0,1,0,1,1
YP_002224868,1,0,0,1,0,1,1
YP_001595166,1,1,1,1,1,1,1
YP_001469368,1,1,1,1,1,1,1
YP_874025,1,1,0,1,0,1,1
YP_717845,1,1,0,1,0,1,1
YP_214708,1,1,0,1,0,1,1
YP_214417,1,1,0,1,0,1,1
YP_195169,1,1,0,1,0,1,1
YP_010066924,1,1,1,1,1,1,1
YP_009167854,1,1,1,1,1,1,1
YP_009167411,1,1,1,1,1,1,1
YP_009102247,1,1,1,1,1,1,1
YP_009098427,1,1,1,1,1,1,1
YP_006907407,1,0,0,1,0,1,1
YP_002853997,1,1,1,1,1,1,1
NP_899256,1,1,1,1,1,1,1
NP_891595,1,1,1,1,1,1,1
NP_861734,1,1,1,1,1,1,1
QXO05949,1,1,0,1,0,1,1
QQV87800,1,1,0,1,0,1,1
WAX22921,1,1,0,1,0,1,1
WAX13854,1,1,1,1,1,1,1
WAX13579,1,1,1,1,1,1,1
WAX13330,1,1,1,1,1,1,1
WAX13230,1,1,1,1,1,1,1
WAX12761,1,1,1,1,1,1,1
WAX08851,1,0,0,0,0,0,1
WAY16748,1,0,0,1,0,1,1
WAS28534,1,0,0,1,0,0,1
WAK44051,1,1,1,1,1,1,1
WAE77217,1,1,1,1,1,1,1
WAB25193,1,1,0,1,0,1,1
WAB25015,1,1,0,1,0,1,1
WAA20080,1,1,0,1,0,0,1
WAA19891,1,1,0,1,0,0,1
UZT29487,0,0,0,0,0,1,1
UZO33445,1,1,1,1,1,1,1
UJJ74682,1,1,0,1,0,1,1
BAN78387,1,1,1,1,1,1,1
UYM28686,1,1,1,1,1,1,1
UXQ88839,1,1,0,1,0,0,1
UYL05959,1,1,1,1,1,1,1
UYL05785,1,1,1,1,1,1,1
UYL05000,1,1,0,1,0,1,1
UYE98703,1,1,1,1,1,1,1
UYA57670,1,1,0,1,0,1,1
UWV19637,1,0,0,1,0,1,1
UXR28913,1,1,0,1,0,1,1
UCR90956,1,1,0,1,1,1,1
UXD79538,1,1,1,1,1,1,1
UWG30902,1,1,0,1,0,1,1
UWG28160,1,1,0,1,0,1,1
UWG27559,1,0,0,1,0,1,1
UWG19964,1,1,0,1,0,1,1
UWG19292,0,0,0,0,0,1,1
UWG19261,1,1,0,1,0,1,1
UWG19187,1,1,0,1,0,1,1
UWG18507,1,1,0,1,0,1,1
UWG17694,1,1,0,1,0,1,1
UWG13353,1,1,0,1,0,1,1
UWG12747,1,1,0,1,0,1,1
UWG12438,1,1,0,1,0,1,1
UWG09164,1,1,0,1,0,1,1
UWF99028,1,0,0,1,0,1,1
UWF95006,1,1,0,1,0,1,1
UWF93719,1,1,0,1,0,1,1
UWF91489,1,1,0,1,0,1,1
UWF90705,1,0,0,1,0,1,1
UWF90421,1,1,0,1,0,1,1
UWF86463,1,1,0,1,0,1,1
UWF84457,1,1,0,1,0,1,1
UVY63720,1,1,0,1,0,1,1
UVY61224,1,0,0,1,0,1,1
UVY60119,1,0,0,1,0,1,1
UVY58950,1,1,0,1,0,1,1
UVY55541,0,0,0,1,0,0,1
UVY47793,1,1,0,1,0,1,1
UVY45357,1,1,0,1,0,1,1
UVY18899,1,0,0,1,0,1,1
UVY18385,1,1,0,1,0,1,1
UVY15589,1,0,0,0,0,0,1
UVY15481,1,0,0,1,0,1,1
UVY15131,1,1,0,1,0,1,1
UVY14769,1,0,0,1,0,1,1
UVY14264,1,1,0,1,0,1,1
UVY13414,1,0,0,1,0,1,1
UVY13048,1,1,0,1,0,1,1
UVY10328,1,1,0,1,0,1,1
UVX97391,1,1,0,1,0,1,1
UVY41795,1,0,0,1,0,1,1
UVY34477,1,1,0,1,0,1,1
UVY33917,1,1,0,1,0,1,1
UVY28423,1,1,0,1,0,1,1
UVX94050,1,1,0,1,0,1,1
UVX93068,1,1,0,1,0,1,1
UVX91288,1,0,0,1,0,1,1
UVX90380,1,0,0,1,0,1,1
UVX89615,1,1,0,1,0,1,1
UVX88473,1,1,0,1,0,1,1
UVX88133,1,1,0,1,0,1,1
UVX87975,1,1,0,1,0,1,1
UVX86913,1,0,0,1,0,1,1
UVX85844,1,1,0,1,0,1,1
UVX85100,1,1,0,1,0,1,1
UVX84758,1,1,0,1,0,1,1
UVX83625,1,1,0,1,0,1,1
UVX82947,1,0,0,1,0,1,1
UVX82715,1,1,0,1,0,0,1
UVX82387,1,0,0,1,0,1,1
UVX81625,1,0,0,1,0,1,1
UVX81488,1,1,0,1,0,1,1
UVX79773,0,0,0,0,0,1,1
UVX79599,1,0,0,1,0,1,1
UVX77971,0,0,0,0,0,1,1
UVX77453,1,1,0,1,0,1,1
UVX73066,1,0,0,1,0,1,1
UVX71904,1,0,0,1,0,1,1
UVX70802,1,1,0,1,0,1,1
UVX67711,0,0,0,0,0,0,1
UVX67260,1,0,0,1,0,1,1
UVX66292,1,1,1,1,1,1,1
UVX66058,1,0,0,1,0,1,1
UVX62181,1,1,0,1,0,1,1
UVX61781,1,1,0,1,0,1,1
UVX61315,1,1,0,1,0,1,1
UVX60619,1,1,1,1,1,1,1
UVX59103,1,1,0,1,0,1,1
UVX58638,1,1,0,1,0,1,1
UVX57582,1,1,0,1,0,1,1
UVX57079,1,1,0,1,0,1,1
UVX56690,0,0,0,0,0,1,1
UVX55046,1,1,0,1,0,1,1
UVX54867,0,0,0,0,0,0,1
UVX54857,0,0,0,0,0,1,1
UVX53294,1,0,0,0,0,0,1
UVX53099,1,1,0,1,0,1,1
UVX51288,1,1,0,1,0,1,1
UVX49700,1,1,0,1,0,1,1
UVX49549,1,1,0,1,0,1,1
UVX48383,1,1,0,1,0,1,1
UVX46683,1,1,0,1,0,1,1
UVX45782,1,1,0,1,0,1,1
UVX43670,1,1,0,1,0,1,1
UVX42389,1,1,0,1,0,1,1
UVX42358,1,1,0,1,0,1,1
UVX41577,0,0,0,0,0,1,1
UVX40923,1,0,0,1,0,1,1
UVX40683,1,1,0,1,0,1,1
UVX39340,1,1,0,1,0,1,1
UVX38931,1,0,0,1,0,1,1
UVX38526,1,1,0,1,0,1,1
UVX35817,1,1,0,1,0,1,1
UVX32266,1,1,0,1,0,1,1
UVN10173,1,1,0,1,0,1,1
UVN09693,1,0,0,1,0,1,1
UVN08655,1,0,0,0,0,1,0
UVN07576,1,1,0,1,0,1,1
UVN07316,1,1,0,1,0,1,1
UVN07047,1,1,0,1,0,1,1
UVN04257,0,0,0,0,0,1,1
UVN04232,1,1,0,1,0,1,1
UVN02982,1,1,0,1,0,1,1
UVN02914,0,0,0,0,0,0,1
UVN02251,0,0,0,0,0,1,1
UVN00093,1,0,0,0,0,0,1
UVM99981,1,1,0,1,0,1,1
UVM99806,1,1,0,1,0,1,1
UVM99463,1,1,0,1,0,1,1
UVM99079,1,1,0,1,0,1,1
UVM98789,1,0,0,1,0,1,1
UVM98451,1,1,0,1,0,1,1
UVM97273,1,1,0,1,0,1,1
UVM91411,0,0,0,0,0,1,1
UVM90450,0,0,0,0,0,1,1
UVM90394,1,1,0,1,0,1,1
UVM89076,1,1,0,1,0,1,1
UVM87152,1,1,0,1,0,1,1
UVM86381,1,1,0,1,0,1,1
UVM86125,0,0,0,0,0,1,1
UVM82614,1,1,0,1,0,1,1
UVM82094,0,0,0,0,0,1,1
QPI17989,1,1,1,1,1,1,1
UVD32418,1,1,1,1,1,1,1
UTY64278,1,1,1,1,1,1,1
UVF61500,1,1,0,1,0,0,1
URQ08958,1,1,0,1,1,1,1
URQ08855,1,1,0,1,1,1,1
UQS92958,1,1,0,1,1,1,1
UVD39932,1,1,0,1,0,1,1
UVD36729,1,1,1,1,1,1,1
QYC51163,1,1,1,1,1,1,1
UUV44449,1,1,0,1,0,1,1
UUV43823,1,1,0,1,0,1,1
UUG67334,1,1,1,1,1,1,1
UUG67061,1,1,1,1,1,1,1
UTS53940,1,1,1,1,1,1,1
UTQ80312,1,1,1,1,1,1,1
UTQ79978,1,0,0,1,0,1,1
UTQ79362,1,1,1,1,1,1,1
UTQ72806,1,0,0,1,0,1,1
URQ03592,1,1,1,1,1,1,1
URQ03201,1,1,1,1,1,1,1
CAH1086861,1,1,0,1,0,1,1
USM81400,1,1,1,1,1,1,1
USL86008,1,1,1,1,1,1,1
USL85527,1,1,1,1,1,1,1
USL83937,1,1,1,1,1,1,1
USL83700,1,1,1,1,1,1,1
URX66094,1,1,1,1,1,1,1
URX65903,1,1,1,1,1,1,1
URM87611,1,1,0,1,0,1,1
URM86658,1,1,0,1,0,1,1
URG17923,1,1,1,1,1,1,1
URG13603,1,1,1,1,1,1,1
QRI46076,1,1,0,1,0,1,0
QNO12504,1,1,0,1,0,1,1
QNN98330,1,1,0,1,0,1,1
QGH79854,1,1,0,1,0,1,1
QGH78970,1,1,0,1,0,1,1
QGH78273,1,1,0,1,0,1,0
QGH74328,1,1,0,1,0,1,1
QDF17256,1,1,0,1,0,1,1
QBP32715,0,0,0,0,0,1,1
QBP31169,0,0,0,0,0,1,1
QAY12736,1,1,0,1,0,1,1
QAY08746,1,1,0,1,0,1,1
QAX95819,1,1,0,1,0,1,0
AXH66591,1,1,0,1,0,1,1
AVO21361,0,0,0,0,0,1,1
ASR76514,1,1,0,1,0,1,0
ASN73160,1,1,0,1,0,1,1
AKU45373,0,0,0,0,0,1,0
UKL14966,1,0,0,1,0,1,1
UIS24627,1,0,0,1,0,1,1
UPW36125,1,1,1,1,1,1,1
UFD98275,1,0,0,0,0,0,1
QIA28551,1,1,0,1,0,1,1
UPU15759,1,1,0,1,1,1,1
UGC97229,1,0,0,1,0,1,1
BCV07341,1,1,0,1,0,1,0
BCU98749,1,1,0,1,0,1,1
BCU97102,1,1,0,1,0,1,1
BCU96367,1,1,0,1,0,1,1
BCU93598,1,1,0,1,0,1,1
UAW58475,1,1,1,1,1,1,1
QKE56529,1,1,0,1,0,1,1
UOX39969,1,1,0,1,0,0,1
UOL51478,1,1,1,1,1,1,1
UOK17642,1,1,1,1,1,1,1
UKH48963,1,1,1,1,1,1,1
UOF82139,0,0,0,0,0,1,1
QZI93874,1,1,1,1,1,1,1
QZI93613,1,1,1,1,1,1,1
QZI93343,1,1,1,1,1,1,1
UNY42544,1,0,0,0,0,1,1
UNY39839,1,1,0,1,0,1,1
AOO19504,1,1,0,1,0,1,1
AOO19291,1,1,0,1,0,1,1
AOO19082,1,1,0,1,0,1,1
AOO18864,1,1,0,1,0,1,1
AOO18439,1,1,0,1,0,1,1
AOO18225,1,1,0,1,0,1,1
AOO18013,1,1,0,1,0,1,1
AOO17797,1,1,0,1,0,1,1
AOO17367,1,1,0,1,0,1,1
AOO17152,1,1,0,1,0,1,1
AOO16936,1,1,0,1,0,1,1
AOO16721,1,1,0,1,0,1,1
AOO16290,1,1,0,1,0,1,1
AOO16071,1,1,0,1,0,1,1
AOO15649,1,1,0,1,0,1,1
AOO15431,1,1,0,1,0,1,1
AOO15222,1,1,0,1,0,1,1
UNI72783,1,1,1,1,1,1,1
BDH16503,1,0,0,0,0,1,1
UNI71239,1,1,0,1,1,1,1
UNA00809,1,1,0,1,0,1,1
QSM00810,0,0,0,0,0,1,1
UJJ74426,1,1,1,1,1,1,1
ULF50505,1,1,1,1,1,1,1
ULF49385,1,0,0,1,0,1,1
CAD5241578,1,1,1,1,1,1,1
CAD5241838,1,1,1,1,1,1,1
CAD5241288,1,1,1,1,1,1,1
CAD5241893,1,1,1,1,1,1,1
CAD5242979,1,1,1,1,1,1,1
CAD5241258,1,1,1,1,1,1,1
CAD5242997,1,1,1,1,1,1,1
CAD5242033,1,1,1,1,1,1,1
CAD5240909,1,1,1,1,1,1,1
CAD5240781,1,1,1,1,1,1,1
CAD5240622,1,1,1,1,1,1,1
QZI85717,1,0,0,1,0,1,1
UJD20785,0,0,0,0,0,0,0
UJD05803,1,1,1,1,1,1,1
UJD05624,1,1,1,1,1,1,1
UJD04854,1,1,1,1,1,1,1
UIU27986,1,1,1,1,1,1,1
UIU27719,1,1,1,1,1,1,1
UIU27292,1,1,1,1,1,1,1
UIU27019,1,1,1,1,1,1,1
BCO16337,1,1,0,1,0,1,1
UIO58113,1,1,1,1,1,1,1
QXN68748,1,1,0,1,0,1,1
UAW59195,0,0,0,0,0,1,1
UGV22859,1,1,1,1,1,1,1
CAH0499427,1,0,0,0,0,1,1
CAD7712137,1,1,1,1,1,1,1
UGO55391,1,1,1,1,1,1,1
UGO53194,1,1,1,1,1,1,1
UGO50463,1,0,0,1,0,1,1
UGO48377,1,1,1,1,1,1,1
UGO47392,1,1,1,1,1,1,1
QEG11453,1,1,1,1,1,1,1
QXN73975,0,0,0,0,0,0,0
QDP44534,1,0,0,1,0,1,1
AZS07954,1,1,0,1,0,0,1
AZF97879,1,0,0,1,0,1,1
AYD81937,1,0,0,1,0,1,1
AXH44274,1,0,0,0,0,1,0
AXH44030,1,0,0,0,0,1,0
AXH43968,1,0,0,0,0,1,0
ATW58975,1,0,0,0,0,1,0
ATN91457,1,0,0,1,0,1,1
ATN90140,1,0,0,1,0,1,1
ATN88372,1,0,0,1,0,1,1
ATN87628,1,0,0,1,0,1,1
ASZ74355,1,0,0,0,0,1,0
ASR83835,1,0,0,0,0,1,0
ASR83489,1,0,0,0,0,1,0
ASR83424,1,0,0,0,0,1,0
ASR83278,0,0,0,0,0,1,0
AOZ63301,1,0,0,1,0,1,1
AOZ63062,1,0,0,1,0,1,1
AOT24134,1,0,0,0,0,1,0
AOT24071,0,0,0,0,0,1,0
AOQ28315,1,0,0,0,0,1,0
AOQ28255,1,0,0,0,0,1,0
UFK27401,1,1,1,1,1,1,1
UFK27161,1,1,1,1,1,1,1
UEM46871,1,1,0,1,0,1,1
QZI84987,1,1,1,1,1,1,1
QZI84721,1,1,1,1,1,1,1
UDO47352,0,0,0,0,0,1,1
QBX06081,1,1,1,1,1,1,1
QVW29194,1,1,1,1,1,1,1
AEM91786,1,1,0,1,1,1,1
UCW44069,1,0,0,1,0,1,1
UCR92417,1,1,0,1,1,1,1
UCR75175,1,1,1,1,1,1,1
QVW54230,1,1,1,1,1,1,1
ALO79557,1,1,0,1,0,1,1
QWY13748,1,1,1,1,1,1,1
UAV86077,1,0,0,1,0,1,1
QWY83044,1,0,0,1,0,1,1
QZX43702,0,0,0,0,0,1,1
QZI94965,1,1,0,1,0,1,0
QZI94744,1,1,0,1,0,1,0
QZI94522,1,1,0,1,0,1,0
QZI94298,1,1,0,1,0,1,0
QZI87434,1,1,1,1,1,1,1
QZI86538,0,0,0,0,0,1,1
QZD98021,0,0,0,0,0,0,1
QYW05971,1,0,0,1,0,1,1
QXN70802,1,1,0,1,0,1,1
QXN72670,1,1,0,1,0,0,1
QXN72548,1,1,0,1,0,1,1
CAG7581408,1,1,0,1,0,1,1
QXL90440,0,0,0,0,0,1,1
QLF82902,1,1,1,1,1,1,1
DAY79608,0,0,0,0,0,1,1
DAY79482,0,0,0,0,0,1,1
DAY78682,0,0,0,0,0,1,1
DAY78073,0,0,0,0,0,0,1
DAY77432,1,1,0,1,0,1,1
DAY75340,0,0,0,0,0,1,1
DAY74451,1,0,0,1,0,1,1
DAY70949,1,1,0,1,0,1,1
DAY67151,1,1,0,1,0,1,1
DAY61564,1,1,0,1,0,1,1
DAY59293,1,1,0,1,0,1,0
DAY56511,1,1,0,1,0,1,1
DAY53408,0,0,0,0,0,1,1
DAY52499,1,1,0,1,0,0,1
DAY48832,0,0,0,0,0,1,1
DAY48568,0,0,0,0,0,1,1
DAY46519,1,0,0,1,0,1,1
DAZ84823,1,1,0,1,0,1,1
DAZ81496,1,1,0,1,0,1,1
DAZ79131,0,0,0,0,0,1,1
DAZ75188,1,1,0,1,0,1,1
DAZ73851,0,0,0,0,0,1,1
DAZ64463,0,0,0,0,0,1,1
DAZ63049,0,0,0,0,0,1,1
DAZ60524,0,0,0,0,0,1,1
DAZ53563,0,0,0,0,0,1,1
DAZ48714,1,0,0,1,0,1,1
DAZ47044,0,0,0,0,0,1,1
DAZ45257,0,0,0,0,0,1,1
DAZ45200,0,0,0,0,0,1,1
DAZ44576,1,1,0,1,0,1,1
DAZ32313,1,1,0,1,0,1,1
DAZ19310,1,1,0,1,0,1,1
DAZ15641,1,1,0,1,0,1,1
DAZ14105,1,0,0,0,0,1,1
DAZ11271,1,0,0,1,0,1,1
DAZ10849,0,0,0,0,0,0,0
DAZ10019,0,0,0,0,0,0,1
DAZ09331,0,0,0,0,0,1,1
DAZ01198,0,0,0,0,0,1,1
DAY99754,0,0,0,0,0,1,1
DAY92161,0,0,0,0,0,1,1
DAY86612,0,0,0,0,0,1,1
DAY86396,1,0,0,1,0,1,1
DAY84999,1,1,0,1,0,1,1
DAW27348,0,0,0,0,0,1,1
DAW25441,0,0,0,0,0,1,1
DAY45479,1,1,0,1,0,1,1
DAY40793,1,1,0,1,0,1,1
DAY39517,0,0,0,0,0,1,1
DAY38963,1,1,0,1,0,1,1
DAY38388,1,1,0,1,0,1,0
DAY36370,1,0,0,1,0,0,1
DAY34804,1,1,0,1,0,1,1
DAY32834,0,0,0,0,0,1,1
DAY31148,1,0,0,1,0,1,1
DAY30063,1,1,0,1,0,1,1
DAY22577,1,0,0,1,0,0,1
DAY05462,1,1,0,1,0,1,1
DAY04149,0,0,0,0,0,1,0
DAY01134,0,0,0,0,0,1,1
DAX93245,1,1,0,1,0,1,1
DAX83829,0,0,0,0,0,1,1
DAX81641,1,0,0,1,0,1,1
DAX80904,1,0,0,1,0,0,1
DAX78921,0,0,0,0,0,1,1
DAX72797,1,0,0,1,0,1,1
DAX68221,1,0,1,1,0,1,1
DAX64165,0,0,0,0,0,1,1
DAX63712,1,0,0,0,0,1,1
DAX62769,1,1,0,1,0,1,1
DAX61534,1,0,0,0,0,1,1
DAX59072,1,1,0,1,0,1,1
DAX48377,1,1,0,1,0,1,1
DAX47285,1,0,0,1,0,1,1
DAX39562,1,0,0,1,0,1,1
DAX31437,0,0,0,0,0,1,1
DAX24078,0,0,0,0,0,0,0
DAX18154,1,0,0,1,0,1,1
DAX17399,0,0,0,0,0,1,1
DAX14357,0,0,0,0,0,1,0
DAX11460,0,0,0,0,0,0,1
DAX10244,0,0,0,0,0,1,1
DAW99605,0,0,0,0,0,1,1
DAW95738,1,1,0,1,0,1,1
DAW93212,1,1,0,1,0,1,1
DAW91235,1,1,0,1,0,1,1
DAW90396,1,1,0,1,0,1,1
DAW87161,1,1,0,1,0,1,1
DAW84899,1,1,0,1,0,1,1
DAW20537,0,0,0,0,0,1,1
DAW11887,1,0,0,0,0,0,1
DAW07070,1,0,0,1,0,1,1
DAW05595,0,0,0,0,0,1,1
DAW04747,1,1,0,1,0,1,1
DAW04056,0,0,0,0,0,1,1
DAW03198,1,1,0,1,0,1,1
DAW01584,1,0,1,1,0,1,1
DAV94489,0,0,0,0,0,1,1
DAV89786,1,0,1,1,0,1,1
DAV77222,1,1,0,1,0,1,1
DAV71145,1,1,0,1,0,1,1
DAV69970,0,0,0,0,0,0,0
DAV68700,1,1,0,1,0,1,1
DAV67672,1,0,0,1,0,1,1
DAV62600,1,1,0,1,0,1,1
DAV61489,1,1,0,1,0,1,1
DAV59395,1,1,0,1,0,1,1
DAV58106,1,0,0,1,0,1,1
DAV57977,1,1,0,1,0,1,1
DAV47470,1,1,0,1,0,1,1
DAV45435,1,1,0,1,0,1,1
DAV41694,1,0,0,1,0,0,1
DAV38911,0,0,0,0,0,1,1
DAV32619,1,0,0,1,0,1,0
DAV31017,1,0,0,0,0,0,1
DAV30924,0,0,0,0,0,0,0
DAV30247,1,0,0,1,0,1,1
DAV28828,1,0,0,1,0,1,1
DAW81752,1,1,0,1,0,1,1
DAW79441,1,0,0,1,0,1,0
DAW76401,1,1,0,1,0,1,1
DAW75074,1,0,0,1,0,1,0
DAW74784,1,0,0,0,0,1,1
DAW66375,1,0,0,1,0,0,1
DAW64540,1,1,0,1,0,1,1
DAW58790,0,0,0,0,0,1,1
DAW48005,1,0,0,1,0,1,0
DAW45700,0,0,0,0,0,1,1
DAW43500,1,1,0,1,0,1,1
DAW41554,1,1,0,1,0,1,1
DAW39571,1,1,0,1,0,1,1
DAW36901,0,0,0,0,0,0,1
DAW35360,0,0,0,0,0,0,1
DAS44677,1,1,0,1,0,1,1
DAS41376,1,0,0,1,0,0,1
DAS32488,1,1,0,1,0,1,1
DAS26878,1,1,0,1,0,1,1
DAS25424,1,0,0,1,0,0,1
DAS21527,0,0,0,0,0,1,1
DAS16572,0,0,0,0,0,0,1
DAS12089,1,0,0,1,0,1,1
DAS10390,1,0,0,1,0,1,1
DAS08259,1,1,0,1,0,1,1
DAS07744,0,0,0,0,0,1,1
DAS05606,1,1,0,1,0,1,1
DAS00055,1,1,0,1,0,1,1
DAR95438,1,1,0,1,0,1,1
DAR95104,1,1,0,1,0,1,1
DAR93414,0,0,0,0,0,1,1
DAR88040,0,0,0,0,0,0,1
DAR87153,1,0,1,1,0,1,1
DAR86719,1,1,0,1,0,1,1
DAR85364,0,0,0,0,0,0,0
DAR73050,1,1,0,1,0,1,1
DAR65622,1,1,0,1,0,1,1
DAR64661,1,0,0,0,0,1,1
DAR64445,1,0,0,0,0,1,1
DAR64112,1,1,0,1,0,1,1
DAT13554,1,0,0,1,0,1,1
DAT10795,1,1,0,1,0,1,1
DAT07171,1,1,0,1,0,1,1
DAT07122,0,0,0,0,0,1,1
DAT06161,1,0,0,0,0,0,1
DAT04926,1,1,0,1,0,1,1
DAT03673,0,0,0,0,0,1,1
DAT03559,0,0,0,0,0,1,1
DAT03367,1,1,0,1,0,1,1
DAS96418,1,1,0,1,0,1,1
DAS95590,0,0,0,0,0,0,0
DAS89662,1,1,0,1,0,1,1
DAS88276,1,0,0,1,0,0,1
DAS86493,1,0,0,1,0,1,1
DAS85482,0,0,0,0,0,0,1
DAS81752,0,0,0,0,0,0,0
DAS79165,1,1,0,1,0,1,1
DAS77647,0,0,0,0,0,0,1
DAS76303,1,0,0,1,0,1,1
DAS65812,1,1,0,1,0,1,1
DAS65720,1,1,0,1,0,1,1
DAT97563,1,0,0,1,0,1,1
DAT94693,0,0,0,0,0,0,0
DAT92671,1,0,0,0,0,1,1
DAT84365,1,1,0,1,0,0,0
DAT83466,1,0,0,1,0,1,1
DAT76562,1,1,0,1,0,1,1
DAT66362,1,0,0,1,0,1,1
DAT64920,1,1,0,1,0,1,1
DAT58947,1,1,0,1,0,0,1
DAT58158,1,0,0,1,0,1,1
DAT53190,0,0,0,1,0,0,1
DAT52585,1,0,0,1,0,1,1
DAT50467,1,1,0,1,0,1,1
DAT44103,1,0,0,1,0,1,1
DAT43674,1,0,1,1,0,1,1
DAT40171,1,0,0,1,0,1,1
DAT38335,0,0,0,0,0,0,0
DAT30715,1,0,0,1,0,1,1
DAT27768,1,0,0,1,0,1,1
DAT25644,0,0,0,0,0,1,1
DAU69025,0,0,0,0,0,1,1
DAU65203,1,0,0,1,0,0,1
DAU64900,1,0,0,1,0,1,1
DAU64713,0,0,0,0,0,1,1
DAU40548,1,0,0,1,0,1,1
DAU36358,0,0,0,1,0,0,1
DAU28611,1,0,0,1,0,0,1
DAU27496,1,1,0,1,0,1,1
DAU26812,1,1,0,1,0,1,1
DAU24194,1,1,0,1,0,1,1
DAU15490,1,0,0,1,0,1,1
DAU12421,1,0,0,1,0,1,1
DAU10990,1,1,0,1,0,1,1
DAU04307,1,1,0,1,0,1,1
DAU00025,0,0,0,0,0,0,1
DAV25098,1,1,0,1,0,1,1
DAV19699,1,1,0,1,0,1,1
DAV19057,0,0,0,0,0,1,1
DAV17227,1,0,1,1,0,1,1
DAV08528,1,1,0,1,0,1,1
DAV06181,0,0,0,1,0,0,1
DAV00552,1,0,1,1,0,1,1
DAU92511,0,0,0,0,0,0,0
DAU91053,1,1,0,1,0,1,1
DAU85995,0,0,0,0,0,1,1
DAU84544,1,1,0,1,0,1,1
DAU77913,0,0,0,0,0,1,1
DAU69276,0,0,0,0,0,1,1
QWV60119,1,1,1,1,1,1,1
QLF87907,1,0,0,1,0,1,1
QLF87717,1,0,0,1,0,1,1
QLF87433,1,0,0,1,0,1,1
QLF87270,1,0,0,1,0,1,1
QLF86876,1,0,0,1,0,1,1
AUR81122,1,0,0,1,0,0,1
DAR09335,1,0,0,0,0,1,1
DAR06280,1,0,0,1,0,1,1
DAQ92877,1,1,0,1,0,1,1
DAQ91975,1,0,0,1,0,1,1
DAQ85770,1,0,0,1,0,1,1
DAQ81866,1,0,0,1,0,1,1
DAQ73633,1,0,0,0,0,1,1
DAQ71164,0,0,0,0,0,0,1
DAQ71113,1,1,0,1,0,1,1
DAQ69646,1,1,0,1,0,1,1
DAQ65685,0,0,0,0,0,0,0
DAQ55872,0,0,0,0,0,1,1
DAQ49263,0,0,0,0,0,0,1
DAQ48055,1,0,0,0,0,1,1
DAO97287,0,0,0,0,0,1,1
DAO94305,0,0,0,0,0,1,1
DAO93629,0,0,0,0,0,1,1
DAO92977,1,1,0,1,0,1,1
DAO89867,1,1,0,1,0,1,1
DAO78183,1,1,0,1,0,1,1
DAO77035,1,0,0,0,0,1,1
DAO71719,1,1,0,1,0,1,1
DAO69964,1,0,0,0,0,1,1
DAO67918,1,1,0,1,0,1,1
DAO62750,1,1,0,1,0,1,1
DAO60330,1,1,0,1,0,1,1
DAO60035,0,0,0,0,0,1,1
DAO54432,0,0,0,0,0,0,0
DAO46709,1,1,0,1,0,1,1
DAO41858,0,0,0,0,0,1,1
DAO40892,1,0,0,0,0,1,1
DAO34101,1,1,0,1,0,1,1
DAO30479,1,0,0,0,0,1,1
DAO28493,0,0,0,0,0,1,1
DAO27235,1,1,0,1,0,1,1
DAO26789,1,1,0,1,0,1,1
DAO26592,1,1,0,1,0,1,1
DAO25717,1,1,0,1,0,1,1
DAO15206,1,0,0,1,0,0,1
DAO13123,0,0,0,0,0,0,0
DAO11845,0,0,0,1,0,0,1
DAO11033,1,0,0,1,0,0,1
DAO10769,1,0,0,0,0,1,1
DAO04244,1,1,0,1,0,1,1
DAO01343,0,0,0,0,0,1,1
DAN77898,1,1,1,1,1,1,1
DAN76298,1,0,0,0,0,1,0
DAN74531,0,0,0,0,0,1,1
DAN62691,0,0,0,0,0,1,1
DAN61389,1,1,0,1,0,1,1
DAN61203,1,1,0,1,0,1,1
DAN56374,1,0,0,1,0,0,1
DAN52048,1,1,0,1,0,1,1
DAN50259,1,0,0,1,0,1,1
DAN46587,0,0,0,0,0,1,1
DAN43859,1,1,0,1,0,1,1
DAN39591,1,0,1,1,0,1,1
DAN38725,1,1,0,1,0,1,1
DAN35661,1,1,0,1,0,1,1
DAN33412,0,0,0,0,0,0,0
DAN30538,1,1,0,1,0,1,1
DAN28769,1,0,0,1,0,1,1
DAN24132,1,1,0,0,0,1,1
DAQ47253,0,0,0,0,0,1,1
DAQ39006,1,1,0,1,0,1,1
DAQ31529,1,1,0,1,0,1,1
DAQ31322,1,0,0,1,0,1,1
DAQ29082,1,1,0,1,0,1,1
DAQ28145,1,1,0,1,0,1,1
DAQ27936,1,0,0,1,0,1,1
DAQ26178,1,0,0,1,0,1,1
DAQ12663,1,0,0,1,0,1,1
DAQ11203,1,0,0,1,0,1,1
DAQ00717,1,1,0,1,0,1,1
DAP52441,1,1,0,1,0,1,1
DAP42272,1,0,0,1,0,1,1
DAP38299,0,0,0,0,0,1,1
DAP36599,1,1,0,1,0,1,0
DAP32211,1,0,0,1,0,1,1
DAP30957,0,0,0,0,0,1,1
DAP29743,1,0,0,1,0,0,1
DAP19468,1,1,0,1,0,1,1
DAP15226,1,1,0,1,0,1,1
DAP14923,1,0,0,1,0,0,1
DAP07343,1,1,0,1,0,1,1
DAP06953,1,1,0,1,0,1,1
DAP04662,1,1,0,1,0,1,0
DAR53586,0,0,0,0,0,1,1
DAR52602,1,1,0,1,0,1,1
DAR49587,1,1,0,1,0,1,1
DAR49582,1,1,0,1,0,1,1
DAR46220,0,0,0,0,0,1,1
DAR45157,0,0,0,0,0,0,0
DAR44273,0,0,0,0,0,0,1
DAR40428,1,1,0,1,0,1,1
DAR38295,1,1,0,1,0,1,1
DAR36180,1,1,0,1,0,1,1
DAR32051,0,0,0,0,0,1,0
DAR26769,1,0,0,0,0,1,1
DAR21623,0,0,0,0,0,1,1
DAR20362,0,0,0,0,0,0,1
DAR19886,0,0,0,0,0,1,1
DAR16263,1,1,0,1,0,1,1
DAR11822,1,0,0,1,0,1,1
DAP89504,1,1,0,1,0,1,1
DAP83687,1,1,0,1,0,1,1
DAP81485,1,0,0,0,0,1,1
DAP79005,0,0,0,0,0,0,0
DAP76321,0,0,0,0,0,0,1
DAP73365,0,0,0,0,0,1,1
DAP69003,0,0,0,0,0,1,1
DAP68524,0,0,0,0,0,1,1
DAP62738,0,0,0,0,0,1,1
DAP57964,0,0,0,0,0,1,1
DAP55306,1,0,0,1,0,1,1
DAP53977,1,0,0,1,0,1,1
QQO98195,1,0,0,1,0,1,1
QQO97995,1,0,0,1,0,1,1
QQO97795,1,0,0,1,0,1,1
QQO97595,1,0,0,1,0,1,1
DAK08631,1,0,0,1,0,0,1
DAK04331,1,0,0,1,0,1,1
DAJ98241,0,0,0,0,0,0,0
DAJ98004,1,0,0,1,0,1,1
DAJ88760,1,1,0,1,0,1,1
DAJ83011,1,1,0,1,0,1,1
DAJ77360,1,1,0,1,0,1,1
DAJ62772,1,0,0,1,0,1,1
DAJ59954,1,0,0,0,0,1,0
DAJ56426,1,0,0,1,0,1,1
DAJ50875,1,1,0,1,0,1,1
DAJ48419,1,1,0,1,0,1,1
DAJ47092,1,0,0,1,0,1,1
DAJ44976,1,1,0,1,0,1,1
DAJ40846,1,1,0,1,0,1,1
DAJ30664,1,0,0,1,0,1,1
DAJ30159,0,0,0,0,0,1,1
DAJ27934,1,1,0,1,0,1,1
DAJ26825,1,1,0,1,0,1,1
DAJ25270,0,0,0,0,0,1,1
DAN17643,0,0,0,0,0,1,1
DAN15183,1,1,0,1,0,1,1
DAN13136,0,0,0,0,0,0,1
DAN11359,1,0,0,1,0,1,1
DAN09678,1,0,0,1,0,1,1
DAN08776,1,0,0,0,0,1,1
DAN02277,0,0,0,1,0,1,1
DAN00199,1,0,0,1,0,1,1
DAM90530,0,0,0,0,0,1,1
DAM87790,1,1,0,1,0,1,1
DAM83964,1,0,0,1,0,0,1
DAM77998,0,0,0,0,0,1,1
DAM74473,1,1,0,1,0,1,1
DAM73414,0,0,0,0,0,0,0
DAM71696,1,0,0,1,0,1,1
DAM67426,1,0,0,1,0,1,0
DAM65441,1,1,0,1,0,1,1
DAM63289,1,0,0,1,0,1,1
DAM58299,0,0,0,1,0,0,1
DAM53963,0,0,0,0,0,1,1
DAM53133,1,0,1,1,0,1,1
DAM46295,1,1,0,1,0,1,1
DAM44443,1,0,0,1,0,1,1
DAM35757,1,1,0,1,0,1,1
DAM26601,1,1,0,1,0,1,1
DAM23424,1,1,0,1,0,1,1
DAM11299,0,0,0,0,0,1,1
DAM08316,1,1,0,1,0,1,1
DAM06116,1,1,0,1,0,1,1
DAM02170,0,0,0,0,0,0,1
DAM01247,1,0,0,1,0,1,1
DAL87323,1,1,0,1,0,1,1
DAL83709,0,0,0,0,0,1,1
DAL82027,1,0,0,1,0,1,1
DAL81710,0,0,0,0,0,1,1
DAL76680,1,1,0,1,0,1,1
DAL75018,0,0,0,0,0,1,1
DAL73243,1,1,0,1,0,1,1
DAL07836,1,1,0,1,0,1,1
DAL07180,1,1,0,1,0,1,1
DAL03632,0,0,0,0,0,1,1
DAK95768,1,1,0,1,0,1,1
DAK95328,0,0,0,0,0,1,1
DAK91444,0,0,0,0,0,1,1
DAK89547,1,1,0,1,0,1,1
DAK89018,1,1,0,1,0,1,0
DAK86258,1,1,0,1,0,1,1
DAK83246,0,0,0,0,0,1,1
DAK82368,1,0,0,1,0,1,1
DAK79492,1,0,0,0,0,0,1
DAK77717,1,0,0,0,0,1,1
DAK71769,0,0,0,0,0,1,1
DAK58770,0,0,0,0,0,1,1
DAK53751,1,0,0,1,0,1,1
DAK53057,0,0,0,0,0,0,1
DAK52054,1,0,0,1,0,1,1
DAL64987,0,0,0,0,0,0,1
DAL62798,0,0,0,1,0,0,1
DAL62184,0,0,0,0,0,1,1
DAL61264,1,1,0,1,0,1,1
DAL60860,0,0,0,0,0,1,1
DAL54376,0,0,0,1,0,0,1
DAL48337,1,0,0,1,0,1,1
DAL41704,1,0,0,1,0,1,1
DAL34976,0,0,0,0,0,1,1
DAL31971,0,0,0,0,0,1,1
DAL17893,0,0,0,0,0,1,1
DAL16914,1,1,0,1,0,1,1
DAL14873,0,0,0,1,0,0,1
DAL14443,0,0,0,0,0,1,1
DAL11161,0,0,0,0,0,1,1
DAK46394,1,0,0,1,0,1,0
DAK38288,1,1,0,1,0,1,1
DAK38058,1,0,0,1,0,1,1
DAK37747,1,1,0,1,0,1,1
DAK36875,0,0,0,0,0,1,1
DAK36611,1,1,0,1,0,1,1
DAK34757,0,0,0,0,0,1,0
DAK28786,1,0,0,1,0,1,1
DAK26560,1,1,0,1,0,1,1
DAK18604,1,0,0,0,0,1,1
DAK12075,1,0,0,1,0,1,1
DAJ22426,1,1,0,1,0,1,1
DAJ20327,0,0,0,0,0,1,1
QWO71657,0,0,0,0,0,1,0
DAG89461,1,1,0,1,0,1,1
DAI05813,1,1,0,1,0,1,1
DAI58526,0,0,0,0,0,1,1
DAG98782,1,0,0,0,0,0,1
DAG96525,1,0,0,1,0,1,1
DAG94761,0,0,0,0,0,1,1
DAG92286,1,0,0,1,0,1,1
DAG91874,0,0,0,0,0,0,1
DAF78201,0,0,0,0,0,1,0
DAF66483,1,0,0,1,0,1,1
DAG78535,1,1,0,1,0,1,1
DAG77727,1,0,0,1,0,1,1
DAG74809,1,1,0,1,0,1,1
DAG05769,0,0,0,0,0,1,0
DAG03405,1,0,0,1,0,1,1
DAG02998,0,0,0,0,0,1,1
DAG00880,0,0,0,0,0,1,0
DAG00531,1,0,0,1,0,1,0
DAG00367,1,0,0,1,0,1,1
DAF99102,1,0,0,1,0,1,1
DAF98264,1,0,1,1,0,1,1
DAF97704,1,1,0,1,0,1,1
DAF96774,0,0,0,0,0,1,1
DAH50385,1,1,0,1,0,0,1
DAH45548,1,1,0,1,0,1,1
DAH35763,0,0,0,0,0,1,1
DAH35371,1,0,0,1,0,1,1
DAH33747,0,0,0,0,0,1,1
DAH20994,1,0,0,1,0,1,1
DAJ07250,1,0,0,1,0,1,1
DAI95927,0,0,0,0,0,1,1
DAI91888,1,1,0,1,0,1,1
DAI90110,1,1,0,1,0,1,1
DAI89477,1,0,0,1,0,1,1
DAI80813,1,1,0,1,0,1,1
DAI77840,0,0,0,0,0,1,1
DAI77225,0,0,0,0,0,1,1
DAI70525,1,1,0,1,0,1,1
DAI66356,1,1,0,1,0,1,1
DAF93089,1,1,0,1,0,1,1
DAF92119,1,1,0,1,0,1,1
DAF89244,1,1,0,1,0,1,1
DAF85193,1,1,0,1,0,1,1
DAI03747,0,0,0,0,0,1,1
DAH95990,1,0,0,0,0,0,1
DAH89680,1,0,0,1,0,1,1
DAH89598,0,0,0,0,0,0,1
DAH56612,1,1,0,1,0,1,1
DAH07100,1,0,0,1,0,1,1
DAI52121,0,0,0,0,0,1,1
DAI24986,0,0,0,0,0,0,1
DAI22212,1,0,1,1,0,1,1
DAI21223,0,0,0,0,0,1,1
DAI20643,1,1,0,1,0,1,1
DAI15567,1,1,0,1,0,1,1
DAI13066,1,0,0,1,0,1,1
DAI12015,0,0,0,0,0,1,1
DAI10439,0,0,0,0,0,1,1
DAI08049,1,0,0,1,0,1,1
DAG65352,1,1,0,1,0,1,1
DAG57588,1,0,0,1,0,1,1
DAG56927,1,1,0,1,0,1,1
DAG55445,0,0,0,0,0,0,1
DAG33321,1,0,0,1,0,1,1
DAG32796,1,1,0,1,0,1,1
DAG31170,1,0,0,1,0,1,1
DAG27825,1,0,0,1,0,1,1
DAG25454,0,0,0,0,0,1,1
DAG20893,0,0,0,0,0,1,1
DAG18797,1,1,0,1,0,1,1
DAG13652,1,1,0,1,0,1,1
DAG10592,1,1,0,1,0,1,1
DAG09654,1,1,0,1,0,1,1
DAG07341,0,0,0,0,0,1,1
DAG06746,1,1,0,1,0,1,1
DAF64614,1,0,0,1,0,1,1
DAF63241,1,0,0,1,0,0,1
DAF62246,1,1,0,1,0,1,1
DAF60006,1,0,0,0,0,1,1
DAF59883,1,1,0,1,0,1,1
DAF57428,1,1,0,1,0,1,1
DAF57192,0,0,0,0,0,1,1
DAF47590,1,0,0,1,0,0,1
DAF43720,1,0,0,0,0,1,1
DAF42618,1,1,0,1,0,1,1
QWS69829,1,1,0,1,0,0,1
DAE87729,1,0,0,1,0,1,1
DAE82981,1,1,0,1,0,1,1
DAE82396,1,1,0,1,0,1,1
DAE72214,1,1,0,1,0,1,1
DAE69355,0,0,0,0,0,0,1
DAE66661,0,0,0,0,0,1,1
DAE66458,0,0,0,0,0,1,1
DAE65069,0,0,0,0,0,1,1
DAE61979,1,1,0,1,0,1,1
DAE60394,0,0,0,0,0,1,1
DAF39524,1,1,0,1,0,1,1
DAF36038,1,0,0,1,0,1,1
DAF32166,1,1,0,1,0,1,1
DAF21590,1,0,0,1,0,1,1
DAF17551,0,0,0,0,0,1,1
DAF10465,0,0,0,0,0,1,1
DAE93650,1,1,0,1,0,1,1
DAE47597,1,1,0,1,0,1,1
DAE39200,1,1,0,1,0,1,1
DAE38924,1,0,0,1,0,1,1
DAE37021,1,0,0,0,0,1,1
DAD72364,1,0,0,1,0,1,1
DAD71442,1,0,0,1,0,1,1
DAE28107,0,0,0,0,0,0,1
DAE21446,1,1,0,1,0,0,0
DAE07689,0,0,0,0,0,0,0
DAE07091,0,0,0,0,0,1,1
DAE05084,0,0,0,0,0,1,1
DAE04122,1,0,0,1,0,1,1
DAD67377,1,0,0,0,0,1,1
DAD66495,1,0,0,0,0,1,1
DAD91502,1,1,0,1,0,1,1
DAD89234,1,1,0,1,0,1,1
DAD86425,1,0,0,1,0,1,1
DAD83477,1,0,0,1,0,1,1
DAD82659,1,0,0,1,0,1,1
DAD80436,1,0,0,1,0,0,1
DAD80248,0,0,0,0,0,0,1
DAD78082,1,1,0,1,1,1,1
DAD74563,1,0,0,1,0,1,0
DAD64567,1,0,0,0,0,1,1
DAD60643,1,1,0,1,0,1,1
DAD57735,1,1,0,1,0,1,1
QMV34287,1,1,0,1,1,1,1
QVW27225,1,1,1,1,1,1,1
QVW27118,1,1,1,1,1,1,1
QVD58345,1,1,0,1,0,1,1
QVD57469,1,1,0,1,0,1,1
QVD57263,1,1,0,1,0,1,1
QVD56932,1,1,0,1,0,1,1
QVD56744,1,1,0,1,0,1,1
QVD56506,1,1,0,1,0,1,1
QVD56391,1,1,0,1,0,1,1
QVD56164,1,1,0,1,0,1,1
QQO38255,1,0,0,0,0,0,1
QUL77335,0,0,0,0,0,0,1
QTP96214,1,1,0,1,0,1,1
QQV89123,0,0,0,0,0,0,1
QIN95933,1,1,1,1,1,1,1
QIN95546,1,1,1,1,1,1,1
QSL99137,1,1,1,1,1,1,1
QQO89401,1,1,0,1,1,1,1
QQO89100,1,1,0,1,1,1,1
QQO88887,1,1,0,1,1,1,1
QQO87138,1,1,0,1,1,1,1
QIW86970,1,1,1,1,1,1,1
QIG60894,1,1,0,1,0,1,1
QEG10538,1,1,1,1,1,1,1
QEG10268,1,1,1,1,1,1,1
CAD6025554,1,1,1,1,1,1,1
QIQ62188,1,1,0,1,1,1,1
QHR76501,1,1,1,1,1,1,1
QHR72770,1,1,1,1,1,1,1
QHR72445,1,1,1,1,1,1,1
QHR70763,1,1,1,1,1,1,1
QHR68275,1,1,1,1,1,1,1
QHR67142,1,1,1,1,1,1,1
QHR63892,1,1,1,1,1,1,1
QHR63637,1,1,1,1,1,1,1
QQV93508,0,0,0,0,0,1,1
QIG76860,1,1,0,1,0,0,1
QIG76847,0,0,0,0,0,1,1
QIG76319,0,1,1,1,1,0,1
QIG76122,1,1,0,1,0,1,1
QIG75833,1,0,0,1,0,1,1
QIG75665,1,0,0,1,0,1,1
QIG75155,1,0,0,1,0,1,1
QIG70980,0,1,1,1,1,0,1
QIG70665,1,1,0,1,0,1,1
QIG69699,0,1,1,1,1,0,1
QIG69295,1,0,0,1,0,1,1
QIG69126,1,0,0,1,0,1,1
QIG66697,1,1,0,1,0,0,1
QOC57921,1,0,0,1,0,1,1
QQO92161,1,0,0,0,0,1,1
QQO91923,1,0,0,0,0,1,1
CAB5231290,1,0,0,1,0,1,1
CAB5231374,1,0,0,1,0,1,1
CAB5231611,1,1,0,1,0,1,1
CAB5238063,0,0,0,0,0,0,1
CAB5238263,1,1,1,1,1,1,1
CAB4242222,1,1,0,1,0,0,1
CAB4241512,1,1,0,1,0,1,1
CAB4240959,0,0,0,0,0,1,1
CAB5209293,1,1,0,1,0,1,1
CAB5231005,0,0,0,0,0,0,1
CAB5228433,0,0,0,0,0,1,0
CAB5227715,1,1,0,1,0,1,1
CAB5227190,0,0,0,0,0,1,1
CAB5226400,1,1,0,1,0,1,1
CAB5225783,1,0,0,1,0,1,1
CAB5222270,1,0,0,1,0,1,1
CAB5221824,1,1,0,1,0,1,1
CAB5221310,1,1,1,1,1,1,1
CAB5220877,1,1,0,1,0,1,1
CAB5220629,1,1,1,1,1,1,1
CAB5220307,1,0,0,1,0,0,1
CAB5219756,1,0,0,1,0,1,1
CAB5219688,1,1,0,1,0,1,0
CAB5219433,1,0,0,1,0,1,1
CAB5219759,1,1,0,1,0,1,1
CAB5218177,1,1,0,1,0,1,1
CAB5217949,0,0,0,0,0,1,1
CAB5215062,0,0,0,0,0,1,0
CAB5214459,1,1,0,1,0,1,1
CAB4221319,1,1,0,1,0,1,1
CAB4220954,1,1,0,1,0,1,1
CAB4220717,1,0,0,1,0,1,1
CAB4188343,1,0,0,1,0,1,0
CAB4185457,1,1,0,1,0,1,1
CAB4185816,1,1,0,1,0,1,1
CAB4182881,0,0,0,0,0,1,1
CAB4182011,1,1,1,1,1,1,1
CAB4219088,0,0,0,0,0,1,1
CAB4218125,1,1,0,1,0,1,1
CAB4216028,0,0,0,0,0,1,1
CAB4198658,1,0,0,1,0,1,1
CAB4197671,1,0,0,0,0,0,1
CAB4197069,1,1,0,1,0,1,1
CAB4193876,1,1,0,1,0,1,1
CAB4193483,0,0,0,1,0,1,1
CAB4193402,1,1,0,1,0,0,1
CAB4176748,1,0,0,1,0,0,1
CAB4175651,1,1,0,1,0,1,1
CAB4175231,0,0,0,1,0,1,1
CAB4170092,0,0,0,0,0,1,1
CAB4164222,1,1,0,1,0,0,1
CAB4163143,0,0,0,0,0,0,0
CAB4162524,1,1,0,1,0,1,1
CAB4162450,1,1,1,1,1,1,1
CAB4160483,1,1,0,1,0,1,1
CAB4160173,1,1,0,1,0,1,1
CAB4159441,0,0,0,1,0,1,1
CAB4159024,1,1,0,1,0,1,1
CAB4158194,1,0,0,0,0,1,0
CAB4157274,1,1,0,1,0,0,1
CAB4154296,1,0,0,0,0,1,1
CAB4153355,1,0,0,1,0,1,1
CAB4148311,1,0,0,1,0,1,1
CAB4148053,1,0,0,0,0,1,1
CAB4143734,1,1,1,1,1,1,1
CAB4143755,1,1,0,1,0,1,1
CAB4143188,1,1,0,1,0,1,1
CAB4141218,1,1,0,1,0,1,1
CAB4140846,1,1,1,1,1,1,1
CAB4138416,1,0,0,0,0,1,1
CAB4138297,1,0,0,1,0,1,1
CAB4138102,1,1,0,1,0,1,1
CAB4133946,0,0,0,0,0,1,1
CAB4133124,1,1,0,1,0,1,1
CAB4133386,1,1,1,1,1,1,1
CAB4129590,1,1,0,1,0,1,1
CAB4129612,1,1,0,1,0,1,0
CAB4129088,1,1,1,1,0,1,1
CAB4128633,1,0,0,1,0,1,1
CAB4127293,1,0,0,1,0,1,1
CAB4124821,1,0,0,1,0,1,0
CAB4124634,1,0,0,0,0,1,1
CAB4124308,1,1,1,1,1,1,1
CAB4123943,1,0,0,1,0,1,1
CAB4123588,1,0,0,1,0,1,1
CAB4123086,1,1,0,1,0,1,1
CAB4122120,1,0,0,1,0,1,1
QQO40108,1,0,0,0,0,1,1
QQO40074,1,0,0,0,0,1,1
QQO40043,1,0,0,0,0,1,1
QQO40023,1,0,0,0,0,1,1
QQO40002,1,0,0,0,0,1,1
QNI20574,1,1,1,1,1,1,1
QQM15584,1,1,1,1,1,1,1
QPX65695,1,1,0,1,0,1,1
QPX65528,1,1,0,1,0,1,1
QPX65362,1,1,0,1,0,1,1
QPX65202,1,1,0,1,0,1,1
QPX65037,1,1,0,1,0,1,1
QPX64878,1,1,0,1,0,1,1
QPX64713,1,1,0,1,0,1,1
QPX64548,1,1,0,1,0,1,1
QPX64384,1,1,0,1,0,1,1
QPX64219,1,1,0,1,0,1,1
QPX64056,1,1,0,1,0,1,1
QPX63893,1,1,0,1,0,1,1
QPX63747,1,1,0,1,0,1,1
QPX63558,1,1,0,1,0,1,1
QPX63392,1,1,0,1,0,1,1
QPX63225,1,1,0,1,0,1,1
QPX63048,1,1,0,1,0,1,1
QPX62881,1,1,0,1,0,1,1
QPP47086,1,1,1,1,1,1,1
QPO16751,0,0,0,0,0,1,1
QPI13810,1,1,1,1,1,1,1
QJT71472,1,1,0,1,1,1,1
QPI16440,1,0,0,1,0,1,1
QPB11626,0,0,0,0,0,0,1
QPB09003,1,1,1,1,1,1,1
QOI58243,1,1,1,1,1,1,1
BCM29362,1,1,1,1,1,1,1
CAD2272448,1,1,1,1,1,1,1
CAD2272721,1,1,1,1,1,1,1
CAA7537627,1,1,1,1,1,1,1
QOI72296,1,1,1,1,1,1,1
QOI71757,1,1,1,1,1,1,1
QOI71213,1,1,1,1,1,1,1
QHB42777,1,1,1,1,1,1,1
QHB42548,1,1,1,1,1,1,1
QHB42353,1,1,1,1,1,1,1
QHB42152,1,1,1,1,1,1,1
QHB41949,1,1,1,1,1,1,1
QHB41746,1,1,1,1,1,1,1
QHB41545,1,1,1,1,1,1,1
QOE32524,1,1,0,1,0,1,1
QNO01299,1,1,0,1,0,1,1
QNJ55093,1,1,1,1,1,1,1
QNJ54707,1,1,1,1,1,1,1
QNL31511,1,0,0,1,0,1,1
QNL29763,0,0,0,0,0,1,1
QGJ86635,0,0,0,0,0,1,1
QNJ59202,1,0,0,1,0,0,1
QNH71641,1,0,0,1,0,1,1
QNG62577,1,0,0,1,0,1,1
QMV29093,1,1,1,1,1,1,1
QMP82623,1,1,1,1,1,1,1
QLF86233,1,1,0,1,0,1,1
QDJ96424,1,0,0,1,0,1,1
QKN87937,0,0,0,0,0,1,1
QKE60725,1,0,0,1,0,0,1
QJI53086,1,1,1,1,1,1,1
QEM41398,1,1,0,1,0,1,1
QEA10278,1,1,0,1,1,1,1
AYJ72901,1,1,1,1,1,1,1
AXF38582,1,0,0,1,0,1,1
AXF38373,1,0,0,1,0,0,1
QJA42573,1,1,1,1,1,1,1
QIW91024,1,1,1,1,1,1,1
QIW89989,1,0,0,1,0,1,1
QHJ83152,1,0,0,1,0,1,1
AZU98248,1,1,1,1,1,1,1
QIN95220,1,0,0,1,0,1,1
DAC81599,0,0,0,0,0,1,1
QIG65668,1,1,0,1,0,1,1
QIG62736,1,1,1,1,1,1,1
QIG62510,0,0,0,0,0,1,1
QIG60461,1,1,0,1,1,1,1
QHJ73246,1,1,1,1,1,1,1
QHJ72973,1,1,1,1,1,1,1
QHJ74569,1,1,0,1,0,0,1
QHJ74191,1,1,1,1,1,1,1
QCG76662,1,0,0,1,0,0,1
QHB49384,1,1,1,1,1,1,1
QHB48624,1,1,1,1,1,1,1
QHB43071,1,1,1,1,1,1,1
AZV01609,0,0,0,0,0,1,1
QGS83630,1,1,1,1,1,1,1
QGT54916,1,1,0,1,0,1,1
QGT54551,1,1,0,1,0,1,1
QBQ72558,0,0,0,0,0,1,1
AZU99979,1,1,0,1,0,1,1
QGF19668,0,0,0,0,0,1,1
BBM61596,1,1,1,1,1,1,1
QFR57040,1,1,1,1,1,1,1
QFR55905,1,1,1,1,1,1,1
QFP93667,0,0,0,0,0,1,1
QFP93612,0,0,0,0,0,1,1
QBP27529,1,0,0,1,0,1,1
QEP53443,1,0,0,1,0,1,1
QEM42776,0,0,0,0,0,1,1
VOH53749,1,1,0,1,0,0,1
QEM42962,0,0,0,0,0,1,1
QEG06157,1,1,1,1,1,1,1
QEG05621,1,1,1,1,1,1,1
QEG05336,1,1,1,1,1,1,1
QEG11611,1,1,1,1,1,1,1
QDP63375,1,0,0,1,0,1,1
QDP62072,1,1,0,1,0,1,1
QDP43156,1,1,0,1,0,1,1
QDP42908,1,1,0,1,0,1,1
QDP51328,1,0,0,1,0,1,1
QDP45891,0,0,0,0,0,0,1
BBG57795,1,0,0,1,0,1,1
QDH50162,1,0,0,1,0,1,1
QDH49860,1,0,0,1,0,1,1
QDH49177,1,1,1,1,1,1,1
QDF13832,1,1,1,1,1,1,1
AYH92134,1,0,0,1,0,1,1
AZF89279,1,0,0,1,0,1,1
QCW19001,1,1,1,1,1,1,1
AWD93183,0,0,0,0,0,1,1
QBZ69741,1,1,0,1,0,1,1
QBX11593,0,0,0,0,0,0,1
QBX07886,0,0,0,0,0,0,1
AXF39272,1,1,0,1,1,1,1
QBQ75057,1,1,0,1,0,1,1
QBP06036,1,1,0,1,0,1,1
QBP05660,1,1,1,1,1,1,1
QBO66267,1,1,1,1,1,1,1
QBO61788,1,1,1,1,1,1,1
VEV89409,1,1,0,1,0,1,1
VEV88591,1,0,0,1,0,1,1
VEV88256,1,1,0,1,0,1,1
QAY01745,1,0,0,1,0,1,1
QAY00067,1,1,1,1,1,1,1
QAX99628,1,1,1,1,1,1,1
QAX98597,1,1,1,1,1,1,1
AZV01163,1,1,1,1,1,1,1
AZU97646,1,1,0,1,0,1,1
AZS49244,1,0,0,0,0,1,0
AYJ73872,1,1,0,1,0,1,1
AUM58728,1,0,0,1,0,1,1
AZB50076,1,1,0,1,0,1,1
VCU44694,1,1,1,1,1,1,1
AYR02066,1,1,0,1,0,1,1
AYN56560,1,1,1,1,1,1,1
ANZ51261,1,1,1,1,1,1,1
ATN94382,1,1,0,1,0,1,1
AVZ44624,1,1,0,1,0,1,1
AXQ67807,1,1,0,1,0,1,1
AXQ67447,1,0,0,1,0,1,1
AXQ67163,1,0,0,1,0,1,1
AXQ66908,1,1,0,1,0,1,1
ATI19478,1,0,0,1,0,1,1
ATI19384,1,0,0,1,0,1,1
ATI19285,1,0,0,1,0,1,1
ATI19154,1,0,0,1,0,1,1
AXN58082,1,1,1,1,1,1,1
NP_690824,0,0,0,0,0,1,1
NP_690818,0,0,0,0,0,1,1
AVI05172,1,0,0,1,0,1,1
AXH72831,1,1,1,1,0,1,1
AXH71182,1,1,0,1,0,1,1
AXH68399,1,0,0,1,0,1,1
AXF41388,0,1,0,1,0,1,1
AUV61177,1,1,1,1,1,1,1
AWM11720,1,1,1,1,1,1,1
AVX47505,1,1,0,1,0,1,1
AVR55694,1,1,0,1,0,1,1
ATW62044,1,1,1,1,1,1,1
ASR79804,1,0,0,1,0,1,1
ASR79529,1,0,0,1,0,1,1
ASR78962,1,0,0,1,0,1,1
ASR78676,1,0,0,1,0,1,1
ASR78249,1,0,0,1,0,1,1
AUV63986,1,1,1,1,1,1,1
AUV63451,1,1,1,1,1,1,1
AUV57813,1,0,0,1,0,1,1
ATS92285,1,0,0,1,0,1,1
AUS03195,0,1,1,1,1,1,1
AUS02043,0,1,1,1,1,1,1
AUR96121,1,0,0,1,0,0,1
AUR96016,1,0,0,1,0,0,1
AUR95602,0,0,0,0,0,1,0
AUR90281,0,0,0,0,0,1,0
AUR90214,0,0,0,0,0,1,0
AUR85771,1,1,1,1,1,1,1
AUR83476,0,0,0,0,0,1,0
AUR83408,0,0,0,0,0,1,0
AUR81858,0,0,0,0,0,1,0
AUO79438,1,1,0,1,0,1,1
BBC28665,0,0,0,0,0,1,1
ATV46299,1,1,1,1,1,1,1
ASV43842,0,0,0,1,0,1,1
ASV43746,0,0,0,1,0,1,1
ATI16906,1,1,1,1,1,1,1
ASZ78066,1,1,0,1,0,1,1
ASD51424,1,1,1,1,1,1,1
ASD51225,1,1,1,1,1,1,1
APZ81706,0,0,0,0,0,1,1
ASU01031,1,0,0,1,0,1,1
ASR79165,1,0,0,1,0,1,1
ASF00604,1,1,0,1,0,1,1
APZ82590,1,1,0,1,0,1,1
ARQ95074,1,0,0,1,0,1,1
ARW57732,1,1,1,1,1,1,1
ANT44567,1,1,1,1,1,1,1
AQY55379,1,0,1,1,0,1,1
ARK07867,0,1,0,1,0,1,1
ANT45499,1,0,0,0,0,1,1
ANT45449,1,0,0,0,0,1,1
ANT45438,1,0,0,0,0,1,1
ANT45421,1,0,0,0,0,1,1
ANT43243,0,0,0,0,0,1,1
ANT43210,1,0,0,1,0,1,1
ANT43180,1,0,0,0,0,1,1
ANT43146,0,0,0,0,0,1,1
ANT43110,1,0,0,0,0,1,1
ANT43075,1,0,0,0,0,1,1
ANT43038,1,0,0,0,0,1,1
ANT43002,1,0,0,0,0,1,1
ANT42971,0,0,0,0,0,1,1
ANT42933,1,0,0,0,0,1,1
ANT42895,0,0,0,0,0,1,1
ANT42860,1,0,0,0,0,1,1
ANT42826,1,0,0,0,0,1,1
ANT42764,1,0,0,0,0,1,1
ANT42729,1,0,0,0,0,1,1
ANT42672,1,0,0,0,0,1,1
ANT42636,1,0,0,0,0,1,1
ANT42600,1,0,0,0,0,1,1
ANT42568,1,0,0,0,0,1,1
ANT42493,0,0,0,0,0,1,1
ALP47381,1,1,1,1,1,1,1
ALP47000,1,1,1,1,1,1,1
AIX46640,1,1,0,1,0,1,1
AIX43235,1,1,0,1,0,1,1
AIX42673,1,1,0,1,0,1,1
AIX38156,1,1,0,1,0,1,1
AIX37011,1,1,0,1,0,1,1
AIX28286,1,1,0,1,0,1,1
AIX17376,1,1,0,1,0,1,1
AOO17582,1,1,0,1,0,1,1
AOO15009,1,1,0,1,0,1,1
AOO10102,1,1,0,1,0,1,1
AOO09029,1,1,0,1,0,1,1
AOO08815,1,1,0,1,0,1,1
AOV57433,1,1,0,1,0,1,1
ADE34863,1,1,1,1,1,1,1
SCN45727,1,1,1,1,1,1,1
ANH51145,1,1,0,1,0,1,1
AOA49521,0,0,0,0,0,1,1
ANU79809,1,0,0,1,0,1,1
AET72551,0,0,0,0,0,1,1
ADT64022,1,1,0,1,0,1,1
ANT41327,1,0,0,1,0,1,1
ANS02874,0,0,0,0,0,0,1
AMQ65926,1,1,1,1,1,1,1
AKJ73501,0,0,0,0,0,1,1
AND75984,1,1,1,1,1,1,1
AND75713,1,1,1,1,1,1,1
AKN44575,1,1,1,1,1,1,1
AMW63398,1,0,0,1,0,1,1
AMW61933,1,0,0,1,0,1,1
AMW61690,1,0,0,1,0,1,1
AIM51864,1,1,1,1,1,1,1
AIM51663,1,1,1,1,1,1,1
ALA12969,0,0,0,0,0,1,0
ALA12883,0,0,0,0,0,1,0
ALA12796,0,0,0,0,0,1,0
ALM64836,0,0,0,0,0,0,1
ALM64391,0,0,0,0,0,0,1
ALM63717,0,0,0,0,0,0,1
ALY07866,1,1,1,1,1,1,1
ALO80492,1,0,0,1,0,1,1
ALO80293,1,0,0,1,0,1,1
ALO80096,1,0,0,1,0,1,1
ALA13331,1,0,0,1,0,1,1
ALA07444,1,0,0,1,0,1,1
ALA07227,1,0,0,1,0,1,1
BAR35141,1,1,0,1,0,1,1
BAR34416,0,0,0,0,0,0,1
BAR31758,1,1,0,1,0,1,1
BAR31384,1,1,0,1,0,1,1
BAR30972,0,0,0,0,0,0,1
BAQ84665,0,0,0,0,0,1,1
BAQ84593,0,0,0,0,0,0,1
AIM51312,1,1,1,1,1,1,1
AIZ94728,1,0,0,1,0,1,1
AGS81270,1,1,0,1,0,1,1
AKF12926,1,1,1,1,1,1,1
AHJ86888,1,1,1,1,1,1,1
BAO09517,1,1,0,1,0,1,1
BAO09302,1,1,0,1,0,1,1
AHJ87492,1,1,0,1,0,1,1
BAQ22990,1,1,1,1,1,1,1
AIT75226,1,1,1,1,1,1,1
AIT74954,1,1,1,1,1,1,1
AIT74679,1,1,1,1,1,1,1
AIT74136,1,1,1,1,1,1,1
AIT73864,1,1,1,1,1,1,1
AIT73592,1,1,1,1,1,1,1
AIT73321,1,1,1,1,1,1,1
AIT73050,1,1,1,1,1,1,1
AIK67974,1,1,1,1,1,1,1
CDL65257,0,0,0,0,0,1,1
AHZ60211,1,1,1,1,1,1,1
AIK68637,0,0,0,0,0,0,1
AGI12175,1,0,0,1,0,1,1
AIM49846,1,1,0,1,0,1,1
AHB80791,1,1,0,1,0,1,1
AII27093,0,0,0,1,0,1,1
AGY47872,1,1,0,1,1,1,1
AGY47668,1,1,0,1,1,1,1
AGY47401,1,1,0,1,0,1,1
AGY46669,1,0,0,1,0,1,1
AHZ95257,0,0,0,0,0,0,1
AHZ95255,0,0,0,0,0,0,1
AHZ95254,0,0,0,0,0,0,0
AHZ95250,1,1,0,1,0,1,1
AGB62738,1,1,0,1,0,1,1
AGH07056,1,1,0,1,0,1,1
AGH06846,1,1,0,1,0,1,1
AEW24257,1,1,0,1,1,1,1
AGF89000,1,1,0,1,1,1,1
AGF88541,1,1,0,1,1,1,1
AGN33650,1,1,0,1,0,1,1
AEO97024,1,1,1,1,1,1,1
AGH57875,1,1,0,1,0,1,1
AGH57391,1,1,0,1,0,1,1
AGH56503,1,1,0,1,0,1,1
AGH56366,1,1,0,1,0,1,1
AGH26674,1,1,0,1,0,1,1
AGH07501,1,1,0,1,0,1,1
AGG58166,0,1,1,1,1,1,1
AGG54449,1,1,0,1,0,1,1
AGF91442,1,1,0,1,0,1,1
AFB17871,1,1,0,1,0,1,1
AFB17661,1,1,0,1,0,1,1
AFB15436,1,1,0,1,0,1,1
AFX83938,0,0,0,0,0,1,1
ADO98778,1,1,0,1,0,1,1
AFN37242,1,1,1,1,1,1,1
AFK66315,1,1,0,1,0,1,1
AFC61965,1,1,0,1,0,0,1
ADM79986,1,1,1,1,1,1,1
AEH21895,1,0,0,1,0,0,1
AEN94146,1,1,0,1,1,1,1
ADX87798,0,0,0,1,0,1,1
ADW80211,0,0,0,0,0,1,1
ADW80157,0,0,0,0,0,1,1
CBW37924,1,1,0,1,1,1,1
AAA32552,1,1,1,1,1,1,1
CAB40822,1,1,1,1,1,1,1
P06956,0,0,0,0,0,0,0
A0A514U5E6,1,1,1,1,1,1,1
P22884,0,0,0,0,0,0,0
P03700,0,0,0,0,0,0,0
A0A218MA15,1,1,1,1,1,1,1
A0A0M7QBP4,1,1,1,1,1,1,1
P25426,0,0,0,0,0,0,0
I7B6T6,1,1,1,1,1,1,1
Q38361,0,0,0,0,0,0,0
P20709,0,0,0,0,0,0,0
P04890,0,0,0,0,0,0,0
A0AAU8GRT2,1,1,0,1,0,1,1
P27077,0,0,0,0,0,0,1
P21442,0,0,0,0,0,0,0
K8DUU8,1,1,1,1,1,1,1
A0ABZ0Z3D8,1,1,0,1,0,1,1
Q38067,0,0,0,0,0,0,0
P36932,0,0,0,0,0,0,1
P06723,0,0,0,0,0,0,0
P37317,0,0,0,0,0,0,0
P06155,0,0,0,0,0,0,0
P16407,0,0,0,0,0,0,0
P27078,0,0,0,0,0,0,0
P20214,0,0,0,0,0,0,1
P24731,0,0,0,0,0,0,0
A0A8D6UBL2,1,0,0,1,0,1,1
A0AAX3Y2K7,1,0,0,1,0,1,1
A0AAX3Y5C7,1,0,0,1,0,1,1
A0AAX4J6S3,1,0,0,0,0,1,1
A0AAX3Y2S4,1,0,0,1,0,1,1
E1XT65,1,1,0,1,1,1,1
A0A9E7DUL0,1,1,0,1,0,1,1
A0A9E7DV42,1,1,0,1,0,1,1
A0A2Z5HMQ5,1,1,0,1,1,1,1
A0AAE9C8K7,1,1,1,1,1,1,1
S5Y6V3,1,0,0,1,0,1,1
A0A2I6PFU4,1,1,1,1,1,1,1
A0A5B9MVD9,1,1,1,1,1,1,1
A0A5B9MX47,1,1,1,1,1,1,1
A0A6G8R7Q8,1,1,1,1,1,1,1
A0A6G8R8G4,1,1,1,1,1,1,1
A0A5B9MWB5,1,1,1,1,1,1,1
A0A4Y6E901,1,1,1,1,1,1,1
A0A5B9NGB5,1,1,1,1,1,1,1
A0A5P8PIR4,1,1,1,1,1,1,1
G2ZIG1,1,1,0,1,0,1,1
Q06687,0,0,0,0,0,0,0
O10330,0,0,0,0,0,0,0
G0XMD1,1,1,0,1,0,1,1
Q82484,0,0,0,0,0,0,0
A0A6G6XH48,1,1,0,1,0,1,1
A0A6G6XFR4,1,1,0,1,0,1,1
A0AAE9K7I6,1,0,0,1,0,1,1
A0A410TAW2,1,1,0,1,0,1,1
A0A9E7DUL1,1,0,0,1,0,1,1
A0A6G6XFI1,1,1,0,1,0,1,1
A0AAE9KT76,1,0,0,1,0,1,1
A0AB39C7A9,0,0,0,0,0,1,1
A0AAU6R645,0,0,0,0,0,1,1
M4HNK3,1,0,0,1,0,1,1
P24081,0,0,0,0,0,0,1
A0A0M7Q9K3,1,1,1,1,1,1,1
A0A0M7QBB4,1,1,1,1,1,1,1
A0AAU8EII1,1,0,0,1,0,1,1
A0A7U3T8R8,1,0,0,1,0,1,1
A0A0M7QF29,1,1,1,1,1,1,1
Q65182,0,0,0,0,0,0,0
A0A0K2FMP6,1,0,0,1,0,1,1
A0A7G8ZZ70,1,0,0,1,0,1,1
P0CAF0,0,0,0,0,0,0,0
P0CAF1,0,0,0,0,0,0,0
P0CAF2,0,0,0,0,0,0,0
Q65225,0,0,0,0,0,0,0
A0AAU6NT94,1,1,1,1,1,1,1
A0AAU8KYZ8,1,1,1,1,1,1,1
A0A449C4B8,1,1,1,1,1,1,1
A0A249XY36,1,1,1,1,1,1,1
I7KRM0,1,1,1,1,1,1,1
A0AAF0JKQ8,1,1,1,1,1,1,1
A0AAF0JJJ9,1,1,1,1,1,1,1
A0AAF0JKH6,1,1,1,1,1,1,1
A0A449C3H8,1,1,1,1,1,1,1
A0A449C5R6,1,1,1,1,1,1,1
A0A7D5FNU4,1,1,1,1,1,1,1
K4I5Z3,1,1,1,1,1,1,1
A0A160CB19,1,1,1,1,1,1,1
A0A7D5FNJ4,1,1,1,1,1,1,1
G1JVP8,1,0,0,1,0,1,1
G1BKS2,1,0,0,1,0,1,1
C9DAZ5,1,0,0,1,0,1,1
G8IAF6,1,0,0,1,0,1,1
G1JXS3,1,0,0,1,0,1,1
C9DBT1,1,0,0,1,0,1,1
G1BM88,1,0,0,1,0,1,1
G8ICQ8,1,0,0,1,0,1,1
I3WV46,1,0,0,1,0,1,1
A0A3G2K9G2,1,1,1,1,1,1,1
A0A6J5KXW8,1,1,1,1,1,1,1
A0A6J7WVG2,1,1,1,1,1,1,1
A0A6B9WKF8,1,1,1,1,1,1,1
A0A6J5T6P1,1,1,1,1,1,1,1
A0A3G2K8Y5,1,1,1,1,1,1,1
K4I4U6,1,1,1,1,1,1,1
A0A6B9X404,1,1,1,1,1,1,1
A0A6J5LFH6,1,1,1,1,1,1,1
A0A482GQH0,1,1,1,1,1,1,1
A0A0F6TKR2,1,1,1,1,1,1,1
A0A482GE73,1,1,1,1,1,1,1
A0A482GIC4,1,1,1,1,1,1,1
A0A482MW79,1,1,1,1,1,1,1
A0A6J5KRX4,0,1,1,1,1,1,1
A0A482MY81,1,1,1,1,1,1,1
A0A0F6THM6,1,1,1,1,1,1,1
A0A0F6TJ22,1,1,1,1,1,1,1
A0A482MVF0,1,1,1,1,1,1,1
A0A482MXI9,1,1,1,1,1,1,1
A0A482N1J3,1,1,1,1,1,1,1
A0A482GK03,1,1,1,1,1,1,1
A0A482GNA7,1,1,1,1,1,1,1
A0A482MYX6,1,1,1,1,1,1,1
A0A482N2J8,1,1,1,1,1,1,1
Q19X92,1,0,0,1,0,1,1
A0A346N8Z9,1,0,0,1,0,1,1
A0A3G3BZ91,1,0,0,1,0,1,1
A0A411AZD7,1,0,0,1,0,1,1
A0A7M1CRN8,1,0,0,1,0,1,1
A0A411CCS7,1,0,0,1,0,1,1
A0A8F2IWM7,1,0,0,1,0,1,1
A0A1B1PC24,1,0,0,1,0,1,1
A0A411CBZ1,1,0,0,1,0,1,1
A0A6B9LW34,1,0,0,1,0,1,1
A0A7G8LP78,1,0,0,1,0,1,1
A0A4Y5TXH4,1,1,1,1,1,0,1
A0A2Z5ZCG4,1,1,1,1,1,1,1
Q853A2,1,0,0,1,0,1,1
A0A2Z4QE60,1,1,1,1,1,1,1
A0A223LFJ3,1,1,1,1,1,1,1
A0A291LG30,1,1,1,1,1,1,1
A0A2K9V5D8,1,1,1,1,1,1,1
A0A291LDL8,1,1,1,1,1,1,1
A0A291LG29,1,1,1,1,1,1,1
A0A3G3MBU9,1,1,1,1,1,1,1
A0A410T4Y3,1,1,1,1,1,1,1
A0A482GD61,1,1,1,1,1,1,1
A0A8F3HLW7,1,1,1,1,1,1,1
A0A3G3MCM7,1,1,1,1,1,1,1
A0A2S1GMA1,1,1,1,1,1,1,1
A0A2S1GQI1,1,1,1,1,1,1,1
A0A482GKI6,1,1,1,1,1,1,1
A0A4D6DZD6,1,1,1,1,1,1,1
A0A7G3KF99,1,1,1,1,1,1,1
A0A482N0M2,1,1,1,1,1,1,1
A0A249Y3S7,1,1,1,1,1,1,1
A0A7T3NBB8,1,1,1,1,1,1,1
A0A192YBD0,1,1,1,1,1,1,1
A0A0U4JQY5,1,0,0,0,0,1,0
A0A2H4P9L0,1,0,0,0,0,1,0
A0A0U4INM3,1,0,0,0,0,1,0
A0A0U4JBH6,1,0,0,0,0,1,0
A0A386K9M5,1,0,0,0,0,1,0
A0A0U4B4X9,1,0,0,0,0,1,0
A0A0U4IK84,1,0,0,0,0,1,0
A0A0U4ING1,1,0,0,0,0,1,0
A0A0U4IUY3,1,0,0,0,0,1,0
A0A0U4KP29,1,0,0,0,0,1,0
A0A0U4JWS7,1,0,0,0,0,1,0
A0A9E7QQP0,0,0,0,0,0,1,1
A0A0U4K2I6,1,0,0,0,0,1,0
A0A5B9N682,1,1,1,1,1,1,1
A0A5Q2F4J8,1,1,1,1,1,1,1
A0A2H4YG50,1,1,1,1,1,1,1
A0A1W5N0Z5,1,1,1,1,1,1,1
A0A1W5P098,1,1,1,1,1,1,1
A0A0K1Y4Y3,1,1,1,1,1,1,1
A0A0U2DDQ8,1,1,1,1,1,1,1
A0A162E488,1,1,1,1,1,1,1
A0A1V0DXE1,1,1,1,1,1,1,1
A0A411B8P9,1,1,1,1,1,1,1
A0A2Z5H2I0,1,1,1,1,1,1,1
A0A3G3BZV6,1,1,1,1,1,1,1
A0A6H0X1Y6,1,1,1,1,1,1,1
A0AAE9JUA1,1,1,1,1,1,1,1
A0A1W5LJH2,1,1,1,1,1,1,1
A0A5B9N1D2,1,1,1,1,1,1,1
A0A1J0GSW6,1,1,1,1,1,1,1
A0A2U8QQB1,1,1,1,1,1,1,1
A0A858MTG0,1,1,1,1,1,0,1
A0A2D1GLR8,1,1,1,1,1,1,1
A0A5B9NMM1,1,1,1,1,1,1,1
A0A1B1P8N4,1,1,1,1,1,1,1
A0A4Y5TSQ4,1,1,1,1,1,1,1
A0A4P2TH78,1,1,1,1,1,0,1
A0A0U4IQL8,0,0,0,0,0,1,0
A0A3S9U9M4,1,0,0,0,0,1,0
A0A3S9U9R8,1,0,0,0,0,1,0
A0A3S9UAC6,1,0,0,0,0,1,0
A0A3S9UDZ9,1,0,0,0,0,1,0
A0A3S9UFU4,1,0,0,0,0,1,0
A0A3S9UG00,1,0,0,0,0,1,0
A0A3S9UGY1,1,0,0,0,0,1,0
A0A3S9UMU4,1,0,0,0,0,1,0
A0A7T1NXF1,1,0,0,0,0,1,0
A0A9E7QPG0,0,0,0,0,0,1,1
A0A9E7TUQ8,0,0,0,0,0,1,1
A0AA49BP10,0,0,0,0,0,1,1
A0A0U4K8K7,1,0,0,0,0,1,0
A0A222ZGB9,1,0,0,0,0,1,0
A0A3G8FSI8,0,0,0,0,0,1,0
A0A3G8FUS6,1,0,0,0,0,1,0
A0A3S9UBT4,1,0,0,0,0,1,0
A0A3S9UG03,1,0,0,0,0,1,0
A0A3S9UNV5,1,0,0,0,0,1,0
A0A4D6E3W8,1,0,0,0,0,1,0
A0A4D6T4U0,1,0,0,0,0,1,0
A0A5J6TJQ3,0,0,0,0,0,1,1
A0A6B9LE03,1,0,0,0,0,1,0
A0A7L7SHN9,0,0,0,1,0,1,1
A0A9E7QSX9,0,0,0,0,0,1,1
A0A3G8FTY1,1,0,0,0,0,1,0
A0A3G8FVH7,1,0,0,0,0,1,0
A0A3G8FW47,1,0,0,0,0,1,0
A0A3S9UHF7,1,0,0,0,0,1,0
A0A3S9UHU7,1,0,0,0,0,1,0
A0A5J6TC96,0,0,0,0,0,1,1
A0A5J6TU58,0,0,0,0,0,1,1
A0A9E7Q452,0,0,0,0,0,1,1
A0AA96GVE5,0,0,0,0,0,1,1
A0A3G3M021,0,0,0,0,0,1,1
A0A3S9UD23,1,0,0,0,0,1,0
A0A3S9UIJ2,1,0,0,0,0,1,0
A0A3S9ULC4,1,0,0,0,0,1,0
A0A3S9UQP5,0,0,0,0,0,1,1
A0A5J6TQT2,0,0,0,0,0,1,1
A0A5J6TXX2,0,0,0,0,0,1,1
A0A649VFE6,0,0,0,0,0,1,1
A0AA96JZ43,0,0,0,0,0,1,1
A0A3G3M087,0,0,0,0,0,1,1
A0A3G8FU76,1,0,0,0,0,1,0
A0A3S9UCK6,1,0,0,0,0,1,0
A0A3S9UEF6,1,0,0,0,0,1,0
A0A3S9UEN1,0,0,0,0,0,1,0
A0A3S9UHN6,1,0,0,0,0,1,0
A0A3S9UK49,1,0,0,0,0,1,0
A0A3S9UQ55,1,0,0,0,0,1,0
A0AB38YC36,1,0,0,0,0,1,0
A0A0M7Q9C8,1,1,1,1,1,1,1
A0A6J5P973,1,1,1,1,1,1,1
A0A1S5R3V0,1,1,1,1,1,1,1
A0A068CCU1,1,1,0,1,0,1,1
A0A6H2A7E8,1,1,0,1,0,1,1
A0A060AFZ8,1,1,0,1,0,1,1
A0A068CB30,1,1,0,1,0,1,1
A0A6H2A8R2,1,1,0,1,0,1,1
A0A060AF80,1,1,0,1,0,1,1
A0A068CB37,1,1,0,1,0,1,1
A0A068CB83,1,1,0,1,0,1,1
A0A0E3TB75,1,1,0,1,0,1,1
A0AAE7RFE5,1,1,0,1,0,1,1
A0AB39C883,1,1,0,1,0,1,1
A0A7S6R6L6,1,0,0,1,0,1,1
A0A7S9XI95,1,0,0,1,0,1,1
A0A976XR85,1,0,0,1,0,1,1
A0A0C5JZN7,1,0,0,1,0,1,1
A0A411BL33,1,1,0,1,0,1,1
A0A4Y5TSA0,1,0,0,1,0,1,1
A0A076G434,1,1,0,1,0,1,1
A0A976XQ34,1,0,0,1,0,1,1
A0A2K9VCQ0,1,0,0,1,0,1,1
A0A075LZU0,1,0,0,1,0,1,1
A0A024B3J8,1,0,0,1,0,1,1
A0A5J6D734,1,1,0,1,0,1,1
A0AAE9JV53,1,0,0,1,0,1,1
A0A024B218,1,0,0,1,0,1,1
A0A8S0G7H7,1,1,0,1,0,1,1
A0AAE9FFM0,1,0,0,1,0,1,1
A0A7G9A5T1,1,1,0,1,0,1,1
A0A7G9A583,1,1,0,1,0,1,1
A0A514U7R5,1,1,0,1,0,1,1
A0A5C2IG76,1,1,0,1,0,1,1
A0A3B8DJV6,1,0,0,1,0,1,1
A0A6H0X5E6,1,0,0,1,0,1,1
A0A3G1LDP4,1,1,0,1,0,1,1
A0A7G9A3N9,1,0,0,1,0,1,1
A0A858EC68,1,1,0,1,0,1,1
A0A9E7MH96,1,1,0,1,0,1,1
A0A6J7WV22,1,1,1,1,1,1,1
A0A173H2T3,1,0,0,1,0,1,1
A0A6M2ZIW3,1,1,0,1,0,1,1
A0A5C2H0R6,1,0,0,1,0,1,1
A0A0Y0AAL6,1,0,0,1,0,1,1
A0A249XV94,1,0,0,1,0,1,1
A0A0K2FKI2,1,0,0,1,0,1,1
A0A1C3S7G2,1,1,1,1,1,1,1
A0A291I9I3,1,1,0,1,0,1,1
J9PQJ1,1,0,0,1,0,1,1
A0A6G8R5U1,1,1,0,1,0,1,1
A8E2B6,1,1,0,1,0,1,1
A0A411B7M1,1,0,0,1,0,1,1
A0A1X9I9W6,1,1,0,1,0,1,1
J9PRD2,1,1,0,1,0,1,1
G9J1V5,1,1,0,1,0,1,1
A0A1X9IA86,1,1,0,1,0,1,1
C1KFR4,1,1,0,1,0,1,1
A0A0K2D065,1,1,0,1,0,1,1
A0A1W5PUP6,1,1,0,1,1,1,1
A0A0A8J9X7,1,1,1,1,0,1,1
A0AAE8YF19,0,0,0,0,0,0,1
A0A1I9SF15,0,0,0,0,0,0,1
A0A2H4PRA5,0,0,0,0,0,0,1
A0A2H4PRH8,0,0,0,0,0,0,1
A0A2S1GN39,0,0,0,0,0,0,1
A0A976XQ57,0,0,0,0,0,0,1
A0AAT9V5U9,0,0,0,0,0,0,1
A0A2K9V3B4,0,0,0,0,0,1,1
A0A879R2G9,0,0,0,0,0,0,0
A0A862QZI7,0,0,0,0,0,1,1
A0AAX4QI35,1,1,0,1,0,1,1
A0A385EFG6,1,1,0,1,0,1,1
Q6Y7M6,1,1,0,1,0,1,1
A0A249Y053,1,1,0,1,1,1,1
K4I499,1,1,0,1,1,1,1
A0A0P0ZG63,0,0,0,0,0,0,1
A0AAU8EFA0,0,0,0,0,0,0,0
A0ACA9ATK1,1,1,0,1,0,1,1
K0JCU4,0,0,0,0,0,0,1
A0A0P0ZFL8,0,0,0,0,0,0,1
A0A0P0ZFY9,0,0,0,0,0,0,1
A0ACA9AT25,1,0,0,1,0,1,1
A0A0P0ZH00,0,0,0,0,0,0,1
A0A0E3FAP9,1,1,0,1,0,1,1
A0A411BCE8,1,1,0,1,1,1,1
Q71TG5,0,0,0,0,0,0,0
Q5QBN6,0,0,0,0,0,0,0
A0A8S5RGY5,0,0,0,0,0,1,0
A0A8S5RCE8,0,0,0,0,0,0,1
A0A8S5R7R1,0,0,0,0,0,0,0
A0A8S5RH13,0,0,0,0,0,0,0
A0A8S5Q736,0,0,0,0,0,0,1
A0A8S5RNU8,0,0,0,0,0,0,0
D2K3X3,0,0,0,0,0,0,0
A0A3T1CWL1,0,0,0,0,0,0,1
A0A8S5RH28,0,0,0,0,0,0,0
A0A7S8BDB4,0,0,0,0,0,0,0
A0A8S5RFJ2,0,0,0,0,0,0,1
D0UWE1,0,0,0,0,0,0,1
A0AAX4G8Q3,1,1,1,1,1,1,1
A0A1J0MG06,1,1,1,1,1,1,1
A0A2K9VAC9,1,1,1,1,1,1,1
A0AAU8GH45,1,1,1,1,1,1,1
A0A5P8PKY0,0,0,0,0,0,0,1
A0A346FKL3,0,0,0,0,0,0,1
A0A5K7YDK0,0,0,0,0,0,0,0
A0AC61TRT6,0,0,0,0,0,0,0
A0A5P8PLI6,0,0,0,0,0,0,1
A0A5B9NFM5,0,0,0,0,0,0,1
A0A8S5LCG3,0,0,0,0,0,0,1
A0AAU8GKN9,1,1,1,1,1,1,1
A0A2P1JU53,1,1,1,1,1,1,1
A0A6G9L8S6,1,1,1,1,1,1,1
A0A077SLE7,0,0,0,0,0,0,0
J7QDG6,0,0,0,0,0,0,0
A0A076YIV3,1,1,0,1,1,0,1
A0A8S5RFQ3,0,0,0,0,0,0,1
A0A8S5NIW4,0,0,0,0,0,1,0
A0A6F8X016,0,0,0,0,0,0,0
A0AAU8BCD2,0,0,0,0,0,0,0
A0A3G4ZTN9,0,0,0,0,0,0,1
Q678G4,0,0,0,0,0,0,0
A0A7S6HTB9,1,1,1,1,1,1,1
A0A218M2X6,1,1,1,1,1,1,1
A0AB39TZ10,1,1,1,1,1,1,1
A0AB39C3F0,1,1,1,1,1,1,1
A0AAU8BDM2,1,1,1,1,1,1,1
A0A1G4GPY5,1,1,1,1,1,1,1
A0A6B9JG63,1,1,1,1,1,1,1
A0A0M4RSS0,1,1,1,1,1,1,1
A0A482MMG0,1,1,1,1,1,1,1
A0A386K6M7,1,1,1,1,1,1,1
A0A7G9A4S2,0,0,0,0,0,1,1
A0A1W5N0G9,1,1,1,1,1,1,1
A0A650EYM5,1,1,1,1,1,1,1
A0AAE8BGM8,1,1,1,1,1,1,1
A0A8A6NL89,1,1,1,1,1,1,1
A0A193GYV7,1,1,1,1,1,1,1
A0A1J0MGX0,1,1,1,1,1,1,1
A0A2I6UFH0,1,1,1,1,1,1,1
A0A7T3N7R1,1,1,1,1,1,1,1
A0A482IH99,1,1,1,1,1,1,1
A0A193H0Z5,1,1,1,1,1,1,1
A0A6M3G8T6,1,1,1,1,1,1,1
A0A7L7SKR3,1,1,1,1,1,1,1
A0A7S6HSU8,1,1,1,1,1,1,1
A0A6J5KN68,0,0,0,0,0,0,0
A0A097BWP9,1,1,1,1,1,1,1
A0A2K9VB18,1,1,1,1,1,1,1
A0A3B8DL78,1,1,1,1,1,1,1
A0AAX4R5Q2,1,1,1,1,1,1,1
A0A4Y5NZW8,0,0,0,0,0,0,1
A0AAE9CEG0,0,0,0,0,0,0,0
A0A0K0MWX8,0,0,0,0,0,0,0
A0A8S5TTD4,0,0,0,0,0,0,1
A0A1L7DQX5,1,1,1,1,1,1,1
A0A6G8QXM5,1,1,1,1,1,1,1
A0A6G9LSR8,1,1,1,1,1,1,1
A0A7H0XCP9,1,1,1,1,1,1,1
A0AB39C9X7,1,1,1,1,1,1,1
A0A193H1W7,1,1,1,1,1,1,1
A0A193H2W7,1,1,1,1,1,1,1
A0A2S1GR82,1,1,1,1,1,1,1
A0A7T8EQQ8,1,1,1,1,1,1,1
A0A193H035,1,1,1,1,1,1,1
A0A7D5FPY3,1,1,1,1,1,1,1
A0AB39CAZ1,1,1,1,1,1,1,1
A0A6B9XM27,0,0,0,0,0,0,1
H6WBN7,0,0,0,0,0,0,0
I7K2V8,1,1,1,1,1,1,1
A0ZYP4,0,0,0,0,0,0,1
A0A219YBT3,1,1,1,1,1,1,1
A0A0F7L8E6,0,0,0,0,0,0,1
A0AAT9JH98,0,0,0,0,0,0,1
A0A384ZUJ9,0,0,0,0,0,0,0
A0ABZ0ZZ43,0,0,0,0,0,0,1
A0A385AHH7,0,0,0,0,0,0,0
A0A5J6VMZ6,0,0,0,0,0,0,0
A0A0N9Q9D4,0,0,0,0,0,0,0
A0A1B2RVS6,0,0,0,0,0,0,1
A0A0B4SJL1,0,0,0,0,0,0,1
A0A3G3BW32,0,0,0,0,0,0,0
A0AA95J221,0,0,0,0,0,0,1
A0A2C9CYI8,1,1,1,1,1,1,1
A0A2C9CYW0,1,1,1,1,1,1,1
A0AAU8L1H9,1,1,0,1,0,1,1
A0A7G5B8Y6,0,0,0,0,0,0,0
A0A7S9XFX8,0,0,0,0,0,0,0
A0A6J7WYX2,0,0,0,0,0,0,1
A0A7G5BAF9,0,0,0,0,0,0,0
A0A7G5BAQ9,0,0,0,0,0,0,0
A0A7M1IE19,0,0,0,0,0,0,0
A0A6J5LAX3,0,0,0,0,0,0,1
A0A7G5B8M4,0,0,0,0,0,0,0
A0A7G5BA81,0,0,0,0,0,0,0
A0A7S8MRS4,0,0,0,0,0,0,0
A0A7G5B849,0,0,0,0,0,0,0
A0A0K0MWR7,0,0,0,0,0,0,0
A0A2U8UM29,0,0,0,0,0,0,0
A0A6H0X614,0,0,0,0,0,0,0
A0AC61TRQ0,0,0,0,0,0,0,1
A0A7U3NKM4,0,0,0,0,0,0,0
A0A2U8UJD8,0,0,0,0,0,0,0
A0A8S5SLX3,0,0,0,0,0,0,0
B2YG59,0,0,0,0,0,0,1
A0A5B9NHN4,0,0,0,0,0,0,1
A0A1B0V7J3,0,0,0,0,0,0,0
A0A7M3UP24,0,0,0,0,0,0,1
A0A386KQZ5,0,0,0,0,0,0,1
A0AAE7V375,0,0,0,0,0,0,0
A0A4D6EGH5,0,0,0,0,0,0,0
A0AA49GZG7,0,0,0,0,0,0,0
A0A3T0II11,0,0,0,0,0,0,0
A0A6B9SRR6,0,0,0,0,0,0,0
A0A6J5M025,0,0,0,0,0,0,1
A0A6J5NKH1,0,0,0,0,0,0,1
A0A6J5QRP2,0,0,0,0,0,0,0
A0A8S5LRF6,0,0,0,0,0,0,0
A0A8S5MLD2,0,0,0,0,0,0,0
A0A8S5NIY3,0,0,0,0,0,0,0
A0A8S5P606,0,0,0,0,0,0,1
A0A8S5RRY7,0,0,0,0,0,0,1
A0A8S5RXF4,0,0,0,0,0,0,0
A0A8S5S5X9,0,0,0,0,0,0,0
A0A8S5SEJ1,0,0,0,0,0,0,0
A0A8S5TFS3,0,0,0,0,0,0,0
A0A8S5TLB0,0,0,0,0,0,0,0
A0A8S5TMM8,0,0,0,0,0,0,0
A0A8S5TRX7,0,0,0,0,0,0,0
A0AAX4B1Z4,0,0,0,0,0,0,0
A0A1S5SCM1,0,0,0,0,0,0,0
A0A1S5SD13,0,0,0,0,0,0,0
A0A8D9UGU2,0,0,0,0,0,0,0
A0A8S5NQ03,0,0,0,0,0,0,0
A0A8S5PMB0,0,0,0,0,0,0,1
A0A8S5Q7W0,0,0,0,0,0,1,1
A0A8S5R507,0,0,0,0,0,0,0
A0A8S5S473,0,0,0,0,0,0,0
A0A8S5SIY9,0,0,0,0,0,0,0
A0A8S5SZC5,0,0,0,0,0,0,0
A0A8S5T153,0,0,0,0,0,0,0
A0A8S5TFW4,0,0,0,0,0,0,0
A0A8S5TW86,0,0,0,0,0,0,1
A0A8S5V806,0,0,0,0,0,0,1
A0A8S5VAE9,0,0,0,0,0,0,1
A0A8S5VLB4,0,0,0,0,0,0,0
A0A1S5S9I3,0,0,0,0,0,0,0
A0A1S5SDZ6,0,0,0,0,0,0,0
A0A6J5KN34,0,0,0,0,0,0,0
A0A8S5MSS1,0,0,0,0,0,0,0
A0A8S5MTE7,0,0,0,0,0,0,0
A0A8S5MUW8,0,0,0,0,0,0,0
A0A8S5N0R2,0,0,0,0,0,0,1
A0A8S5PXI2,0,0,0,0,0,0,1
A0A8S5RWG5,0,0,0,0,0,0,0
A0A8S5S248,0,0,0,0,0,0,0
A0A8S5S436,0,0,0,0,0,0,0
A0A8S5SLC6,0,0,0,0,0,0,0
A0A8S5T2D8,0,0,0,0,0,0,1
A0A8S5UDE7,0,0,0,0,0,1,0
A0A8S5VK84,0,0,0,0,0,0,1
A0AAU8B734,0,0,0,0,0,0,0
A0A1S5S8M0,0,0,0,0,0,0,0
A0A1S5SAZ8,0,0,0,0,0,0,0
A0A1S5SCF9,0,0,0,0,0,0,0
A0A6J5KQT3,0,0,0,0,0,0,0
A0A6J5KV48,0,0,0,0,0,0,0
A0A6J5LRT0,0,0,0,0,0,0,0
A0A8S5NPL6,0,0,0,0,0,0,0
A0A8S5PFX6,0,0,0,0,0,0,0
A0A8S5RV74,0,0,0,0,0,1,0
A0A8S5S7I1,0,0,0,0,0,0,0
A0A8S5T4E6,0,0,0,0,0,0,1
A0A8S5T5D1,0,0,0,0,0,0,1
A0A8S5TQG9,0,0,0,0,0,0,1
A0A8S5UJ14,0,0,0,0,0,0,1
A0A8S5VKM3,0,0,0,0,0,1,0
A0A2S1GN36,0,0,0,0,0,0,1
A0A6J5L7P3,0,0,0,0,0,0,0
A0A8S5LN14,0,0,0,0,0,1,0
A0A8S5LYB1,0,0,0,0,0,0,0
A0A8S5MRQ7,0,0,0,0,0,0,1
A0A8S5N6J0,0,0,0,0,0,1,1
A0A8S5SIW6,0,0,0,0,0,0,0
A0A8S5T7Q8,0,0,0,0,0,0,1
A0A8S5TNG1,0,0,0,0,0,0,1
A0A8S5TTD9,0,0,0,0,0,0,0
A0A8S5V4N6,0,0,0,0,0,0,1
A0A8S5V8E4,0,0,0,0,0,0,1
A0A0A0YX30,0,0,0,0,0,0,0
A0A6J5KHQ1,0,0,0,0,0,1,0
A0A8S5MBM5,0,0,0,0,0,0,1
A0A8S5MJ47,0,0,0,0,0,0,1
A0A8S5N2E6,0,0,0,0,0,0,0
A0A8S5PL03,0,0,0,0,0,0,0
A0A8S5PM00,0,0,0,0,0,0,0
A0A0M3LS41,0,0,0,0,0,0,0
A0A0M3LSL9,0,0,0,0,0,0,0
A0A1S5S9J0,0,0,0,0,0,0,0
A0A6J5LWU4,0,0,0,0,0,0,1
A0A8S5LG26,0,0,0,0,0,0,0
A0A8S5LS26,0,0,0,0,0,0,1
A0A8S5LW59,0,0,0,0,0,0,1
A0A8S5MFY9,0,0,0,0,0,0,1
A0A8S5MZH7,0,0,0,0,0,0,0
A0A8S5NCU3,0,0,0,0,0,0,1
A0A8S5NKT1,0,0,0,0,0,0,0
A0A8S5SFC0,0,0,0,0,0,0,0
A0A8S5T2Q6,0,0,0,0,0,0,0
A0A8S5U6R6,0,0,0,0,0,0,1
A0A8S5UND0,0,0,0,0,0,0,1
A0A8S5URQ3,0,0,0,0,0,0,1
A0A8S5UUI2,0,0,0,0,0,0,0
A0A8S5VFT9,0,0,0,0,0,0,0
A0A8S5VP30,0,0,0,0,0,1,0
A0A0A1I5U0,0,0,0,0,0,0,0
A0A0A8KWT9,0,0,0,0,0,0,0
A0A0M3LQU1,0,0,0,0,0,0,0
A0A1S5S8Y2,0,0,0,0,0,0,0
A0A1S5SFX6,0,0,0,0,0,0,0
A0A1S6L1B6,0,0,0,0,0,0,0
A0A2K9V3H5,0,0,0,0,0,0,0
A0A6J5KQY6,0,0,0,0,0,0,0
A0A8S5PSE7,0,0,0,0,0,0,1
A0A8S5R3U6,0,0,0,0,0,0,0
A0A8S5SE07,0,0,0,0,0,0,0
A0A8S5UDA1,0,0,0,0,0,0,0
A0AB39C767,0,0,0,0,0,1,0
A7XXG4,0,0,0,0,0,1,0
Q19US1,0,0,0,0,0,0,0
A0A0M3LRG1,0,0,0,0,0,0,0
A0A1S5S862,0,0,0,0,0,0,0
A0A1S5SAV6,0,0,0,0,0,0,0
A0A5C2IFU0,0,0,0,0,0,0,0
A0A5Q2WE39,0,0,0,0,0,0,0
A0A8S5LST3,0,0,0,0,0,0,0
A0A8S5MKT4,0,0,0,0,0,0,0
A0A8S5N2V6,0,0,0,0,0,0,0
A0A8S5NS67,0,0,0,0,0,0,1
A0A8S5Q1E1,0,0,0,0,0,0,1
A0A8S5Q6I8,0,0,0,0,0,0,0
A0A8S5R2G9,0,0,0,0,0,0,1
A0A8S5U348,0,0,0,0,0,1,1
A0A8S5VD59,0,0,0,0,0,0,1
A0A8S5VQ61,0,0,0,0,0,1,0
Q19UT7,0,0,0,0,0,0,0
R9QCN7,0,0,0,0,0,0,0
A0A2H4JE37,0,0,0,0,0,0,0
A0A6J5LSV7,0,0,0,0,0,0,0
A0A6J5QBU4,0,0,0,0,0,0,0
A0A8S5LDE7,0,0,0,0,0,0,0
A0A8S5MIL4,0,0,0,0,0,0,1
A0A8S5RSK4,0,0,0,0,0,0,1
A0A8S5SD71,0,0,0,0,0,0,0
A0A8S5SEY9,0,0,0,0,0,0,0
A0A8S5TNZ8,0,0,0,0,0,0,0
A0A8S5VCQ4,0,0,0,0,0,0,0
A0A023W6X0,0,0,0,0,0,0,0
A0A0D3MTD6,0,0,0,0,0,0,0
A0A0M4RBT1,0,0,0,0,0,0,0
A0A1W6JMY2,0,0,0,0,0,0,0
A0A1W6JNF5,0,0,0,0,0,0,0
A0A1X9SI38,0,0,0,0,0,0,0
A0A7G5B8A7,0,0,0,0,0,0,0
A0A7L8ZKA8,0,0,0,0,0,0,1
A0A8S5NM00,0,0,0,0,0,0,1
A0A8S5Q0R9,0,0,0,0,0,0,1
A0A8S5V073,0,0,0,0,0,0,0
A0AAE8YPY1,0,0,0,0,0,1,0
A0AAE9K6M5,0,0,0,0,0,0,0
R4ICC6,0,0,0,0,0,0,1
A0A1W6JJ78,0,0,0,0,0,0,0
A0A1W6JKN5,0,0,0,0,0,0,0
A0A1W6JLC4,0,0,0,0,0,0,0
A0A2H4JAA2,0,0,0,0,0,0,0
A0A385UEW3,0,0,0,0,0,0,0
A0A649V3Q1,0,0,0,0,0,0,0
A0A6H0X6F1,0,0,0,0,0,1,0
A0A6M3TAG6,0,0,0,0,0,1,0
A0A7D4XPE3,0,0,0,0,0,0,1
A0A7S6C6J3,0,0,0,0,0,0,1
A0A8S5MJ20,0,0,0,0,0,0,1
A0A8S5N5P0,0,0,0,0,0,0,1
A0A8S5PGU9,0,0,0,0,0,0,0
A0A8S5TQ08,0,0,0,0,0,0,0
A0A8S5TZV4,0,0,0,0,0,0,0
A0AAE8BI72,0,0,0,0,0,0,0
A0AAE8YPA1,0,0,0,0,0,1,0
A0A060AEW6,0,0,0,0,0,0,1
A0A0K2CZ62,0,0,0,0,0,0,0
A0A0K2CZL4,0,0,0,0,0,0,0
A0A141E0Q7,0,0,0,0,0,0,0
A0A1W6JLR4,0,0,0,0,0,0,0
A0A222ZPY5,0,0,0,0,0,0,0
A0A3G3BVH8,0,0,0,0,0,0,0
A0A3Q9R7K6,0,0,0,0,0,1,0
A0A411B5E8,0,0,0,0,0,0,0
A0A482JGE0,0,0,0,0,0,0,0
A0A7G9VYQ7,0,0,0,0,0,0,0
A0A8S5PX15,0,0,0,0,0,0,1
A0A8S5Q8H7,0,0,0,0,0,0,0
A0A8S5QIE8,0,0,0,0,0,0,0
A0A8S5S2F8,0,0,0,0,0,0,0
A0A1L7DQ84,0,0,0,0,0,0,0
A0A1W6JJR0,0,0,0,0,0,0,0
A0A1W6JMA5,0,0,0,0,0,0,0
A0A5P8D9R7,0,0,0,0,0,0,0
A0A8S5NTV2,0,0,0,0,0,0,0
A0A8S5PRX5,0,0,0,0,0,0,0
A0A8S5QNB1,0,0,0,0,0,0,0
A0A8S5SK94,0,0,0,0,0,0,0
A0A8S5U335,0,0,0,0,0,0,0
A0A8S5UW54,0,0,0,0,0,0,0
A0AAE8YVF5,0,0,0,0,0,1,0
E0YJ18,0,0,0,0,0,0,0
Q8W5Y3,0,0,0,0,0,0,1
V9VFQ5,0,0,0,0,0,0,0
W5RV39,0,0,0,0,0,0,1
A0A0K2CYP0,0,0,0,0,0,0,0
A0A0K2CZC3,0,0,0,0,0,0,0
A0A1W6JK69,0,0,0,0,0,0,0
A0A410TBP2,0,0,0,0,0,0,0
A0A6B9LAB7,0,0,0,0,0,0,1
A0A6J5RDD9,0,0,0,0,0,0,1
A0A8S5LRQ1,0,0,0,0,0,0,0
A0A8S5VDK9,0,0,0,0,0,0,0
A0A9E7NJY3,0,0,0,0,0,1,0
A0AAE8YUX6,0,0,0,0,0,1,0
A0AAX4J735,0,0,0,0,0,0,1
G9FGY1,0,0,0,0,0,0,1
A0A1S5SEW7,0,0,0,0,0,0,0
A0A8S5L803,0,0,0,0,0,0,1
A0A8S5MUS6,0,0,0,0,0,0,0
A0A8S5PK59,0,0,0,0,0,0,0
A0A8S5STM1,0,0,0,0,0,0,0
A0A8S5QI30,0,0,0,0,0,0,1
A7XX23,0,0,0,0,0,1,0
A0A3G6K3I0,0,0,0,0,0,0,0
A0A8S5VCQ0,0,0,0,0,0,0,0
A0A8S5TQF2,0,0,0,0,0,0,0
A0A8S5UEV5,0,0,0,0,0,0,0
A0A8S5PR23,0,0,0,0,0,0,0
A0A8S5SS76,0,0,0,0,0,1,0
A0A8S5T9L3,0,0,0,0,0,0,0
A0AAU8HYI5,1,1,1,1,1,0,1
A0A8S5NX72,0,0,0,0,0,0,0
A0A8S5TEU3,0,0,0,0,0,0,0
A0A8S5P2N2,0,0,0,0,0,0,1
A0A8S5P3J2,0,0,0,0,0,0,0
A0A8S5PXC6,0,0,0,0,0,0,0
A0A8S5T4Y2,0,0,0,0,0,1,1
A0A8S5U7T8,0,0,0,0,0,0,1
A0A8S5LPC8,0,0,0,0,0,0,0
A0A8S5M1L6,0,0,0,0,0,0,1
A0A8S5Q8U0,0,0,0,0,0,0,1
A0A8S5T5M8,0,0,0,0,0,0,0
A0A8S5PUP1,0,0,0,0,0,0,0
A0AAU8HXR4,1,1,1,1,1,0,1
Q5XLQ5,0,0,0,0,0,0,0
A0A141DZD4,0,0,0,0,0,0,0
A0A1B1IWP1,0,0,0,0,0,0,1
A0A1S5SEC4,0,0,0,0,0,0,0
A0A240F4W2,0,0,0,0,0,0,0
A0A2H4J790,0,0,0,0,0,0,1
A0A345GTZ0,0,0,0,0,0,0,0
A0A5Q2WB94,0,0,0,0,0,0,0
A0A6G6XHA0,0,0,0,0,0,0,0
A0A6J5M524,0,0,0,0,0,0,0
A0A6J5PQ14,0,0,0,0,0,0,0
A0A6J5S0W9,0,0,0,0,0,0,0
A0A6J7WC87,0,0,0,0,0,0,0
A0A830ZNU8,0,0,0,0,0,0,0
A0A876AXD4,0,0,0,0,0,0,1
A0A8S5MP89,0,0,0,0,0,0,0
A0A8S5NQC7,0,0,0,0,0,0,1
A0A8S5NVE0,0,0,0,0,0,0,1
A0A8S5PVG5,0,0,0,0,0,0,0
A0A8S5QHD0,0,0,0,0,0,0,0
A0A8S5QJK5,0,0,0,0,0,0,0
A0A8S5S1H0,0,0,0,0,0,0,0
A0A8S5S675,0,0,0,0,0,0,0
A0A8S5SFS0,0,0,0,0,0,0,1
A0A8S5UA90,0,0,0,0,0,0,0
A0A8S5V118,0,0,0,0,0,0,0
A0A8S5V5P0,0,0,0,0,0,0,0
A0AA86Y599,0,0,0,0,0,0,1
A0AAE9G4J7,0,0,0,0,0,0,1
A8WA17,0,0,0,0,0,0,0
K7PHM9,0,0,0,0,0,0,0
K7PKD7,0,0,0,0,0,0,0
K7PMF1,0,0,0,0,0,0,0
Q6R860,0,0,0,0,0,0,0
A0A096XER6,0,0,0,0,0,0,0
A0A1D9C9R5,0,0,0,0,0,0,0
A0A1S5S994,0,0,0,0,0,0,0
A0A1S5SA16,0,0,0,0,0,0,0
A0A514A678,0,0,0,0,0,0,0
A0A6J5QQZ7,0,0,0,0,0,0,1
A0A6J5S8Q1,0,0,0,0,0,0,0
A0A6J5SDZ4,0,0,0,0,0,0,0
A0A6J7WRP6,0,0,0,0,0,0,1
A0A6S4PAV6,0,0,0,0,0,0,0
A0A6S4PGQ9,0,0,0,0,0,0,0
A0A8S5LMT7,0,0,0,0,0,0,1
A0A8S5M4Y4,0,0,0,0,0,0,0
A0A8S5P6C4,0,0,0,0,0,0,0
A0A8S5P6Z1,0,0,0,0,0,0,0
A0A8S5P901,0,0,0,0,0,0,1
A0A8S5P959,0,0,0,0,0,0,0
A0A8S5PXQ6,0,0,0,0,0,0,1
A0A8S5QQ13,0,0,0,0,0,0,1
A0A8S5TZB5,0,0,0,0,0,0,0
A0A8S5U8F1,0,0,0,0,0,0,0
A0A8S5VVM9,0,0,0,0,0,1,0
A4PE72,0,0,0,0,0,0,1
K7P842,0,0,0,0,0,0,0
A0A059VF45,0,0,0,0,0,0,0
A0A0H4THA0,0,0,0,0,0,0,0
A0A2H4J8L8,0,0,0,0,0,0,0
A0A385UCW1,0,0,0,0,0,0,0
A0A482MDE9,0,0,0,0,0,0,0
A0A515MHB1,0,0,0,0,0,0,1
A0A6J5KTT8,0,0,0,0,0,0,0
A0A6J5LYD5,0,0,0,0,0,0,0
A0A6S4PA53,0,0,0,0,0,0,1
A0A7G5B8Z3,0,0,0,0,0,0,1
A0A7G5BAF1,0,0,0,0,0,0,1
A0A7G8ZZK8,0,0,0,0,0,0,0
A0A7G9UXM8,0,0,0,0,0,0,0
A0A830ZUB2,0,0,0,0,0,0,0
A0A8S5LF85,0,0,0,0,0,0,0
A0A8S5LLN0,0,0,0,0,0,0,1
A0A8S5LNE4,0,0,0,0,0,0,0
A0A8S5M6F5,0,0,0,0,0,0,0
A0A8S5NA04,0,0,0,0,0,0,0
A0A8S5P4E4,0,0,0,0,0,0,0
A0A8S5PDT3,0,0,0,0,0,0,1
A0A8S5QG11,0,0,0,0,0,0,0
A0A8S5QQF6,0,0,0,0,0,0,0
A0A8S5QTW6,0,0,0,0,0,0,1
A0A8S5QVD0,0,0,0,0,0,0,1
A0A8S5R1T9,0,0,0,0,0,0,1
A0A8S5SNC7,0,0,0,0,0,0,0
A0A8S5SR05,0,0,0,0,0,0,0
A0A8S5SUA1,0,0,0,0,0,0,0
A0A8S5T7L3,0,0,0,0,0,0,0
A0A8S5U0Y8,0,0,0,0,0,0,0
A0A8S5ULD6,0,0,0,0,0,0,0
A0A8S5UTX1,0,0,0,0,0,0,1
A0A8S5V4S2,0,0,0,0,0,0,0
A0A8S5V8A9,0,0,0,0,0,0,0
A0A8S5VC28,0,0,0,0,0,0,0
A0AAE9GAN1,0,0,0,0,0,0,1
A0AAT9V7G2,0,0,0,0,0,0,0
Q4ZC42,0,0,0,0,0,0,0
A0A023ZX87,0,0,0,0,0,0,0
A0A0M5M0L9,0,0,0,0,0,0,0
A0A0M5M0N3,0,0,0,0,0,0,0
A0A1R3Y6Z3,0,0,0,0,0,0,0
A0A1S5SCV4,0,0,0,0,0,0,0
A0A222ZES9,0,0,0,0,0,0,0
A0A2D1GFB1,0,0,0,0,0,0,0
A0A2H4JG32,0,0,0,0,0,0,0
A0A3G2KCZ6,0,0,0,0,0,0,0
A0A3G2KH19,0,0,0,0,0,0,1
A0A514DJG5,0,0,0,0,0,0,1
A0A6G9LAV6,0,0,0,0,0,0,0
A0A6J5KJG7,0,0,0,0,0,0,0
A0A6J5KMJ4,0,0,0,0,0,0,0
A0A6J5KY07,0,0,0,0,0,0,0
A0A6J7WFG2,0,0,0,0,0,0,1
A0A8S5LET1,0,0,0,0,0,0,1
A0A8S5LMH1,0,0,0,0,0,0,0
A0A8S5MGI6,0,0,0,0,0,0,0
A0A8S5NWE8,0,0,0,0,0,0,1
A0A8S5PZC6,0,0,0,0,0,0,0
A0A8S5QBN7,0,0,0,0,0,0,0
A0A8S5SBA2,0,0,0,0,0,0,0
A0A8S5T4Q7,0,0,0,0,0,0,0
A0A8S5T7P2,0,0,0,0,0,0,0
A0A8S5TY86,0,0,0,0,0,0,1
A0A8S5VF03,0,0,0,0,0,0,1
A0A8T8JBJ0,0,0,0,0,0,0,0
A0AAE9K613,0,0,0,0,0,0,1
A0AAU8GKN6,0,0,0,0,0,0,0
K7P7R5,0,0,0,0,0,0,0
Q9ZWV7,0,0,0,0,0,0,0
A0A0E3XBN7,0,0,0,0,0,0,0
A0A1S5NNJ1,0,0,0,0,0,0,1
A0A220NRP6,0,0,0,0,0,0,0
A0A220NSB9,0,0,0,0,0,0,0
A0A2D1GPE8,0,0,0,0,0,0,0
A0A2K8I325,0,0,0,0,0,0,1
A0A385D0Z8,0,0,0,0,0,0,0
A0A3G3MAZ9,0,0,0,0,0,0,0
A0A6J5MH52,0,0,0,0,0,0,1
A0A6J5MYJ3,0,0,0,0,0,0,1
A0A6J5NHC9,0,0,0,0,0,0,1
A0A6J7VJD1,0,0,0,0,0,0,0
A0A7G9UZ96,0,0,0,0,0,0,0
A0A7L7SRF1,0,0,0,0,0,0,0
A0A830ZWA6,0,0,0,0,0,0,1
A0A8D9PE11,0,0,0,0,0,1,0
A0A8S5M052,0,0,0,0,0,0,0
A0A8S5MCT0,0,0,0,0,0,0,0
A0A8S5MY35,0,0,0,0,0,0,0
A0A8S5N1W9,0,0,0,0,0,0,0
A0A8S5NSE9,0,0,0,0,0,0,0
A0A8S5PD27,0,0,0,0,0,0,0
A0A8S5PIJ5,0,0,0,0,0,0,0
A0A8S5PTQ2,0,0,0,0,0,0,0
A0A8S5SFI1,0,0,0,0,0,0,1
A0A8S5SL42,0,0,0,0,0,0,1
A0A8S5THM8,0,0,0,0,0,0,1
A0A8S5VC85,0,0,0,0,0,0,0
A0A8S5VFH6,0,0,0,0,0,0,0
A0A8S5VG02,0,0,0,0,0,0,1
A0AAE8XQY2,0,0,0,0,0,0,0
A0AAE8Y621,0,0,0,0,0,0,0
A0AAE9K5N5,0,0,0,0,0,0,0
G8C7K6,0,0,0,0,0,0,0
L7TP61,0,0,0,0,0,0,1
A0A0A0RN34,0,0,0,0,0,0,0
A0A0F7LA05,0,0,0,0,0,0,0
A0A0F7LBR0,0,0,0,0,0,0,0
A0A1S5SAT1,0,0,0,0,0,0,0
A0A1X9H094,0,0,0,0,0,0,0
A0A2D1G850,0,0,0,0,0,0,0
A0A2H4PEZ9,0,0,0,0,0,0,1
A0A2I6PD84,0,0,0,0,0,0,0
A0A2P1CEE3,0,0,0,0,0,0,0
A0A2U8UJ20,0,0,0,0,0,1,1
A0A386KQ08,0,0,0,0,0,0,0
A0A3G2KEN3,0,0,0,0,0,0,1
A0A3G2KFQ7,0,0,0,0,0,0,1
A0A3G2KGK2,0,0,0,0,0,0,1
A0A3G3M3K4,0,0,0,0,0,0,0
A0A3S9URL8,0,0,0,0,0,0,0
A0A4Y5TYR5,0,0,0,0,0,0,1
A0A514A6G9,0,0,0,0,0,0,1
A0A514DKI2,0,0,0,0,0,0,0
A0A516KNZ0,0,0,0,0,0,0,1
A0A5C0CGY1,0,0,0,0,0,0,0
A0A5P1MBE6,0,0,0,0,0,0,0
A0A649VDZ8,0,0,0,0,0,0,0
A0A653FS94,0,0,0,0,0,0,0
A0A653FV39,0,0,0,0,0,0,0
A0A6J5R3Q3,0,0,0,0,0,1,0
A0A6J5RVZ6,0,0,0,0,0,0,1
A0A6N0A8M7,0,0,0,0,0,0,0
A0A7G8LLG7,0,0,0,0,0,0,1
A0A7M1CSG6,0,0,0,0,0,0,1
A0A7T1TTK6,0,0,0,0,0,0,0
A0A831ERF9,0,0,0,0,0,0,0
A0A874MFR5,0,0,0,0,0,0,0
A0A8F3E464,0,0,0,0,0,0,0
A0A8S5LF67,0,0,0,0,0,0,0
A0A8S5LTB7,0,0,0,0,0,0,1
A0A8S5M356,0,0,0,0,0,1,0
A0A8S5MEG2,0,0,0,0,0,0,0
A0A8S5MQW6,0,0,0,0,0,0,1
A0A8S5N193,0,0,0,0,0,0,1
A0A8S5PBA6,0,0,0,0,0,0,1
A0A8S5PIM7,0,0,0,0,0,0,0
A0A8S5PMX5,0,0,0,0,0,0,1
A0A8S5R6Q2,0,0,0,0,0,0,0
A0A8S5SPR5,0,0,0,0,0,0,1
A0A8S5UZ01,0,0,0,0,0,0,0
A0AAE8YHF4,0,0,0,0,0,0,1
A0AAE9BM96,0,0,0,0,0,0,0
A0AAX3ZWA2,0,0,0,0,0,0,1
A0ZS04,0,0,0,0,0,0,0
A7TW87,0,0,0,0,0,0,0
E8ZDT4,0,0,0,0,0,0,0
G4KNR8,0,0,0,0,0,0,0
G9FH48,0,0,0,0,0,0,1
I1V1G3,0,0,0,0,0,0,0
Q1A0I1,0,0,0,0,0,0,0
Q1I119,0,0,0,0,0,0,0
Q1JS84,0,0,0,0,0,0,0
Q4ZBP1,0,0,0,0,0,0,0
Q4ZCJ6,0,0,0,0,0,0,0
Q783S0,0,0,0,0,0,0,0
U5U466,0,0,0,0,0,0,0
V5RAB5,0,0,0,0,0,0,1
V5UQJ8,0,0,0,0,0,0,0
A0A068A216,0,0,0,0,0,0,0
A0A077KGX2,0,0,0,0,0,0,0
A0A0M4RTQ0,0,0,0,0,0,0,0
A0A142K8S6,0,0,0,0,0,0,1
A0A1B3B223,0,0,0,0,0,0,1
A0A1J0MJ38,0,0,0,0,0,0,0
A0A1S5S9M9,0,0,0,0,0,0,0
A0A1S5SFR1,0,0,0,0,0,0,0
A0A2U8UME3,0,0,0,0,0,0,0
A0A2Z5XAS8,0,0,0,0,0,0,0
A0A345L155,0,0,0,0,0,1,0
A0A385DX32,0,0,0,0,0,0,0
A0A385E0F8,0,0,0,0,0,0,1
A0A386K4W3,0,0,0,0,0,0,0
A0A3G2KIA2,0,0,0,0,0,0,1
A0A3G3BY95,0,0,0,0,0,0,0
A0A3G3M3E3,0,0,0,0,0,0,0
A0A3Q9R8W5,0,0,0,0,0,0,0
A0A3S9UDB7,0,0,0,0,0,0,0
A0A410T7W0,0,0,0,0,0,0,0
A0A411BME6,0,0,0,0,0,0,0
A0A481W330,0,0,0,0,0,0,0
A0A513ZXN0,0,0,0,0,0,0,0
A0A514U687,0,0,0,0,0,0,0
A0A516KP77,0,0,0,0,0,0,1
A0A5P8DD31,0,0,0,0,0,1,0
A0A653FT76,0,0,0,0,0,0,0
A0A6J5N2A4,0,0,0,0,0,0,0
A0A6J5PAF1,0,0,0,0,0,0,0
A0A6J5RYE6,0,0,0,0,0,0,1
A0A7S5RL90,0,0,0,0,0,0,1
A0A7S6R6W3,0,0,0,0,0,0,0
A0A7T3N177,0,0,0,0,0,0,1
A0A8F3E9R1,0,0,0,0,0,0,1
A0A8S5LK10,0,0,0,0,0,0,0
A0A8S5MEY2,0,0,0,0,0,0,0
A0A8S5NS90,0,0,0,0,0,0,1
A0A8S5NVT3,0,0,0,0,0,0,0
A0A8S5PHL2,0,0,0,0,0,0,0
A0A8S5Q874,0,0,0,0,0,0,1
A0A8S5RRD8,0,0,0,0,0,0,0
A0A8S5S3J0,0,0,0,0,0,0,1
A0A8S5SQ18,0,0,0,0,0,0,1
A0A8S5SQ66,0,0,0,0,0,0,0
A0A8S5TBB7,0,0,0,0,0,0,1
A0A8S5TLF1,0,0,0,0,0,0,1
A0A8S5TNU4,0,0,0,0,0,0,0
A0A8S5UUH9,0,0,0,0,0,0,0
A0A8S5V3M0,0,0,0,0,0,0,0
A0A976UAC5,0,0,0,0,0,0,0
A0AAX3XG98,0,0,0,0,0,0,1
A0AAX3ZUX4,0,0,0,0,0,0,0
A0AAX3ZX27,0,0,0,0,0,0,1
B6SCW8,0,0,0,0,0,0,0
B8K1C8,0,0,0,0,0,0,0
C5J953,0,0,0,0,0,0,0
H2BDD9,0,0,0,0,0,0,0
Q4ZAT8,0,0,0,0,0,0,0
Q94N03,0,0,0,0,0,0,0
A0A127KPJ0,0,0,0,0,0,0,0
A0A142KAR5,0,0,0,0,0,0,1
A0A1B3AYT2,0,0,0,0,0,0,1
A0A1C9LX25,0,0,0,0,0,0,0
A0A218KCE2,0,0,0,0,0,0,1
A0A2D1G541,0,0,0,0,0,0,0
A0A2H4JCU1,0,0,0,0,0,0,0
A0A2I6PE87,0,0,0,0,0,0,0
A0A2I6PEZ6,0,0,0,0,0,0,0
A0A2K9VBR8,0,0,0,0,0,0,0
A0A3G3LYI3,0,0,0,0,0,0,1
A0A410TDU0,0,0,0,0,0,1,0
A0A481VS58,0,0,0,0,0,0,0
A0A4D6T625,0,0,0,0,0,0,1
A0A4P1QFI6,0,0,0,0,0,0,1
A0A4Y6EK07,0,0,0,0,0,0,1
A0A5C0CGU1,0,0,0,0,0,0,0
A0A649V8X8,0,0,0,0,0,1,0
A0A653FU76,0,0,0,0,0,0,0
A0A6J7W9F5,0,0,0,0,0,0,0
A0A6J7X532,0,0,0,0,0,0,0
A0A6S4P8E6,0,0,0,0,0,0,0
A0A7S5QVQ9,0,0,0,0,0,0,1
A0A7S5R9M9,0,0,0,0,0,0,1
A0A7S6R6T3,0,0,0,0,0,0,0
A0A7S6RAZ8,0,0,0,0,0,0,0
A0A8F3EAF4,0,0,0,0,0,0,1
A0A8S5MMF1,0,0,0,0,0,0,0
A0A8S5MSI7,0,0,0,0,0,0,0
A0A8S5MVC4,0,0,0,0,0,0,0
A0A8S5NTI5,0,0,0,0,0,0,1
A0A8S5P0C4,0,0,0,0,0,0,0
A0A8S5P1E9,0,0,0,0,0,0,0
A0A8S5PYE7,0,0,0,0,0,0,1
A0A8S5QPU7,0,0,0,0,0,0,1
A0A8S5RSQ9,0,0,0,0,0,0,1
A0A8S5RT62,0,0,0,0,0,0,0
A0A8S5SCF0,0,0,0,0,0,0,0
A0A8S5SYD5,0,0,0,0,0,0,1
A0A8S5TX82,0,0,0,0,0,0,0
A0A8S5U5W0,0,0,0,0,0,0,0
A0A8T8JFY4,0,0,0,0,0,0,1
A0AAE9FSB0,0,0,0,0,0,0,0
A0AAX3ZX07,0,0,0,0,0,0,1
A0EX17,0,0,0,0,0,0,0
B5WZK8,0,0,0,0,0,0,0
B7T0F2,0,0,0,0,0,0,0
C5IHJ6,0,0,0,0,0,0,0
G1BMR9,0,0,0,0,0,0,0
M1RZA8,0,0,0,0,0,0,0
O80068,0,0,0,0,0,0,0
Q6EVM3,0,0,0,0,0,0,0
Q854V7,0,0,0,0,0,0,1
U4KJ82,0,0,0,0,0,0,0
V5UQU6,0,0,0,0,0,0,0
V9QKF1,0,0,0,0,0,0,0
A0A076YL28,0,0,0,0,0,0,1
A0A088CD23,0,0,0,0,0,0,0
A0A0A7S2C0,0,0,0,0,0,0,1
A0A0M5M1H9,0,0,0,0,0,0,0
A0A0N7E0Q8,0,0,0,0,0,0,0
A0A0S2SYQ7,0,0,0,0,0,0,0
A0A142K8K2,0,0,0,0,0,0,1
A0A142KB70,0,0,0,0,0,0,1
A0A143FS32,0,0,0,0,0,0,0
A0A160DFH7,0,0,0,0,0,0,0
A0A173G9D0,0,0,0,0,0,0,0
A0A173G9H3,0,0,0,0,0,0,0
A0A1B1SEB1,0,0,0,0,0,0,0
A0A1D8EZV4,0,0,0,0,0,0,0
A0A1S5SD03,0,0,0,0,0,0,0
A0A1X9HWP9,0,0,0,0,0,0,0
A0A248XD46,0,0,0,0,0,0,0
A0A2H4PF77,0,0,0,0,0,1,0
A0A2I6PEN0,0,0,0,0,0,0,0
A0A2I7SC08,0,0,0,0,0,0,0
A0A2R2ZGC4,0,0,0,0,0,0,0
A0A2Z2FB15,0,0,0,0,0,0,0
A0A2Z4Q3U8,0,0,0,0,0,0,1
A0A385DWJ7,0,0,0,0,0,1,1
A0A3G2KG16,0,0,0,0,0,0,0
A0A3S9UPV9,0,0,0,0,0,1,0
A0A4Y5TNP6,0,0,0,0,0,0,1
A0A5C0CGY2,0,0,0,0,0,0,0
A0A6B9J7M3,0,0,0,0,0,0,0
A0A6J5PLG8,0,0,0,0,0,0,1
A0A6J5PX68,0,0,0,0,0,0,0
A0A6J7WU15,0,0,0,0,0,0,1
A0A6J7X7C6,0,0,0,0,0,0,0
A0A7S6R6W4,0,0,0,0,0,0,1
A0A7T7K7Y6,0,0,0,0,0,0,0
A0A7T8IVA2,0,0,0,0,0,0,0
A0A8F2IGS0,0,0,0,0,0,0,0
A0A8S5LQ89,0,0,0,0,0,0,1
A0A8S5MFL1,0,0,0,0,0,0,0
A0A8S5MX70,0,0,0,0,0,1,0
A0A8S5MZD5,0,0,0,0,0,0,1
A0A8S5N252,0,0,0,0,0,0,1
A0A8S5NEE2,0,0,0,0,0,0,0
A0A8S5NLK8,0,0,0,0,0,0,1
A0A8S5NM06,0,0,0,0,0,0,1
A0A8S5PFE9,0,0,0,0,0,0,1
A0A8S5PQI3,0,0,0,0,0,0,0
A0A8S5QRA9,0,0,0,0,0,0,0
A0A8S5QTC2,0,0,0,0,0,0,0
A0A8S5QUQ5,0,0,0,0,0,0,1
A0A8S5S3X5,0,0,0,0,0,0,1
A0A8S5T223,0,0,0,0,0,0,0
A0A8S5TLI3,0,0,0,0,0,0,1
A0A8S5UAS5,0,0,0,0,0,0,0
A0A8S5UAS7,0,0,0,0,0,0,0
A0A8S5UB00,0,0,0,0,0,0,0
A0A8S5UUE7,0,0,0,0,0,0,1
A0A8S5UXH0,0,0,0,0,0,0,0
A0A8T8JCC2,0,0,0,0,0,0,0
A0AAE6YNH4,0,0,0,0,0,0,0
A0AAU8GM54,0,0,0,0,0,0,0
A0AAX3ZY61,0,0,0,0,0,0,0
A0AAX4G2N6,0,0,0,0,0,0,0
A4JWQ7,0,0,0,0,0,0,1
A7YGM7,0,0,0,0,0,0,0
C5I622,0,0,0,0,0,0,0
E8ZDN6,0,0,0,0,0,0,0
G1JV00,0,0,0,0,0,0,0
G4KNM6,0,0,0,0,0,0,0
G8IAY1,0,0,0,0,0,0,0
I1W5Y5,0,0,0,0,0,0,0
O80218,0,0,0,0,0,0,0
Q38460,0,0,0,0,0,0,0
Q6A1Z6,0,0,0,0,0,0,1
Q8SDS6,0,0,0,0,0,0,0
S5MNZ2,0,0,0,0,0,0,0
V5URZ6,0,0,0,0,0,0,0
W6LMU7,0,0,0,0,0,0,0
A0A0A7NQ69,0,0,0,0,0,0,0
A0A0K2CMS1,0,0,0,0,0,0,0
A0A142KAZ5,0,0,0,0,0,1,0
A0A166Y4L1,0,0,0,0,0,0,0
A0A1S5SDD0,0,0,0,0,0,0,0
A0A1S5SDQ9,0,0,0,0,0,0,0
A0A220NQU7,0,0,0,0,0,0,0
A0A2D2W4Z2,0,0,0,0,0,0,0
A0A2H4J9L9,0,0,0,0,0,0,0
A0A2I6PDG9,0,0,0,0,0,0,0
A0A2I6PDK0,0,0,0,0,0,0,0
A0A2I6PE13,0,0,0,0,0,0,0
A0A2I6PER9,0,0,0,0,0,0,0
A0A2S1PAH5,0,0,0,0,0,0,0
A0A2Z6BEL3,0,0,0,0,0,0,1
A0A345AQ68,0,0,0,0,0,0,0
A0A345KQX4,0,0,0,0,0,0,0
A0A386KHK4,0,0,0,0,0,1,0
A0A3G2KA18,0,0,0,0,0,0,0
A0A3G2KE83,0,0,0,0,0,0,1
A0A3G2KIQ1,0,0,0,0,0,0,0
A0A3G3M582,0,0,0,0,0,0,0
A0A4D6T9F4,0,0,0,0,0,1,0
A0A4Y1NRE0,0,0,0,0,0,0,0
A0A4Y5NZJ1,0,0,0,0,0,0,1
A0A4Y6ECV2,0,0,0,0,0,0,1
A0A4Y6EPI7,0,0,0,0,0,0,0
A0A653FUL7,0,0,0,0,0,0,1
A0A6G6XI61,0,0,0,0,0,0,1
A0A6J5LT59,0,0,0,0,0,0,1
A0A6J5PA51,0,0,0,0,0,0,1
A0A6J5STS2,0,0,0,0,0,0,0
A0A6J7WIL1,0,0,0,0,0,0,0
A0A7D3UDT8,0,0,0,0,0,0,0
A0A7L7SIL0,0,0,0,0,0,0,1
A0A8S5LG85,0,0,0,0,0,0,0
A0A8S5LUI6,0,0,0,0,0,1,0
A0A8S5MMX4,0,0,0,0,0,0,0
A0A8S5N933,0,0,0,0,0,0,1
A0A8S5NBV1,0,0,0,0,0,0,0
A0A8S5NG63,0,0,0,0,0,0,0
A0A8S5NIU6,0,0,0,0,0,1,0
A0A8S5NY95,0,0,0,0,0,0,1
A0A8S5PSS8,0,0,0,0,0,0,0
A0A8S5QPT4,0,0,0,0,0,0,1
A0A8S5S343,0,0,0,0,0,0,0
A0A8S5SJJ5,0,0,0,0,0,0,1
A0A8S5SL58,0,0,0,0,0,0,0
A0A8S5SX68,0,0,0,0,0,0,0
A0A8S5TXL1,0,0,0,0,0,0,0
A0A8S5U6B1,0,0,0,0,0,0,0
A0A8T8JFY8,0,0,0,0,0,0,1
A0A9E7V2K5,0,0,0,0,0,0,0
A0AA50F2T2,0,0,0,0,0,0,0
A0AAE7MLA0,0,0,0,0,0,0,1
A0AAE7WKK0,0,0,0,0,0,0,1
A0AAE8Z3E0,0,0,0,0,0,0,1
A0AAE9WWD7,0,0,0,0,0,0,0
A0AB39C734,0,0,0,0,0,0,1
A7TWE6,0,0,0,0,0,0,0
C5IUL7,0,0,0,0,0,0,0
I6NV26,0,0,0,0,0,0,1
I6X6P3,0,0,0,0,0,0,1
M9QWY9,0,0,0,0,0,0,0
W0LME3,0,0,0,0,0,0,0
W0LNN9,0,0,0,0,0,0,0
Q24LF5,0,0,0,0,0,0,0
A0A023W687,0,0,0,0,0,0,0
A0A0H3U2W9,0,0,0,0,0,0,0
A0A0H4IPC5,0,0,0,0,0,0,1
A0A0K2CX39,0,0,0,0,0,0,0
A0A0K2CYD2,0,0,0,0,0,0,1
A0A0N9SGH8,0,0,0,0,0,0,0
A0A0U4IH55,0,0,0,0,0,1,1
A0A1D8EW73,0,0,0,0,0,0,0
A0A1J0MFJ0,0,0,0,0,0,0,1
A0A1W6JK87,0,0,0,0,0,0,0
A0A1W6JME8,0,0,0,0,0,0,0
A0A249XRS2,0,0,0,0,0,0,1
A0A286RWG2,0,0,0,0,0,0,0
A0A2D1G5X0,0,0,0,0,0,0,0
A0A2H4J4I8,0,0,0,0,0,0,1
A0A2I6UGU2,0,0,0,0,0,0,1
A0A2K9VH95,0,0,0,0,0,1,1
A0A2P1JWU1,0,0,0,0,0,0,0
A0A2P1N233,0,0,0,0,0,0,0
A0A2S1GUC0,0,0,0,0,0,0,0
A0A2S1PC04,0,0,0,0,0,0,1
A0A2U8UMK0,0,0,0,0,0,0,1
A0A345ARR9,0,0,0,0,0,0,0
A0A345ASC1,0,0,0,0,0,0,1
A0A345MIE7,0,0,0,0,0,0,1
A0A3G3BVE5,0,0,0,0,0,0,1
A0A482JDN7,0,0,0,0,0,0,1
A0A516KRQ4,0,0,0,0,0,0,0
A0A5P8DDJ7,0,0,0,0,0,1,0
A0A649V2L6,0,0,0,0,0,0,0
A0A649VXU6,0,0,0,0,0,0,0
A0A6G9LGC9,0,0,0,0,0,0,1
A0A6J5MA13,0,0,0,0,0,0,0
A0A7G9UXG8,0,0,0,0,0,0,1
A0A8F3E241,0,0,0,0,0,0,0
A0A8S5LBG2,0,0,0,0,0,0,0
A0A8S5LK75,0,0,0,0,0,0,1
A0A8S5PA90,0,0,0,0,0,0,1
A0A8S5PMF5,0,0,0,0,0,0,0
A0A8S5QBB0,0,0,0,0,0,0,1
A0A8S5QIT3,0,0,0,0,0,0,0
A0A8S5SCQ1,0,0,0,0,0,0,1
A0A8S5SH67,0,0,0,0,0,1,0
A0A8S5SRS0,0,0,0,0,0,0,0
A0A8S5SXW1,0,0,0,0,0,0,0
A0A8S5TJE0,0,0,0,0,0,0,0
A0A8S5TUQ0,0,0,0,0,0,0,0
A0A8S5U3Z3,0,0,0,0,0,0,0
A0A8S5U739,0,0,0,0,0,0,1
A0A8S5VI74,0,0,0,0,0,0,0
A0AAU7PEY7,0,0,0,0,0,1,0
A0AAU8HXH3,0,0,0,0,0,0,1
G1BPZ1,0,0,0,0,0,0,0
G1FF92,0,0,0,0,0,0,0
G3MCJ1,0,0,0,0,0,0,0
O64373,0,0,0,0,0,0,1
Q9ZXG4,0,0,0,0,0,0,0
W5RAJ6,0,0,0,0,0,0,0
A0A076G872,0,0,0,0,0,0,0
A0A076YMH1,0,0,0,0,0,0,0
A0A097BYN0,0,0,0,0,0,0,0
A0A0C5AJI3,0,0,0,0,0,0,1
A0A0E3T8G5,0,0,0,0,0,0,1
A0A0H4ISP4,0,0,0,0,0,0,1
A0A0K1LKK4,0,0,0,0,0,0,0
A0A0U4K497,0,0,0,0,0,0,0
A0A142K6B6,0,0,0,0,0,0,0
A0A1D9CAT9,0,0,0,0,0,0,0
A0A1I9S4S3,0,0,0,0,0,1,0
A0A1J0GR39,0,0,0,0,0,0,0
A0A1W6JMV0,0,0,0,0,0,0,0
A0A1W6JPT9,0,0,0,0,0,0,0
A0A1X9H022,0,0,0,0,0,0,0
A0A1X9SH75,0,0,0,0,0,0,0
A0A220NRU8,0,0,0,0,0,0,0
A0A223LG92,0,0,0,0,0,0,1
A0A223LI82,0,0,0,0,0,0,1
A0A2D2W407,0,0,0,0,0,0,0
A0A2H4J2U1,0,0,0,0,0,0,0
A0A2H4JB04,0,0,0,0,0,0,0
A0A2H4JB53,0,0,0,0,0,0,0
A0A2I6UGM5,0,0,0,0,0,0,1
A0A2I7SD11,0,0,0,0,0,0,1
A0A2P1JR65,0,0,0,0,0,0,0
A0A2P1N145,0,0,0,0,0,0,0
A0A345AQ04,0,0,0,0,0,0,0
A0A345AU24,0,0,0,0,0,0,0
A0A345AYU4,0,0,0,0,0,0,0
A0A385AHG7,0,0,0,0,0,0,0
A0A385DX67,0,0,0,0,0,0,0
A0A385IRG7,0,0,0,0,0,0,0
A0A386KRN3,0,0,0,0,0,0,1
A0A482J761,0,0,0,0,0,0,0
A0A4Y6EQG0,0,0,0,0,0,0,1
A0A514DID6,0,0,0,0,0,1,1
A0A516KUG8,0,0,0,0,0,0,0
A0A5J6TDS0,0,0,0,0,0,0,1
A0A5J6THV3,0,0,0,0,0,1,0
A0A5J6TK82,0,0,0,0,0,0,0
A0A5J6TLW9,0,0,0,0,0,0,0
A0A5P8D3X3,0,0,0,0,0,0,0
A0A5P8DCJ2,0,0,0,0,0,1,0
A0A5Q2WJX7,0,0,0,0,0,0,0
A0A649VFC7,0,0,0,0,0,0,1
A0A649VM42,0,0,0,0,0,0,1
A0A6J5KYL8,0,0,0,0,0,0,0
A0A6J5LZP5,0,0,0,0,0,0,0
A0A6J7WF48,0,0,0,0,0,0,0
A0A6M3T1S7,0,0,0,0,0,0,0
A0A6M3T730,0,0,0,0,0,0,1
A0A7L7SIP4,0,0,0,0,0,1,1
A0A8S5LNX9,0,0,0,0,0,0,0
A0A8S5M7X8,0,0,0,0,0,0,1
A0A8S5MBS4,0,0,0,0,0,0,0
A0A8S5MFU2,0,0,0,0,0,0,0
A0A8S5MHB2,0,0,0,0,0,0,0
A0A8S5MU72,0,0,0,0,0,0,1
A0A8S5P1G4,0,0,0,0,0,0,0
A0A8S5PL54,0,0,0,0,0,0,0
A0A8S5PQ48,0,0,0,0,0,0,0
A0A8S5QAU8,0,0,0,0,0,1,0
A0A8S5SA95,0,0,0,0,0,0,0
A0A8S5THW9,0,0,0,0,0,0,1
A0A8S5UJM6,0,0,0,0,0,0,0
A0A8T8JD52,0,0,0,0,0,0,0
A0AAE8BFX3,0,0,0,0,0,0,1
A0AAE8YTI1,0,0,0,0,0,0,0
A0AB39C7X6,0,0,0,0,0,0,0
E0YIN8,0,0,0,0,0,0,0
E0YPU6,0,0,0,0,0,0,0
G1BPP5,0,0,0,0,0,0,0
G1D1D5,0,0,0,0,0,0,1
G1DA82,0,0,0,0,0,0,0
G1DU19,0,0,0,0,0,0,1
G8I4W9,0,0,0,0,0,1,0
L7TNA8,0,0,0,0,0,0,0
Q4ZBG5,0,0,0,0,0,0,1
Q4ZDS8,0,0,0,0,0,0,0
Q9XJ90,0,0,0,0,0,0,1
A0A059T688,0,0,0,0,0,0,1
A0A075M047,0,0,0,0,0,0,0
A0A088F687,0,0,0,0,0,1,0
A0A0A7RW46,0,0,0,0,0,0,0
A0A0E3TAI8,0,0,0,0,0,0,1
A0A0F6N3M4,0,0,0,0,0,0,1
A0A0H4TFI8,0,0,0,0,0,0,1
A0A141E0H2,0,0,0,0,0,0,0
A0A1B0Y876,0,0,0,0,0,0,0
A0A1J0GPB2,0,0,0,0,0,0,0
A0A1W6JKV5,0,0,0,0,0,0,0
A0A223LF15,0,0,0,0,0,0,1
A0A249XMI9,0,0,0,0,0,0,1
A0A249XTR3,0,0,0,0,0,0,0
A0A286MQS0,0,0,0,0,0,0,0
A0A2H4J2K7,0,0,0,0,0,0,0
A0A2H4J492,0,0,0,0,0,0,0
A0A2H4JBZ8,0,0,0,0,0,0,1
A0A2H4JG38,0,0,0,0,0,0,0
A0A2I7SCV1,0,0,0,0,0,0,1
A0A2S1PAS2,0,0,0,0,0,0,0
A0A345AT15,0,0,0,0,0,0,0
A0A345ATE7,0,0,0,0,0,0,0
A0A345ATU4,0,0,0,0,0,0,0
A0A345AUF1,0,0,0,0,0,0,1
A0A345KQJ3,0,0,0,0,0,0,0
A0A345KQQ9,0,0,0,0,0,0,0
A0A345L553,0,0,0,0,0,0,0
A0A345M454,0,0,0,0,0,0,0
A0A385DY71,0,0,0,0,0,0,1
A0A3G8FVM0,0,0,0,0,0,0,1
A0A3T0IHR3,0,0,0,0,0,0,0
A0A5B8RPT6,0,0,0,0,0,0,1
A0A5Q2WC88,0,0,0,0,0,0,0
A0A649VTI1,0,0,0,0,0,0,0
A0A6B7H6H9,0,0,0,0,0,0,1
A0A6J5Q5J2,0,0,0,0,0,0,0
A0A6J5SFU8,0,0,0,0,0,0,1
A0A6J7WMK7,0,0,0,0,0,0,1
A0A6M3SWT9,0,0,0,0,0,0,0
A0A7L8ZD98,0,0,0,0,0,0,1
A0A831EP30,0,0,0,0,0,0,0
A0A8E4ZE48,0,0,0,0,0,0,0
A0A8F3E3V5,0,0,0,0,0,0,1
A0A8S5L7Y1,0,0,0,0,0,0,1
A0A8S5QPI9,0,0,0,0,0,0,0
A0A8S5RTH4,0,0,0,0,0,0,0
A0A8S5S9M1,0,0,0,0,0,0,0
A0A8S5SUC9,0,0,0,0,0,0,0
A0A8S5TQC4,0,0,0,0,0,0,0
A0AAE8XE77,0,0,0,0,0,1,1
A0AAE8YPB4,0,0,0,0,0,0,1
A0AAE9K5Y4,0,0,0,0,0,0,1
A0EWV2,0,0,0,0,0,0,0
B5U4N9,0,0,0,0,0,0,1
B7T092,0,0,0,0,0,0,0
E0YQK3,0,0,0,0,0,0,0
E7EJR3,0,0,0,0,0,1,0
G1BNL0,0,0,0,0,0,0,0
G1BRD2,0,0,0,0,0,0,0
G1DUD3,0,0,0,0,0,0,1
H6WSE3,0,0,0,0,0,0,0
O21990,0,0,0,0,0,0,0
Q38325,0,0,0,0,0,0,0
Q4ZAM3,0,0,0,0,0,0,0
Q4ZB85,0,0,0,0,0,0,1
Q4ZE08,0,0,0,0,0,0,0
Q8W767,0,0,0,0,0,0,0
Q9G044,0,0,0,0,0,0,1
Q9T1Z2,0,0,0,0,0,0,0
A0A088F8U2,0,0,0,0,0,1,0
A0A088FRZ3,0,0,0,0,0,0,0
A0A0A0RKX7,0,0,0,0,0,0,1
A0A0K2CXS9,0,0,0,0,0,0,1
A0A0K2FP87,0,0,0,0,0,0,1
A0A127KNN4,0,0,0,0,0,0,0
A0A1J0GPZ7,0,0,0,0,0,1,0
A0A1J0MF14,0,0,0,0,0,0,1
A0A1P8L6H8,0,0,0,0,0,0,0
A0A1W6JIT9,0,0,0,0,0,0,0
A0A1W6JLW7,0,0,0,0,0,0,0
A0A1W6JPJ9,0,0,0,0,0,0,0
A0A1X9SHN8,0,0,0,0,0,0,0
A0A223LI14,0,0,0,0,0,0,1
A0A2H4J1X5,0,0,0,0,0,0,0
A0A2H4J5L5,0,0,0,0,0,0,0
A0A2H4J8J9,0,0,0,0,0,1,1
A0A2H4J8W6,0,0,0,0,0,0,0
A0A2I6UG75,0,0,0,0,0,0,1
A0A2I7SCH1,0,0,0,0,0,0,1
A0A2P1JS61,0,0,0,0,0,0,0
A0A2P1JYZ2,0,0,0,0,0,0,1
A0A2R4AP20,0,0,0,0,0,0,0
A0A2S1PCZ9,0,0,0,0,0,0,1
A0A2Z5H7T1,0,0,0,0,0,0,0
A0A345AQX0,0,0,0,0,0,0,0
A0A345AU86,0,0,0,0,0,0,1
A0A345L1E4,0,0,0,0,0,0,0
A0A385D0J9,0,0,0,0,0,0,1
A0A385DZ65,0,0,0,0,0,0,0
A0A385UJI4,0,0,0,0,0,0,1
A0A3Q9R7Q8,0,0,0,0,0,0,1
A0A3S9UAJ5,0,0,0,0,0,1,1
A0A3S9UNS3,0,0,0,0,0,0,0
A0A499SSP2,0,0,0,0,0,0,1
A0A4Y6EGZ5,0,0,0,0,0,1,1
A0A4Y6EM40,0,0,0,0,0,1,0
A0A514DDM8,0,0,0,0,0,0,1
A0A5Q2WLU3,0,0,0,0,0,0,1
A0A6B9L8I9,0,0,0,0,0,0,0
A0A6H0X6I3,0,0,0,0,0,0,0
A0A6J5NFE4,0,0,0,0,0,0,0
A0A6J5RFH6,0,0,0,0,0,0,0
A0A6M3T1D7,0,0,0,0,0,0,0
A0A830ZV66,0,0,0,0,0,0,0
A0A890UWR7,0,0,0,0,0,0,0
A0A8S5LYW8,0,0,0,0,0,1,0
A0A8S5N636,0,0,0,0,0,0,0
A0A8S5NCD9,0,0,0,0,0,0,0
A0A8S5NQJ4,0,0,0,0,0,0,1
A0A8S5NX35,0,0,0,0,0,0,0
A0A8S5SET4,0,0,0,0,0,0,1
A0A8S5SFT7,0,0,0,0,0,0,0
A0A8S5SYF8,0,0,0,0,0,0,0
A0A8S5U7R4,0,0,0,0,0,0,0
A0A8S5UKU6,0,0,0,0,0,0,0
A0AAE8YW29,0,0,0,0,0,0,0
A0AAE8YXV5,0,0,0,0,0,0,0
A0AAE9CER9,0,0,0,0,0,1,0
D4N7I1,0,0,0,0,0,0,1
G1D4G5,0,0,0,0,0,0,1
G1JV85,0,0,0,0,0,0,0
I7ASX4,0,0,0,0,0,1,0
M9NRK0,0,0,0,0,0,0,0
Q38644,0,0,0,0,0,0,0
Q4ZB10,0,0,0,0,0,0,0
Q4ZCC1,0,0,0,0,0,0,0
Q6J1W6,0,0,0,0,0,0,1
Q77YW7,0,0,0,0,0,0,0
V9VFB5,0,0,0,0,0,0,0
A0A076YKK3,0,0,0,0,0,0,0
A0A0A0RMD3,0,0,0,0,0,0,0
A0A0D3MSN8,0,0,0,0,0,0,0
A0A0H3U2V9,0,0,0,0,0,0,1
A0A143FRM4,0,0,0,0,0,0,0
A0A1C9M037,0,0,0,0,0,0,0
A0A1J0MFM2,0,0,0,0,0,0,1
A0A1W6JJB2,0,0,0,0,0,0,0
A0A1W6JJT4,0,0,0,0,0,0,0
A0A1W6JLD2,0,0,0,0,0,0,0
A0A222Z1F0,0,0,0,0,0,1,0
A0A222ZND1,0,0,0,0,0,0,0
A0A249XLQ2,0,0,0,0,0,0,0
A0A249XVB5,0,0,0,0,0,0,0
A0A2H4JGN1,0,0,0,0,0,0,0
A0A2L1IYJ3,0,0,0,0,0,0,0
A0A2R4A2A2,0,0,0,0,0,0,0
A0A2U8UM82,0,0,0,0,0,0,1
A0A2U8UP33,0,0,0,0,0,0,1
A0A2Z5H2X6,0,0,0,0,0,0,0
A0A345ARJ0,0,0,0,0,0,0,0
A0A345AS50,0,0,0,0,0,0,1
A0A385DN13,0,0,0,0,0,0,1
A0A385DXH6,0,0,0,0,0,0,0
A0A385DZR1,0,0,0,0,0,1,0
A0A385UKC9,0,0,0,0,0,0,0
A0A3G3LZ19,0,0,0,0,0,0,1
A0A3G3M2N4,0,0,0,0,0,1,0
A0A3G8FFA2,0,0,0,0,0,0,0
A0A411CQE5,0,0,0,0,0,0,1
A0A4Y5P0L9,0,0,0,0,0,0,0
A0A515MGU4,0,0,0,0,0,0,1
A0A5J6TD13,0,0,0,0,0,0,0
A0A5J6TNS3,0,0,0,0,0,0,0
A0A6J5KS88,0,0,0,0,0,0,0
A0A6J5PQH7,0,0,0,0,0,0,1
A0A6J5STV3,0,0,0,0,0,0,1
A0A6M3T4E3,0,0,0,0,0,0,0
A0A7D5G4J4,0,0,0,0,0,0,1
A0A7D5JER5,0,0,0,0,0,0,0
A0A7G9UZZ1,0,0,0,0,0,0,1
A0A8F2E4P7,0,0,0,0,0,0,1
A0A8S5Q1A0,0,0,0,0,0,0,0
A0A8S5RQI3,0,0,0,0,0,1,0
A0A8S5S7K2,0,0,0,0,0,0,0
A0A8S5SLE7,0,0,0,0,0,0,0
A0A8S5TBW5,0,0,0,0,0,0,0
A0A8T8L5R5,0,0,0,0,0,0,0
A0EWH2,0,0,0,0,0,0,0
A1KWY3,0,0,0,0,0,0,1
A1KX52,0,0,0,0,0,0,1
A8ATC7,0,0,0,0,0,0,1
B3VGI4,0,0,0,0,0,0,0
E0Y3N4,0,0,0,0,0,0,1
E9LT82,0,0,0,0,0,0,0
G8I9Q6,0,0,0,0,0,0,1
P79671,0,0,0,0,0,0,0
Q38045,0,0,0,0,0,0,1
Q4ZCY6,0,0,0,0,0,0,0
R4JEL2,0,0,0,0,0,0,0
R9QT87,0,0,0,0,0,0,0
U5J9N0,0,0,0,0,0,0,0
V5UQA4,0,0,0,0,0,0,0
W6ATL1,0,0,0,0,0,0,1
A0A0C5AN64,0,0,0,0,0,0,1
A0A2I7SCM3,0,0,0,0,0,0,1
A0A2I7SD88,0,0,0,0,0,0,1
A0A345ASR9,0,0,0,0,0,0,1
A0A3G1E3I6,0,0,0,0,0,0,1
A0A481V9B7,0,0,0,0,0,0,0
A0A482MI53,0,0,0,0,0,0,0
A0A653FWN9,0,0,0,0,0,0,1
A0A6C0R1J8,0,0,0,0,0,0,0
J9QD18,0,0,0,0,0,0,0
Q9T1P3,0,0,0,0,0,0,0
A0A1B0Y2Q7,0,0,0,0,0,0,1
A0A2Z5XD03,0,0,0,0,0,0,0
A0A4V0ZN92,0,0,0,0,0,0,0
A6XML7,0,0,0,0,0,0,0
Q0H247,0,0,0,0,0,0,0
Q4ZBW3,0,0,0,0,0,0,0
Q8HAI6,0,0,0,0,0,0,0
Q9T1R0,0,0,0,0,0,0,0
X5JB41,0,0,0,0,0,0,0
A0A090EUH1,0,0,0,0,0,0,0
A0A0A8WFL2,0,0,0,0,0,0,1
A0A0A8WIF9,0,0,0,0,0,0,1
A0A2H4JCB7,0,0,0,0,0,0,0
A0A2H4JFF0,0,0,0,0,0,0,0
A0A345AT77,0,0,0,0,0,0,1
A0A345ATK6,0,0,0,0,0,0,1
A0A3G1E3B1,0,0,0,0,0,0,1
A0A410T4M5,0,0,0,0,0,0,0
M9NTA3,0,0,0,0,0,0,0
U5U6W4,0,0,0,0,0,0,0
W5R968,0,0,0,0,0,0,0
A0A0A8WF08,0,0,0,0,0,0,0
A0A0B5A7B7,0,0,0,0,0,0,1
A0A1W6JPZ8,0,0,0,0,0,0,0
A0A2H4JBC4,0,0,0,0,0,0,0
A0A345ASI2,0,0,0,0,0,0,1
A0A9E7TK85,0,0,0,0,0,0,0
A3QSD5,0,0,0,0,0,0,1
E9LUK6,0,0,0,0,0,0,1
Q787C6,0,0,0,0,0,0,0
U5U4L5,0,0,0,0,0,0,0
A0A0C5AES8,0,0,0,0,0,0,1
A0A0P0I3D2,0,0,0,0,0,0,1
A0A142K956,0,0,0,0,0,0,0
A0A653FR35,0,0,0,0,0,0,1
A0A6I8WFC2,0,0,0,0,0,0,1
A0A6J7WIA5,0,0,0,0,0,0,0
A0AAE8YZ68,0,0,0,0,0,0,0
D6PSS4,0,0,0,0,0,0,0
I6SMN0,0,0,0,0,0,0,0
Q4ZD55,0,0,0,0,0,0,0
A0AB39C9S6,0,0,0,0,0,0,0
B2ZYT9,0,0,0,0,0,0,1
O34032,0,0,0,0,0,0,0
O64049,0,0,0,0,0,0,0
Q77FU6,0,0,0,0,0,0,1
Q8SDN3,0,0,0,0,0,0,0
A0A8S5M431,0,0,0,0,0,0,0
A0A8S5SHZ7,0,0,0,0,0,0,0
A0A8S5PPN9,0,0,0,0,0,0,1
A0A8S5R693,0,0,0,0,0,0,0
A0A8S5UAD4,0,0,0,0,0,0,0
A0A8S5NZ53,0,0,0,0,0,0,1
A0A8S5S6J4,0,0,0,0,0,0,1
A0A8S5V003,0,0,0,0,0,0,1
A0A8S5RFZ6,0,0,0,0,0,0,0
O64099,0,0,0,0,0,0,1
A0A514A5Q7,0,0,0,0,0,0,0
A0A653FRY6,0,0,0,0,0,0,1
A0A653FT45,0,0,0,0,0,0,1
A0A6J5MCD2,0,0,0,0,0,0,1
A0A6J7WQU0,0,0,0,0,0,0,1
A0A6M2YSW0,0,0,0,0,0,0,0
A0A7T7K769,0,0,0,0,0,0,0
A0A8S5PWK5,0,0,0,0,0,0,0
A0A8S5UVY0,0,0,0,0,0,0,0
A0AAD1QTP4,0,0,0,0,0,0,0
A0AAX3Y698,0,0,0,0,0,0,0
L7TK95,0,0,0,0,0,0,0
Q1A0P7,0,0,0,0,0,0,1
A0A0M4S6G4,0,0,0,0,0,0,0
A0A1S6L016,0,0,0,0,0,0,0
A0A5C0CGG5,0,0,0,0,0,0,0
A0A6J5KJ91,0,0,0,0,0,0,1
A0A6J5MU16,0,0,0,0,0,0,0
A0A6J5N5X4,0,0,0,0,0,0,0
A0A7D7IL93,0,0,0,0,0,0,0
A0A9E7LDX4,0,0,0,0,0,0,0
F1BUN9,0,0,0,0,0,0,0
Q9T1J7,0,0,0,0,0,0,0
W0LMH5,0,0,0,0,0,0,0
A0A160DJR8,0,0,0,0,0,0,1
A0A249XTI5,0,0,0,0,0,0,0
A0A2K9VF00,0,0,0,0,0,0,0
A0A482J1Y1,0,0,0,0,0,0,0
A0A4D6TAK2,0,0,0,0,0,0,0
A0A5C0CH84,0,0,0,0,0,0,0
A0A6J7XL24,0,0,0,0,0,0,0
A0A8S5QE06,0,0,0,0,0,0,1
A0A8S5QKA5,0,0,0,0,0,0,0
A0A8S5TY11,0,0,0,0,0,0,0
A0A9E6Z1R6,0,0,0,0,0,0,1
A0A9X9JSJ7,0,0,0,0,0,0,0
A9ZT04,0,0,0,0,0,0,1
E5G6L0,0,0,0,0,0,0,0
A0A6J5LDT6,0,0,0,0,0,0,0
A0A6J5LIJ5,0,0,0,0,0,1,0
A0A6J5P1R9,0,0,0,0,0,0,1
A0A6J5SX22,0,0,0,0,0,0,0
A0A6M3A3E5,0,0,0,0,0,0,0
A0A8S5NF47,0,0,0,0,0,0,0
A0A8S5P2S1,0,0,0,0,0,0,0
A0A8S5R0W1,0,0,0,0,0,0,0
A5X9F3,0,0,0,0,0,0,0
Q9T205,0,0,0,0,0,0,1
A0A1D8EVR9,0,0,0,0,0,0,1
A0A481VSU8,0,0,0,0,0,0,1
A0A482J6R9,0,0,0,0,0,0,0
A0A653FTJ5,0,0,0,0,0,0,1
A0A653FU63,0,0,0,0,0,0,0
A0A653FVX0,0,0,0,0,0,0,0
A0A6J5L1I3,0,0,0,0,0,0,1
A0A6J5NN70,0,0,0,0,0,0,0
A0A6J5PCQ3,0,0,0,0,0,0,0
A0A6J5PKA7,0,0,0,0,0,0,0
A0A6J5QBB3,0,0,0,0,0,0,0
A0AAE7VMN2,0,0,0,0,0,1,0
Q6K1G2,0,0,0,0,0,0,0
Q83VS6,0,0,0,0,0,0,1
A0A0U4IBS1,0,0,0,0,0,0,0
A0A1L4BLV1,0,0,0,0,0,0,0
A0A218M4I3,0,0,0,0,0,0,0
A0A482J402,0,0,0,0,0,0,0
A0A8S5LGB2,0,0,0,0,0,0,1
A0A8S5UVV9,0,0,0,0,0,0,0
A0AAE7V7B2,0,0,0,0,0,0,0
A0AAE9FQ11,0,0,0,0,0,0,0
G1JY06,0,0,0,0,0,0,1
A0A2Z2F984,0,0,0,0,0,0,1
A0A386KK90,0,0,0,0,0,0,0
A0A482J5M1,0,0,0,0,0,0,0
A0A482MFK9,0,0,0,0,0,0,0
A0A5P1M3K0,0,0,0,0,0,0,0
A0A653FVA6,0,0,0,0,0,0,1
A0A7D3UIT7,0,0,0,0,0,0,0
A0AAD1V6H5,0,0,0,0,0,0,0
A0AAE9FPY4,0,0,0,0,0,0,0
A0AAF0JI96,0,0,0,0,0,0,0
A0AAX4Q180,0,0,0,0,0,0,0
S4TP66,0,0,0,0,0,0,0
A0A218MLA5,0,0,0,0,0,0,0
A0A386KFK5,0,0,0,0,0,0,1
A0A482IKL5,0,0,0,0,0,0,0
A0A7D3V1R8,0,0,0,0,0,0,0
A0A7S7YDP7,0,0,0,0,0,0,1
A0A8S5PHX2,0,0,0,0,0,0,0
A0A8S5RMY8,0,0,0,0,0,0,0
A0AA50A6V0,0,0,0,0,0,0,0
A0AAE9JXJ8,0,0,0,0,0,0,0
Q7Y4C5,0,0,0,0,0,0,0
U5N0A8,0,0,0,0,0,0,0
A0A386KGJ2,0,0,0,0,0,0,1
A0A482IMB3,0,0,0,0,0,0,0
A0A5P1M1V1,0,0,0,0,0,0,0
A0A5P1M3D1,0,0,0,0,0,0,0
A0A8S5LAS5,0,0,0,0,0,0,0
A0AAX3ZVR9,0,0,0,0,0,0,1
A0AAX3ZWA9,0,0,0,0,0,0,1
A0AAX4G2I6,0,0,0,0,0,0,1
A0AAX4M838,0,0,0,0,0,0,0
C5IYB2,0,0,0,0,0,0,1
F1BUS9,0,0,0,0,0,0,0
Q858U3,0,0,0,0,0,0,0
W8EHC2,0,0,0,0,0,0,0
A0A2I7RNH5,0,0,0,0,0,0,0
A0A5P1M2Y1,0,0,0,0,0,0,0
A0A653FVF0,0,0,0,0,0,0,0
A0A653FVF1,0,0,0,0,0,0,1
M1SNL2,0,0,0,0,0,0,0
A0A830ZVR4,0,0,0,0,0,0,0
A0A8S5RNA6,0,0,0,0,0,0,0
R9ZY34,0,0,0,0,0,0,1
A0A1S5RHF7,0,0,0,0,0,0,1
A0A8S5PDS8,0,0,0,0,0,0,0
A0AAE8YWF9,0,0,0,0,0,0,1
A0A8S5MIR5,0,0,0,0,0,0,0
A0AA49X4U4,0,0,0,0,0,0,0
A0AAT9JCN6,0,0,0,0,0,0,1
A0A8S5ND73,0,0,0,0,0,0,0
A0A8S5PA44,0,0,0,0,0,0,0
A0A8S5QPA7,0,0,0,0,0,0,0
A0AA49X2L3,0,0,0,0,0,0,0
A0AAU7PGH4,0,0,0,0,0,0,1
A0A8S5R9N0,0,0,0,0,0,0,0
A0A8S5RKP7,0,0,0,0,0,0,0
A0AA49X328,0,0,0,0,0,0,0
Q38159,0,0,0,0,0,0,0
A0A7G5B9H2,0,0,0,0,0,0,1
A0A8S5RGA3,0,0,0,0,0,0,0
A0A8S5M0I9,0,0,0,0,0,0,0
A0A8S5NF42,0,0,0,0,0,0,1
A0AA49X4L7,0,0,0,0,0,0,0
A0AAU8GQ75,0,0,0,0,0,0,1
A0A1S5SFL4,0,0,0,0,0,0,0
A0A2Z5HEK6,0,0,0,0,0,0,0
A0A411BY20,0,0,0,0,0,0,0
A0A5P8DDG9,0,0,0,0,0,0,0
A0A830RA25,0,0,0,0,0,0,0
A0A873WBV6,0,0,0,0,0,0,0
A0A8S5N200,0,0,0,0,0,0,1
A0A8S5NQA5,0,0,0,0,0,0,0
A0A8S5PVU6,0,0,0,0,0,0,0
A0A8S5SQ65,0,0,0,0,0,0,0
Q9MBY7,0,0,0,0,0,0,0
A0A1S5S8J0,0,0,0,0,0,0,0
A0A1S5SEJ5,0,0,0,0,0,0,0
A0A5J6TFF6,0,0,0,0,0,0,1
A0A6G8R0Y8,0,0,0,0,0,0,1
A0A7T0Q537,0,0,0,0,0,0,0
A0A8S5LCB6,0,0,0,0,0,1,0
A0A8S5LM88,0,0,0,0,0,0,1
A0A8S5M0R0,0,0,0,0,0,0,0
A0A8S5N3K6,0,0,0,0,0,0,0
A0A8S5P9T4,0,0,0,0,0,0,0
A0A8S5Q6L3,0,0,0,0,0,0,0
A0A8S5QYP5,0,0,0,0,0,0,0
A0A8S5R1V8,0,0,0,0,0,0,0
A0A8S5R214,0,0,0,0,0,0,1
A0A8S5TZJ7,0,0,0,0,0,0,0
A0A8S5UKK1,0,0,0,0,0,0,0
A0AB39C5L0,0,0,0,0,0,0,1
A0A410TCT4,0,0,0,0,0,0,0
A0A411BVZ3,0,0,0,0,0,0,1
A0A515MIG1,0,0,0,0,0,0,1
A0A8S5NXV2,0,0,0,0,0,0,0
A0A8S5P7E8,0,0,0,0,0,1,0
A0A8S5TNR4,0,0,0,0,0,0,0
A0A8S5TVG5,0,0,0,0,0,0,0
A0A8S5U1A9,0,0,0,0,0,0,0
A0A8S5V2Q4,0,0,0,0,0,0,0
I6P595,0,0,0,0,0,0,0
A0A411AWU2,0,0,0,0,0,0,0
A0A6B9SRZ9,0,0,0,0,0,0,0
A0A8S5LQY8,0,0,0,0,0,0,0
A0A8S5N0J2,0,0,0,0,0,0,0
A0A8S5N7J4,0,0,0,0,0,0,0
A0A8S5NIE1,0,0,0,0,0,0,1
A0A8S5PTB0,0,0,0,0,0,0,1
A0A8S5QM04,0,0,0,0,0,0,0
A0A8S5UAQ3,0,0,0,0,0,0,0
A0A8S5UR67,0,0,0,0,0,0,1
A0A8S5UZ62,0,0,0,0,0,0,0
A0A8S5V6A2,0,0,0,0,0,0,1
A0A8S5VFP4,0,0,0,0,0,0,0
Q94M77,0,0,0,0,0,0,0
A0A142KC41,0,0,0,0,0,0,0
A0A1S5SE20,0,0,0,0,0,0,0
A0A345ANU4,0,0,0,0,0,0,0
A0A3S9ULM8,0,0,0,0,0,0,0
A0A5J6TU94,0,0,0,0,0,0,1
A0A8S5LEL7,0,0,0,0,0,0,0
A0A8S5LUT1,0,0,0,0,0,0,0
A0A8S5MB22,0,0,0,0,0,0,0
A0A8S5MR67,0,0,0,0,0,0,0
A0A8S5P4E0,0,0,0,0,0,0,1
A0A8S5QAW7,0,0,0,0,0,0,0
A0A8S5UNJ1,0,0,0,0,0,0,0
A0A8S5VBL1,0,0,0,0,0,0,0
Q6JIJ8,0,0,0,0,0,0,0
Q8W6R7,0,0,0,0,0,0,0
A0A141DZS4,0,0,0,0,0,0,0
A0A1S5S7V9,0,0,0,0,0,0,0
A0A1S5S817,0,0,0,0,0,0,0
A0A1S5SEM0,0,0,0,0,0,0,0
A0A220NQQ9,0,0,0,0,0,0,0
A0A3G2KEZ2,0,0,0,0,0,0,1
A0A3G2KIH2,0,0,0,0,0,0,0
A0A514A2X9,0,0,0,0,0,0,0
A0A5J6TVF3,0,0,0,0,0,0,0
A0A6J5KI15,0,0,0,0,0,0,0
A0A6J5LMA1,0,0,0,0,0,0,0
A0A6J5N6A8,0,0,0,0,0,0,0
A0A6J7VNT7,0,0,0,0,0,0,0
A0A8S5PXI9,0,0,0,0,0,0,0
A0A8S5SHT3,0,0,0,0,0,0,0
A0AAE9BZH9,0,0,0,0,0,0,0
A0AAE9C1I6,0,0,0,0,0,0,1
A0AAT9JEJ4,0,0,0,0,0,0,1
A0A141E0C7,0,0,0,0,0,0,0
A0A141E0R3,0,0,0,0,0,0,0
A0A1S5SF00,0,0,0,0,0,0,0
A0A3G2KHK0,0,0,0,0,0,0,0
A0A6J5PGA8,0,0,0,0,0,0,0
A0A7G8LG95,0,0,0,0,0,0,0
A0A8S5M0V8,0,0,0,0,0,0,0
A0A8S5MV34,0,0,0,0,0,0,1
A0A8S5NXD1,0,0,0,0,0,0,0
A0A8S5TU88,0,0,0,0,0,0,0
A0A8S5U9Y0,0,0,0,0,0,0,0
A0AAT9J8D4,0,0,0,0,0,0,1
A0AAT9J8N9,0,0,0,0,0,0,1
A0AAU8KWS9,0,0,0,0,0,0,0
E8ZDD3,0,0,0,0,0,0,0
A0A0P0IXL3,0,0,0,0,0,0,1
A0A126GGR0,0,0,0,0,0,0,0
A0A141DZH6,0,0,0,0,0,0,0
A0A1S5SB66,0,0,0,0,0,0,0
A0A1S5SIK7,0,0,0,0,0,0,0
A0A2K9V349,0,0,0,0,0,0,0
A0A2U8UN94,0,0,0,0,0,0,0
A0A5J6TX44,0,0,0,0,0,0,0
A0A8F2DA32,0,0,0,0,0,0,0
A0A8S5Q0P8,0,0,0,0,0,0,0
A0A8S5QGT4,0,0,0,0,0,1,0
A0A8S5UT93,0,0,0,0,0,0,0
A0A9E7QBX1,0,0,0,0,0,0,1
A0AAE7MUA8,0,0,0,0,0,0,0
A0AAE7SCE3,0,0,0,0,0,0,1
A0AAT9JD79,0,0,0,0,0,0,1
A0AAT9JDK8,0,0,0,0,0,0,1
A0AAT9JET2,0,0,0,0,0,0,1
A0AAX3Y6H7,0,0,0,0,0,0,0
A0AAX4RBA2,0,0,0,0,0,0,1
X2KSV6,0,0,0,0,0,0,0
A0A0U4B2E0,0,0,0,0,0,0,0
A0A141E076,0,0,0,0,0,0,0
A0A1S5S7P7,0,0,0,0,0,0,0
A0A1S5SBA4,0,0,0,0,0,0,0
A0A1S5SBA5,0,0,0,0,0,0,0
A0A1S5SDE8,0,0,0,0,0,0,0
A0A2U8UHG5,0,0,0,0,0,0,0
A0A3G2KF97,0,0,0,0,0,0,1
A0A3G2KHX5,0,0,0,0,0,0,0
A0A6J5M6Z3,0,0,0,0,0,0,0
A0A6J5NJ65,0,0,0,0,0,0,0
A0A8S5MEY0,0,0,0,0,0,0,0
A0A8S5SC28,0,0,0,0,0,1,0
A0A8S5V301,0,0,0,0,0,0,0
A0A8S5V7W3,0,0,0,0,0,0,0
A0A977KLM0,0,0,0,0,0,0,1
A0AAU8B3F7,0,0,0,0,0,0,0
Q94MK9,0,0,0,0,0,0,0
A0A141DZM5,0,0,0,0,0,0,0
A0A142KCL4,0,0,0,0,0,0,0
A0A1D8EX55,0,0,0,0,0,0,0
A0A1S5SBU0,0,0,0,0,0,0,0
A0A2Z4Q939,0,0,0,0,0,0,0
A0A345L5F0,0,0,0,0,0,0,0
A0A3G2KFH9,0,0,0,0,0,0,0
A0A6J5N7L0,0,0,0,0,0,0,0
A0A8S5N4D9,0,0,0,0,0,0,1
A0A8S5Q5W1,0,0,0,0,0,0,0
A0A8S5Q6H9,0,0,0,0,0,0,0
A0A8S5QWK4,0,0,0,0,0,1,0
A0A8S5RY87,0,0,0,0,0,0,0
A0A8S5TIS2,0,0,0,0,0,0,0
A0A8S5VID1,0,0,0,0,0,0,0
A0A8S5VIR9,0,0,0,0,0,0,0
A0AAE7MUA9,0,0,0,0,0,0,0
A0AAE7MUI3,0,0,0,0,0,0,0
A0AAT9J9F8,0,0,0,0,0,0,1
I7HHN9,0,0,0,0,0,0,0
A0A2H4J1K3,0,0,0,0,0,0,0
A0A482MG80,0,0,0,0,0,0,0
A0A494WIM9,0,0,0,0,0,0,0
A0A494WIR5,0,0,0,0,0,0,0
A0A5Q2WR76,0,0,0,0,0,0,0
A0A7D7JBJ3,0,0,0,0,0,0,0
A0A8S5N603,0,0,0,0,0,0,0
A0A8S5NFG4,0,0,0,0,0,0,0
A0A8S5NNU7,0,0,0,0,0,1,1
A0A8S5PEN1,0,0,0,0,0,0,0
A0A8S5PX17,0,0,0,0,0,0,0
A0A8S5S728,0,0,0,0,0,0,1
A0A8S5SXI9,0,0,0,0,0,0,0
A0A8S5T893,0,0,0,0,0,0,1
A0A8S5V984,0,0,0,0,0,0,0
B6ET93,0,0,0,0,0,0,0
G1BSG1,0,0,0,0,0,0,0
Q7M297,0,0,0,0,0,0,1
A0A0E3Y5J2,0,0,0,0,0,0,0
A0A0M4QX09,0,0,0,0,0,0,0
A0A142K9J8,0,0,0,0,0,0,0
A0A1J0MDL3,0,0,0,0,0,0,0
A0A222ZTR3,0,0,0,0,0,0,0
A0A3G3LKJ4,0,0,0,0,0,0,0
A0A494WCS6,0,0,0,0,0,0,0
A0A6J5KUQ4,0,0,0,0,0,0,1
A0A8S5NJG8,0,0,0,0,0,0,0
A0A8S5NTG9,0,0,0,0,0,0,1
A0A8S5PSM5,0,0,0,0,0,0,0
A0A8S5QWP7,0,0,0,0,0,0,1
A0A8S5SAW8,0,0,0,0,0,0,0
A0A8S5T753,0,0,0,0,0,0,0
A0A8S5UYE6,0,0,0,0,0,0,0
B4XYR4,0,0,0,0,0,0,0
G1D044,0,0,0,0,0,0,1
G8IR34,0,0,0,0,0,0,0
I6X3B7,0,0,0,0,0,0,1
Q855R3,0,0,0,0,0,0,0
A0A286MRB3,0,0,0,0,0,0,0
A0A8S5LUL0,0,0,0,0,0,0,0
A0A8S5Q932,0,0,0,0,0,0,1
A0A8S5QWC8,0,0,0,0,0,0,1
A0A8S5QWN1,0,0,0,0,0,0,0
A0A8S5URN4,0,0,0,0,0,0,0
E3W8I1,0,0,0,0,0,0,0
G1DAL8,0,0,0,0,0,0,1
A0A1D8EQ46,0,0,0,0,0,0,0
A0A248SL35,0,0,0,0,0,0,0
A0A2P1CGA2,0,0,0,0,0,0,1
A0A481VR73,0,0,0,0,0,0,0
A0A7G8LII2,0,0,0,0,0,0,1
A0A830ZPM9,0,0,0,0,0,0,0
A0A8S5MNG0,0,0,0,0,0,0,0
A0A8S5PRC4,0,0,0,0,0,0,0
A0A8S5Q002,0,0,0,0,0,0,0
A0A8S5QAR3,0,0,0,0,0,0,0
A0A8S5SU60,0,0,0,0,0,0,0
A0A8S5VF33,0,0,0,0,0,0,0
A0AAU8AYR0,0,0,0,0,0,0,1
A0A059VKS6,0,0,0,0,0,0,0
A0A3S9UAU7,0,0,0,0,0,0,1
A0A6G6XTP3,0,0,0,0,0,0,0
A0A6J5L231,0,0,0,0,0,0,1
A0A6M3TE20,0,0,0,0,0,0,0
A0A8S5P6I9,0,0,0,0,0,0,0
A0A8S5PKM9,0,0,0,0,0,0,0
A0A8S5PNA9,0,0,0,0,0,0,0
A0A8S5QTF1,0,0,0,0,0,0,1
A0A8S5S5G3,0,0,0,0,0,0,1
A0A8S5TIH7,0,0,0,0,0,0,0
A0A8S5TNA2,0,0,0,0,0,0,0
A0A8S5TNL7,0,0,0,0,0,0,0
A0A8S5U2C7,0,0,0,0,0,0,0
A0A8S5UKJ6,0,0,0,0,0,0,1
A7X7X0,0,0,0,0,0,0,0
G1FGD4,0,0,0,0,0,0,1
A0A0K2FIJ3,0,0,0,0,0,0,0
A0A0S2MV79,0,0,0,0,0,0,0
A0A162E140,0,0,0,0,0,0,0
A0A1U9AJC1,0,0,0,0,0,0,0
A0A2S0M3B7,0,0,0,0,0,0,0
A0A4Y6EAM3,0,0,0,0,0,0,0
A0A5Q2F4J2,0,0,0,0,0,0,0
A0A653FQE2,0,0,0,0,0,0,0
A0A653FR85,0,0,0,0,0,0,1
A0A653FVD8,0,0,0,0,0,0,0
A0A6J7WDJ6,0,0,0,0,0,1,0
A0A7T3U731,0,0,0,0,0,0,0
G1D3W7,0,0,0,0,0,0,1
H2DE63,0,0,0,0,0,0,0
I7I4C5,0,0,0,0,0,0,0
Q5YAA6,0,0,0,0,0,0,0
Q774Z5,0,0,0,0,0,0,1
A0A0S2GLI2,0,0,0,0,0,0,0
A0A0U1UNT3,0,0,0,0,0,0,0
A0A2H4J5F8,0,0,0,0,0,0,0
A0A2H4JGM5,0,0,0,0,0,0,0
A0A2I6UF35,0,0,0,0,0,0,0
A0A2R2Z2Y0,0,0,0,0,0,0,0
A0A345BLY9,0,0,0,0,0,0,0
A0A4Y6EN82,0,0,0,0,0,0,0
A0A7G3S008,0,0,0,0,0,0,0
A0A8S5Q0Z1,0,0,0,0,0,0,0
A0A8S5SR08,0,0,0,0,0,0,0
A0AAE9G8N0,0,0,0,0,0,0,0
H2D0G6,0,0,0,0,0,0,1
K7P703,0,0,0,0,0,0,0
K7PHL6,0,0,0,0,0,0,0
M1F165,0,0,0,0,0,0,1
Q286Y6,0,0,0,0,0,0,0
Q9G075,0,0,0,0,0,0,0
A0A068F1P9,0,0,0,0,0,0,1
A0A0N7C056,0,0,0,0,0,0,0
A0A0P0ZCE7,0,0,0,0,0,0,0
A0A0P0ZDE8,0,0,0,0,0,0,0
A0A1S5S7K9,0,0,0,0,0,0,0
A0A2H4IYC8,0,0,0,0,0,0,0
A0A2H4J339,0,0,0,0,0,0,0
A0A2H4JB45,0,0,0,0,0,0,0
A0A6J5KI91,0,0,0,0,0,0,0
A0A6J5LYB4,0,0,0,0,0,0,0
A0A6J7WRR4,0,0,0,0,0,0,1
A0A8S5SH46,0,0,0,0,0,0,0
A0A8S5TDW9,0,0,0,0,0,0,1
E7DYQ6,0,0,0,0,0,0,0
G8I5D9,0,0,0,0,0,0,1
H0UST3,0,0,0,0,0,0,1
K7P6P6,0,0,0,0,0,0,0
K7P7J2,0,0,0,0,0,0,0
Q08J69,0,0,0,0,0,0,0
Q77WA5,0,0,0,0,0,0,0
T1SAN6,0,0,0,0,0,0,1
V5YSU2,0,0,0,0,0,0,1
A0A077KET4,0,0,0,0,0,0,0
A0A0D4DBR3,0,0,0,0,0,0,0
A0A0N7C1N3,0,0,0,0,0,0,0
A0A0P0ZAS3,0,0,0,0,0,0,0
A0A0P0ZC08,0,0,0,0,0,0,0
A0A160DEQ4,0,0,0,0,0,0,0
A0A1U9AJ52,0,0,0,0,0,0,0
A0A4Y1NS13,0,0,0,0,0,0,0
A0A5B9MWA0,0,0,0,0,0,0,0
A0A6G9LJF2,0,0,0,0,0,0,0
A0A6J5KL41,0,0,0,0,0,0,0
A0A6J5M2V4,0,0,0,0,0,0,1
A0A8S5NF13,0,0,0,0,0,0,0
A0A8S5NWQ8,0,0,0,0,0,0,0
A0A9E8M5W4,0,0,0,0,0,0,0
A0AA51VJJ8,0,0,0,0,0,0,1
E7DYQ7,0,0,0,0,0,0,0
I3WTZ9,0,0,0,0,0,0,0
T1S9J3,0,0,0,0,0,0,1
A0A0F6TJM5,0,0,0,0,0,0,0
A0A0N7BSQ3,0,0,0,0,0,0,0
A0A0N7KZC6,0,0,0,0,0,0,0
A0A0P0ZDN8,0,0,0,0,0,0,0
A0A1I9LJC3,0,0,0,0,0,0,0
A0A2H4JAT5,0,0,0,0,0,0,0
A0A6J5NM59,0,0,0,0,0,1,1
A0A6J5NVH2,0,0,0,0,0,0,0
A0A6J7W5L8,0,0,0,0,0,0,0
A0A889IR57,0,0,0,0,0,0,1
A0A8S5LBP9,0,0,0,0,0,0,0
A0A8S5P6U8,0,0,0,0,0,0,0
B6DZS1,0,0,0,0,0,0,0
G3CFG6,0,0,0,0,0,0,0
I7IDJ1,0,0,0,0,0,0,0
K7P7E1,0,0,0,0,0,0,0
K7PLT1,0,0,0,0,0,0,0
Q5QF66,0,0,0,0,0,0,0
A0A8S5LZY0,0,0,0,0,0,1,0
A0AAX3ZXF1,0,0,0,0,0,0,1
I7HHN1,0,0,0,0,0,0,0
K7PHK0,0,0,0,0,0,0,0
Q854H9,0,0,0,0,0,0,1
K7PMH8,0,0,0,0,0,0,0
Q9AZ40,0,0,0,0,0,0,0
A0A346FJ43,0,0,0,0,0,0,0
K7P8A1,0,0,0,0,0,0,0
Q858E8,0,0,0,0,0,0,1
Q9MCR4,0,0,0,0,0,0,0
A0A8S5P096,0,0,0,0,0,0,0
A0A8S5NSB2,0,0,0,0,0,0,0
A0A142DVT1,0,0,0,0,0,0,0
A0A2X0RU06,0,0,0,0,0,0,0
A0A8S5MHS4,0,0,0,0,0,0,0
A0A8S5QDW4,0,0,0,0,0,0,1
A0A223VZV8,1,1,1,1,0,1,1
J9PWJ0,1,0,0,1,0,1,1
A0A1D7SBF8,1,1,0,1,0,1,1
Q30L73,1,1,0,1,0,1,1
A0A6G8R6M2,1,1,0,1,0,1,1
L7TIH5,1,1,1,1,1,1,1
D9J0U7,1,0,0,1,0,1,1
A0A2Z5H9V8,1,1,1,1,1,1,1
A0A3Q9R5D2,1,1,0,1,0,1,1
A0A873WGH9,1,1,0,1,0,1,1
G9B1K4,1,0,0,1,0,1,1
I6PC46,1,1,0,1,0,1,1
K7QNK2,1,1,0,1,0,1,1
W0TWH5,1,1,0,1,0,1,1
W5RAR4,1,0,0,1,0,1,1
A0A1D7SY18,1,1,0,1,0,1,1
A0A1S6KVX6,1,1,0,1,0,1,1
A0A1X9SJ76,1,1,0,1,0,1,1
A0A1D7SYV3,1,1,0,1,0,1,1
A0A8E4CDM1,1,1,0,1,0,1,1
A0A076YPH8,1,1,0,1,0,1,1
A0A0D3MV13,1,1,0,1,0,1,1
A0A1D8KNP2,1,1,0,1,0,1,1
A0A3G1SV81,1,1,0,1,0,1,1
J9PTU9,1,0,0,1,0,1,1
A0A1S6UAR0,1,1,1,1,1,1,1
A0A346FKJ1,1,1,0,1,0,1,1
A0A7G7WVQ0,1,1,0,1,0,1,1
K7R5U2,1,1,0,1,0,1,1
Q4Z9W4,1,1,0,1,0,1,1
A0A4Y5JVE1,1,1,0,1,0,0,1
A0A5C0CDM0,1,1,0,1,1,1,1
A0A7T7Z8I2,1,1,0,1,1,1,1
A0AAU8GGE7,1,1,0,1,1,1,1
A0A248A8F0,1,1,0,1,1,1,1
A0A5C0CCA0,1,1,0,1,1,1,1
A0A5C0CCU9,1,1,0,1,1,1,1
I7B257,1,1,0,1,1,1,1
A0A193GY31,1,1,0,1,1,1,1
A0A2H4PP56,1,1,0,1,1,1,1
A0A2Z5HLB1,1,1,0,1,1,1,1
A0AAU8GLM0,1,1,0,1,1,1,1
A0A678PBH2,1,1,0,1,1,1,1
A0A8S5QGP3,1,1,0,1,0,1,1
A0AAU8EI60,1,1,0,1,0,1,1
A0A8S5LQA1,1,0,0,0,0,1,1
A0A8S5TJ63,1,0,0,0,0,1,1
A0A481Z8W0,0,0,0,0,0,0,1
A0A8S5R9I5,0,0,0,0,0,1,0
A0A8S5RQB3,0,0,0,0,0,0,0
A0A8S5RNI2,0,0,0,0,0,0,0
A0A8S5ST61,0,0,0,0,0,0,1
A0A8S5TUH6,0,0,0,0,0,0,1
A0AB39U2F7,0,0,0,0,0,0,1
A0A8S5NAG4,0,0,0,0,0,0,0
Q9ZWV9,0,0,0,0,0,0,1
A0A8S5RP79,0,0,0,0,0,0,0
A0A8S5TY24,0,0,0,0,0,0,0
Q3BLW3,0,0,0,0,0,0,0
A0A8S5RCG0,0,0,0,0,0,0,0
A0A8S5V727,0,0,0,0,0,0,1
A0A0K1Y8K8,0,0,0,0,0,0,0
A0A8S5NNF9,0,0,0,0,0,0,0
A0A8S5M4P6,0,0,0,0,0,1,0
A0A8S5Q1V5,0,0,0,0,0,1,0
A0A8D9PGQ3,0,0,0,0,0,0,1
A0ABM9HVJ9,0,0,0,0,0,0,1
A0A8S5R5T3,0,0,0,0,0,0,1
Q859R3,0,0,0,0,0,0,0
A0A0F7L5T4,0,0,0,0,0,0,0
A0AAT9J9C2,0,0,0,0,0,0,1
A0AAT9JFQ0,0,0,0,0,0,0,1
A0AAT9J8Y6,0,0,0,0,0,0,1
A0A8S5RE44,0,0,0,0,0,0,0
A0A8S5RL38,0,0,0,0,0,0,0
A0AB38ZLI8,0,0,0,0,0,0,1
A0A3S7HQI5,0,0,0,0,0,0,0
A0AAU6W557,0,0,0,0,0,0,0
A0A1D8H0E3,0,0,0,0,0,0,0
A0A8S5PJF5,0,0,0,0,0,0,0
A0AAT9JC56,0,0,0,0,0,0,1
A0AAU6W436,0,0,0,0,0,0,0
A0A8S5RDZ7,0,0,0,0,0,0,0
A0AA50AEG4,0,0,0,0,0,0,1
A0A8S5QUX4,0,0,0,0,0,0,0
A0A8S5RLX6,0,0,0,0,0,0,0
Q0ZP35,0,0,0,0,0,0,0
O55248,0,0,0,0,0,0,1
A0A8S5SPJ2,0,0,0,0,0,1,0
A0A8S5RFN1,0,0,0,0,0,0,1
A0AB74UNZ6,0,0,0,0,0,0,1
Q9ZXG6,0,0,0,0,0,1,0
A0A1B0VP19,0,0,0,0,0,0,0
A0AA49X3E6,0,0,0,0,0,0,0
A0AB39BZ33,0,0,0,0,0,1,1
Q38086,0,0,0,0,0,0,0
A0A410S833,0,0,0,0,0,0,0
A0AA49X3J5,0,0,0,0,0,0,0
Q0GYE5,0,0,0,0,0,0,0
A0AAT9J7X9,0,0,0,0,0,0,0
A0A1B1V5H2,0,0,0,0,0,0,0
A0A346TPL2,0,0,0,0,0,0,0
A0ABM8Y518,0,0,0,0,0,0,0
A0A126FC53,0,0,0,0,0,0,0
A0A2Z4HI24,0,0,0,0,0,0,0
Q0N430,0,0,0,0,0,0,0
A0A8S5MFT0,0,0,0,0,0,0,1
A0A288QPP2,0,0,0,0,0,0,0
A0AAU7PFN4,0,0,0,0,0,0,1
C3VNX2,0,0,0,0,0,0,0
A0A5C0CAQ4,0,0,0,0,0,0,0
A0AAT9JCG8,0,0,0,0,0,0,1
A0A1S5Y2X7,0,0,0,0,0,0,1
A0AB39BZ74,0,0,0,0,0,1,1
Q77RJ7,0,0,0,0,0,0,0
A0A9E7IPT3,0,0,0,0,0,0,1
A0AAN0LHK8,0,0,0,0,0,0,0
Q56VN7,0,0,0,0,0,0,0
Q91BF1,0,0,0,0,0,0,0
M1J4A4,0,0,0,0,0,0,0
A0A7D2LKR4,0,0,0,0,0,0,0
A0A8E7FPS5,0,0,0,0,0,0,0
A0A3G4S8X9,0,0,0,0,0,0,0
A0ABX6TRH0,0,0,0,0,0,0,0
A0A481Z649,0,0,0,0,0,0,0
A0A482EQW3,0,0,0,0,0,0,0
A0A8S5LY27,0,0,0,0,0,0,0
A0A097P8Z7,0,0,0,0,0,0,0
A0A6J5L677,0,0,0,0,0,0,0
A0A8S5SST6,0,0,0,0,0,0,0
A0AAE7MUG4,0,0,0,0,0,0,0
A0A0E3GIB9,0,0,0,0,0,0,0
A0A0E3JA45,0,0,0,0,0,0,0
A0A8S5T584,0,0,0,0,0,0,1
A0AAX3AWJ8,0,0,0,0,0,0,0
C3TWX7,0,0,0,0,0,0,0
Q91BW3,0,0,0,0,0,0,0
A0AAE9VDN1,0,0,0,0,0,0,0
A0A059T666,0,0,0,0,0,0,0
A0A0N7CRL6,0,0,0,0,0,0,0
A0A9E7LPW2,0,0,0,0,0,0,0
A0A0B5CTW8,0,0,0,0,0,0,0
A0A2U8UUS5,0,0,0,0,0,0,0
Q0IL30,0,0,0,0,0,0,0
A0AAU7J7N8,0,0,0,0,0,0,1
A0AAU7J7Y8,0,0,0,0,0,0,1
A0A0B4UK99,0,0,0,0,0,0,0
A0A8S5TZT4,0,0,0,0,0,0,1
T1QZ73,0,0,0,0,0,0,0
V9XTJ1,0,0,0,0,0,0,0
A0A0E3JAD2,0,0,0,0,0,0,0
A0A346RNT0,0,0,0,0,0,0,0
A0A346TQ25,0,0,0,0,0,0,0
A0A6J5NI31,0,0,0,0,0,0,1
A0A8S5QBR9,0,0,0,0,0,0,0
A0A8S5QZ00,0,0,0,0,0,0,0
A0AAE9LNI9,0,0,0,0,0,0,0
D4N2B9,0,0,0,0,0,0,0
Q4KT04,0,0,0,0,0,0,0
S5MKW5,0,0,0,0,0,0,0
A0AA49X1W2,0,0,0,0,0,0,1
A0A481V7D4,0,0,0,0,0,0,0
A0AAE7T2D0,0,0,0,0,0,0,0
A0AAT9J7R1,0,0,0,0,0,0,1
A0EYW4,0,0,0,0,0,0,0
B0FDT8,0,0,0,0,0,0,0
L0CLM0,0,0,0,0,0,0,0
T1QZZ2,0,0,0,0,0,0,0
W0UXI8,0,0,0,0,0,0,0
A0A0S3J020,0,0,0,0,0,0,0
A0A2H4UZV6,0,0,0,0,0,0,0
A0A3G2JU19,0,0,0,0,0,0,0
A0A8S5MTZ9,0,0,0,0,0,0,0
A0A8S5N741,0,0,0,0,0,0,0
A0A8S5TNU2,0,0,0,0,0,0,1
A0A8S5TP74,0,0,0,0,0,0,0
A0A9E7YIV7,0,0,0,0,0,0,0
A0AAF1DB54,0,0,0,0,0,0,0
Q8V5S6,0,0,0,0,0,0,0
A0A075TZ37,0,0,0,0,0,0,0
A0A0A7KTF2,0,0,0,0,0,0,0
A0A0S3IYA7,0,0,0,0,0,0,0
A0A2H4JDJ8,0,0,0,0,0,0,0
A0A6B7KH68,0,0,0,0,0,0,0
A0A8S5PLZ4,0,0,0,0,0,0,0
Q461Z5,0,0,0,0,0,0,0
U3RAT4,0,0,0,0,0,0,0
K4GHJ0,0,0,0,0,0,0,0
Q80LN5,0,0,0,0,0,0,0
A8ASM0,0,0,0,0,0,0,1
I6V9E9,0,0,0,0,0,0,0
U3RDM2,0,0,0,0,0,0,0
A0A1C8ZY97,0,0,0,0,0,0,0
A0A1C8ZZ01,0,0,0,0,0,0,0
A0A5B8YT09,0,0,0,0,0,0,0
A0A8S5N5Y0,0,0,0,0,0,0,0
A0AAE7T1S2,0,0,0,0,0,0,0
A0AAE8XTW9,0,0,0,0,0,0,0
Q7TDH8,0,0,0,0,0,0,0
A0A6B9CHE1,0,0,0,0,0,0,0
A0A8S5NB44,0,0,0,0,0,0,0
A0AAE6H373,0,0,0,0,0,0,1
A0ABM8Y4T3,0,0,0,0,0,0,0
B6D613,0,0,0,0,0,0,0
A0A2Z6C5D3,0,0,0,0,0,0,0
A0ABM8Y4Z2,0,0,0,0,0,0,0
A0A0A1E728,0,0,0,0,0,0,0
A0A1C8ZX84,0,0,0,0,0,0,0
A0A5J6TT38,0,0,0,0,0,0,1
B5X068,0,0,0,0,0,0,0
S5N9A0,0,0,0,0,0,0,0
A0A8S5S8Q9,0,0,0,0,0,0,0
Q8V6N8,0,0,0,0,0,0,0
V9LSZ0,0,0,0,0,0,0,0
A0A6G9RW45,0,0,0,0,0,0,0
A0A6J5KYX4,0,0,0,0,0,0,0
A0AAE9BVL7,0,0,0,0,0,0,0
A0AAE9BWK5,0,0,0,0,0,0,0
A0A224AUK0,0,0,0,0,0,0,0
A0A1S5SFI5,0,0,0,0,0,0,0
A0AAE9BXP2,0,0,0,0,0,0,0
R4TLK0,0,0,0,0,0,0,0
A0A0M3WNM7,0,0,0,0,0,0,0
A0AAE8XUT6,0,0,0,0,0,0,0
A0AAE8XVN4,0,0,0,0,0,0,0
R4TJH3,0,0,0,0,0,0,0
O92441,0,0,0,0,0,0,0
A0A0B4ZZU7,0,0,0,0,0,0,0
A0A6B9JGC5,0,0,0,0,0,1,0
A0A9W3USL6,0,0,0,0,0,0,0
A0AAE8XRM3,0,0,0,0,0,0,0
A0AAE9BV32,0,0,0,0,0,0,0
A0AAE9BY80,0,0,0,0,0,0,0
A0A8S5T476,0,0,0,0,0,0,0
A0A2P0QED0,0,0,0,0,0,0,0
A0A8S5V8J1,0,0,0,0,0,0,1
A0AA96J2R0,0,0,0,0,0,0,0
Q8B9H7,0,0,0,0,0,0,0
A0A8S5R6W6,0,0,0,0,0,0,1
A0A8F8PNE7,0,0,0,0,0,0,0
Q6VTR7,0,0,0,0,0,0,0
A0A8E8H231,0,0,0,0,0,0,0
V9THC3,0,0,0,0,0,0,0
Q9Q0A8,0,0,0,0,0,0,0
A0A8S5MXY5,0,0,0,0,0,0,0
A0A8S5V633,0,0,0,0,0,0,0
I6NV42,0,0,0,0,0,0,1
A1YJ74,0,0,0,0,0,0,0
Q2NNZ8,0,0,0,0,0,0,0
A0A0A0Z131,0,0,0,0,0,0,0
A0A2S1XBB6,0,0,0,0,0,0,0
Q91GI4,0,0,0,0,0,0,0
A0AA86Y9X7,0,0,0,0,0,0,0
C5IHJ9,0,0,0,0,0,0,0
A0A8S5U527,0,0,0,0,0,0,0
A0A8S5LLM5,0,0,0,0,0,0,0
A0A8S5MHX7,0,0,0,0,0,0,1
A0AAU8GNM2,0,0,0,0,0,0,1
A0A8S5T546,0,0,0,0,0,0,0
I6XGB4,0,0,0,0,0,0,0
A0A6J5KRI7,0,0,0,0,0,0,0
A0A6J5Q7R7,0,0,0,0,0,0,0
A0AAE9C3S3,0,0,0,0,0,0,1
A0AAN0LW79,0,0,0,0,0,0,1
Q6V7T2,0,0,0,0,0,0,0
A0A481VWQ3,0,0,0,0,0,0,0
A0A516KPH4,0,0,0,0,0,0,0
A0A6B9LII6,0,0,0,0,0,0,1
A0A8S5TQV5,0,0,0,0,0,0,0
A0A6B9LCH9,0,0,0,0,0,0,1
A0A2Z4Q5V7,0,0,0,0,0,0,0
A0A2Z4Q9C4,0,0,0,0,0,0,0
A0A6J5LPV2,0,0,0,0,0,0,0
A0A6J5P9H9,0,0,0,0,0,0,0
A0A8S5QKV0,0,0,0,0,0,0,0
A0A8S5T1S9,0,0,0,0,0,0,1
A0AAU8GLP3,0,0,0,0,0,0,1
A0A345GTY2,0,0,0,0,0,0,0
A0A3G3E631,0,0,0,0,0,0,1
A0A649VAT4,0,0,0,0,0,0,0
A0A8S5VAK1,0,0,0,0,0,0,0
W5VKG4,0,0,0,0,0,0,0
Q6JPC6,0,0,0,0,0,0,1
Q9YMP1,0,0,0,0,0,0,0
A0A0R7EYW4,0,0,0,0,0,0,0
A0A2I7G2W4,0,0,0,0,0,0,1
A0A2U8UJC2,0,0,0,0,0,1,0
A0A2U8UPM6,0,0,0,0,0,0,1
A0A2Z4Q9U2,0,0,0,0,0,0,1
A0A385DVV8,0,0,0,0,0,0,1
A0A3G3M7V0,0,0,0,0,0,0,0
A0A3G3MA68,0,0,0,0,0,0,0
A0A514DHK5,0,0,0,0,0,0,1
A0A5P8D8S0,0,0,0,0,0,0,1
A0A5Q2WDU6,0,0,0,0,0,0,1
A0A649VMY8,0,0,0,0,0,0,1
A0A649VNT5,0,0,0,0,0,0,1
A0A7L7SNS6,0,0,0,0,0,0,1
A0A9E7SWL0,0,0,0,0,0,0,0
A0AA96H0X5,0,0,0,0,0,0,1
A0AAE8BMA3,0,0,0,0,0,0,1
A0ABY5T7N9,0,0,0,0,0,0,0
A0A2Z4Q6A3,0,0,0,0,0,0,1
A0A3G3M8W8,0,0,0,0,0,0,0
A0A3G3M9J1,0,0,0,0,0,0,1
A0A3G3MAE2,0,0,0,0,0,0,1
A0A514DIU3,0,0,0,0,0,0,0
A0A5P8D6M6,0,0,0,0,0,0,1
A0A6B9QQY4,0,0,0,0,0,0,1
A0A7G8LKK0,0,0,0,0,0,0,1
A0A7G8LM97,0,0,0,0,0,0,0
A0A9E7E4Q6,0,0,0,0,0,0,0
Q6JKB5,0,0,0,0,0,0,1
A0A345MHX9,0,0,0,0,0,0,1
A0A385DWP0,0,0,0,0,0,0,0
A0A3G3MBN3,0,0,0,0,0,0,1
A0A3G3MBP4,0,0,0,0,0,0,1
A0A514DEM3,0,0,0,0,0,0,1
A0A516KUT1,0,0,0,0,0,0,1
A0A649VRU6,0,0,0,0,0,0,0
A0A649VXR3,0,0,0,0,0,0,0
A0A7G8LDY2,0,0,0,0,0,0,1
A0A7G8LL97,0,0,0,0,0,0,0
A0A7T0M109,0,0,0,0,0,0,1
A0A899IRW0,0,0,0,0,0,0,1
A0A8A5LIV4,0,0,0,0,0,0,1
A0AAE7FAH8,0,0,0,0,0,0,1
A0AAE7XDX1,0,0,0,0,0,0,1
X5GEA8,0,0,0,0,0,0,0
A0A142K9V0,0,0,0,0,0,0,1
A0A2U8UHW1,0,0,0,0,0,0,1
A0A385DMT3,0,0,0,0,0,0,1
A0A4Y6ELX1,0,0,0,0,0,0,1
A0A515ML09,0,0,0,0,0,0,0
A0A649VU92,0,0,0,0,0,0,1
A0A7G3V985,0,0,0,0,0,0,0
A0A7G3VBF2,0,0,0,0,0,0,1
A0A7G9A0X2,0,0,0,0,0,0,1
A0A8F3E9V8,0,0,0,0,0,0,1
A0A976UE81,0,0,0,0,0,0,0
A0A9E7T0Y4,0,0,0,0,0,0,1
A0A0H4THC0,0,0,0,0,0,0,1
A0A2U9PFV8,0,0,0,0,0,0,1
A0A345KPF9,0,0,0,0,0,0,0
A0A3G3M7W0,0,0,0,0,0,0,1
A0A3G3M925,0,0,0,0,0,0,1
A0A3G3M9F6,0,0,0,0,0,0,0
A0A514DDE9,0,0,0,0,0,0,1
A0A514DHX8,0,0,0,0,0,0,0
A0A6J5SSD5,0,0,0,0,0,0,0
A0A7T1KS95,0,0,0,0,0,0,1
A0A976U9R4,0,0,0,0,0,0,0
A0A977PQ41,0,0,0,0,0,0,0
A0AAX4RAM5,0,0,0,0,0,0,0
A0A649VK13,0,0,0,0,0,0,1
A0A8T8JBK3,0,0,0,0,0,0,1
A0AAE7VCP8,0,0,0,0,0,0,0
A0A6M6R532,0,0,0,0,0,0,0
A0A2H4UX80,0,0,0,0,0,0,1
A0A2K9VSB5,0,0,0,0,0,0,0
A0A411CSF5,0,0,0,0,0,0,0
A0AA96KMN2,0,0,0,0,0,0,0
A4L243,0,0,0,0,0,0,0
A0A2D1GEX1,0,0,0,0,0,0,1
A0A514DI47,0,0,0,0,0,0,1
A0A7L7SZL6,0,0,0,0,0,0,1
A0A9E7QBJ0,0,0,0,0,0,0,0
A0AA50ACJ9,0,0,0,0,0,0,1
A1YRC2,0,0,0,0,0,0,0
A0A7G9UXQ3,0,0,0,0,0,0,1
A0AA49X4A2,0,0,0,0,0,0,1
A0A162GUS0,0,0,0,0,0,0,0
A0A2L0HJL4,0,0,0,0,0,0,1
A0A7T1KSA4,0,0,0,0,0,1,1
A0AB39J7I3,0,0,0,0,0,0,0
A8WA40,0,0,0,0,0,0,1
Q7TLS5,0,0,0,0,0,0,0
A0A8S5LPI6,0,0,0,0,0,0,1
A0A8S5VXD8,0,0,0,0,0,0,1
A0A2L0WU36,0,0,0,0,0,0,0
A0A2U7U8G2,0,0,0,0,0,0,1
A0A8S5UVA3,0,0,0,0,0,0,0
A0AAE6R628,0,0,0,0,0,0,0
A0A068LK97,0,0,0,0,0,0,0
A0A8S5MBJ1,0,0,0,0,0,0,0
A0A8S5QLW2,0,0,0,0,0,0,1
A0A8S5SN67,0,0,0,0,0,0,0
A0A8S5VII6,0,0,0,0,0,0,1
A0A6J7WXX5,0,0,0,0,0,0,1
A0A8S5UKH8,0,0,0,0,0,0,1
A0AA49CJ71,0,0,0,0,0,0,0
A0ABY0JYM2,0,0,0,0,0,0,0
Q1HH22,0,0,0,0,0,0,0
A0A6J5NSB2,0,0,0,0,0,0,0
A0A6J5Q9P0,0,0,0,0,0,0,0
A0A8S5PVI3,0,0,0,0,0,0,1
A0A8S5RND0,0,0,0,0,0,0,1
Q8JM48,0,0,0,0,0,0,0
A0A5K7XX21,0,0,0,0,0,0,0
A0A6J5KP98,0,0,0,0,0,0,0
A0A6J5LZH1,0,0,0,0,0,0,0
A0A811BNH3,0,0,0,0,0,0,1
A0A8S5V6B3,0,0,0,0,0,0,1
A0A8S5VL71,0,0,0,0,0,0,1
M1IPJ8,0,0,0,0,0,0,0
A0A6J5LFB4,0,0,0,0,0,0,0
S4VU67,0,0,0,0,0,0,1
A0A6J5LZT4,0,0,0,0,0,0,0
A0A6J7VM89,0,0,0,0,0,0,0
A0A6J7WS34,0,0,0,0,0,0,0
A0A1B1IVX3,0,0,0,0,0,0,0
A0A6G6XJY6,0,0,0,0,0,0,1
E5E3T0,0,0,0,0,0,0,0
A0A9E7MMV8,0,0,0,0,0,0,1
Q6J7Y2,0,0,0,0,0,0,0
Q6TDM9,0,0,0,0,0,0,1
A0A1L2BWW5,0,0,0,0,0,1,1
A0A8S5MFC2,0,0,0,0,0,0,1
A0A4Y6E9W6,0,0,0,0,0,0,0
A0A2D1GG84,0,0,0,0,0,0,0
A0A3G2KD80,0,0,0,0,0,0,0
A0A3G2KH06,0,0,0,0,0,0,0
A0A3G2KHL0,0,0,0,0,0,0,0
A0A3G2KIH7,0,0,0,0,0,0,0
A0A5J6TX17,0,0,0,0,0,0,0
A0A5Q2WC53,0,0,0,0,0,0,0
L7XYF8,0,0,0,0,0,0,0
A0A0U4JKN8,0,0,0,0,0,0,0
A0A160DEI1,0,0,0,0,0,0,0
A0A222ZFK1,0,0,0,0,0,0,0
A0A345MIU1,0,0,0,0,0,0,0
A0A3G2KFD3,0,0,0,0,0,0,0
A0A8S5NY32,0,0,0,0,0,0,0
A0A8S5S462,0,0,0,0,0,0,0
A0A076FHB8,0,0,0,0,0,0,0
A0A160DFP2,0,0,0,0,0,0,0
A0A1B3AYG5,0,0,0,0,0,0,0
A0A3G2KFB5,0,0,0,0,0,0,0
A0A3G2KHY0,0,0,0,0,0,0,0
A0A410TD49,0,0,0,0,0,0,0
A0A160DEY0,0,0,0,0,0,0,0
A0A160DF97,0,0,0,0,0,0,0
A0A3G2KF11,0,0,0,0,0,0,0
A0A482JH62,0,0,0,0,0,0,0
A0A142K959,0,0,0,0,0,0,0
A0A1I9SCA2,0,0,0,0,0,0,1
A0A385D4I0,0,0,0,0,0,0,0
A0A411CQ20,0,0,0,0,0,0,1
A0A481VXV0,0,0,0,0,0,0,0
A0A481VYF2,0,0,0,0,0,0,0
A0A481VZC9,0,0,0,0,0,0,1
A0A6M3TC54,0,0,0,0,0,0,0
A0AAE8XJL4,0,0,0,0,0,0,0
A0AAE8YK95,0,0,0,0,0,0,1
G3M5E5,0,0,0,0,0,0,1
M4W6X8,0,0,0,0,0,0,0
A0A0M4QVD5,0,0,0,0,0,0,0
A0A0U4JUW5,0,0,0,0,0,0,0
A0A142K7H9,0,0,0,0,0,0,1
A0A142K7W7,0,0,0,0,0,0,0
A0A222Z3G4,0,0,0,0,0,0,0
A0A2H4PFS5,0,0,0,0,0,0,1
A0A385D5I4,0,0,0,0,0,0,0
A0A386KLI4,0,0,0,0,0,0,0
A0A4Y6EME7,0,0,0,0,0,0,0
A0A7G8LK08,0,0,0,0,0,0,0
A0A7G8LQT0,0,0,0,0,0,0,0
A0A8A5LS48,0,0,0,0,0,0,0
A0A976YF97,0,0,0,0,0,0,0
A0A0U4B6G6,0,0,0,0,0,0,0
A0A0U4IWG1,0,0,0,0,0,0,0
A0A142K841,0,0,0,0,0,0,1
A0A222Z1Z2,0,0,0,0,0,0,0
A0A222Z950,0,0,0,0,0,0,0
A0A5B8WMD1,0,0,0,0,0,0,0
A0A5J6TE20,0,0,0,0,0,0,1
A0A6G8R2E5,0,0,0,0,0,0,0
A0A6G9LDU4,0,0,0,0,0,0,0
A0A6J5N9Z3,0,0,0,0,0,0,0
A0A8F3E5Q3,0,0,0,0,0,0,0
A0AA48V688,0,0,0,0,0,0,1
A0AA49E4W4,0,0,0,0,0,0,0
A0AA49GZH5,0,0,0,0,0,0,0
A0AA96GUP2,0,0,0,0,0,0,0
E0YQ48,0,0,0,0,0,0,0
A0A097EYS6,0,0,0,0,0,0,0
A0A0U4JYU9,0,0,0,0,0,0,0
A0A222Z898,0,0,0,0,0,0,0
A0A222ZL02,0,0,0,0,0,0,0
A0A2Z5HGA6,0,0,0,0,0,0,0
A0A3S9UPZ0,0,0,0,0,0,0,0
A0A481VUF2,0,0,0,0,0,0,0
A0A514A5I5,0,0,0,0,0,0,0
A0A7G3WHY3,0,0,0,0,0,0,0
B5U3B6,0,0,0,0,0,0,0
A0A140G761,0,0,0,0,0,0,0
A0A142K7B0,0,0,0,0,0,0,0
A0A481VZ56,0,0,0,0,0,0,1
A0A481W120,0,0,0,0,0,0,1
A0A5B8WJ43,0,0,0,0,0,0,0
A0AA48V5V6,0,0,0,0,0,0,1
A0AA48V5Z7,0,0,0,0,0,0,1
A0AA96HWF1,0,0,0,0,0,0,0
A0A8S5R3E4,0,0,0,0,0,0,0
A0A8S5THD1,0,0,0,0,0,0,0
Q287H9,0,0,0,0,0,0,0
A0A8S5T3M2,0,0,0,0,0,0,0
A0A8S5U5C4,0,0,0,0,0,0,0
A0AAU8AV14,0,0,0,0,0,0,0
A0A8S5MCY3,0,0,0,0,0,0,0
A0A8S5UZH6,0,0,0,0,0,0,1
A0A8S5LGD1,0,0,0,0,0,0,0
A0A8S5M1C3,0,0,0,0,0,0,1
I3XMB4,0,0,0,0,0,0,0
Q919Q1,0,0,0,0,0,0,1
Q9J855,0,0,0,0,0,0,0
Q8QLC8,0,0,0,0,0,0,0
A0A6J5NWX9,0,0,0,0,0,0,1
A0A8S5RC67,0,0,0,0,0,0,1
I3WEY3,0,0,0,0,0,0,0
A0A1V0SKR3,0,0,0,0,0,0,0
A0A6M9TZY4,0,0,0,0,0,0,0
A0A068LKF9,0,0,0,0,0,0,0
A0A2L0WTZ0,0,0,0,0,0,0,0
A0A1S5YE08,0,0,0,0,0,0,0
A0A2H4T2R1,0,0,0,0,0,0,1
A0A7U3U867,0,0,0,0,0,0,0
A0A9E8BVZ8,0,0,0,0,0,0,0
A0A097DAT3,0,0,0,0,0,0,0
A0A0C5AQ93,0,0,0,0,0,0,0
A0A0K0WS97,0,0,0,0,0,0,0
A0A0S3IUX4,0,0,0,0,0,0,1
A0A0S3IXF2,0,0,0,0,0,0,1
A0A346TPX9,0,0,0,0,0,0,0
A0A977XU70,0,0,0,0,0,0,0
A0AAF1D2A1,0,0,0,0,0,0,0
A5IZU9,0,0,0,0,0,0,1
F4ZKW8,0,0,0,0,0,0,0
Q8JRW0,0,0,0,0,0,0,0
U5KB67,0,0,0,0,0,0,0
A0A0S3IXD3,0,0,0,0,0,0,1
Q6JKC9,0,0,0,0,0,0,0
Q9DVU4,0,0,0,0,0,0,0
X5GE93,0,0,0,0,0,0,0
A0A162GU42,0,0,0,0,0,0,1
A0A1B2CS72,0,0,0,0,0,0,0
A0A1L5JGS2,0,0,0,0,0,0,0
A0A2K9VS56,0,0,0,0,0,0,0
A0A481SFB6,0,0,0,0,0,0,0
A0AAE7SXR2,0,0,0,0,0,0,0
A1YRG4,0,0,0,0,0,0,0
K4EQ31,0,0,0,0,0,0,0
Q1A4L0,0,0,0,0,0,0,0
A0A0B4VGK8,0,0,0,0,0,0,0
A0A0S3J182,0,0,0,0,0,0,1
A0A161C729,0,0,0,0,0,0,0
A0ABX6TR39,0,0,0,0,0,0,0
A0A097P979,0,0,0,0,0,0,1
A0A0S3IW82,0,0,0,0,0,0,1
A0A6H0X5Q8,0,0,0,0,0,0,0
A0A6N1NMX1,0,0,0,0,0,0,0
A0A8S5VGD0,0,0,0,0,0,0,0
A0AAE6H2X6,0,0,0,0,0,0,1
A0AAE9LNK4,0,0,0,0,0,0,1
D2J4Q7,0,0,0,0,0,0,0
L0CK54,0,0,0,0,0,0,0
S5MKS6,0,0,0,0,0,0,1
V9XTN9,0,0,0,0,0,0,1
D4I5U6,0,0,0,0,0,0,0
A9JM18,0,0,0,0,0,0,0
Q0GY92,0,0,0,0,0,0,0
A0A1B2CSJ6,0,0,0,0,0,0,1
A0A1C8ZX52,0,0,0,0,0,0,0
A0A3G2JTS8,0,0,0,0,0,0,0
B6D5W1,0,0,0,0,0,0,0
S5MK82,0,0,0,0,0,0,1
T1QZT2,0,0,0,0,0,0,0
A0A0A7KR32,0,0,0,0,0,0,0
A0AAE8YEV6,0,0,0,0,0,0,0
A9YMW8,0,0,0,0,0,0,0
Q06KD9,0,0,0,0,0,0,1
A0A0B4ULY3,0,0,0,0,0,0,1
A0A120L165,0,0,0,0,0,0,0
A0A1C8ZXI5,0,0,0,0,0,0,0
A0A346QW45,0,0,0,0,0,0,0
A0A8S5LL92,0,0,0,0,0,0,1
T1R0B2,0,0,0,0,0,0,0
A0A0S3J082,0,0,0,0,0,0,1
A0A109WXR4,0,0,0,0,0,0,0
A0A8S5RS72,0,0,0,0,0,0,0
A0A1L5JGR7,0,0,0,0,0,0,0
A0A288WIT3,0,0,0,0,0,0,0
A0A2Z6C5F6,0,0,0,0,0,0,1
A0A6B7KH88,0,0,0,0,0,0,0
Q4KSV3,0,0,0,0,0,0,0
Q9DVS7,0,0,0,0,0,0,1
A0A0K0WSB6,0,0,0,0,0,0,1
A0A0R7EYU7,0,0,0,0,0,0,0
A0A6N0C1L3,0,0,0,0,0,0,0
A0AAX3AUH2,0,0,0,0,0,0,1
A7IXN6,0,0,0,0,0,0,1
C3VP22,0,0,0,0,0,0,0
Q0N3Y5,0,0,0,0,0,0,0
A0A1D8QLF7,0,0,0,0,0,0,0
A0A346TPR2,0,0,0,0,0,0,1
A0A977TP40,0,0,0,0,0,0,0
A0AAE6R6I8,0,0,0,0,0,0,1
Q1A4J2,0,0,0,0,0,0,0
Q461U7,0,0,0,0,0,0,0
S5TJA8,0,0,0,0,0,0,1
A0A097DAT4,0,0,0,0,0,0,0
A0A0X9FH87,0,0,0,0,0,0,0
A0A1C8ZZF4,0,0,0,0,0,0,0
A0A2Z4HI78,0,0,0,0,0,0,1
A0A410S7Q0,0,0,0,0,0,0,0
A0A481V8X4,0,0,0,0,0,0,0
A0AAE6IQP2,0,0,0,0,0,0,1
A0AAF1D2B0,0,0,0,0,0,0,0
B0FDZ2,0,0,0,0,0,0,1
A0A0C5ASH6,0,0,0,0,0,0,0
A0A346RNY2,0,0,0,0,0,0,0
A0A8S5TYA6,0,0,0,0,0,0,0
V9IQN0,0,0,0,0,0,0,1
A0A0C5AYZ6,0,0,0,0,0,0,0
A0A6G6AGR4,0,0,0,0,0,0,0
A0A6V6ZFB8,0,0,0,0,0,0,0
A0A7R8Z3W7,0,0,0,0,0,0,0
A9JL83,0,0,0,0,0,0,0
A0A0A1DY22,0,0,0,0,0,0,0
A0A0C5AZG4,0,0,0,0,0,0,0
A0A6G7KTP8,0,0,0,0,0,0,0
A0A6G7KTV4,0,0,0,0,0,0,0
A0A894ZTL6,0,0,0,0,0,0,0
A0A0M3WNF7,0,0,0,0,0,0,0
A0A2P1EMN1,0,0,0,0,0,0,1
A0A8S5V443,0,0,0,0,0,0,0
L7RGJ3,0,0,0,0,0,0,1
A0A1S5YE75,0,0,0,0,0,0,1
A0A8S5QX20,0,0,0,0,0,0,0
A0A8S5TBJ6,0,0,0,0,0,0,0
A0EYZ6,0,0,0,0,0,0,1
Q8JMA4,0,0,0,0,0,0,0
A0A8S5T7Y5,0,0,0,0,0,0,1
A0AA49CJG6,0,0,0,0,0,0,0
D4N2I7,0,0,0,0,0,0,0
U5KBN4,0,0,0,0,0,0,0
A0A162GW49,0,0,0,0,0,0,1
A5IZW9,0,0,0,0,0,0,1
D2J4S4,0,0,0,0,0,0,0
F4ZKY6,0,0,0,0,0,0,0
A0A0B4ZUP8,0,0,0,0,0,0,0
A0A2H4V007,0,0,0,0,0,0,1
A0A481SFQ6,0,0,0,0,0,0,1
A0AAE7SYT7,0,0,0,0,0,0,0
A0AB39C7E2,0,0,0,0,0,0,0
Q8JRU5,0,0,0,0,0,0,1
A0ABC8QKA1,0,0,0,0,0,0,0
A0A3G8F1K9,0,0,0,0,0,0,1
A0AAE8XXQ9,0,0,0,0,0,0,1
C3TX19,0,0,0,0,0,0,1
A0A8S5SYK0,0,0,0,0,0,0,0
A0A976SFK9,0,0,0,0,0,0,0
B5LW91,0,0,0,0,0,0,0
K7YXM8,0,0,0,0,0,0,0
A0A6N1NRT4,0,0,0,0,0,0,0
A0AAE9CBA7,0,0,0,0,0,0,0
A0A1C9C587,0,0,0,0,0,0,1
A0A6N1NWJ8,0,0,0,0,0,0,0
A0AAE8YUC3,0,0,0,0,0,0,0
A0AAE9CAU9,0,0,0,0,0,0,0
U5J9B8,0,0,0,0,0,0,0
A0A6J5NWI4,0,0,0,0,0,0,1
Q6VTL1,0,0,0,0,0,0,1
Q2NNS4,0,0,0,0,0,0,1
A0A0R5RHM5,0,0,0,0,0,0,0
A0A2L2DI45,0,0,0,0,0,0,0
A0A3G4S908,0,0,0,0,0,0,1
Q6QH43,0,0,0,0,0,0,1
Q91GD7,0,0,0,0,0,0,1
Q9DJ42,0,0,0,0,0,0,1
A0A140HRL8,0,0,0,0,0,0,0
A0A4P8NJ25,0,0,0,0,0,0,0
A0A513WWJ7,0,0,0,0,0,0,0
A1YJ29,0,0,0,0,0,0,0
E3T5C7,0,0,0,0,0,0,0
J7H7J4,0,0,0,0,0,0,0
Q7T9S4,0,0,0,0,0,0,0
A0A077CXT2,0,0,0,0,0,0,0
A0A6H0F1Z1,0,0,0,0,0,0,0
Q287N1,0,0,0,0,0,0,0
A0A0A0YZB3,0,0,0,0,0,0,0
A0A140HR31,0,0,0,0,0,0,0
A0A7G3W7P0,0,0,0,0,0,0,0
I3XM65,0,0,0,0,0,0,0
Q9YMH1,0,0,0,0,0,0,0
V9TK09,0,0,0,0,0,0,0
A0A140HQK8,0,0,0,0,0,0,0
A0A1D8QN09,0,0,0,0,0,0,0
A0A8S5MF31,0,0,0,0,0,0,1
A0A8S5SBG9,0,0,0,0,0,0,1
M1JTI8,0,0,0,0,0,0,1
A0A193DU53,0,0,0,0,0,0,0
A0A2H4ZK97,0,0,0,0,0,0,0
A0A4Y5FG07,0,0,0,0,0,0,0
A0A8E8LC10,0,0,0,0,0,0,0
B2KWX2,0,0,0,0,0,0,0
Q7T5J6,0,0,0,0,0,0,0
W5VKL8,0,0,0,0,0,0,1
A0A6B9I5A9,0,0,0,0,0,0,0
A0A097P174,0,0,0,0,0,0,0
Q919M3,0,0,0,0,0,0,0
Q9J894,0,0,0,0,0,0,0
A0A097P0U2,0,0,0,0,0,0,0
A0A097P226,0,0,0,0,0,0,0
A0A097P2D5,0,0,0,0,0,0,0
Q80LU4,0,0,0,0,0,0,1
A0A097P2F1,0,0,0,0,0,0,1
Q7T9Q8,0,0,0,0,0,0,1
Q8QLI0,0,0,0,0,0,0,0
Q9PYS2,0,0,0,0,0,0,0
A0A2Z6C5N2,0,0,0,0,0,0,1
A0A7G7Y838,0,0,0,0,0,0,0
B6S6Z6,0,0,0,0,0,0,0
I6V066,0,0,0,0,0,0,0
K4GIL0,0,0,0,0,0,0,0
O02182,0,0,0,0,0,0,1
A0A023MIE3,0,0,0,0,0,0,0
A0A097P0W1,0,0,0,0,0,0,1
A0A224ATS3,0,0,0,0,0,0,0
A0A8F4XD23,0,0,0,0,0,0,0
Q71AF8,0,0,0,0,0,0,0
Q91EU9,0,0,0,0,0,0,0
U3RJ74,0,0,0,0,0,0,0
K9LQ61,0,0,0,0,0,0,0
Q2XSM0,0,0,0,0,0,0,0
Q6QXL7,0,0,0,0,0,0,0
A0A097DC28,0,0,0,0,0,0,0
A0A2H4ZK95,0,0,0,0,0,0,0
A0A7G7Y919,0,0,0,0,0,0,0
O92487,0,0,0,0,0,0,0
Q7T5H8,0,0,0,0,0,0,0
Q91ET0,0,0,0,0,0,0,1
Q8B9C9,0,0,0,0,0,0,0
Q6QXH5,0,0,0,0,0,0,0
A0A023MHG4,0,0,0,0,0,0,0
