model,accession,phage,metadata,host,taxonomic_level,host_reasoning,host_confidence,host_source,host_found,thermal_range,temperature,thermal_reasoning,thermal_confidence,thermal_found,paper_dir,paper_dir_size,host_paper_dir,host_paper_dir_size,duration,decision,nodes,timings,JSONDecodeError,summary_file,relevant_accession_papers,relevant_accession_dir_size,relevant_host_papers,relevant_host_dir_size,error_message
gemma4:e4b,YDI88709,Escherichia phage phiM,"{""uid"": ""3234272369"", ""accession"": ""YDI88709"", ""title"": ""RecA-like recombination protein [Escherichia phage phiM]"", ""organism"": ""Escherichia phage phiM"", ""taxonId"": 3687983, ""sequence_length"": 390, ""create_date"": ""2026/03/13"", ""update_date"": ""2026/03/13"", ""dbsource"": ""insd"", ""extra"": ""gi|3234272369|gb|YDI88709.1|"", ""host"": ""Escherichia coli"", ""country"": ""China: Tianjin"", ""collection_date"": ""Oct-2023""}",Escherichia coli,species,The metadata explicitly contains the key 'host' with the value 'Escherichia coli'.,,metadata,True,mesophile,,"The first paper explicitly states the organism was maintained under 'standard physiological conditions, with an optimal growth temperature of 37°C' and the 'overall context is the physiological environment of the human body, making the organism functionally mesophilic for therapeutic application.' The second paper also heavily features 37°C as a key incubation temperature. While the third paper suggests psychrophilic adaptation due to its Antarctic source and testing at -80°C, the majority of the detailed, functional evidence (Papers 1 and 2) points strongly to an optimal growth temperature of 37°C, which is the defining characteristic of a mesophile. Therefore, mesophile is the best classification based on the bulk of the provided data.",,True,TMP_results/accessions/YDI88709/library/accession_lit,5,TMP_results/accessions/YDI88709/library/host_lit,10,533.0899999999999,end,"[""CreateAccessionLibrary"", ""ClassifyHostMetadata"", ""CreateHostLibrary"", ""FilterRelevantLiterature"", ""FilterRelevantHostLiterature"", ""SUMMARISELITERATURE"", ""ClassifySummary""]","{""CreateAccessionLibrary"": 27.1, ""ClassifyHostMetadata"": 5.31, ""FilterRelevantLiterature"": 168.28, ""FilterRelevantHostLiterature"": 219.98, ""ClassifySummary"": 4.66}",False,TMP_results/accessions/YDI88709/summary/summary.txt,[],0,"['PMC13170677.1.txt', 'PMC13168922.1.txt', '42131215.txt']",3,
gemma4:e4b,YDD38469,Escherichia phage vB_EcoM-DCSW23lw,"{""uid"": ""3196707878"", ""accession"": ""YDD38469"", ""title"": ""recombination protein [Escherichia phage vB_EcoM-DCSW23lw]"", ""organism"": ""Escherichia phage vB_EcoM-DCSW23lw"", ""taxonId"": 3685830, ""sequence_length"": 393, ""create_date"": ""2026/02/28"", ""update_date"": ""2026/02/28"", ""dbsource"": ""insd"", ""extra"": ""gi|3196707878|gb|YDD38469.1|"", ""lab_host"": ""Escherichia coli O157:H7 ATCC43888"", ""country"": ""USA: Davis City"", ""isolation_source"": ""sewage water""}",Escherichia coli O157:H7 ATCC43888,strain,The metadata explicitly states 'lab_host': 'Escherichia coli O157:H7 ATCC43888'.,,metadata,True,mesophile,,"Several papers provide evidence pointing towards mesophilic characteristics. Specifically:
1. PMC13153029.1.txt: Shows stability across 4°C to 50°C, and the optimal growth temperature is 37°C, which is characteristic of mesophiles.
2. PMC11312844.1.txt: States the optimal growth temperature is 37°C, which is the classic mesophilic optimum.
3. PMC12548472.1.txt: Mentions incubation at 37°C, indicating mesophilic growth.
4. PMC11137056.1.txt: Uses 37°C for bacterial culture/phage propagation, which is mesophilic.

While some papers show cold tolerance (4°C) or higher heat tolerance (up to 50°C or 60°C), the most frequently cited and optimal growth temperature (37°C) strongly suggests a mesophilic classification. The evidence is not exclusively psychrophilic (which implies optimal growth at low temps) or thermophilic (which implies optimal growth at high temps).",,True,TMP_results/accessions/YDD38469/library/accession_lit,5,TMP_results/accessions/YDD38469/library/host_lit,9,501.09,end,"[""CreateAccessionLibrary"", ""ClassifyHostMetadata"", ""CreateHostLibrary"", ""FilterRelevantLiterature"", ""FilterRelevantHostLiterature"", ""SUMMARISELITERATURE"", ""ClassifySummary""]","{""CreateAccessionLibrary"": 17.16, ""ClassifyHostMetadata"": 2.54, ""FilterRelevantLiterature"": 53.31, ""FilterRelevantHostLiterature"": 158.89, ""ClassifySummary"": 9.35}",False,TMP_results/accessions/YDD38469/summary/summary.txt,"['41942208.txt', '42023893.txt', '41990421.txt', 'PMC13153029.1.txt']",4,"['12553989.txt', 'PMC11312844.1.txt', 'PMC12548472.1.txt', 'PMC11854576.1.txt', 'PMC11137056.1.txt', 'PMC11148006.1.txt']",6,
gemma4:e4b,YCR04191,Escherichia phage vB_EcoM_PhiSG_Ec1,"{""uid"": ""3156920341"", ""accession"": ""YCR04191"", ""title"": ""recombination and repair protein [Escherichia phage vB_EcoM_PhiSG_Ec1]"", ""organism"": ""Escherichia phage vB_EcoM_PhiSG_Ec1"", ""taxonId"": 3681726, ""sequence_length"": 393, ""create_date"": ""2026/02/04"", ""update_date"": ""2026/02/04"", ""dbsource"": ""insd"", ""extra"": ""gi|3156920341|gb|YCR04191.1|"", ""host"": ""Escherichia coli MCC2246"", ""country"": ""India: Mangalagiri, Andhra Pradesh"", ""isolation_source"": ""sewage"", ""collection_date"": ""10-Mar-2025"", ""collected_by"": ""Petchiyammal S""}",Escherichia coli MCC2246,strain,The metadata explicitly states the 'host' as 'Escherichia coli MCC2246'.,,metadata,True,mesophile,,"The summary from PMC11895373.1.txt explicitly states: 'The phage is characterized as mesophilic based on its optimal growth temperature of 37°C.' Furthermore, the optimal growth temperature of 37°C is the classic benchmark for mesophilic organisms, and the stability tests confirm performance around this range (stable at 4°C, optimal at 37°C, decline at 60°C).",,True,TMP_results/accessions/YCR04191/library/accession_lit,2,TMP_results/accessions/YCR04191/library/host_lit,6,262.51,end,"[""CreateAccessionLibrary"", ""ClassifyHostMetadata"", ""CreateHostLibrary"", ""FilterRelevantLiterature"", ""FilterRelevantHostLiterature"", ""SUMMARISELITERATURE"", ""ClassifySummary""]","{""CreateAccessionLibrary"": 18.19, ""ClassifyHostMetadata"": 2.24, ""FilterRelevantLiterature"": 89.94, ""FilterRelevantHostLiterature"": 52.82, ""ClassifySummary"": 3.99}",False,TMP_results/accessions/YCR04191/summary/summary.txt,['PMC6394723.1.txt'],1,"['42131215.txt', 'PMC11895373.1.txt']",2,
gemma4:e4b,YCQ78089,Shewanella phage Persephone,"{""uid"": ""3153849337"", ""accession"": ""YCQ78089"", ""title"": ""UvsX recombination and repair protein [Shewanella phage Persephone]"", ""organism"": ""Shewanella phage Persephone"", ""taxonId"": 3591870, ""sequence_length"": 393, ""create_date"": ""2026/02/03"", ""update_date"": ""2026/02/03"", ""dbsource"": ""insd"", ""extra"": ""gi|3153849337|gb|YCQ78089.1|"", ""host"": ""Shewanella oneidensis MR-1"", ""country"": ""USA: College Station, TX"", ""isolation_source"": ""WWTP influent"", ""collection_date"": ""2022"", ""collected_by"": ""Ashlee Prejean""}",Shewanella oneidensis MR-1,strain,The metadata explicitly lists the 'host' as 'Shewanella oneidensis MR-1'.,,metadata,True,psychrophile,,"The first paper (PMC3446801.1.txt) provides the strongest evidence for psychrophilic adaptation. It explicitly mentions: 1) Samples collected in Antarctic coastal surface waters with recorded temperatures of $-1.73^	ext{o}	ext{C}$ (winter) and $2.2^	ext{o}	ext{C}$ (summer). 2) The metaproteomic data indicate the presence of organisms capable of functioning across a broad temperature range, including psychrophilic adaptations (e.g., the $-2^	ext{o}	ext{C}$ to $28^	ext{o}	ext{C}$ range mentioned). 3) The overall context is adaptation to cold, high-latitude conditions. While other papers suggest mesophilic conditions (e.g., $30^	ext{o}	ext{C}$ or $37^	ext{o}	ext{C}$), the most detailed and specific evidence pointing to adaptation to near-freezing temperatures comes from the Antarctic study, classifying it as psychrophilic.",,True,TMP_results/accessions/YCQ78089/library/accession_lit,3,TMP_results/accessions/YCQ78089/library/host_lit,10,732.28,end,"[""CreateAccessionLibrary"", ""ClassifyHostMetadata"", ""CreateHostLibrary"", ""FilterRelevantLiterature"", ""FilterRelevantHostLiterature"", ""SUMMARISELITERATURE"", ""ClassifySummary""]","{""CreateAccessionLibrary"": 22.18, ""ClassifyHostMetadata"": 2.28, ""FilterRelevantLiterature"": 146.45, ""FilterRelevantHostLiterature"": 193.75, ""ClassifySummary"": 9.04}",False,TMP_results/accessions/YCQ78089/summary/summary.txt,"['PMC3446801.1.txt', 'PMC10820777.1.txt']",2,"['PMC13066108.1.txt', 'PMC13021941.1.txt', '42068295.txt', 'PMC12786374.1.txt', 'PMC13067785.1.txt', '42048286.txt', '42025877.txt', '42049747.txt', 'PMC12866739.1.txt']",9,
gemma4:e4b,YCQ76618,Shewanella phage Hypnos,"{""uid"": ""3153809076"", ""accession"": ""YCQ76618"", ""title"": ""recombination and repair protein UvsX [Shewanella phage Hypnos]"", ""organism"": ""Shewanella phage Hypnos"", ""taxonId"": 3591861, ""sequence_length"": 386, ""create_date"": ""2026/02/03"", ""update_date"": ""2026/02/03"", ""dbsource"": ""insd"", ""extra"": ""gi|3153809076|gb|YCQ76618.1|"", ""host"": ""Shewanella oneidensis MR-1"", ""country"": ""USA: WWTP, Anahuac, TX"", ""isolation_source"": ""activated sludge"", ""collection_date"": ""2024"", ""collected_by"": ""Ashlee Prejean""}",Shewanella oneidensis MR-1,strain,The metadata explicitly states the 'host' as 'Shewanella oneidensis MR-1'.,,metadata,True,mesophile,,"Multiple papers report optimal or primary growth temperatures around 30°C or 37°C. 
- PMC13066108.1.txt: States 'Optimal growth temperature: 30°C' and 'Mesophilic growth: Implied by the optimal growth temperature of 30°C.'
- PMC13021941.1.txt: Reports 'optimal and primary growth temperature was 30°C.'
- PMC12786374.1.txt: Notes 'optimal temperatures noted at 37 °C for cytochrome expression and 30 °C for flavin secretion measurements.'
- PMC12866739.1.txt: Notes 'optimal temperature of 37°C' and 'The operational temperature suggests mesophilic growth conditions were utilized.'
Since 30°C and 37°C fall within the typical range for mesophiles (generally 20°C to 45°C), and no evidence points to extreme cold (psychrophile) or extreme heat (thermophile), the evidence overwhelmingly suggests mesophilic adaptation.",,True,TMP_results/accessions/YCQ76618/library/accession_lit,0,TMP_results/accessions/YCQ76618/library/host_lit,10,458.84999999999997,end,"[""CreateAccessionLibrary"", ""ClassifyHostMetadata"", ""CreateHostLibrary"", ""FilterRelevantLiterature"", ""FilterRelevantHostLiterature"", ""SUMMARISELITERATURE"", ""ClassifySummary""]","{""CreateAccessionLibrary"": 6.85, ""ClassifyHostMetadata"": 2.27, ""FilterRelevantLiterature"": 0.0, ""FilterRelevantHostLiterature"": 192.79, ""ClassifySummary"": 8.83}",False,TMP_results/accessions/YCQ76618/summary/summary.txt,[],0,"['PMC13066108.1.txt', 'PMC13021941.1.txt', '42068295.txt', 'PMC12786374.1.txt', 'PMC13067785.1.txt', '42048286.txt', '42025877.txt', '42049747.txt', 'PMC12866739.1.txt']",9,
gemma4:e4b,P04529,Tequatrovirus T4,"{""uid"": ""14917058"", ""accession"": ""P04529"", ""title"": ""RecName: Full=Recombination and repair protein"", ""organism"": ""Tequatrovirus T4"", ""taxonId"": 10665, ""sequence_length"": 391, ""create_date"": ""1987/08/13"", ""update_date"": ""2026/01/28"", ""dbsource"": ""swiss_prot"", ""extra"": ""gi|14917058|sp|P04529.2|UVSX_BPT4"", ""host"": ""Escherichia coli""}",Escherichia coli,species,The metadata explicitly states 'host': 'Escherichia coli'.,,metadata,True,mesophile,,"The first paper explicitly states the organism was maintained at an 'optimal growth temperature of 37°C' and that the 'overall context is the physiological environment of the human body, making the organism functionally mesophilic for therapeutic application.' The second paper also centers around 37°C for initial growth. While the third paper shows adaptation to cold (-80°C, Antarctic source), the majority of the detailed physiological context (Papers 1 and 2) points strongly to human body temperature (37°C), which defines a mesophile. Therefore, the majority evidence points to mesophily.",,True,TMP_results/accessions/P04529/library/accession_lit,1,TMP_results/accessions/P04529/library/host_lit,10,354.3,end,"[""CreateAccessionLibrary"", ""ClassifyHostMetadata"", ""CreateHostLibrary"", ""FilterRelevantLiterature"", ""FilterRelevantHostLiterature"", ""SUMMARISELITERATURE"", ""ClassifySummary""]","{""CreateAccessionLibrary"": 14.63, ""ClassifyHostMetadata"": 1.93, ""FilterRelevantLiterature"": 2.17, ""FilterRelevantHostLiterature"": 221.69, ""ClassifySummary"": 4.45}",False,TMP_results/accessions/P04529/summary/summary.txt,[],0,"['PMC13170677.1.txt', 'PMC13168922.1.txt', '42131215.txt']",3,
gemma4:e4b,YCL39723,Aeromonas phage pAQF2A-18ST,"{""uid"": ""3140602750"", ""accession"": ""YCL39723"", ""title"": ""recombination protein UvsX RecA [Aeromonas phage pAQF2A-18ST]"", ""organism"": ""Aeromonas phage pAQF2A-18ST"", ""taxonId"": 3570246, ""sequence_length"": 364, ""create_date"": ""2026/01/17"", ""update_date"": ""2026/01/17"", ""dbsource"": ""insd"", ""extra"": ""gi|3140602750|gb|YCL39723.1|"", ""host"": ""Aeromonas veronii GDQ25F2A"", ""isolation_source"": ""water""}",Aeromonas veronii GDQ25F2A,strain,The metadata explicitly states the 'host' as 'Aeromonas veronii GDQ25F2A'.,,metadata,True,mesophile,,"The most detailed paper (PMC13029702.1.txt) explicitly states that the bacterial hosts were incubated at 37 °C, and the 'Mesophilic growth' section notes: 'The bacterial hosts were incubated at 37 °C, indicating mesophilic growth conditions for the bacterial component.' While other papers mention ranges (e.g., 10–50 °C in PMC12837969.1.txt), the clearest and most direct evidence pointing to a specific growth condition is the 37 °C incubation for the bacterial component in the first summary.",,True,TMP_results/accessions/YCL39723/library/accession_lit,5,TMP_results/accessions/YCL39723/library/host_lit,10,579.86,end,"[""CreateAccessionLibrary"", ""ClassifyHostMetadata"", ""CreateHostLibrary"", ""FilterRelevantLiterature"", ""FilterRelevantHostLiterature"", ""SUMMARISELITERATURE"", ""ClassifySummary""]","{""CreateAccessionLibrary"": 22.9, ""ClassifyHostMetadata"": 2.3, ""FilterRelevantLiterature"": 113.95, ""FilterRelevantHostLiterature"": 159.62, ""ClassifySummary"": 7.0}",False,TMP_results/accessions/YCL39723/summary/summary.txt,"['42043570.txt', 'PMC13029702.1.txt', 'PMC12837969.1.txt', 'PMC13041473.1.txt', '42126281.txt']",5,"['PMC13162912.1.txt', 'PMC13164679.1.txt', '42119747.txt', '42113058.txt', '42126281.txt', 'PMC13162921.1.txt']",6,
gemma4:e4b,YCL15783,Escherichia phage BASUE2,"{""uid"": ""3140421276"", ""accession"": ""YCL15783"", ""title"": ""protein RecA [Escherichia phage BASUE2]"", ""organism"": ""Escherichia phage BASUE2"", ""taxonId"": 3242823, ""sequence_length"": 361, ""create_date"": ""2026/01/14"", ""update_date"": ""2026/01/14"", ""dbsource"": ""insd"", ""extra"": ""gi|3140421276|gb|YCL15783.1|"", ""host"": ""Escherichia coli"", ""note"": ""lytic"", ""country"": ""India: Patna"", ""isolation_source"": ""cattle farm sewage"", ""collection_date"": ""2020"", ""collected_by"": ""Anjay""}",Escherichia coli,species,The metadata explicitly contains the key 'host' with the value 'Escherichia coli'.,,metadata,True,mesophile,,"The majority of the papers (PMC12977953.1.txt and PMC13170677.1.txt) point towards mesophilic characteristics. PMC12977953.1.txt explicitly states: ""Mesophilic growth: Indicated by optimal viability range (25–42°C) and assessment at 37°C."" and ""The overall profile suggests mesophilic characteristics"". PMC13170677.1.txt focuses on ""optimal and tested growth temperature of 37°C"" and the ""human body/in vivo environment,"" which are classic mesophilic conditions. While one paper (42131215.txt) suggests psychrophilic adaptation from an Antarctic source, the overall trend across the provided summaries leans heavily towards mesophily based on optimal growth/viability temperatures (37°C) and environmental context (sewage/human body).",,True,TMP_results/accessions/YCL15783/library/accession_lit,1,TMP_results/accessions/YCL15783/library/host_lit,10,442.31,end,"[""CreateAccessionLibrary"", ""ClassifyHostMetadata"", ""CreateHostLibrary"", ""FilterRelevantLiterature"", ""FilterRelevantHostLiterature"", ""SUMMARISELITERATURE"", ""ClassifySummary""]","{""CreateAccessionLibrary"": 19.17, ""ClassifyHostMetadata"": 2.04, ""FilterRelevantLiterature"": 37.35, ""FilterRelevantHostLiterature"": 219.87, ""ClassifySummary"": 6.54}",False,TMP_results/accessions/YCL15783/summary/summary.txt,['PMC12977953.1.txt'],1,"['PMC13170677.1.txt', 'PMC13168922.1.txt', '42131215.txt']",3,
gemma4:e4b,YCL00421,Staphylococcus phage EFLK1_S,"{""uid"": ""3140192963"", ""accession"": ""YCL00421"", ""title"": ""recA DNA recombination protein [Staphylococcus phage EFLK1_S]"", ""organism"": ""Staphylococcus phage EFLK1_S"", ""taxonId"": 3477141, ""sequence_length"": 415, ""create_date"": ""2026/01/13"", ""update_date"": ""2026/01/13"", ""dbsource"": ""insd"", ""extra"": ""gi|3140192963|gb|YCL00421.1|"", ""host"": ""Staphylococcus aureus"", ""country"": ""Egypt"", ""isolation_source"": ""raw sewage"", ""collection_date"": ""15-Oct-2024""}",Staphylococcus aureus,species,The metadata explicitly contains the key 'host' with the value 'Staphylococcus aureus'.,,metadata,True,mesophile,,"The most relevant paper for microbial growth conditions is PMC13168843.1.txt. This paper reports that 'Incubation for bacterial growth was at $37^{\circ}\text{C}$ for $24 \text{ h}$' and mentions human-associated microorganisms like *Streptococcus macacae* and *Lactococcus hircilactis* (from Paper 42131905.txt). The temperature of $37^{\circ}\text{C}$ is the standard optimal growth temperature for most human pathogens and commensals, which are classified as mesophiles. Although no explicit classification is given, the use of $37^{\circ}\text{C}$ strongly suggests mesophilic conditions for the tested bacteria.",,True,TMP_results/accessions/YCL00421/library/accession_lit,1,TMP_results/accessions/YCL00421/library/host_lit,10,452.91,end,"[""CreateAccessionLibrary"", ""ClassifyHostMetadata"", ""CreateHostLibrary"", ""FilterRelevantLiterature"", ""FilterRelevantHostLiterature"", ""SUMMARISELITERATURE"", ""ClassifySummary""]","{""CreateAccessionLibrary"": 10.2, ""ClassifyHostMetadata"": 2.05, ""FilterRelevantLiterature"": 22.63, ""FilterRelevantHostLiterature"": 191.26, ""ClassifySummary"": 5.86}",False,TMP_results/accessions/YCL00421/summary/summary.txt,[],0,"['42131905.txt', 'PMC13168371.1.txt', 'PMC13168843.1.txt', 'PMC13170662.1.txt', 'PMC13169061.1.txt', 'PMC13169451.1.txt']",6,
gemma4:e4b,YCJ26573,Escherichia phage PG3,"{""uid"": ""3137130861"", ""accession"": ""YCJ26573"", ""title"": ""putative DNA recombination and repair protein RecA [Escherichia phage PG3]"", ""organism"": ""Escherichia phage PG3"", ""taxonId"": 3489668, ""sequence_length"": 393, ""create_date"": ""2026/01/05"", ""update_date"": ""2026/01/05"", ""dbsource"": ""insd"", ""extra"": ""gi|3137130861|gb|YCJ26573.1|"", ""lab_host"": ""Escherichia coli DH5alpha"", ""country"": ""Argentina: Tandil, Buenos Aires"", ""isolation_source"": ""bovine feces"", ""collection_date"": ""19-Oct-2021"", ""collected_by"": ""Ana Elisa Juarez and Paula Maria Alejandra Lucchesi""}",Escherichia coli DH5alpha,strain,The metadata explicitly states 'lab_host': 'Escherichia coli DH5alpha'.,,metadata,True,mesophile,,"The most frequently cited optimal or tested growth temperatures across the papers are 25°C, 26°C, 28°C, 30°C, and 35°C, with one paper citing 37°C. These temperatures fall squarely within the typical range for mesophiles (generally 20°C to 45°C). While 37°C is the optimal temperature for human pathogens (like those isolated from chicken bile), the overall pattern of tested conditions (25°C-30°C) points away from extreme cold (psychrophile) or extreme heat (thermophile). Therefore, mesophile is the best inference based on the collective data.",,True,TMP_results/accessions/YCJ26573/library/accession_lit,5,TMP_results/accessions/YCJ26573/library/host_lit,9,773.3799999999999,end,"[""CreateAccessionLibrary"", ""ClassifyHostMetadata"", ""CreateHostLibrary"", ""FilterRelevantLiterature"", ""FilterRelevantHostLiterature"", ""SUMMARISELITERATURE"", ""ClassifySummary""]","{""CreateAccessionLibrary"": 34.54, ""ClassifyHostMetadata"": 2.14, ""FilterRelevantLiterature"": 249.82, ""FilterRelevantHostLiterature"": 266.92, ""ClassifySummary"": 5.38}",False,TMP_results/accessions/YCJ26573/summary/summary.txt,"['PMC12388829.1.txt', 'PMC12413314.1.txt']",2,"['PMC13119680.1.txt', '42012074.txt', 'PMC13099358.1.txt']",3,
gemma4:e4b,YCJ26308,Escherichia phage L73,"{""uid"": ""3137130595"", ""accession"": ""YCJ26308"", ""title"": ""putative DNA recombination and repair protein [Escherichia phage L73]"", ""organism"": ""Escherichia phage L73"", ""taxonId"": 3489667, ""sequence_length"": 393, ""create_date"": ""2026/01/05"", ""update_date"": ""2026/01/05"", ""dbsource"": ""insd"", ""extra"": ""gi|3137130595|gb|YCJ26308.1|"", ""lab_host"": ""Escherichia coli DH5alpha"", ""country"": ""Argentina: Tandil, Buenos Aires"", ""isolation_source"": ""dairy farm effluent"", ""collection_date"": ""22-Mar-2021"", ""collected_by"": ""Ana Elisa Juarez and Paula Maria Alejandra Lucchesi""}",Escherichia coli DH5alpha,strain,The metadata explicitly states 'lab_host': 'Escherichia coli DH5alpha'.,,metadata,True,mesophile,,"The first paper shows optimal activity at 30 °C and general culture at 37 °C. The second paper explicitly states an optimal growth temperature of 37 °C. The third paper provides no thermal data. The fourth paper uses 30 °C and 35 °C. Since the most frequently cited and optimal growth temperatures are 30 °C and 37 °C, which fall within the typical range for mesophiles (generally 20–45 °C), the overall evidence points towards mesophilic conditions. 37 °C is the standard human body temperature, and 30 °C is a common ambient/optimal lab temperature, both characteristic of mesophiles.",,True,TMP_results/accessions/YCJ26308/library/accession_lit,4,TMP_results/accessions/YCJ26308/library/host_lit,9,767.76,end,"[""CreateAccessionLibrary"", ""ClassifyHostMetadata"", ""CreateHostLibrary"", ""FilterRelevantLiterature"", ""FilterRelevantHostLiterature"", ""SUMMARISELITERATURE"", ""ClassifySummary""]","{""CreateAccessionLibrary"": 21.64, ""ClassifyHostMetadata"": 2.14, ""FilterRelevantLiterature"": 182.57, ""FilterRelevantHostLiterature"": 361.55, ""ClassifySummary"": 5.45}",False,TMP_results/accessions/YCJ26308/summary/summary.txt,['PMC12407980.1.txt'],1,"['PMC13119680.1.txt', '42012074.txt', 'PMC13099358.1.txt']",3,
gemma4:e4b,YCJ17403,Pseudomonas phage vB_PaeS_YN02,"{""uid"": ""3137076974"", ""accession"": ""YCJ17403"", ""title"": ""putative RecA protein [Pseudomonas phage vB_PaeS_YN02]"", ""organism"": ""Pseudomonas phage vB_PaeS_YN02"", ""taxonId"": 3455038, ""sequence_length"": 400, ""create_date"": ""2026/01/04"", ""update_date"": ""2026/01/04"", ""dbsource"": ""insd"", ""extra"": ""gi|3137076974|gb|YCJ17403.1|"", ""host"": ""Pseudomonas aeruginosa 2024-DL02 (clinical strain)"", ""country"": ""China"", ""isolation_source"": ""wastewater"", ""collection_date"": ""2024""}",Pseudomonas aeruginosa 2024-DL02 (clinical strain),strain,The metadata explicitly states the 'host' as 'Pseudomonas aeruginosa 2024-DL02 (clinical strain)'.,,metadata,True,mesophile,,forced,,True,TMP_results/accessions/YCJ17403/library/accession_lit,0,TMP_results/accessions/YCJ17403/library/host_lit,5,59.56999999999999,end,"[""CreateAccessionLibrary"", ""ClassifyHostMetadata"", ""CreateHostLibrary"", ""FilterRelevantLiterature"", ""FilterRelevantHostLiterature"", ""SUMMARISELITERATURE"", ""ClassifySummary"", ""ClassifyThermalForced""]","{""CreateAccessionLibrary"": 3.92, ""ClassifyHostMetadata"": 2.7, ""FilterRelevantLiterature"": 0.0, ""FilterRelevantHostLiterature"": 20.49, ""ClassifySummary"": 4.89, ""ClassifyThermalForced"": 5.47}",False,TMP_results/accessions/YCJ17403/summary/summary.txt,[],0,"['42126272.txt', '42126644.txt', '42131249.txt']",3,
gemma4:e4b,WIL02624,Salmonella phage ST-W49,"{""uid"": ""2514756875"", ""accession"": ""WIL02624"", ""title"": ""RecA-like recombination protein [Salmonella phage ST-W49]"", ""organism"": ""Salmonella phage ST-W49"", ""taxonId"": 3038199, ""sequence_length"": 361, ""create_date"": ""2025/12/31"", ""update_date"": ""2025/12/31"", ""dbsource"": ""insd"", ""extra"": ""gi|2514756875|gb|WIL02624.1|"", ""host"": ""Salmonella enterica subsp. enterica serovar Typhimurium"", ""country"": ""Thailand"", ""isolation_source"": ""sewage""}",Salmonella enterica subsp. enterica serovar Typhimurium,species,The metadata explicitly states the 'host' as 'Salmonella enterica subsp. enterica serovar Typhimurium'.,,metadata,True,mesophile,,"Multiple papers (PMC13129232.1.txt, PMC13170677.1.txt, PMC13170248.1.txt) consistently report that the optimal growth temperature, incubation conditions, and physiological context for the studied bacteria are 37°C. This temperature range (20-42°C) is characteristic of mesophiles, which thrive at moderate temperatures, particularly those associated with mammalian hosts (human body temperature). While no paper explicitly states 'This organism is a mesophile,' the consistent use of 37°C as the standard incubation temperature for human/clinical pathogens strongly infers this classification.",,True,TMP_results/accessions/WIL02624/library/accession_lit,5,TMP_results/accessions/WIL02624/library/host_lit,8,684.82,end,"[""CreateAccessionLibrary"", ""ClassifyHostMetadata"", ""CreateHostLibrary"", ""FilterRelevantLiterature"", ""FilterRelevantHostLiterature"", ""SUMMARISELITERATURE"", ""ClassifySummary""]","{""CreateAccessionLibrary"": 15.66, ""ClassifyHostMetadata"": 2.53, ""FilterRelevantLiterature"": 100.62, ""FilterRelevantHostLiterature"": 300.24, ""ClassifySummary"": 6.86}",False,TMP_results/accessions/WIL02624/summary/summary.txt,"['42130958.txt', 'PMC13129232.1.txt']",2,"['42128077.txt', 'PMC13170677.1.txt', 'PMC13170248.1.txt', 'PMC13168631.1.txt', '42129799.txt']",5,
gemma4:e4b,WIL02365,Salmonella phage ST-W63,"{""uid"": ""2514756614"", ""accession"": ""WIL02365"", ""title"": ""RecA-like recombination protein [Salmonella phage ST-W63]"", ""organism"": ""Salmonella phage ST-W63"", ""taxonId"": 3038217, ""sequence_length"": 361, ""create_date"": ""2025/12/31"", ""update_date"": ""2025/12/31"", ""dbsource"": ""insd"", ""extra"": ""gi|2514756614|gb|WIL02365.1|"", ""host"": ""Salmonella enterica subsp. enterica serovar Typhimurium"", ""country"": ""Thailand"", ""isolation_source"": ""sewage""}",Salmonella enterica subsp. enterica serovar Typhimurium,species,The metadata explicitly states the 'host' as 'Salmonella enterica subsp. enterica serovar Typhimurium'.,,metadata,True,mesophile,,"Multiple papers (PMC13129232.1.txt, PMC13170677.1.txt, PMC13170248.1.txt) consistently report that the optimal growth temperature, incubation conditions, and physiological context for the studied bacteria are 37°C. This temperature range (20-42°C) is characteristic of mesophiles, which thrive at moderate temperatures, particularly those associated with mammalian hosts (human body temperature). While no paper explicitly states 'This organism is a mesophile,' the consistent use of 37°C as the standard incubation temperature for human/clinical pathogens strongly infers this classification.",,True,TMP_results/accessions/WIL02365/library/accession_lit,5,TMP_results/accessions/WIL02365/library/host_lit,8,687.54,end,"[""CreateAccessionLibrary"", ""ClassifyHostMetadata"", ""CreateHostLibrary"", ""FilterRelevantLiterature"", ""FilterRelevantHostLiterature"", ""SUMMARISELITERATURE"", ""ClassifySummary""]","{""CreateAccessionLibrary"": 18.32, ""ClassifyHostMetadata"": 2.62, ""FilterRelevantLiterature"": 100.43, ""FilterRelevantHostLiterature"": 299.43, ""ClassifySummary"": 6.92}",False,TMP_results/accessions/WIL02365/summary/summary.txt,"['42130958.txt', 'PMC13129232.1.txt']",2,"['42128077.txt', 'PMC13170677.1.txt', 'PMC13170248.1.txt', 'PMC13168631.1.txt', '42129799.txt']",5,
gemma4:e4b,YCB26705,Salmonella phage GRNsp09,"{""uid"": ""3131199187"", ""accession"": ""YCB26705"", ""title"": ""recombination and repair protein [Salmonella phage GRNsp09]"", ""organism"": ""Salmonella phage GRNsp09"", ""taxonId"": 3479052, ""sequence_length"": 393, ""create_date"": ""2025/12/21"", ""update_date"": ""2025/12/21"", ""dbsource"": ""insd"", ""extra"": ""gi|3131199187|gb|YCB26705.1|"", ""host"": ""Salmonella enterica subsp. enterica serovar Enteritidis JSC160603"", ""isolation_source"": ""chicken feces""}",Salmonella enterica subsp. enterica serovar Enteritidis JSC160603,strain,The metadata explicitly states the 'host' as 'Salmonella enterica subsp. enterica serovar Enteritidis JSC160603'.,,metadata,True,mesophile,,"Multiple papers cite optimal or standard incubation/growth temperatures around 37°C (PMC13170677.1.txt, PMC9298555.1.txt, PMC13164475.1.txt). The human body environment (37°C) is the most frequently cited physiological context. While some papers test lower temperatures (4°C, 24°C), the consistent reference to 37°C as the optimal or standard condition, combined with the lack of evidence for extreme growth (e.g., >50°C or <10°C), strongly suggests a mesophilic lifestyle. The term 'mesophile' is the best fit for an organism thriving optimally near human body temperature.",,True,TMP_results/accessions/YCB26705/library/accession_lit,10,TMP_results/accessions/YCB26705/library/host_lit,6,742.89,end,"[""CreateAccessionLibrary"", ""ClassifyHostMetadata"", ""CreateHostLibrary"", ""FilterRelevantLiterature"", ""FilterRelevantHostLiterature"", ""SUMMARISELITERATURE"", ""ClassifySummary""]","{""CreateAccessionLibrary"": 42.4, ""ClassifyHostMetadata"": 2.85, ""FilterRelevantLiterature"": 322.01, ""FilterRelevantHostLiterature"": 130.26, ""ClassifySummary"": 8.03}",False,TMP_results/accessions/YCB26705/summary/summary.txt,"['PMC13170677.1.txt', '42130958.txt']",2,"['42129025.txt', 'PMC9298555.1.txt', 'PMC13164475.1.txt', '42124451.txt', 'PMC13162980.1.txt']",5,
gemma4:e4b,YCB25778,Escherichia phage vB_EcoA_8D1,"{""uid"": ""3131198239"", ""accession"": ""YCB25778"", ""title"": ""RecA DNA recombination protein [Escherichia phage vB_EcoA_8D1]"", ""organism"": ""Escherichia phage vB_EcoA_8D1"", ""taxonId"": 3479173, ""sequence_length"": 393, ""create_date"": ""2025/12/21"", ""update_date"": ""2025/12/21"", ""dbsource"": ""insd"", ""extra"": ""gi|3131198239|gb|YCB25778.1|"", ""host"": ""Escherichia coli"", ""country"": ""China"", ""isolation_source"": ""urban wastewater treatment plant in Qian'an City, Tangshan City, Hebei Province"", ""collection_date"": ""2025-08-31""}",Escherichia coli,species,The metadata explicitly contains the key 'host' with the value 'Escherichia coli'.,,metadata,True,psychrophile,,"The first paper (PMC13163687.1.txt) explicitly states: 'Psychrophilic adaptation: Explicitly mentioned; isolates are adapted to extreme cold and freezing conditions.' It also notes 'The organisms are characterized as psychrophilic/cold-adapted.' Although other papers mention mesophilic conditions (37°C), the strongest and most explicit evidence pointing to a specific thermal classification comes from the first paper, which describes psychrophiles.",,True,TMP_results/accessions/YCB25778/library/accession_lit,0,TMP_results/accessions/YCB25778/library/host_lit,10,683.02,end,"[""CreateAccessionLibrary"", ""ClassifyHostMetadata"", ""CreateHostLibrary"", ""FilterRelevantLiterature"", ""FilterRelevantHostLiterature"", ""SUMMARISELITERATURE"", ""ClassifySummary""]","{""CreateAccessionLibrary"": 3.04, ""ClassifyHostMetadata"": 2.33, ""FilterRelevantLiterature"": 0.0, ""FilterRelevantHostLiterature"": 399.94, ""ClassifySummary"": 5.49}",False,TMP_results/accessions/YCB25778/summary/summary.txt,[],0,"['PMC13163687.1.txt', 'PMC13162333.1.txt', 'PMC13170677.1.txt', 'PMC13161134.1.txt', 'PMC13168922.1.txt', 'PMC13160763.1.txt']",6,
gemma4:e4b,YCB15776,Escherichia phage OLB156,"{""uid"": ""3130937136"", ""accession"": ""YCB15776"", ""title"": ""RecA DNA recombination protein [Escherichia phage OLB156]"", ""organism"": ""Escherichia phage OLB156"", ""taxonId"": 3469556, ""sequence_length"": 393, ""create_date"": ""2025/12/20"", ""update_date"": ""2025/12/20"", ""dbsource"": ""insd"", ""extra"": ""gi|3130937136|gb|YCB15776.1|"", ""host"": ""Escherichia coli 11-1677A"", ""isolation_source"": ""wastewater""}",Escherichia coli 11-1677A,strain,The metadata explicitly states the 'host' as 'Escherichia coli 11-1677A'.,,metadata,True,mesophile,,"The majority of the papers (PMC13170677.1, PMC13153029.1, PMC13162333.1, PMC13160763.1) report optimal growth temperatures around 37°C or a range including 37°C (e.g., 28°C to 37°C). The 37°C optimum is characteristic of human-associated pathogens and commensals, which are typically classified as mesophiles. While one paper (PMC13163687.1) explicitly identifies psychrophiles from Antarctic sources, this represents a single, highly specialized case. The overall pattern across the dataset points toward human-associated or general environmental bacteria thriving near mammalian body temperature, fitting the mesophilic classification. PMC13153029.1 also suggests mesophilic characteristics based on its broad stability profile.",,True,TMP_results/accessions/YCB15776/library/accession_lit,9,TMP_results/accessions/YCB15776/library/host_lit,5,834.7900000000001,end,"[""CreateAccessionLibrary"", ""ClassifyHostMetadata"", ""CreateHostLibrary"", ""FilterRelevantLiterature"", ""FilterRelevantHostLiterature"", ""SUMMARISELITERATURE"", ""ClassifySummary""]","{""CreateAccessionLibrary"": 40.18, ""ClassifyHostMetadata"": 2.48, ""FilterRelevantLiterature"": 346.72, ""FilterRelevantHostLiterature"": 158.68, ""ClassifySummary"": 7.9}",False,TMP_results/accessions/YCB15776/summary/summary.txt,"['42107219.txt', 'PMC13170677.1.txt', 'PMC13153029.1.txt']",3,"['PMC13163687.1.txt', 'PMC13162333.1.txt', 'PMC13161134.1.txt', 'PMC13160763.1.txt']",4,
gemma4:e4b,YCA88998,Escherichia phage HME2,"{""uid"": ""3130109518"", ""accession"": ""YCA88998"", ""title"": ""DNA recombination and repair protein RecA [Escherichia phage HME2]"", ""organism"": ""Escherichia phage HME2"", ""taxonId"": 3464252, ""sequence_length"": 361, ""create_date"": ""2025/12/16"", ""update_date"": ""2025/12/16"", ""dbsource"": ""insd"", ""extra"": ""gi|3130109518|gb|YCA88998.1|"", ""host"": ""Escherichia coli ATCC 43890"", ""country"": ""South Korea"", ""isolation_source"": ""pond water""}",Escherichia coli ATCC 43890,strain,The metadata explicitly states the 'host' as 'Escherichia coli ATCC 43890'.,,metadata,True,mesophile,,"The majority of the papers report optimal growth temperatures around 37 °C (PMC9103322.1.txt, PMC12651259.1.txt, PMC7012924.1.txt, PMC13057086.1.txt, PMC12443515.1.txt). Temperatures between 20°C and 45°C are characteristic of mesophiles. While one paper (PMC12428618.1.txt) shows adaptation to 15°C, the overall consensus based on optimal growth conditions across multiple studies points to the mesophilic range (30–37 °C).",,True,TMP_results/accessions/YCA88998/library/accession_lit,1,TMP_results/accessions/YCA88998/library/host_lit,8,527.45,end,"[""CreateAccessionLibrary"", ""ClassifyHostMetadata"", ""CreateHostLibrary"", ""FilterRelevantLiterature"", ""FilterRelevantHostLiterature"", ""SUMMARISELITERATURE"", ""ClassifySummary""]","{""CreateAccessionLibrary"": 13.21, ""ClassifyHostMetadata"": 2.53, ""FilterRelevantLiterature"": 70.6, ""FilterRelevantHostLiterature"": 191.82, ""ClassifySummary"": 7.51}",False,TMP_results/accessions/YCA88998/summary/summary.txt,[],0,"['PMC9103322.1.txt', 'PMC12651259.1.txt', 'PMC12428618.1.txt', 'PMC7012924.1.txt', 'PMC13057086.1.txt', 'PMC12443515.1.txt']",6,
gemma4:e4b,WRQ12700,Escherichia phage ECBD,"{""uid"": ""2647415315"", ""accession"": ""WRQ12700"", ""title"": ""protein RecA [Escherichia phage ECBD]"", ""organism"": ""Escherichia phage ECBD"", ""taxonId"": 3113372, ""sequence_length"": 387, ""create_date"": ""2025/12/01"", ""update_date"": ""2025/12/01"", ""dbsource"": ""insd"", ""extra"": ""gi|2647415315|gb|WRQ12700.1|"", ""lab_host"": ""Escherichia coli serotype 078:H11:K80, Escherichia coli serotype 06:H16"", ""country"": ""India"", ""isolation_source"": ""bufallo dung""}","Escherichia coli serotype 078:H11:K80, Escherichia coli serotype 06:H16",strain,"The metadata contains 'lab_host': 'Escherichia coli serotype 078:H11:K80, Escherichia coli serotype 06:H16', which explicitly states the host organism.",,metadata,True,mesophile,,"All three papers consistently report optimal growth and experimental incubation temperatures at 37 °C. 

1. **Paper PMC10053110.1.txt:** Mentions 'Optimal growth temperature: 37 °C' and 'Incubation conditions: 37 °C'.
2. **Paper PMC8753852.1.txt:** States 'Optimal growth temperature: 37 °C' and 'Incubation conditions: Shaking at 37 °C'. It explicitly notes 'Mesophilic growth: Implied by the optimal growth temperature of 37 °C.'
3. **Paper PMC2944236.1.txt:** Reports 'Optimal growth temperature: 37°C' and 'Incubation conditions: 37°C'. It concludes that 'The physiological data provided are consistent with a mesophilic lifestyle'.

Since 37 °C is the standard temperature for human body temperature and is consistently used across all studies, the organism is classified as a mesophile.",,True,TMP_results/accessions/WRQ12700/library/accession_lit,4,TMP_results/accessions/WRQ12700/library/host_lit,0,317.46,end,"[""CreateAccessionLibrary"", ""ClassifyHostMetadata"", ""CreateHostLibrary"", ""FilterRelevantLiterature"", ""FilterRelevantHostLiterature"", ""SUMMARISELITERATURE"", ""ClassifySummary""]","{""CreateAccessionLibrary"": 25.92, ""ClassifyHostMetadata"": 3.32, ""FilterRelevantLiterature"": 147.19, ""FilterRelevantHostLiterature"": 0.0, ""ClassifySummary"": 6.91}",False,TMP_results/accessions/WRQ12700/summary/summary.txt,"['PMC10053110.1.txt', 'PMC8753852.1.txt', 'PMC2944236.1.txt']",3,[],0,
gemma4:e4b,YBW68348,Vibrio phage vB_VchoM_Vcy,"{""uid"": ""3114747091"", ""accession"": ""YBW68348"", ""title"": ""recombination and repair protein [Vibrio phage vB_VchoM_Vcy]"", ""organism"": ""Vibrio phage vB_VchoM_Vcy"", ""taxonId"": 3471638, ""sequence_length"": 366, ""create_date"": ""2025/11/29"", ""update_date"": ""2025/11/29"", ""dbsource"": ""insd"", ""extra"": ""gi|3114747091|gb|YBW68348.1|"", ""host"": ""Vibrio sp."", ""isolation_source"": ""marine water""}",Vibrio sp.,genus,The metadata explicitly states 'host': 'Vibrio sp.'.,,metadata,True,mesophile,,"The analysis of the available papers shows multiple instances suggesting mesophilic conditions. 
1. Paper 42060147.txt explicitly states: ""The growth parameters suggest mesophilic growth, as optimal temperatures are near ambient conditions (28 °C).""
2. PMC13170248.1.txt notes that the organism's association with the mammalian host suggests ""adaptation to mesophilic conditions.""
3. PMC13169944.1.txt suggests the organism ""thrives under mesophilic conditions typical of marine aquaculture.""

While one paper (42068588.txt) explicitly identifies a psychrophilic enzyme, the majority of the other detailed analyses point towards optimal growth or environmental conditions around 27-30°C, which are characteristic of mesophiles, or adaptation to mammalian body temperature (37°C), which is also mesophilic. Therefore, mesophile is the most frequently supported classification.",,True,TMP_results/accessions/YBW68348/library/accession_lit,0,TMP_results/accessions/YBW68348/library/host_lit,10,631.58,end,"[""CreateAccessionLibrary"", ""ClassifyHostMetadata"", ""CreateHostLibrary"", ""FilterRelevantLiterature"", ""FilterRelevantHostLiterature"", ""SUMMARISELITERATURE"", ""ClassifySummary""]","{""CreateAccessionLibrary"": 9.31, ""ClassifyHostMetadata"": 2.15, ""FilterRelevantLiterature"": 0.0, ""FilterRelevantHostLiterature"": 319.72, ""ClassifySummary"": 7.7}",False,TMP_results/accessions/YBW68348/summary/summary.txt,[],0,"['42020564.txt', '42060147.txt', '42101683.txt', '42068588.txt', 'PMC13169983.1.txt', 'PMC13170248.1.txt', 'PMC13168631.1.txt', 'PMC13169944.1.txt']",8,
gemma4:e4b,YBW02273,Stenotrophomonas phage vB_SmaM_QH202,"{""uid"": ""3108644299"", ""accession"": ""YBW02273"", ""title"": ""recombination and repair protein [Stenotrophomonas phage vB_SmaM_QH202]"", ""organism"": ""Stenotrophomonas phage vB_SmaM_QH202"", ""taxonId"": 3469079, ""sequence_length"": 361, ""create_date"": ""2025/11/24"", ""update_date"": ""2025/11/24"", ""dbsource"": ""insd"", ""extra"": ""gi|3108644299|gb|YBW02273.1|"", ""host"": ""Stenotrophomonas maltophilia"", ""country"": ""China"", ""isolation_source"": ""Qinghai Lake water"", ""collection_date"": ""2024"", ""collected_by"": ""Peng Cheng"", ""altitude"": ""3196 m""}",Stenotrophomonas maltophilia,species,The metadata explicitly contains the key 'host' with the value 'Stenotrophomonas maltophilia'.,,metadata,True,mesophile,,"The first paper (PMC9025141.1.txt) explicitly states that bacterial cultures were grown and maintained at 37 °C. Since 37 °C is the standard optimal growth temperature for most human pathogens and commensals, this strongly suggests a mesophilic lifestyle. The other papers provide no temperature data, so the classification relies solely on the consistent use of 37 °C in the first summary.",,True,TMP_results/accessions/YBW02273/library/accession_lit,1,TMP_results/accessions/YBW02273/library/host_lit,9,537.24,end,"[""CreateAccessionLibrary"", ""ClassifyHostMetadata"", ""CreateHostLibrary"", ""FilterRelevantLiterature"", ""FilterRelevantHostLiterature"", ""SUMMARISELITERATURE"", ""ClassifySummary""]","{""CreateAccessionLibrary"": 11.49, ""ClassifyHostMetadata"": 2.47, ""FilterRelevantLiterature"": 58.81, ""FilterRelevantHostLiterature"": 294.28, ""ClassifySummary"": 3.85}",False,TMP_results/accessions/YBW02273/summary/summary.txt,['PMC9025141.1.txt'],1,"['PMC13119374.1.txt', 'PMC13169297.1.txt', 'PMC13128607.1.txt']",3,
gemma4:e4b,XKC24455,Mammaliicoccus phage TJK,"{""uid"": ""2849417901"", ""accession"": ""XKC24455"", ""title"": ""RecA protein [Mammaliicoccus phage TJK]"", ""organism"": ""Mammaliicoccus phage TJK"", ""taxonId"": 3376753, ""sequence_length"": 410, ""create_date"": ""2025/11/12"", ""update_date"": ""2025/11/12"", ""dbsource"": ""insd"", ""extra"": ""gi|2849417901|gb|XKC24455.1|"", ""host"": ""Mammaliicoccus lentus"", ""country"": ""Brazil"", ""isolation_source"": ""sewage"", ""collection_date"": ""Jan-2024""}",Mammaliicoccus lentus,species,The metadata explicitly states the 'host' as 'Mammaliicoccus lentus'.,,metadata,True,mesophile,,"Multiple papers report incubation or optimal growth temperatures at 37°C (PMC12723320.1.txt, PMC12803156.1.txt, PMC12975815.1.txt). The standard human body temperature of 37°C is the hallmark condition for mesophiles. Specifically, PMC12723320.1.txt states, ""Optimal growth temperature: 37°C"" and notes that the methodology ""relies on standard physiological conditions (37°C) for growth, suggesting a mesophilic lifestyle."" PMC12975815.1.txt also notes that the phage ""maintained activity at 37°C, consistent with mesophilic characteristics."" While some papers lack specific data, the consistent use of 37°C strongly points to a mesophilic classification.",,True,TMP_results/accessions/XKC24455/library/accession_lit,0,TMP_results/accessions/XKC24455/library/host_lit,9,593.4300000000001,end,"[""CreateAccessionLibrary"", ""ClassifyHostMetadata"", ""CreateHostLibrary"", ""FilterRelevantLiterature"", ""FilterRelevantHostLiterature"", ""SUMMARISELITERATURE"", ""ClassifySummary""]","{""CreateAccessionLibrary"": 11.1, ""ClassifyHostMetadata"": 2.07, ""FilterRelevantLiterature"": 0.0, ""FilterRelevantHostLiterature"": 269.09, ""ClassifySummary"": 6.7}",False,TMP_results/accessions/XKC24455/summary/summary.txt,[],0,"['PMC12822004.1.txt', '41965517.txt', 'PMC12723320.1.txt', 'PMC12803156.1.txt', 'PMC13120106.1.txt', 'PMC13045510.1.txt', 'PMC13085657.1.txt', 'PMC12975815.1.txt']",8,
gemma4:e4b,UGC96822,Bacillus phage B13S,"{""uid"": ""2162189287"", ""accession"": ""UGC96822"", ""title"": ""hypothetical protein [Bacillus phage B13S]"", ""organism"": ""Bacillus phage B13S"", ""taxonId"": 2894387, ""sequence_length"": 408, ""create_date"": ""2025/11/01"", ""update_date"": ""2025/11/01"", ""dbsource"": ""insd"", ""extra"": ""gi|2162189287|gb|UGC96822.1|"", ""host"": ""Bacillus cereus NCCP 11313"", ""isolation_source"": ""sewage""}",Bacillus cereus NCCP 11313,strain,The metadata explicitly states the 'host' as 'Bacillus cereus NCCP 11313'.,,metadata,True,mesophile,,forced,,True,TMP_results/accessions/UGC96822/library/accession_lit,3,TMP_results/accessions/UGC96822/library/host_lit,0,87.54,end,"[""CreateAccessionLibrary"", ""ClassifyHostMetadata"", ""CreateHostLibrary"", ""FilterRelevantLiterature"", ""FilterRelevantHostLiterature"", ""ClassifyThermalForced""]","{""CreateAccessionLibrary"": 16.7, ""ClassifyHostMetadata"": 2.28, ""FilterRelevantLiterature"": 60.87, ""FilterRelevantHostLiterature"": 0.0, ""ClassifyThermalForced"": 4.51}",False,TMP_results/accessions/UGC96822/summary/summary.txt,[],0,[],0,
gemma4:e4b,YBB95084,Staphylococcus phage SPB,"{""uid"": ""3070878450"", ""accession"": ""YBB95084"", ""title"": ""protein RecA [Staphylococcus phage SPB]"", ""organism"": ""Staphylococcus phage SPB"", ""taxonId"": 3388613, ""sequence_length"": 418, ""create_date"": ""2025/10/08"", ""update_date"": ""2025/10/08"", ""dbsource"": ""insd"", ""extra"": ""gi|3070878450|gb|YBB95084.1|"", ""host"": ""Staphylococcus aureus (MRSA)"", ""country"": ""China"", ""isolation_source"": ""sewage"", ""collection_date"": ""Oct-2023""}",Staphylococcus aureus (MRSA),species,The metadata explicitly states the 'host' as 'Staphylococcus aureus (MRSA)'.,,metadata,True,mesophile,,"The majority of the provided papers (PMC12134071.1.txt, PMC13169364.1.txt, and PMC13161156.1.txt) report optimal or standard incubation temperatures at 37°C. This temperature range (20°C to 45°C) is characteristic of mesophiles. While one paper (PMC12134071.1.txt) shows stability at 4°C, the optimal growth condition cited across multiple relevant entries points strongly to mesophily.",,True,TMP_results/accessions/YBB95084/library/accession_lit,1,TMP_results/accessions/YBB95084/library/host_lit,9,548.92,end,"[""CreateAccessionLibrary"", ""ClassifyHostMetadata"", ""CreateHostLibrary"", ""FilterRelevantLiterature"", ""FilterRelevantHostLiterature"", ""SUMMARISELITERATURE"", ""ClassifySummary""]","{""CreateAccessionLibrary"": 19.15, ""ClassifyHostMetadata"": 2.09, ""FilterRelevantLiterature"": 23.04, ""FilterRelevantHostLiterature"": 231.86, ""ClassifySummary"": 5.76}",False,TMP_results/accessions/YBB95084/summary/summary.txt,['PMC12134071.1.txt'],1,"['PMC13168371.1.txt', 'PMC13167822.1.txt', 'PMC13170662.1.txt', 'PMC13169364.1.txt', 'PMC13161156.1.txt', 'PMC13162007.1.txt']",6,
gemma4:e4b,YAW78710,Shewanella phage SA-M,"{""uid"": ""3070266360"", ""accession"": ""YAW78710"", ""title"": ""recA protein [Shewanella phage SA-M]"", ""organism"": ""Shewanella phage SA-M"", ""taxonId"": 3417976, ""sequence_length"": 376, ""create_date"": ""2025/10/07"", ""update_date"": ""2025/10/07"", ""dbsource"": ""insd"", ""extra"": ""gi|3070266360|gb|YAW78710.1|"", ""host"": ""Shewanella algae""}",Shewanella algae,species,The metadata explicitly states the 'host' as 'Shewanella algae'.,,metadata,True,mesophile,,"Several papers provide incubation or optimal growth temperatures that fall within the typical range for mesophiles (20°C to 45°C). Specifically:
1. PMC12145637.1.txt: Maintained high stability between 4°C and 30°C, and viability decline started at 40°C.
2. PMC13148052.1.txt: Incubation was performed at 32°C for 24 h, and the average surface water temperature was approximately 26°C.
3. PMC11580497.1.txt: Optimal growth temperature was 37°C, and incubation was at 37°C.
4. PMC13113632.1.txt: Incubation conditions were 30°C and 35 ± 2 °C.

Since multiple studies report optimal or tested conditions (30°C, 32°C, 35°C, 37°C) that are characteristic of mesophilic organisms, this is the most strongly supported classification, despite the lack of a single definitive statement.",,True,TMP_results/accessions/YAW78710/library/accession_lit,4,TMP_results/accessions/YAW78710/library/host_lit,9,789.85,end,"[""CreateAccessionLibrary"", ""ClassifyHostMetadata"", ""CreateHostLibrary"", ""FilterRelevantLiterature"", ""FilterRelevantHostLiterature"", ""SUMMARISELITERATURE"", ""ClassifySummary""]","{""CreateAccessionLibrary"": 31.72, ""ClassifyHostMetadata"": 1.97, ""FilterRelevantLiterature"": 193.7, ""FilterRelevantHostLiterature"": 199.08, ""ClassifySummary"": 8.51}",False,TMP_results/accessions/YAW78710/summary/summary.txt,"['PMC10327644.1.txt', 'PMC12145637.1.txt']",2,"['42083208.txt', 'PMC11375409.1.txt', 'PMC12816973.1.txt', 'PMC12145637.1.txt', 'PMC12907408.1.txt', 'PMC13148052.1.txt', 'PMC11580497.1.txt', 'PMC13113632.1.txt']",8,
gemma4:e4b,UCR81688,Escherichia phage vB_EcoM-G157lw,"{""uid"": ""2111791946"", ""accession"": ""UCR81688"", ""title"": ""recombination and repair protein [Escherichia phage vB_EcoM-G157lw]"", ""organism"": ""Escherichia phage vB_EcoM-G157lw"", ""taxonId"": 2880936, ""sequence_length"": 393, ""create_date"": ""2023/03/29"", ""update_date"": ""2025/09/19"", ""dbsource"": ""insd"", ""extra"": ""gi|2111791946|gb|UCR81688.1|"", ""host"": ""Escherichia coli ATCC 43888"", ""country"": ""USA"", ""isolation_source"": ""non-fecal compost"", ""collection_date"": ""03-May-2017""}",Escherichia coli ATCC 43888,strain,The metadata explicitly states the 'host' as 'Escherichia coli ATCC 43888'.,,metadata,True,mesophile,,"Several papers show evidence pointing towards mesophilic conditions. Specifically, PMC13127935.1.txt notes an 'Optimal growth temperature: 36°C' and PMC13074765.1.txt shows 'optimal growth and incubation temperatures consistently set at 37 °C.' PMC13114035.1.txt also uses 37 °C for incubation. These temperatures (36-37°C) are classic indicators of mesophilic organisms. While some papers show cold tolerance (4°C) or higher stability (up to 50°C), the most frequently cited and consistent optimal/assay temperature points to the mesophilic range.",,True,TMP_results/accessions/UCR81688/library/accession_lit,6,TMP_results/accessions/UCR81688/library/host_lit,10,540.1099999999999,end,"[""CreateAccessionLibrary"", ""ClassifyHostMetadata"", ""CreateHostLibrary"", ""FilterRelevantLiterature"", ""FilterRelevantHostLiterature"", ""SUMMARISELITERATURE"", ""ClassifySummary""]","{""CreateAccessionLibrary"": 24.91, ""ClassifyHostMetadata"": 2.32, ""FilterRelevantLiterature"": 88.0, ""FilterRelevantHostLiterature"": 188.45, ""ClassifySummary"": 7.06}",False,TMP_results/accessions/UCR81688/summary/summary.txt,"['41942208.txt', '42023893.txt', '41990421.txt', 'PMC13153029.1.txt']",4,"['PMC13127935.1.txt', '40154666.txt', '41579760.txt', 'PMC13114035.1.txt', '38465674.txt', 'PMC13074765.1.txt', 'PMC13141734.1.txt']",7,
gemma4:e4b,WNM70829,Salmonella phage Mansal,"{""uid"": ""2582376467"", ""accession"": ""WNM70829"", ""title"": ""RecA-like recombination protein [Salmonella phage Mansal]"", ""organism"": ""Salmonella phage Mansal"", ""taxonId"": 3060961, ""sequence_length"": 361, ""create_date"": ""2023/10/02"", ""update_date"": ""2025/09/05"", ""dbsource"": ""insd"", ""extra"": ""gi|2582376467|gb|WNM70829.1|"", ""host"": ""Salmonella enterica subsp. enterica serovar Typhimurium"", ""lab_host"": ""Salmonella enterica subsp. enterica serovar Typhimurium LT2"", ""country"": ""USA"", ""isolation_source"": ""TAMU wastewater treatment plant"", ""collection_date"": ""2022-07-12"", ""collected_by"": ""Prasanth Manohar"", ""identified_by"": ""Prasanth Manohar""}",Salmonella enterica subsp. enterica serovar Typhimurium,species,The metadata explicitly lists 'host' as 'Salmonella enterica subsp. enterica serovar Typhimurium'.,,metadata,True,mesophile,,"Multiple papers (PMC13170677.1.txt and PMC13170248.1.txt) repeatedly state that the optimal growth temperature, incubation conditions, and assays were performed at 37°C. The environmental context for these organisms is the human body ('in vivo environment' or 'colonizes the nasal passages'/'various host tissues'). Organisms that thrive optimally at 37°C are classically classified as mesophiles. While no explicit classification is given, the consistent physiological context strongly points to mesophily.",,True,TMP_results/accessions/WNM70829/library/accession_lit,0,TMP_results/accessions/WNM70829/library/host_lit,8,453.5900000000001,end,"[""CreateAccessionLibrary"", ""ClassifyHostMetadata"", ""CreateHostLibrary"", ""FilterRelevantLiterature"", ""FilterRelevantHostLiterature"", ""SUMMARISELITERATURE"", ""ClassifySummary""]","{""CreateAccessionLibrary"": 4.07, ""ClassifyHostMetadata"": 2.4, ""FilterRelevantLiterature"": 0.0, ""FilterRelevantHostLiterature"": 251.55, ""ClassifySummary"": 4.43}",False,TMP_results/accessions/WNM70829/summary/summary.txt,[],0,"['42128077.txt', 'PMC13170677.1.txt', 'PMC13170248.1.txt', 'PMC13168631.1.txt', '42129799.txt']",5,
gemma4:e4b,YP_013606416,Enterococcus phage vB_EfaM_Ef2.3,"{""uid"": ""3057019535"", ""accession"": ""YP_013606416"", ""title"": ""recombination protein [Enterococcus phage vB_EfaM_Ef2.3]"", ""organism"": ""Enterococcus phage vB_EfaM_Ef2.3"", ""taxonId"": 2546634, ""sequence_length"": 415, ""create_date"": ""2025/09/04"", ""update_date"": ""2025/09/04"", ""dbsource"": ""refseq"", ""extra"": ""gi|3057019535|ref|YP_013606416.1|"", ""lab_host"": ""Enterococcus faecalis strain AH2"", ""country"": ""USA: San Diego, CA"", ""isolation_source"": ""raw sewage water obtained from a North City Water Reclamation Plant"", ""collection_date"": ""Jun-2018""}",Enterococcus faecalis strain AH2,strain,The metadata explicitly contains the key 'lab_host' with the value 'Enterococcus faecalis strain AH2'.,,metadata,True,mesophile,,"The majority of the papers (PMC7563437.1, PMC7999683.1, PMC12273212.1, and PMC11360260.1) report optimal or primary assay temperatures at 37 °C. This temperature (37 °C) is the standard physiological temperature for human body/gut environments, which defines mesophilic conditions. While one paper (PMC10054541.1) tests stability up to 95 °C, the *optimal* growth and primary assay temperatures consistently point to the mesophilic range (35–37 °C).",,True,TMP_results/accessions/YP_013606416/library/accession_lit,6,TMP_results/accessions/YP_013606416/library/host_lit,4,657.02,end,"[""CreateAccessionLibrary"", ""ClassifyHostMetadata"", ""CreateHostLibrary"", ""FilterRelevantLiterature"", ""FilterRelevantHostLiterature"", ""SUMMARISELITERATURE"", ""ClassifySummary""]","{""CreateAccessionLibrary"": 30.44, ""ClassifyHostMetadata"": 2.3, ""FilterRelevantLiterature"": 196.15, ""FilterRelevantHostLiterature"": 182.98, ""ClassifySummary"": 6.14}",False,TMP_results/accessions/YP_013606416/summary/summary.txt,"['PMC10054541.1.txt', 'PMC7563437.1.txt', 'PMC11360260.1.txt', 'PMC7999683.1.txt', 'PMC8322680.1.txt']",5,['PMC12273212.1.txt'],1,
gemma4:e4b,XZP17675,Pseudomonas phage vB_Pa-PAC11,"{""uid"": ""3050151988"", ""accession"": ""XZP17675"", ""title"": ""recA bacterial DNA recombination protein [Pseudomonas phage vB_Pa-PAC11]"", ""organism"": ""Pseudomonas phage vB_Pa-PAC11"", ""taxonId"": 3414728, ""sequence_length"": 363, ""create_date"": ""2025/09/01"", ""update_date"": ""2026/03/10"", ""dbsource"": ""insd"", ""extra"": ""gi|3050151988|gb|XZP17675.1|"", ""host"": ""Pseudomonas aeruginosa CECT110"", ""country"": ""Spain"", ""isolation_source"": ""hospital sewage water""}",Pseudomonas aeruginosa CECT110,strain,The metadata explicitly states the 'host' as 'Pseudomonas aeruginosa CECT110'.,,metadata,True,mesophile,,"The majority of the papers (PMC13136285.1.txt, PMC13165683.1.txt, PMC11878078.1.txt) report optimal or standard incubation temperatures of 37°C. This temperature is the typical core body temperature of humans and mammals, which is the definition of mesophilic conditions. While one paper (PMC13061930.1.txt) shows evidence of psychrotolerance (stability at 4°C and 25°C), the overall pattern across the dataset, especially when considering the clinical/human-associated sources (CF, sewage, etc.), points most strongly to mesophily as the general adaptation.",,True,TMP_results/accessions/XZP17675/library/accession_lit,4,TMP_results/accessions/XZP17675/library/host_lit,7,489.06000000000006,end,"[""CreateAccessionLibrary"", ""ClassifyHostMetadata"", ""CreateHostLibrary"", ""FilterRelevantLiterature"", ""FilterRelevantHostLiterature"", ""SUMMARISELITERATURE"", ""ClassifySummary""]","{""CreateAccessionLibrary"": 19.1, ""ClassifyHostMetadata"": 2.16, ""FilterRelevantLiterature"": 78.7, ""FilterRelevantHostLiterature"": 135.34, ""ClassifySummary"": 7.0}",False,TMP_results/accessions/XZP17675/summary/summary.txt,"['PMC13061930.1.txt', 'PMC13136285.1.txt', '41879899.txt', '42035617.txt']",4,"['PMC9218357.1.txt', 'PMC13161865.1.txt', 'PMC13165683.1.txt', 'PMC11878078.1.txt', 'PMC13166991.1.txt', '42129799.txt']",6,
gemma4:e4b,XCZ64124,Staphylococcus phage BK-510,"{""uid"": ""2772197540"", ""accession"": ""XCZ64124"", ""title"": ""RecA protein [Staphylococcus phage BK-510]"", ""organism"": ""Staphylococcus phage BK-510"", ""taxonId"": 3236938, ""sequence_length"": 418, ""create_date"": ""2025/09/01"", ""update_date"": ""2025/09/01"", ""dbsource"": ""insd"", ""extra"": ""gi|2772197540|gb|XCZ64124.1|"", ""host"": ""Staphylococcus aureus BK-510-CM"", ""country"": ""Mexico: Guanajuato"", ""isolation_source"": ""milk""}",Staphylococcus aureus BK-510-CM,strain,The metadata explicitly states the 'host' as 'Staphylococcus aureus BK-510-CM'.,,metadata,True,mesophile,,"The optimal growth temperature is stated as 37°C. Mesophiles are generally defined as organisms that thrive at moderate temperatures, typically near the human body temperature range (20°C to 45°C, with 37°C being the classic example). Since 37°C falls squarely within the typical mesophilic range, the organism is inferred to be a mesophile.",,True,TMP_results/accessions/XCZ64124/library/accession_lit,5,TMP_results/accessions/XCZ64124/library/host_lit,5,187.53,end,"[""CreateAccessionLibrary"", ""ClassifyHostMetadata"", ""CreateHostLibrary"", ""FilterRelevantLiterature"", ""FilterRelevantHostLiterature"", ""SUMMARISELITERATURE"", ""ClassifySummary""]","{""CreateAccessionLibrary"": 24.67, ""ClassifyHostMetadata"": 2.22, ""FilterRelevantLiterature"": 67.21, ""FilterRelevantHostLiterature"": 57.43, ""ClassifySummary"": 2.8}",False,TMP_results/accessions/XCZ64124/summary/summary.txt,[],0,['PMC13162171.1.txt'],1,
gemma4:e4b,XEN39446,Salmonella phage BP13076,"{""uid"": ""2789032954"", ""accession"": ""XEN39446"", ""title"": ""recombination and repair protein [Salmonella phage BP13076]"", ""organism"": ""Salmonella phage BP13076"", ""taxonId"": 3241510, ""sequence_length"": 387, ""create_date"": ""2025/08/31"", ""update_date"": ""2025/08/31"", ""dbsource"": ""insd"", ""extra"": ""gi|2789032954|gb|XEN39446.1|"", ""host"": ""Salmonella enterica subsp. enterica serovar Enteritidis ATCC 13076"", ""country"": ""China"", ""isolation_source"": ""chicken feces""}",Salmonella enterica subsp. enterica serovar Enteritidis ATCC 13076,strain,The metadata explicitly lists the 'host' as 'Salmonella enterica subsp. enterica serovar Enteritidis ATCC 13076'.,,metadata,True,mesophile,,"The majority of the papers report optimal growth temperatures around 37°C (PMC11951187.1.txt, PMC12873362.1.txt, PMC13063978.1.txt, PMC13163011.1.txt). The 37°C range is the classic optimal temperature for human/mammalian body temperature, which defines mesophiles. While some papers show survival at lower temperatures (e.g., 4°C, 10°C), the optimal growth condition consistently points to the mesophilic range. PMC13163011.1.txt notes 'Mesophilic growth: The general conditions (e.g., 37 °C, 25 °C) suggest mesophilic growth patterns.'",,True,TMP_results/accessions/XEN39446/library/accession_lit,2,TMP_results/accessions/XEN39446/library/host_lit,9,508.8,end,"[""CreateAccessionLibrary"", ""ClassifyHostMetadata"", ""CreateHostLibrary"", ""FilterRelevantLiterature"", ""FilterRelevantHostLiterature"", ""SUMMARISELITERATURE"", ""ClassifySummary""]","{""CreateAccessionLibrary"": 18.38, ""ClassifyHostMetadata"": 2.56, ""FilterRelevantLiterature"": 60.13, ""FilterRelevantHostLiterature"": 250.29, ""ClassifySummary"": 6.6}",False,TMP_results/accessions/XEN39446/summary/summary.txt,"['PMC11951187.1.txt', 'PMC12873362.1.txt']",2,"['40382049.txt', 'PMC13063978.1.txt', 'PMC13163011.1.txt', '40889850.txt']",4,
gemma4:e4b,XYS98208,Escherichia phage CCU7,"{""uid"": ""3040683829"", ""accession"": ""XYS98208"", ""title"": ""hypothetical protein [Escherichia phage CCU7]"", ""organism"": ""Escherichia phage CCU7"", ""taxonId"": 3442627, ""sequence_length"": 390, ""create_date"": ""2025/08/17"", ""update_date"": ""2025/08/17"", ""dbsource"": ""insd"", ""extra"": ""gi|3040683829|gb|XYS98208.1|"", ""host"": ""Escherichia coli"", ""isolation_source"": ""wastewater""}",Escherichia coli,species,The metadata explicitly states the 'host' field as 'Escherichia coli'.,,metadata,True,psychrophile,,"The summary for PMC13163687.1.txt explicitly states: ""Psychrophilic adaptation: Explicitly mentioned; isolates are adapted to extreme cold and freezing conditions."" It also notes the environmental source: ""Antarctic soil, moss, permafrost, marine sediment,"" which are characteristic habitats for psychrophiles. The optimal growth temperatures mentioned (4 °C, 15 °C) are also indicative of cold adaptation.",,True,TMP_results/accessions/XYS98208/library/accession_lit,0,TMP_results/accessions/XYS98208/library/host_lit,10,596.12,end,"[""CreateAccessionLibrary"", ""ClassifyHostMetadata"", ""CreateHostLibrary"", ""FilterRelevantLiterature"", ""FilterRelevantHostLiterature"", ""SUMMARISELITERATURE"", ""ClassifySummary""]","{""CreateAccessionLibrary"": 5.06, ""ClassifyHostMetadata"": 1.97, ""FilterRelevantLiterature"": 0.0, ""FilterRelevantHostLiterature"": 342.61, ""ClassifySummary"": 4.85}",False,TMP_results/accessions/XYS98208/summary/summary.txt,[],0,"['PMC13163687.1.txt', 'PMC13162333.1.txt', 'PMC13170677.1.txt', 'PMC13161134.1.txt', 'PMC13168922.1.txt', 'PMC13160763.1.txt']",6,
gemma4:e4b,XYR95885,Synechococcus phage RB11-B,"{""uid"": ""3040299255"", ""accession"": ""XYR95885"", ""title"": ""recA bacterial DNA recombination protein [Synechococcus phage RB11-B]"", ""organism"": ""Synechococcus phage RB11-B"", ""taxonId"": 3412546, ""sequence_length"": 335, ""create_date"": ""2025/08/16"", ""update_date"": ""2025/08/16"", ""dbsource"": ""insd"", ""extra"": ""gi|3040299255|gb|XYR95885.1|"", ""host"": ""Synechococcus sp. MW02"", ""country"": ""China"", ""isolation_source"": ""seawater""}",Synechococcus sp. MW02,strain,The metadata explicitly states the 'host' as 'Synechococcus sp. MW02'.,,metadata,True,mesophile,,"The majority of the papers report incubation or optimal growth temperatures around 22°C, 25°C, or 37°C. 

1. **PMC13041748.1.txt:** Mentions growth assays at $24^{\circ}\text{C}$.
2. **PMC13108922.1.txt:** Reports optimal growth at $37^{\circ}\text{C}$ and $22^{\circ}\text{C}$.
3. **PMC10665884.1.txt:** Reports incubation at $22^{\circ}\text{C}$.
4. **PMC10436341.1.txt:** Reports optimal growth at $25^{\circ}\text{C}$.
5. **PMC12783734.1.txt:** Reports phage culture at $25^{\circ}\text{C}$ and $18^{\circ}\text{C}$.
6. **PMC10808157.1.txt:** Reports an optimal range of $27.5–29.5^{\circ}\text{C}$ in summer, with low-temperature dominance ($\le 16^{\circ}\text{C}$) suggesting cold tolerance, but the overall pattern centers around moderate temperatures.

Since the observed temperatures ($22^{\circ}\text{C}$ to $37^{\circ}\text{C}$) fall within the typical range for mesophiles ($15^{\circ}\text{C}$ to $37^{\circ}\text{C}$), and no evidence points strongly towards extreme cold (psychrophile) or extreme heat (thermophile), mesophile is the most appropriate general classification based on the collective data.",,True,TMP_results/accessions/XYR95885/library/accession_lit,5,TMP_results/accessions/XYR95885/library/host_lit,5,587.43,end,"[""CreateAccessionLibrary"", ""ClassifyHostMetadata"", ""CreateHostLibrary"", ""FilterRelevantLiterature"", ""FilterRelevantHostLiterature"", ""SUMMARISELITERATURE"", ""ClassifySummary""]","{""CreateAccessionLibrary"": 20.95, ""ClassifyHostMetadata"": 2.2, ""FilterRelevantLiterature"": 82.96, ""FilterRelevantHostLiterature"": 170.54, ""ClassifySummary"": 11.77}",False,TMP_results/accessions/XYR95885/summary/summary.txt,"['PMC13041748.1.txt', '41930475.txt', '42053500.txt', 'PMC13108922.1.txt', '41549294.txt']",5,"['PMC12783734.1.txt', 'PMC10665884.1.txt', 'PMC10436341.1.txt', 'PMC12029665.1.txt', 'PMC10808157.1.txt']",5,
gemma4:e4b,XYR95683,Synechococcus phage RN05-S,"{""uid"": ""3040299052"", ""accession"": ""XYR95683"", ""title"": ""recA bacterial DNA recombination protein [Synechococcus phage RN05-S]"", ""organism"": ""Synechococcus phage RN05-S"", ""taxonId"": 3412547, ""sequence_length"": 335, ""create_date"": ""2025/08/16"", ""update_date"": ""2025/08/16"", ""dbsource"": ""insd"", ""extra"": ""gi|3040299052|gb|XYR95683.1|"", ""host"": ""Synechococcus sp. MW02"", ""country"": ""China"", ""isolation_source"": ""seawater""}",Synechococcus sp. MW02,strain,The metadata explicitly states the 'host' as 'Synechococcus sp. MW02'.,,metadata,True,mesophile,,"The majority of the papers report incubation or optimal growth temperatures around 22°C, 25°C, or 37°C. 

1. **PMC13041748.1.txt:** Mentions growth assays at $24^	ext{o}	ext{C}$.
2. **PMC13108922.1.txt:** Reports optimal growth at $37^	ext{o}	ext{C}$ and $22^	ext{o}	ext{C}$.
3. **PMC10665884.1.txt:** Reports incubation at $22^	ext{o}	ext{C}$.
4. **PMC10436341.1.txt:** Reports optimal growth at $25^	ext{o}	ext{C}$.
5. **PMC12783734.1.txt:** Reports phage culture at $25^	ext{o}	ext{C}$ and $18^	ext{o}	ext{C}$.
6. **PMC10808157.1.txt:** Reports an optimal range of $27.5–29.5^	ext{o}	ext{C}$ in summer, with low abundance observed at $\le 16^	ext{o}	ext{C}$.

Since the observed temperatures ($18^	ext{o}	ext{C}$ to $37^	ext{o}	ext{C}$) fall within the typical range for mesophiles (generally $20^	ext{o}	ext{C}$ to $45^	ext{o}	ext{C}$), and there is no consistent evidence pointing towards extreme cold (psychrophile) or extreme heat (thermophile) as the *optimal* condition across all studies, the best general classification is mesophile. The presence of cold-tolerant lineages in PMC10808157.1.txt suggests psychrotolerance, but the overall pattern is best described as mesophilic given the mixed data set.",,True,TMP_results/accessions/XYR95683/library/accession_lit,5,TMP_results/accessions/XYR95683/library/host_lit,5,587.6,end,"[""CreateAccessionLibrary"", ""ClassifyHostMetadata"", ""CreateHostLibrary"", ""FilterRelevantLiterature"", ""FilterRelevantHostLiterature"", ""SUMMARISELITERATURE"", ""ClassifySummary""]","{""CreateAccessionLibrary"": 21.19, ""ClassifyHostMetadata"": 2.19, ""FilterRelevantLiterature"": 81.82, ""FilterRelevantHostLiterature"": 170.46, ""ClassifySummary"": 12.71}",False,TMP_results/accessions/XYR95683/summary/summary.txt,"['PMC13041748.1.txt', '41930475.txt', '42053500.txt', 'PMC13108922.1.txt', '41549294.txt']",5,"['PMC12783734.1.txt', 'PMC10665884.1.txt', 'PMC10436341.1.txt', 'PMC12029665.1.txt', 'PMC10808157.1.txt']",5,
gemma4:e4b,XYM58971,Synechococcus phage Sf-FS3,"{""uid"": ""3037313127"", ""accession"": ""XYM58971"", ""title"": ""RecA family profile 2 domain-containing protein [Synechococcus phage Sf-FS3]"", ""organism"": ""Synechococcus phage Sf-FS3"", ""taxonId"": 3413219, ""sequence_length"": 333, ""create_date"": ""2025/08/11"", ""update_date"": ""2025/08/11"", ""dbsource"": ""insd"", ""extra"": ""gi|3037313127|gb|XYM58971.1|"", ""lab_host"": ""Synechococcus sp. WH8102"", ""country"": ""Israel: Achziv"", ""isolation_source"": ""Petrosia ficiformis pink cortex"", ""collection_date"": ""10-Jun-2020""}",Synechococcus sp. WH8102,strain,The metadata explicitly lists 'lab_host' as 'Synechococcus sp. WH8102'.,,metadata,True,mesophile,,"Multiple papers report growth or incubation conditions around 23°C to 24°C (PMC10100731.1.txt, PMC9337993.1.txt, PMC13012070.1.txt, PMC12750528.1.txt). These temperatures fall squarely within the typical range for mesophiles (moderate temperature organisms). While some papers mention testing at lower temperatures (17°C in 39445547.txt) or discuss general heat/cold stress (PMC12807369.1.txt), the most frequently cited and consistent laboratory growth conditions point to a mesophilic lifestyle. The overall consensus from the provided summaries is centered around moderate, near-room-temperature growth.",,True,TMP_results/accessions/XYM58971/library/accession_lit,1,TMP_results/accessions/XYM58971/library/host_lit,10,759.7900000000001,end,"[""CreateAccessionLibrary"", ""ClassifyHostMetadata"", ""CreateHostLibrary"", ""FilterRelevantLiterature"", ""FilterRelevantHostLiterature"", ""SUMMARISELITERATURE"", ""ClassifySummary""]","{""CreateAccessionLibrary"": 12.78, ""ClassifyHostMetadata"": 2.28, ""FilterRelevantLiterature"": 48.69, ""FilterRelevantHostLiterature"": 343.22, ""ClassifySummary"": 7.39}",False,TMP_results/accessions/XYM58971/summary/summary.txt,['PMC12284385.1.txt'],1,"['PMC10100731.1.txt', '39445547.txt', 'PMC10846223.1.txt', 'PMC9337993.1.txt', 'PMC13012070.1.txt', 'PMC12750528.1.txt', '35193048.txt', 'PMC12807369.1.txt']",8,
gemma4:e4b,XYM58736,Synechococcus phage Sf-FR1,"{""uid"": ""3037312724"", ""accession"": ""XYM58736"", ""title"": ""DNA repair protein [Synechococcus phage Sf-FR1]"", ""organism"": ""Synechococcus phage Sf-FR1"", ""taxonId"": 3413218, ""sequence_length"": 342, ""create_date"": ""2025/08/11"", ""update_date"": ""2026/01/21"", ""dbsource"": ""insd"", ""extra"": ""gi|3037312724|gb|XYM58736.1|"", ""lab_host"": ""Synechococcus sp. WH8102"", ""country"": ""Israel: Achziv"", ""isolation_source"": ""Petrosia ficiformis pink cortex"", ""collection_date"": ""10-Jun-2020""}",Synechococcus sp. WH8102,strain,The metadata explicitly contains the key 'lab_host' with the value 'Synechococcus sp. WH8102'.,,metadata,True,mesophile,,"Multiple papers report growth or incubation conditions around 22°C to 24°C (e.g., PMC13041748.1.txt: '24° ± 2°C'; PMC12284385.1.txt: '24°C'; PMC10100731.1.txt: '24°C'; PMC9337993.1.txt: '23°C'; PMC13012070.1.txt: '24°C' to '27°C'). These temperatures fall squarely within the typical range considered mesophilic (generally 20°C to 45°C). While some papers mention 37°C (which is also mesophilic), the most frequently cited and consistent laboratory growth conditions point to the 20-25°C range, which is characteristic of mesophiles.",,True,TMP_results/accessions/XYM58736/library/accession_lit,6,TMP_results/accessions/XYM58736/library/host_lit,10,956.09,end,"[""CreateAccessionLibrary"", ""ClassifyHostMetadata"", ""CreateHostLibrary"", ""FilterRelevantLiterature"", ""FilterRelevantHostLiterature"", ""SUMMARISELITERATURE"", ""ClassifySummary""]","{""CreateAccessionLibrary"": 31.38, ""ClassifyHostMetadata"": 2.4, ""FilterRelevantLiterature"": 131.61, ""FilterRelevantHostLiterature"": 343.02, ""ClassifySummary"": 9.45}",False,TMP_results/accessions/XYM58736/summary/summary.txt,"['PMC13041748.1.txt', '41930475.txt', 'PMC12284385.1.txt', '42053500.txt', 'PMC13108922.1.txt', '41549294.txt']",6,"['PMC10100731.1.txt', '39445547.txt', 'PMC10846223.1.txt', 'PMC9337993.1.txt', 'PMC13012070.1.txt', 'PMC12750528.1.txt', '35193048.txt', 'PMC12807369.1.txt']",8,
gemma4:e4b,XYM57640,Synechococcus phage Sf-CH1b,"{""uid"": ""3037310656"", ""accession"": ""XYM57640"", ""title"": ""recA-like recombination protein [Synechococcus phage Sf-CH1b]"", ""organism"": ""Synechococcus phage Sf-CH1b"", ""taxonId"": 3413213, ""sequence_length"": 338, ""create_date"": ""2025/08/11"", ""update_date"": ""2026/01/21"", ""dbsource"": ""insd"", ""extra"": ""gi|3037310656|gb|XYM57640.1|"", ""lab_host"": ""Synechococcus sp. WH8102"", ""country"": ""Israel: Achziv"", ""isolation_source"": ""Petrosia ficiformis pink cortex"", ""collection_date"": ""20-Jul-2020""}",Synechococcus sp. WH8102,strain,The metadata explicitly lists 'lab_host' as 'Synechococcus sp. WH8102'.,,metadata,True,mesophile,,"Multiple papers report growth or incubation conditions around 23°C to 24°C (PMC10100731.1.txt, PMC9337993.1.txt, PMC13012070.1.txt, PMC12750528.1.txt). These temperatures fall squarely within the typical range for mesophiles (moderate temperature organisms). While some papers mention testing at lower temperatures (17°C in 39445547.txt) or discuss general heat/cold stress (PMC12807369.1.txt), the most frequently cited and consistent laboratory growth conditions point to a mesophilic lifestyle. The overall consensus from the provided summaries is centered around moderate, near-room-temperature growth.",,True,TMP_results/accessions/XYM57640/library/accession_lit,1,TMP_results/accessions/XYM57640/library/host_lit,10,756.08,end,"[""CreateAccessionLibrary"", ""ClassifyHostMetadata"", ""CreateHostLibrary"", ""FilterRelevantLiterature"", ""FilterRelevantHostLiterature"", ""SUMMARISELITERATURE"", ""ClassifySummary""]","{""CreateAccessionLibrary"": 9.13, ""ClassifyHostMetadata"": 2.33, ""FilterRelevantLiterature"": 48.84, ""FilterRelevantHostLiterature"": 343.0, ""ClassifySummary"": 7.33}",False,TMP_results/accessions/XYM57640/summary/summary.txt,['PMC12284385.1.txt'],1,"['PMC10100731.1.txt', '39445547.txt', 'PMC10846223.1.txt', 'PMC9337993.1.txt', 'PMC13012070.1.txt', 'PMC12750528.1.txt', '35193048.txt', 'PMC12807369.1.txt']",8,
gemma4:e4b,XXS07581,Escherichia phage Ec_O157kw,"{""uid"": ""3028217419"", ""accession"": ""XXS07581"", ""title"": ""recombination and repair protein [Escherichia phage Ec_O157kw]"", ""organism"": ""Escherichia phage Ec_O157kw"", ""taxonId"": 3447159, ""sequence_length"": 393, ""create_date"": ""2025/07/27"", ""update_date"": ""2025/07/27"", ""dbsource"": ""insd"", ""extra"": ""gi|3028217419|gb|XXS07581.1|"", ""lab_host"": ""Escherichia sp. STEC O157"", ""country"": ""USA"", ""isolation_source"": ""chicken feces"", ""collection_date"": ""02-Oct-2024""}",Escherichia sp. STEC O157,strain,The metadata explicitly contains the key 'lab_host' with the value 'Escherichia sp. STEC O157'.,,metadata,True,mesophile,,"Multiple papers report optimal or standard incubation temperatures of 37°C (PMC13108922.1.txt, PMC13121708.1.txt, PMC13148639.1.txt). 37°C is the standard optimal growth temperature for human pathogens and many foodborne bacteria, which defines mesophiles. While some papers test lower temperatures (e.g., 22°C, 25°C, 10°C, 4°C), the most frequently cited and standard laboratory condition points to mesophilic adaptation. The presence of 37°C as a primary incubation temperature across several studies strongly suggests a mesophilic context for the majority of the studied organisms/systems.",,True,TMP_results/accessions/XXS07581/library/accession_lit,10,TMP_results/accessions/XXS07581/library/host_lit,9,958.6700000000001,end,"[""CreateAccessionLibrary"", ""ClassifyHostMetadata"", ""CreateHostLibrary"", ""FilterRelevantLiterature"", ""FilterRelevantHostLiterature"", ""SUMMARISELITERATURE"", ""ClassifySummary""]","{""CreateAccessionLibrary"": 44.23, ""ClassifyHostMetadata"": 2.29, ""FilterRelevantLiterature"": 342.76, ""FilterRelevantHostLiterature"": 254.47, ""ClassifySummary"": 7.03}",False,TMP_results/accessions/XXS07581/summary/summary.txt,"['PMC13108922.1.txt', 'PMC13121708.1.txt', '42026126.txt']",3,"['40555013.txt', 'PMC13139102.1.txt', 'PMC13128281.1.txt', 'PMC13148639.1.txt', 'PMC12300086.1.txt', '40382031.txt', '38637072.txt']",7,
gemma4:e4b,XXQ04733,Bacillus phage Edson,"{""uid"": ""3024677668"", ""accession"": ""XXQ04733"", ""title"": ""recombinase RecA [Bacillus phage Edson]"", ""organism"": ""Bacillus phage Edson"", ""taxonId"": 3442624, ""sequence_length"": 358, ""create_date"": ""2025/07/22"", ""update_date"": ""2025/07/22"", ""dbsource"": ""insd"", ""extra"": ""gi|3024677668|gb|XXQ04733.1|"", ""host"": ""Bacillus cereus BC102p""}",Bacillus cereus BC102p,species,The metadata explicitly states the host as 'Bacillus cereus BC102p' under the 'host' key.,,metadata,True,mesophile,,"Multiple papers report optimal or standard incubation temperatures around 37 °C (PMC13164989.1.txt, PMC13168432.1.txt) or 25 °C (PMC13170352.1.txt), which are characteristic of mesophilic organisms. PMC13165208.1.txt explicitly mentions 'standard mesophilic conditions' for bacterial incubation at 37 °C. While some papers lack explicit classification, the recurring use of 37 °C and 25 °C as optimal/standard lab conditions strongly suggests a mesophilic tendency for the tested organisms, despite the lack of a definitive statement in every single summary.",,True,TMP_results/accessions/XXQ04733/library/accession_lit,4,TMP_results/accessions/XXQ04733/library/host_lit,10,820.57,end,"[""CreateAccessionLibrary"", ""ClassifyHostMetadata"", ""CreateHostLibrary"", ""FilterRelevantLiterature"", ""FilterRelevantHostLiterature"", ""SUMMARISELITERATURE"", ""ClassifySummary""]","{""CreateAccessionLibrary"": 31.78, ""ClassifyHostMetadata"": 2.21, ""FilterRelevantLiterature"": 198.88, ""FilterRelevantHostLiterature"": 309.2, ""ClassifySummary"": 6.22}",False,TMP_results/accessions/XXQ04733/summary/summary.txt,[],0,"['PMC13164989.1.txt', '42129397.txt', 'PMC13165208.1.txt', 'PMC13170800.1.txt', 'PMC13165066.1.txt', 'PMC13170352.1.txt', 'PMC13168432.1.txt']",7,
gemma4:e4b,XSG53046,Megavirus sp.,"{""uid"": ""2967902762"", ""accession"": ""XSG53046"", ""title"": ""MAG: hypothetical protein [Megavirus sp.]"", ""organism"": ""Megavirus sp."", ""taxonId"": 3031448, ""sequence_length"": 357, ""create_date"": ""2025/05/05"", ""update_date"": ""2025/07/17"", ""dbsource"": ""insd"", ""extra"": ""gi|2967902762|gb|XSG53046.1|"", ""isolate"": ""Genome3_sample2"", ""host"": ""Tetraselmis striata"", ""metagenome_source"": ""pond metagenome"", ""country"": ""USA: Arizona, Mesa"", ""isolation_source"": ""outdoor microalgae pond"", ""collection_date"": ""Sep-2024""}",Tetraselmis striata,species,The metadata explicitly contains the key 'host' with the value 'Tetraselmis striata'.,,metadata,True,mesophile,,"Several papers provide optimal or typical growth temperatures that fall within the mesophilic range (20°C to 45°C). Specifically:
1. PMC13037468.1.txt: Optimal growth temperature is 22°C–28°C.
2. PMC5371795.1.txt: Optimal growth temperature is 22°C.
3. PMC11677443.1.txt: Optimal growth temperature is 25 ± 2 °C.
4. PMC10543572.1.txt: Optimal water temperature for the system is 28°C, and cell culture was maintained at 33°C.
5. PMC12883906.1.txt: Parameters include 20°C to 35°C for warm season strains.

While one paper (PMC12005167.1.txt) strongly suggests psychrophilic adaptation due to survival below 6°C, the majority of the provided data points to optimal growth and experimental conditions clustered around 22°C to 30°C, which is characteristic of mesophiles. Therefore, mesophile is the best overall classification based on the aggregate evidence.",,True,TMP_results/accessions/XSG53046/library/accession_lit,7,TMP_results/accessions/XSG53046/library/host_lit,9,934.36,end,"[""CreateAccessionLibrary"", ""ClassifyHostMetadata"", ""CreateHostLibrary"", ""FilterRelevantLiterature"", ""FilterRelevantHostLiterature"", ""SUMMARISELITERATURE"", ""ClassifySummary""]","{""CreateAccessionLibrary"": 30.04, ""ClassifyHostMetadata"": 2.16, ""FilterRelevantLiterature"": 258.85, ""FilterRelevantHostLiterature"": 274.69, ""ClassifySummary"": 10.08}",False,TMP_results/accessions/XSG53046/summary/summary.txt,"['PMC12978162.1.txt', 'PMC13037468.1.txt', 'PMC12999734.1.txt', 'PMC5371795.1.txt', 'PMC12005167.1.txt']",5,"['PMC11677443.1.txt', '38876261.txt', 'PMC12883906.1.txt', 'PMC12790866.1.txt', 'PMC10543572.1.txt']",5,
gemma4:e4b,XXL68479,Escherichia phage Mizar,"{""uid"": ""3018768199"", ""accession"": ""XXL68479"", ""title"": ""recA-like recombination protein [Escherichia phage Mizar]"", ""organism"": ""Escherichia phage Mizar"", ""taxonId"": 3434943, ""sequence_length"": 390, ""create_date"": ""2025/07/13"", ""update_date"": ""2025/07/13"", ""dbsource"": ""insd"", ""extra"": ""gi|3018768199|gb|XXL68479.1|"", ""lab_host"": ""Escherichia coli HM03"", ""country"": ""USA: Navasota, TX"", ""isolation_source"": ""waste water"", ""collection_date"": ""2023"", ""collected_by"": ""Guadalupe Valencia-Toxqui""}",Escherichia coli HM03,strain,The metadata explicitly contains the key 'lab_host' with the value 'Escherichia coli HM03'.,,metadata,True,mesophile,,"Both papers indicate that the primary laboratory incubation temperature used for culturing and assays was $37^{\circ}\text{C}$ (PMC12213737.1.txt: ""Optimal growth temperature: 37°C (mentioned multiple times for various assays)."", ""Incubation conditions: Incubations were performed at 37°C...""). The concise summary explicitly states: ""No evidence of thermophilic or psychrophilic adaptation was reported; the strains were assessed under standard mesophilic growth conditions (37°C)."" While the environmental context mentions natural fermentation at room temperature, the consistent and emphasized laboratory condition ($37^{\circ}\text{C}$) points to a mesophilic classification.",,True,TMP_results/accessions/XXL68479/library/accession_lit,0,TMP_results/accessions/XXL68479/library/host_lit,5,347.52000000000004,end,"[""CreateAccessionLibrary"", ""ClassifyHostMetadata"", ""CreateHostLibrary"", ""FilterRelevantLiterature"", ""FilterRelevantHostLiterature"", ""SUMMARISELITERATURE"", ""ClassifySummary""]","{""CreateAccessionLibrary"": 11.97, ""ClassifyHostMetadata"": 2.21, ""FilterRelevantLiterature"": 0.0, ""FilterRelevantHostLiterature"": 239.52, ""ClassifySummary"": 4.56}",False,TMP_results/accessions/XXL68479/summary/summary.txt,[],0,"['PMC10628743.1.txt', 'PMC12213737.1.txt']",2,
gemma4:e4b,XXJ63011,Vibrio phage QD01,"{""uid"": ""3011671272"", ""accession"": ""XXJ63011"", ""title"": ""DNA repair protein UvsX [Vibrio phage QD01]"", ""organism"": ""Vibrio phage QD01"", ""taxonId"": 3440539, ""sequence_length"": 366, ""create_date"": ""2025/07/07"", ""update_date"": ""2025/07/07"", ""dbsource"": ""insd"", ""extra"": ""gi|3011671272|gb|XXJ63011.1|"", ""note"": ""CCTCC PV 2024009"", ""lab_host"": ""Vibrio natriegens Vmax"", ""country"": ""China: Qingdao, Shandong Province"", ""isolation_source"": ""seawater of the Huang sea coast"", ""collection_date"": ""2023-02-12"", ""collected_by"": ""Longkun Wang""}",Vibrio natriegens Vmax,strain,The metadata explicitly states 'lab_host': 'Vibrio natriegens Vmax'.,,metadata,True,mesophile,,"Multiple papers report optimal or primary growth temperatures around 27°C, 30°C, and 37°C. 

1. PMC12685585.1.txt: Optimal growth temperature is 27°C, and the range is 4–37°C. This range is characteristic of mesophiles.
2. PMC10919088.1.txt: Optimal growth is noted at 30°C for the marine bacterium.
3. PMC11421182.1.txt: Optimal growth is at 37°C, which is typical for mesophiles.
4. PMC10937671.1.txt: Optimal growth is 30°C, and the general range is 20–37°C, which strongly suggests mesophilic characteristics.

While some papers mention enzymes from hyperthermophiles (PMC10421817.1.txt) or acidophiles (PMC11421182.1.txt, PMC10937671.1.txt), the *host* organisms or the *primary* conditions described for the majority of the samples point to growth within the 20°C to 40°C range, which defines mesophiles.",,True,TMP_results/accessions/XXJ63011/library/accession_lit,1,TMP_results/accessions/XXJ63011/library/host_lit,8,461.71000000000004,end,"[""CreateAccessionLibrary"", ""ClassifyHostMetadata"", ""CreateHostLibrary"", ""FilterRelevantLiterature"", ""FilterRelevantHostLiterature"", ""SUMMARISELITERATURE"", ""ClassifySummary""]","{""CreateAccessionLibrary"": 14.43, ""ClassifyHostMetadata"": 2.25, ""FilterRelevantLiterature"": 22.41, ""FilterRelevantHostLiterature"": 197.98, ""ClassifySummary"": 9.02}",False,TMP_results/accessions/XXJ63011/summary/summary.txt,['PMC12685585.1.txt'],1,"['PMC10919088.1.txt', 'PMC10421817.1.txt', 'PMC11421182.1.txt', '40473075.txt', '40335686.txt', '41881188.txt', 'PMC10937671.1.txt']",7,
gemma4:e4b,XXJ62871,Vibrio phage CZ01,"{""uid"": ""3011652741"", ""accession"": ""XXJ62871"", ""title"": ""UvsX RecA-like recombination protein [Vibrio phage CZ01]"", ""organism"": ""Vibrio phage CZ01"", ""taxonId"": 3435809, ""sequence_length"": 366, ""create_date"": ""2025/07/07"", ""update_date"": ""2025/07/07"", ""dbsource"": ""insd"", ""extra"": ""gi|3011652741|gb|XXJ62871.1|"", ""lab_host"": ""Vibrio natriegens Vmax (CCTCC PV 2024008)"", ""country"": ""China: Zhejiang Province"", ""isolation_source"": ""seawater of the Dong sea coast of Changzhi Island"", ""collection_date"": ""2022-09-20"", ""collected_by"": ""Yiruo Wang""}",Vibrio natriegens Vmax (CCTCC PV 2024008),strain,The metadata explicitly states 'lab_host': 'Vibrio natriegens Vmax (CCTCC PV 2024008)'.,,metadata,True,mesophile,,forced,,True,TMP_results/accessions/XXJ62871/library/accession_lit,1,TMP_results/accessions/XXJ62871/library/host_lit,0,46.23,end,"[""CreateAccessionLibrary"", ""ClassifyHostMetadata"", ""CreateHostLibrary"", ""FilterRelevantLiterature"", ""FilterRelevantHostLiterature"", ""ClassifyThermalForced""]","{""CreateAccessionLibrary"": 15.99, ""ClassifyHostMetadata"": 2.71, ""FilterRelevantLiterature"": 21.54, ""FilterRelevantHostLiterature"": 0.0, ""ClassifyThermalForced"": 4.51}",False,TMP_results/accessions/XXJ62871/summary/summary.txt,[],0,[],0,
gemma4:e4b,XVB94676,Pseudomonas phage vB_PSGBLB0006,"{""uid"": ""2994179676"", ""accession"": ""XVB94676"", ""title"": ""protein RecA [Pseudomonas phage vB_PSGBLB0006]"", ""organism"": ""Pseudomonas phage vB_PSGBLB0006"", ""taxonId"": 3425914, ""sequence_length"": 393, ""create_date"": ""2025/06/15"", ""update_date"": ""2025/06/15"", ""dbsource"": ""insd"", ""extra"": ""gi|2994179676|gb|XVB94676.1|"", ""host"": ""Pseudomonas aeruginosa ATCC 9027""}",Pseudomonas aeruginosa ATCC 9027,species,The metadata explicitly states the host in the 'host' field as 'Pseudomonas aeruginosa ATCC 9027'.,,metadata,True,mesophile,,"The majority of the papers show optimal or primary assay temperatures around 25°C to 37°C (e.g., PMC13061930.1.txt: 'Optimal replication/activity observed at 28°C'; PMC13148639.1.txt: 'Incubation and treatment conditions frequently utilized 37°C'; PMC13135118.1.txt: 'General incubation and time-kill kinetics were performed at 37°C'). While some papers show tolerance at 4°C (psychrotolerance, e.g., PMC13061930.1.txt), the core activity and optimal conditions cluster around the human body temperature (37°C) or slightly lower (25-28°C), which is characteristic of mesophiles. There is no consistent evidence pointing to growth above 42°C (thermophile) or exclusively below 15°C (psychrophile).",,True,TMP_results/accessions/XVB94676/library/accession_lit,9,TMP_results/accessions/XVB94676/library/host_lit,8,919.6400000000001,end,"[""CreateAccessionLibrary"", ""ClassifyHostMetadata"", ""CreateHostLibrary"", ""FilterRelevantLiterature"", ""FilterRelevantHostLiterature"", ""SUMMARISELITERATURE"", ""ClassifySummary""]","{""CreateAccessionLibrary"": 36.48, ""ClassifyHostMetadata"": 2.28, ""FilterRelevantLiterature"": 298.0, ""FilterRelevantHostLiterature"": 228.99, ""ClassifySummary"": 8.48}",False,TMP_results/accessions/XVB94676/summary/summary.txt,"['PMC13061930.1.txt', 'PMC13148639.1.txt', 'PMC13144091.1.txt', 'PMC13136285.1.txt', '41879899.txt', '42035617.txt']",6,"['PMC13027531.1.txt', 'PMC13135118.1.txt', 'PMC13163262.1.txt']",3,
gemma4:e4b,XAN60209,Escherichia phage LHE287,"{""uid"": ""2728032863"", ""accession"": ""XAN60209"", ""title"": ""UvsX RecA-like recombination protein [Escherichia phage LHE287]"", ""organism"": ""Escherichia phage LHE287"", ""taxonId"": 3144838, ""sequence_length"": 361, ""create_date"": ""2025/05/09"", ""update_date"": ""2025/05/09"", ""dbsource"": ""insd"", ""extra"": ""gi|2728032863|gb|XAN60209.1|"", ""host"": ""Escherichia coli"", ""isolation_source"": ""feces""}",Escherichia coli,species,The metadata explicitly states the 'host' as 'Escherichia coli'.,,metadata,True,mesophile,,"The majority of the papers (PMC11769469.1.txt, PMC13153029.1.txt, PMC13170677.1.txt) show optimal or standard incubation temperatures around 37°C, which is the typical physiological temperature for human/mammalian life, characteristic of mesophiles. PMC11769469.1.txt explicitly states: 'The phage exhibits characteristics consistent with mesophilic organisms, showing good thermal stability within the tested range, making it a potential candidate for use in agricultural or industrial settings where temperatures are relatively stable.' PMC13153029.1.txt notes optimal activity between 'room temperature and human physiological temperature (20 °C–37 °C).' While PMC13163687.1.txt describes a psychrophile, this is an outlier, and the overall trend across the dataset points towards mesophilic adaptation based on the most frequently cited optimal conditions (37°C).",,True,TMP_results/accessions/XAN60209/library/accession_lit,6,TMP_results/accessions/XAN60209/library/host_lit,10,824.05,end,"[""CreateAccessionLibrary"", ""ClassifyHostMetadata"", ""CreateHostLibrary"", ""FilterRelevantLiterature"", ""FilterRelevantHostLiterature"", ""SUMMARISELITERATURE"", ""ClassifySummary""]","{""CreateAccessionLibrary"": 21.77, ""ClassifyHostMetadata"": 1.92, ""FilterRelevantLiterature"": 130.37, ""FilterRelevantHostLiterature"": 342.8, ""ClassifySummary"": 8.56}",False,TMP_results/accessions/XAN60209/summary/summary.txt,"['42107219.txt', 'PMC11769469.1.txt', 'PMC13153029.1.txt']",3,"['PMC13163687.1.txt', 'PMC13162333.1.txt', 'PMC13170677.1.txt', 'PMC13161134.1.txt', 'PMC13168922.1.txt', 'PMC13160763.1.txt']",6,
gemma4:e4b,XRM24437,Bacillus phage 0524phi7-1,"{""uid"": ""2958105404"", ""accession"": ""XRM24437"", ""title"": ""RecA [Bacillus phage 0524phi7-1]"", ""organism"": ""Bacillus phage 0524phi7-1"", ""taxonId"": 3411548, ""sequence_length"": 409, ""create_date"": ""2025/04/23"", ""update_date"": ""2025/04/23"", ""dbsource"": ""insd"", ""extra"": ""gi|2958105404|gb|XRM24437.1|"", ""host"": ""Bacillus thuringiensis BtSerwer7""}",Bacillus thuringiensis BtSerwer7,strain,The metadata explicitly states the 'host' as 'Bacillus thuringiensis BtSerwer7'.,,metadata,True,mesophile,,"The first paper (PMC11988461.1.txt) provides the most specific thermal data point: 'Optimal growth temperature: 30 ± 0.3 °C'. A temperature optimum around 30°C is characteristic of mesophiles. Although the paper does not explicitly state 'mesophile,' this temperature falls squarely within the typical range for mesophilic organisms (generally 20°C to 45°C). The other papers lack any specific temperature data, making the first paper the sole basis for inference. Therefore, based on the single piece of quantitative data, the classification leans towards mesophile.",,True,TMP_results/accessions/XRM24437/library/accession_lit,2,TMP_results/accessions/XRM24437/library/host_lit,10,401.66,end,"[""CreateAccessionLibrary"", ""ClassifyHostMetadata"", ""CreateHostLibrary"", ""FilterRelevantLiterature"", ""FilterRelevantHostLiterature"", ""SUMMARISELITERATURE"", ""ClassifySummary""]","{""CreateAccessionLibrary"": 22.09, ""ClassifyHostMetadata"": 2.11, ""FilterRelevantLiterature"": 42.52, ""FilterRelevantHostLiterature"": 220.56, ""ClassifySummary"": 5.26}",False,TMP_results/accessions/XRM24437/summary/summary.txt,"['PMC11988461.1.txt', 'PMC12692476.1.txt']",2,"['42108203.txt', 'PMC13165397.1.txt', '42119405.txt', '42128432.txt']",4,
gemma4:e4b,XQU42776,Escherichia phage vB_EcoM_P8,"{""uid"": ""2949253749"", ""accession"": ""XQU42776"", ""title"": ""recombination and repair protein [Escherichia phage vB_EcoM_P8]"", ""organism"": ""Escherichia phage vB_EcoM_P8"", ""taxonId"": 3412731, ""sequence_length"": 393, ""create_date"": ""2025/04/08"", ""update_date"": ""2025/04/15"", ""dbsource"": ""insd"", ""extra"": ""gi|2949253749|gb|XQU42776.1|"", ""host"": ""Escherichia coli"", ""country"": ""China"", ""isolation_source"": ""pig"", ""collection_date"": ""2023""}",Escherichia coli,species,The metadata explicitly contains the key 'host' with the value 'Escherichia coli'.,,metadata,True,mesophile,,"The majority of the papers (PMC6834657, PMC13096147, PMC6780966, PMC11678034, PMC13170677, PMC13168922) report optimal or standard incubation/assay temperatures at 37°C, which is the characteristic temperature range for human body temperature and thus indicative of mesophilic organisms. PMC13163687.1.txt is the only clear exception, explicitly describing psychrophilic adaptations from Antarctic sources. However, when considering the overall collection of summaries, the most frequently cited and consistent physiological context is the human body/clinical environment (37°C), pointing towards mesophily. PMC13096147 also explicitly suggests 'mesophilic adaptation'.",,True,TMP_results/accessions/XQU42776/library/accession_lit,5,TMP_results/accessions/XQU42776/library/host_lit,10,869.2900000000001,end,"[""CreateAccessionLibrary"", ""ClassifyHostMetadata"", ""CreateHostLibrary"", ""FilterRelevantLiterature"", ""FilterRelevantHostLiterature"", ""SUMMARISELITERATURE"", ""ClassifySummary""]","{""CreateAccessionLibrary"": 26.81, ""ClassifyHostMetadata"": 1.98, ""FilterRelevantLiterature"": 174.68, ""FilterRelevantHostLiterature"": 299.53, ""ClassifySummary"": 8.35}",False,TMP_results/accessions/XQU42776/summary/summary.txt,"['PMC6834657.1.txt', 'PMC13096147.1.txt', 'PMC6780966.1.txt', 'PMC11678034.1.txt']",4,"['42132371.txt', 'PMC13163687.1.txt', 'PMC13162333.1.txt', 'PMC13170677.1.txt', 'PMC13168922.1.txt']",5,
gemma4:e4b,XQU63049,Chryseobacterium phage MA9V-3,"{""uid"": ""2950303988"", ""accession"": ""XQU63049"", ""title"": ""protein RecA [Chryseobacterium phage MA9V-3]"", ""organism"": ""Chryseobacterium phage MA9V-3"", ""taxonId"": 3410970, ""sequence_length"": 330, ""create_date"": ""2025/04/09"", ""update_date"": ""2025/04/09"", ""dbsource"": ""insd"", ""extra"": ""gi|2950303988|gb|XQU63049.1|"", ""host"": ""Chryseobacterium sp. MA9"", ""country"": ""China"", ""isolation_source"": ""wastewater"", ""collection_date"": ""May-2024""}",Chryseobacterium sp. MA9,species,The metadata explicitly states the 'host' as 'Chryseobacterium sp. MA9'.,,metadata,True,mesophile,,"The summaries consistently point to optimal growth temperatures around 28°C to 37°C (e.g., 'Optimal growth temperature for the host bacterium was 28 °C,' 'Optimal growth temperature: 30 °C... and 37 °C'). The stability ranges (20–50 °C) and the general context of isolation from wastewater and soil, combined with the explicit conclusion in the first summary ('The observed stability profile suggests mesophilic characteristics'), strongly indicate a mesophilic nature. None of the summaries suggest adaptation to very low temperatures (psychrophile) or very high temperatures (thermophile).",,True,TMP_results/accessions/XQU63049/library/accession_lit,1,TMP_results/accessions/XQU63049/library/host_lit,3,300.44,end,"[""CreateAccessionLibrary"", ""ClassifyHostMetadata"", ""CreateHostLibrary"", ""FilterRelevantLiterature"", ""FilterRelevantHostLiterature"", ""SUMMARISELITERATURE"", ""ClassifySummary""]","{""CreateAccessionLibrary"": 17.69, ""ClassifyHostMetadata"": 2.16, ""FilterRelevantLiterature"": 27.89, ""FilterRelevantHostLiterature"": 109.42, ""ClassifySummary"": 5.26}",False,TMP_results/accessions/XQU63049/summary/summary.txt,['PMC13120357.1.txt'],1,"['PMC13120357.1.txt', 'PMC10146277.1.txt', 'PMC10537231.1.txt']",3,
ERROR,XQU59788,ERROR,ERROR,ERROR,ERROR,ERROR,ERROR,ERROR,ERROR,ERROR,ERROR,ERROR,ERROR,ERROR,ERROR,ERROR,ERROR,ERROR,ERROR,ERROR,ERROR,ERROR,ERROR,ERROR,ERROR,ERROR,ERROR,ERROR,"At key 'nodes': Can receive only one value per step. Use an Annotated key to handle multiple values.
For troubleshooting, visit: https://docs.langchain.com/oss/python/langgraph/errors/INVALID_CONCURRENT_GRAPH_UPDATE"
gemma4:e4b,XQU49485,Enterobacter phage SonariX,"{""uid"": ""2949342065"", ""accession"": ""XQU49485"", ""title"": ""recombination and repair protein [Enterobacter phage SonariX]"", ""organism"": ""Enterobacter phage SonariX"", ""taxonId"": 3391247, ""sequence_length"": 387, ""create_date"": ""2025/04/08"", ""update_date"": ""2025/04/08"", ""dbsource"": ""insd"", ""extra"": ""gi|2949342065|gb|XQU49485.1|"", ""lab_host"": ""Enterobacter cloacae"", ""lat_lon"": ""13.03393377 N 80.26960656 E""}",Enterobacter cloacae,species,"The metadata contains the key 'lab_host' with the value 'Enterobacter cloacae', which explicitly states the host organism.",,metadata,True,mesophile,,"The majority of the papers (PMC13170162.1.txt, PMC13170220.1.txt, PMC13165833.1.txt) report standard laboratory incubation temperatures of 37°C or 35°C. These temperatures are characteristic of human body temperature, which defines mesophilic organisms. While one paper (42128682.txt) mentions survival up to 60°C, the overall context of the studies (clinical isolates, human body sites) strongly points to mesophilic adaptation. The consistent use of 37°C/35°C for growth/testing is the strongest indicator.",,True,TMP_results/accessions/XQU49485/library/accession_lit,10,TMP_results/accessions/XQU49485/library/host_lit,10,720.1,end,"[""CreateAccessionLibrary"", ""ClassifyHostMetadata"", ""CreateHostLibrary"", ""FilterRelevantLiterature"", ""FilterRelevantHostLiterature"", ""SUMMARISELITERATURE"", ""ClassifySummary""]","{""CreateAccessionLibrary"": 29.41, ""ClassifyHostMetadata"": 2.22, ""FilterRelevantLiterature"": 235.23, ""FilterRelevantHostLiterature"": 218.07, ""ClassifySummary"": 6.6}",False,TMP_results/accessions/XQU49485/summary/summary.txt,"['PMC13147767.1.txt', 'PMC13164347.1.txt', '42128682.txt', '42070172.txt']",4,"['PMC13158018.1.txt', 'PMC13170162.1.txt', 'PMC13170220.1.txt', 'PMC13165833.1.txt', '42133148.txt', '42128682.txt']",6,
gemma4:e4b,XQQ51888,Salmonella phage vB_Sen_BCPSen_003,"{""uid"": ""2946947649"", ""accession"": ""XQQ51888"", ""title"": ""protein RecA [Salmonella phage vB_Sen_BCPSen_003]"", ""organism"": ""Salmonella phage vB_Sen_BCPSen_003"", ""taxonId"": 3413208, ""sequence_length"": 393, ""create_date"": ""2025/04/05"", ""update_date"": ""2025/04/05"", ""dbsource"": ""insd"", ""extra"": ""gi|2946947649|gb|XQQ51888.1|"", ""lab_host"": ""Salmonella enterica subsp. enterica serovar Enteritidis 009/3-15/R""}",Salmonella enterica subsp. enterica serovar Enteritidis 009/3-15/R,strain,The metadata explicitly lists 'lab_host' as 'Salmonella enterica subsp. enterica serovar Enteritidis 009/3-15/R'.,,metadata,True,mesophile,,forced,,True,TMP_results/accessions/XQQ51888/library/accession_lit,4,TMP_results/accessions/XQQ51888/library/host_lit,0,300.99,end,"[""CreateAccessionLibrary"", ""ClassifyHostMetadata"", ""CreateHostLibrary"", ""FilterRelevantLiterature"", ""FilterRelevantHostLiterature"", ""ClassifyThermalForced""]","{""CreateAccessionLibrary"": 28.88, ""ClassifyHostMetadata"": 2.72, ""FilterRelevantLiterature"": 262.82, ""FilterRelevantHostLiterature"": 0.0, ""ClassifyThermalForced"": 4.22}",False,TMP_results/accessions/XQQ51888/summary/summary.txt,[],0,[],0,
ERROR,XQQ51607,ERROR,ERROR,ERROR,ERROR,ERROR,ERROR,ERROR,ERROR,ERROR,ERROR,ERROR,ERROR,ERROR,ERROR,ERROR,ERROR,ERROR,ERROR,ERROR,ERROR,ERROR,ERROR,ERROR,ERROR,ERROR,ERROR,ERROR,"At key 'nodes': Can receive only one value per step. Use an Annotated key to handle multiple values.
For troubleshooting, visit: https://docs.langchain.com/oss/python/langgraph/errors/INVALID_CONCURRENT_GRAPH_UPDATE"
gemma4:e4b,XQQ51411,Escherichia phage vB_Eco_BCPEco_001,"{""uid"": ""2946947001"", ""accession"": ""XQQ51411"", ""title"": ""protein RecA [Escherichia phage vB_Eco_BCPEco_001]"", ""organism"": ""Escherichia phage vB_Eco_BCPEco_001"", ""taxonId"": 3411939, ""sequence_length"": 393, ""create_date"": ""2025/04/05"", ""update_date"": ""2025/04/05"", ""dbsource"": ""insd"", ""extra"": ""gi|2946947001|gb|XQQ51411.1|"", ""lab_host"": ""Escherichia coli 002/1-14/R""}",Escherichia coli 002/1-14/R,strain,The metadata explicitly states 'lab_host': 'Escherichia coli 002/1-14/R'.,,metadata,True,mesophile,,"The majority of the papers report optimal or tested activity ranges centered around 37°C (PMC13096147.1, PMC13056530.1) or a broad range encompassing 25°C to 37°C (PMC13059448.1, PMC13153029.1). Paper 32536218.txt explicitly states, ""The optimal activity range points towards mesophilic characteristics."" While some papers show activity at 4°C (suggesting psychrotolerance) and others show stability up to 50°C (suggesting moderate thermotolerance), the consistent optimal range and the explicit inference in the first summary strongly point towards a mesophilic classification.",,True,TMP_results/accessions/XQQ51411/library/accession_lit,6,TMP_results/accessions/XQQ51411/library/host_lit,0,466.55,end,"[""CreateAccessionLibrary"", ""ClassifyHostMetadata"", ""CreateHostLibrary"", ""FilterRelevantLiterature"", ""FilterRelevantHostLiterature"", ""SUMMARISELITERATURE"", ""ClassifySummary""]","{""CreateAccessionLibrary"": 25.98, ""ClassifyHostMetadata"": 2.35, ""FilterRelevantLiterature"": 234.87, ""FilterRelevantHostLiterature"": 0.0, ""ClassifySummary"": 6.18}",False,TMP_results/accessions/XQQ51411/summary/summary.txt,"['32536218.txt', 'PMC13096147.1.txt', 'PMC13056530.1.txt', 'PMC13059448.1.txt', 'PMC13153029.1.txt']",5,[],0,
gemma4:e4b,XQQ50854,Staphylococcus phage vB_Sau_BCPSau_005,"{""uid"": ""2946944669"", ""accession"": ""XQQ50854"", ""title"": ""protein RecA [Staphylococcus phage vB_Sau_BCPSau_005]"", ""organism"": ""Staphylococcus phage vB_Sau_BCPSau_005"", ""taxonId"": 3410954, ""sequence_length"": 418, ""create_date"": ""2025/04/05"", ""update_date"": ""2025/04/05"", ""dbsource"": ""insd"", ""extra"": ""gi|2946944669|gb|XQQ50854.1|"", ""host"": ""Staphylococcus aureus 012/05-15/R (JSC BioChimPharm)""}",Staphylococcus aureus 012/05-15/R (JSC BioChimPharm),strain,The metadata explicitly lists the 'host' as 'Staphylococcus aureus 012/05-15/R (JSC BioChimPharm)'.,,metadata,True,mesophile,,"The summary repeatedly states that the 'Optimal growth temperature' and 'Growth temperature range' were both 37°C, and all incubation conditions were at 37°C. Mesophiles are organisms that thrive at moderate temperatures, typically near human body temperature (around 20°C to 45°C). Since 37°C is the standard optimal growth temperature for many human pathogens like *Staphylococcus aureus*, and no evidence for extreme cold (psychrophile) or extreme heat (thermophile) is provided, the organism is classified as mesophilic based on the experimental conditions.",,True,TMP_results/accessions/XQQ50854/library/accession_lit,5,TMP_results/accessions/XQQ50854/library/host_lit,0,364.68,end,"[""CreateAccessionLibrary"", ""ClassifyHostMetadata"", ""CreateHostLibrary"", ""FilterRelevantLiterature"", ""FilterRelevantHostLiterature"", ""SUMMARISELITERATURE"", ""ClassifySummary""]","{""CreateAccessionLibrary"": 31.08, ""ClassifyHostMetadata"": 2.58, ""FilterRelevantLiterature"": 272.51, ""FilterRelevantHostLiterature"": 0.0, ""ClassifySummary"": 3.7}",False,TMP_results/accessions/XQQ50854/summary/summary.txt,['PMC11708336.1.txt'],1,[],0,
gemma4:e4b,XQP02554,Streptomyces phage CeilingFan,"{""uid"": ""2946614412"", ""accession"": ""XQP02554"", ""title"": ""RecA-like DNA recombinase [Streptomyces phage CeilingFan]"", ""organism"": ""Streptomyces phage CeilingFan"", ""taxonId"": 3403444, ""sequence_length"": 334, ""create_date"": ""2025/04/02"", ""update_date"": ""2025/04/02"", ""dbsource"": ""insd"", ""extra"": ""gi|2946614412|gb|XQP02554.1|"", ""lab_host"": ""Streptomyces griseus ATCC 10137"", ""country"": ""USA: Evansville, IN"", ""isolation_source"": ""soil"", ""lat_lon"": ""37.973087 N 87.533630 W"", ""collection_date"": ""01-Sep-2023"", ""collected_by"": ""Chase Boyles & Mirkhon Normnurodov""}",Streptomyces griseus ATCC 10137,species,"The metadata contains the key 'lab_host' with the value 'Streptomyces griseus ATCC 10137', which explicitly states the host organism.",,metadata,True,mesophile,,"The majority of the papers (PMC13097060.1, PMC11705968.1, PMC12154043.1, 22433896.txt) report optimal or tested growth/activity temperatures in the range of 25°C to 37°C. These temperatures are characteristic of mesophiles. While one paper (PMC11294657.1.txt) explicitly discusses thermophilic enzymes (optimal at 70°C, 60°C), the overall trend across the collected summaries, especially those detailing microbial growth conditions, points towards mesophilic conditions. The most frequently cited and consistent range is around 30-37°C.",,True,TMP_results/accessions/XQP02554/library/accession_lit,0,TMP_results/accessions/XQP02554/library/host_lit,10,334.85,end,"[""CreateAccessionLibrary"", ""ClassifyHostMetadata"", ""CreateHostLibrary"", ""FilterRelevantLiterature"", ""FilterRelevantHostLiterature"", ""SUMMARISELITERATURE"", ""ClassifySummary""]","{""CreateAccessionLibrary"": 8.7, ""ClassifyHostMetadata"": 2.59, ""FilterRelevantLiterature"": 0.0, ""FilterRelevantHostLiterature"": 136.73, ""ClassifySummary"": 6.61}",False,TMP_results/accessions/XQP02554/summary/summary.txt,[],0,"['PMC13097060.1.txt', 'PMC11705968.1.txt', 'PMC5511901.1.txt', 'PMC11294657.1.txt', '23948258.txt', 'PMC12154043.1.txt', '22433896.txt', 'PMC12879165.1.txt']",8,
gemma4:e4b,XQO94789,Vibrio phage VPALA,"{""uid"": ""2946610651"", ""accession"": ""XQO94789"", ""title"": ""recombination and repair protein [Vibrio phage VPALA]"", ""organism"": ""Vibrio phage VPALA"", ""taxonId"": 3400948, ""sequence_length"": 370, ""create_date"": ""2025/04/02"", ""update_date"": ""2025/04/02"", ""dbsource"": ""insd"", ""extra"": ""gi|2946610651|gb|XQO94789.1|"", ""host"": ""Vibrio anguillarum ALA"", ""country"": ""Turkey"", ""isolation_source"": ""waste water""}",Vibrio anguillarum ALA,strain,The metadata explicitly contains the key 'host' with the value 'Vibrio anguillarum ALA'.,,metadata,True,mesophile,,"The majority of the papers provide evidence pointing towards mesophilic conditions or lack of extreme adaptation. 

1. **PMC13142089.1.txt:** Mentions 'Mesophilic tolerance' based on stability at 40°C, and the study was conducted at 28°C. 
2. **PMC8667730.1.txt:** Shows optimal growth/incubation conditions at 28°C and 37°C, which are classic mesophilic ranges.
3. **Paper: 42114400.txt:** Tested stability at 37°C (a common mesophilic temperature).

While there are papers suggesting psychrophilic activity (24931498.txt, 25747528.txt) and one showing high thermostability (42090863.txt), the overall collection of data points to organisms that function well within the moderate temperature range (28°C - 37°C), which defines mesophiles. The most frequently cited or implied optimal/tested range is mesophilic.",,True,TMP_results/accessions/XQO94789/library/accession_lit,10,TMP_results/accessions/XQO94789/library/host_lit,6,464.81,end,"[""CreateAccessionLibrary"", ""ClassifyHostMetadata"", ""CreateHostLibrary"", ""FilterRelevantLiterature"", ""FilterRelevantHostLiterature"", ""SUMMARISELITERATURE"", ""ClassifySummary""]","{""CreateAccessionLibrary"": 37.1, ""ClassifyHostMetadata"": 2.16, ""FilterRelevantLiterature"": 247.01, ""FilterRelevantHostLiterature"": 38.38, ""ClassifySummary"": 7.85}",False,TMP_results/accessions/XQO94789/summary/summary.txt,"['42114400.txt', '42080579.txt', 'PMC13169385.1.txt', 'PMC13142089.1.txt', '42090863.txt']",5,"['PMC8667730.1.txt', '24931498.txt', '25747528.txt']",3,
gemma4:e4b,XPP60222,Erwinia phage Kaldavass,"{""uid"": ""2925480727"", ""accession"": ""XPP60222"", ""title"": ""UvsX-like recombinase [Erwinia phage Kaldavass]"", ""organism"": ""Erwinia phage Kaldavass"", ""taxonId"": 3374950, ""sequence_length"": 377, ""create_date"": ""2025/03/14"", ""update_date"": ""2025/03/14"", ""dbsource"": ""insd"", ""extra"": ""gi|2925480727|gb|XPP60222.1|"", ""host"": ""Erwinia aphidicola W09_2""}",Erwinia aphidicola W09_2,strain,The metadata explicitly states the host as 'Erwinia aphidicola W09_2' under the 'host' key.,,metadata,True,mesophile,,"The most consistent and specific temperature data points to growth around 20°C. 
1. Paper 1 & 2: Enrichment was done at $28^	ext{o}	ext{C}$.
2. Paper 3: Optimal growth temperature was 'Approximately 20°C (room temperature)' and cultures were grown at '20°C'.

Mesophiles are generally defined as organisms that thrive at moderate temperatures, typically between $20^	ext{o}	ext{C}$ and $45^	ext{o}	ext{C}$. Since the primary growth/enrichment temperatures cited are $20^	ext{o}	ext{C}$ and $28^	ext{o}	ext{C}$, this strongly suggests a mesophilic lifestyle, even though the text does not explicitly state 'mesophile'. The presence of $37^	ext{o}	ext{C}$ (human body temperature) as a validation point also falls within the mesophilic range.",,True,TMP_results/accessions/XPP60222/library/accession_lit,1,TMP_results/accessions/XPP60222/library/host_lit,2,207.08999999999997,end,"[""CreateAccessionLibrary"", ""ClassifyHostMetadata"", ""CreateHostLibrary"", ""FilterRelevantLiterature"", ""FilterRelevantHostLiterature"", ""SUMMARISELITERATURE"", ""ClassifySummary""]","{""CreateAccessionLibrary"": 10.11, ""ClassifyHostMetadata"": 2.32, ""FilterRelevantLiterature"": 34.99, ""FilterRelevantHostLiterature"": 70.38, ""ClassifySummary"": 5.63}",False,TMP_results/accessions/XPP60222/summary/summary.txt,['PMC11780129.1.txt'],1,"['PMC11780129.1.txt', 'PMC10689766.1.txt']",2,
gemma4:e4b,XPO97844,Shigella phage SF2-1,"{""uid"": ""2924926242"", ""accession"": ""XPO97844"", ""title"": ""recombinase [Shigella phage SF2-1]"", ""organism"": ""Shigella phage SF2-1"", ""taxonId"": 3385253, ""sequence_length"": 393, ""create_date"": ""2025/03/12"", ""update_date"": ""2025/03/12"", ""dbsource"": ""insd"", ""extra"": ""gi|2924926242|gb|XPO97844.1|"", ""host"": ""Shigella flexneri SM3"", ""country"": ""China"", ""isolation_source"": ""sewage from septic tank"", ""collected_by"": ""Liu Z., Yu Y., Yang Y."", ""note"": ""A50""}",Shigella flexneri SM3,strain,The metadata explicitly states the 'host' as 'Shigella flexneri SM3'.,,metadata,True,mesophile,,"Several papers (PMC12694917.1.txt, PMC13098420.1.txt, PMC4845012.1.txt) consistently report an optimal growth temperature of $37^{\circ}\text{C}$. This temperature range ($20-42^{\circ}\text{C}$) is characteristic of mesophiles, which thrive at moderate temperatures, consistent with human body temperature and the source of human faecal/sewage samples. While one paper (41942208.txt) shows cold tolerance at $4^{\circ}\text{C}$, the majority of the explicit physiological data points to $37^{\circ}\text{C}$ as the optimal condition, leading to the inference of a mesophilic classification.",,True,TMP_results/accessions/XPO97844/library/accession_lit,5,TMP_results/accessions/XPO97844/library/host_lit,5,814.89,end,"[""CreateAccessionLibrary"", ""ClassifyHostMetadata"", ""CreateHostLibrary"", ""FilterRelevantLiterature"", ""FilterRelevantHostLiterature"", ""SUMMARISELITERATURE"", ""ClassifySummary""]","{""CreateAccessionLibrary"": 26.01, ""ClassifyHostMetadata"": 2.11, ""FilterRelevantLiterature"": 185.36, ""FilterRelevantHostLiterature"": 184.98, ""ClassifySummary"": 11.83}",False,TMP_results/accessions/XPO97844/summary/summary.txt,"['41942208.txt', 'PMC12694917.1.txt', 'PMC13098420.1.txt', 'PMC13024384.1.txt', 'PMC13153029.1.txt']",5,"['PMC4845012.1.txt', 'PMC11665395.1.txt', 'PMC8626755.1.txt']",3,
gemma4:e4b,XPN62819,Enterobacter phage vB_Ecl_id4496,"{""uid"": ""2923274425"", ""accession"": ""XPN62819"", ""title"": ""protein RecA [Enterobacter phage vB_Ecl_id4496]"", ""organism"": ""Enterobacter phage vB_Ecl_id4496"", ""taxonId"": 3388308, ""sequence_length"": 387, ""create_date"": ""2025/03/10"", ""update_date"": ""2025/03/10"", ""dbsource"": ""insd"", ""extra"": ""gi|2923274425|gb|XPN62819.1|"", ""host"": ""Enterobacter cloacae SRM004"", ""country"": ""India: Chennai, Tamil Nadu"", ""isolation_source"": ""soil"", ""collection_date"": ""2024""}",Enterobacter cloacae SRM004,strain,The metadata explicitly states the 'host' as 'Enterobacter cloacae SRM004'.,,metadata,True,mesophile,,"Multiple papers (PMC12561043.1, PMC12774745.1, PMC12785254.1, PMC13170162.1, PMC13170220.1, PMC13165833.1) show optimal or primary activity/growth at 37°C or 35°C. These temperatures are characteristic of human body temperature and are the defining parameters for mesophiles. While some papers show stability across a wide range (e.g., 4°C to 65°C), the *optimal* conditions consistently point to the physiological range of mammals, which defines mesophily. PMC12785254.1 explicitly states: ""The physiological characteristics align with a mesophilic organism, optimized for mammalian host temperatures."" This provides the strongest direct inference.",,True,TMP_results/accessions/XPN62819/library/accession_lit,6,TMP_results/accessions/XPN62819/library/host_lit,10,832.5600000000001,end,"[""CreateAccessionLibrary"", ""ClassifyHostMetadata"", ""CreateHostLibrary"", ""FilterRelevantLiterature"", ""FilterRelevantHostLiterature"", ""SUMMARISELITERATURE"", ""ClassifySummary""]","{""CreateAccessionLibrary"": 29.55, ""ClassifyHostMetadata"": 2.26, ""FilterRelevantLiterature"": 258.94, ""FilterRelevantHostLiterature"": 216.05, ""ClassifySummary"": 8.02}",False,TMP_results/accessions/XPN62819/summary/summary.txt,"['PMC12561043.1.txt', 'PMC12774745.1.txt', 'PMC11172527.1.txt', 'PMC12785254.1.txt']",4,"['PMC13170162.1.txt', 'PMC13170220.1.txt', 'PMC13165833.1.txt', '42133148.txt', '42128682.txt']",5,
gemma4:e4b,XOT39798,Staphylococcus phage vB_Sau_BCPSau004,"{""uid"": ""2915694956"", ""accession"": ""XOT39798"", ""title"": ""protein RecA [Staphylococcus phage vB_Sau_BCPSau004]"", ""organism"": ""Staphylococcus phage vB_Sau_BCPSau004"", ""taxonId"": 3400810, ""sequence_length"": 418, ""create_date"": ""2025/02/24"", ""update_date"": ""2025/02/24"", ""dbsource"": ""insd"", ""extra"": ""gi|2915694956|gb|XOT39798.1|"", ""host"": ""Staphylococcus aureus 012/05-15/R""}",Staphylococcus aureus 012/05-15/R,strain,The metadata explicitly lists the 'host' as 'Staphylococcus aureus 012/05-15/R'. This is treated as a strain level identification.,,metadata,True,mesophile,,"The majority of the papers (PMC11041375.1.txt, PMC10884585.1.txt, PMC12860735.1.txt) explicitly state that experiments were conducted at 37°C, which is the standard mammalian body temperature and the optimal growth temperature for many human/animal pathogens like MRSA. The summary for PMC11041375.1.txt explicitly states: '...the growth conditions were maintained at standard mammalian body temperature (37°C), suggesting mesophilic growth conditions for the tested pathogens.' While one paper (36688749.txt) shows stability from 4-37°C, the consistent use of 37°C across multiple studies strongly points to a mesophilic lifestyle for the organisms under study.",,True,TMP_results/accessions/XOT39798/library/accession_lit,7,TMP_results/accessions/XOT39798/library/host_lit,0,384.06999999999994,end,"[""CreateAccessionLibrary"", ""ClassifyHostMetadata"", ""CreateHostLibrary"", ""FilterRelevantLiterature"", ""FilterRelevantHostLiterature"", ""SUMMARISELITERATURE"", ""ClassifySummary""]","{""CreateAccessionLibrary"": 35.08, ""ClassifyHostMetadata"": 2.52, ""FilterRelevantLiterature"": 221.82, ""FilterRelevantHostLiterature"": 0.0, ""ClassifySummary"": 6.21}",False,TMP_results/accessions/XOT39798/summary/summary.txt,"['PMC11041375.1.txt', 'PMC10884585.1.txt', 'PMC12860735.1.txt', '36869962.txt', '36688749.txt']",5,[],0,
gemma4:e4b,XOS70336,Caudoviricetes sp.,"{""uid"": ""2915051462"", ""accession"": ""XOS70336"", ""title"": ""MAG: hypothetical protein MSP0503_43 [Caudoviricetes sp.]"", ""organism"": ""Caudoviricetes sp."", ""taxonId"": 2832643, ""sequence_length"": 354, ""create_date"": ""2025/02/23"", ""update_date"": ""2025/02/23"", ""dbsource"": ""insd"", ""extra"": ""gi|2915051462|gb|XOS70336.1|"", ""isolate"": ""MSP0503"", ""metagenome_source"": ""urban environment metagenome"", ""country"": ""Canada: Hamilton"", ""isolation_source"": ""urban environment""}",Caudoviricetes sp.,genus,The 'organism' field explicitly states 'Caudoviricetes sp.'.,,metadata,True,mesophile,,"Several papers report optimal or tested temperatures within the range of 20°C to 37°C (e.g., PMC13059738.1.txt mentions 'room temperature (RT)' and PMC12963601.1.txt uses 20°C, 25°C, and 30°C; PMC13153029.1.txt notes optimal activity between 'room temperature and human physiological temperature (20 °C–37 °C)'). The general range of human physiological temperature (37°C) and typical room temperature incubation (20-30°C) falls squarely within the definition of mesophilic organisms. While some papers mention cold events (PMC13154383.1.txt) or lack specific data, the most frequently cited and relevant operational temperatures point to mesophilic conditions.",,True,TMP_results/accessions/XOS70336/library/accession_lit,1,TMP_results/accessions/XOS70336/library/host_lit,9,739.76,end,"[""CreateAccessionLibrary"", ""ClassifyHostMetadata"", ""CreateHostLibrary"", ""FilterRelevantLiterature"", ""FilterRelevantHostLiterature"", ""SUMMARISELITERATURE"", ""ClassifySummary""]","{""CreateAccessionLibrary"": 16.26, ""ClassifyHostMetadata"": 2.02, ""FilterRelevantLiterature"": 27.0, ""FilterRelevantHostLiterature"": 337.42, ""ClassifySummary"": 6.73}",False,TMP_results/accessions/XOS70336/summary/summary.txt,['PMC10994904.1.txt'],1,"['PMC13059738.1.txt', 'PMC13157829.1.txt', 'PMC12439157.1.txt', 'PMC13154383.1.txt', 'PMC13162412.1.txt', 'PMC12963601.1.txt', 'PMC13153029.1.txt']",7,
gemma4:e4b,XOS69840,Caudoviricetes sp.,"{""uid"": ""2915050692"", ""accession"": ""XOS69840"", ""title"": ""MAG: hypothetical protein MSP0512_45 [Caudoviricetes sp.]"", ""organism"": ""Caudoviricetes sp."", ""taxonId"": 2832643, ""sequence_length"": 347, ""create_date"": ""2025/02/23"", ""update_date"": ""2025/02/23"", ""dbsource"": ""insd"", ""extra"": ""gi|2915050692|gb|XOS69840.1|"", ""isolate"": ""MSP0512"", ""metagenome_source"": ""urban environment metagenome"", ""country"": ""USA: New York City"", ""isolation_source"": ""urban environment""}",Caudoviricetes sp.,genus,The 'organism' field explicitly states 'Caudoviricetes sp.'.,,metadata,True,mesophile,,"Several papers report optimal or tested temperatures within the range of 20°C to 37°C (e.g., PMC13059738.1.txt mentions 'room temperature (RT)' and PMC12963601.1.txt uses 20°C, 25°C, and 30°C; PMC13153029.1.txt notes optimal activity between 'room temperature and human physiological temperature (20 °C–37 °C)'). The general range of human physiological temperature (37°C) and typical room temperature incubation (20-25°C) falls squarely within the definition of mesophilic organisms. While some papers mention cold events (PMC13154383.1.txt) or lack specific data, the most frequently cited and relevant operational temperatures point to mesophilic conditions.",,True,TMP_results/accessions/XOS69840/library/accession_lit,1,TMP_results/accessions/XOS69840/library/host_lit,9,736.38,end,"[""CreateAccessionLibrary"", ""ClassifyHostMetadata"", ""CreateHostLibrary"", ""FilterRelevantLiterature"", ""FilterRelevantHostLiterature"", ""SUMMARISELITERATURE"", ""ClassifySummary""]","{""CreateAccessionLibrary"": 13.88, ""ClassifyHostMetadata"": 2.07, ""FilterRelevantLiterature"": 26.9, ""FilterRelevantHostLiterature"": 337.37, ""ClassifySummary"": 6.73}",False,TMP_results/accessions/XOS69840/summary/summary.txt,['PMC10994904.1.txt'],1,"['PMC13059738.1.txt', 'PMC13157829.1.txt', 'PMC12439157.1.txt', 'PMC13154383.1.txt', 'PMC13162412.1.txt', 'PMC12963601.1.txt', 'PMC13153029.1.txt']",7,
gemma4:e4b,XOS57001,Caudoviricetes sp.,"{""uid"": ""2915030677"", ""accession"": ""XOS57001"", ""title"": ""MAG: hypothetical protein MSP0273_9 [Caudoviricetes sp.]"", ""organism"": ""Caudoviricetes sp."", ""taxonId"": 2832643, ""sequence_length"": 383, ""create_date"": ""2025/02/23"", ""update_date"": ""2025/02/23"", ""dbsource"": ""insd"", ""extra"": ""gi|2915030677|gb|XOS57001.1|"", ""isolate"": ""MSP0273"", ""metagenome_source"": ""urban environment metagenome"", ""country"": ""USA: New York City"", ""isolation_source"": ""urban environment""}",Caudoviricetes sp.,genus,The 'organism' field explicitly states 'Caudoviricetes sp.'.,,metadata,True,mesophile,,"Several papers report optimal or tested temperatures within the range of 20°C to 37°C (e.g., PMC13059738.1.txt mentions 'room temperature (RT)' and PMC12963601.1.txt uses 20°C, 25°C, and 30°C; PMC13153029.1.txt notes optimal activity between 'room temperature and human physiological temperature (20 °C–37 °C)'). The general range of human physiological temperature (37°C) and typical room temperature incubation (20-30°C) falls squarely within the definition of mesophilic organisms. While some papers mention cold events (PMC13154383.1.txt) or lack specific data, the most frequently cited and relevant operational temperatures point to mesophilic conditions.",,True,TMP_results/accessions/XOS57001/library/accession_lit,1,TMP_results/accessions/XOS57001/library/host_lit,9,735.1199999999999,end,"[""CreateAccessionLibrary"", ""ClassifyHostMetadata"", ""CreateHostLibrary"", ""FilterRelevantLiterature"", ""FilterRelevantHostLiterature"", ""SUMMARISELITERATURE"", ""ClassifySummary""]","{""CreateAccessionLibrary"": 11.07, ""ClassifyHostMetadata"": 2.08, ""FilterRelevantLiterature"": 27.03, ""FilterRelevantHostLiterature"": 337.21, ""ClassifySummary"": 6.72}",False,TMP_results/accessions/XOS57001/summary/summary.txt,['PMC10994904.1.txt'],1,"['PMC13059738.1.txt', 'PMC13157829.1.txt', 'PMC12439157.1.txt', 'PMC13154383.1.txt', 'PMC13162412.1.txt', 'PMC12963601.1.txt', 'PMC13153029.1.txt']",7,
gemma4:e4b,XOS32638,Caudoviricetes sp.,"{""uid"": ""2914992985"", ""accession"": ""XOS32638"", ""title"": ""MAG: hypothetical protein MSP0771_57 [Caudoviricetes sp.]"", ""organism"": ""Caudoviricetes sp."", ""taxonId"": 2832643, ""sequence_length"": 352, ""create_date"": ""2025/02/23"", ""update_date"": ""2025/02/23"", ""dbsource"": ""insd"", ""extra"": ""gi|2914992985|gb|XOS32638.1|"", ""isolate"": ""MSP0771"", ""metagenome_source"": ""urban environment metagenome"", ""country"": ""USA: New York City"", ""isolation_source"": ""urban environment""}",Caudoviricetes sp.,genus,The 'organism' field explicitly states 'Caudoviricetes sp.'.,,metadata,True,mesophile,,"Several papers report optimal or tested temperatures within the range of 20°C to 37°C (e.g., PMC13059738.1.txt mentions 'room temperature (RT)' and PMC12963601.1.txt uses 20°C, 25°C, and 30°C; PMC13153029.1.txt notes optimal activity between 'room temperature and human physiological temperature (20 °C–37 °C)'). The general range of human physiological temperature (37°C) and typical room temperature incubation (20-30°C) falls squarely within the definition of mesophilic organisms. While some papers mention cold events (PMC13154383.1.txt) or lack specific data, the most frequently cited and relevant operational temperatures point to mesophilic conditions.",,True,TMP_results/accessions/XOS32638/library/accession_lit,1,TMP_results/accessions/XOS32638/library/host_lit,9,733.76,end,"[""CreateAccessionLibrary"", ""ClassifyHostMetadata"", ""CreateHostLibrary"", ""FilterRelevantLiterature"", ""FilterRelevantHostLiterature"", ""SUMMARISELITERATURE"", ""ClassifySummary""]","{""CreateAccessionLibrary"": 9.94, ""ClassifyHostMetadata"": 2.07, ""FilterRelevantLiterature"": 27.04, ""FilterRelevantHostLiterature"": 337.84, ""ClassifySummary"": 6.72}",False,TMP_results/accessions/XOS32638/summary/summary.txt,['PMC10994904.1.txt'],1,"['PMC13059738.1.txt', 'PMC13157829.1.txt', 'PMC12439157.1.txt', 'PMC13154383.1.txt', 'PMC13162412.1.txt', 'PMC12963601.1.txt', 'PMC13153029.1.txt']",7,
gemma4:e4b,XOS28573,Caudoviricetes sp.,"{""uid"": ""2914986729"", ""accession"": ""XOS28573"", ""title"": ""MAG: hypothetical protein MSP0859_28 [Caudoviricetes sp.]"", ""organism"": ""Caudoviricetes sp."", ""taxonId"": 2832643, ""sequence_length"": 350, ""create_date"": ""2025/02/23"", ""update_date"": ""2025/02/23"", ""dbsource"": ""insd"", ""extra"": ""gi|2914986729|gb|XOS28573.1|"", ""isolate"": ""MSP0859"", ""metagenome_source"": ""urban environment metagenome"", ""country"": ""USA: New York City"", ""isolation_source"": ""urban environment""}",Caudoviricetes sp.,genus,The 'organism' field explicitly states 'Caudoviricetes sp.'.,,metadata,True,mesophile,,"Several papers report optimal or tested temperatures within the range of 20°C to 37°C (e.g., PMC13059738.1.txt mentions 'room temperature (RT)' and PMC12963601.1.txt uses 20°C, 25°C, and 30°C; PMC13153029.1.txt notes optimal activity between 'room temperature and human physiological temperature (20 °C–37 °C)'). The general range of human physiological temperature (37°C) and typical room temperature incubation (20-30°C) falls squarely within the definition of mesophilic organisms. While some papers mention cold events (PMC13154383.1.txt) or lack specific data, the most frequently cited and relevant operational temperatures point to mesophilic conditions.",,True,TMP_results/accessions/XOS28573/library/accession_lit,1,TMP_results/accessions/XOS28573/library/host_lit,9,736.77,end,"[""CreateAccessionLibrary"", ""ClassifyHostMetadata"", ""CreateHostLibrary"", ""FilterRelevantLiterature"", ""FilterRelevantHostLiterature"", ""SUMMARISELITERATURE"", ""ClassifySummary""]","{""CreateAccessionLibrary"": 14.14, ""ClassifyHostMetadata"": 2.05, ""FilterRelevantLiterature"": 27.04, ""FilterRelevantHostLiterature"": 337.03, ""ClassifySummary"": 6.73}",False,TMP_results/accessions/XOS28573/summary/summary.txt,['PMC10994904.1.txt'],1,"['PMC13059738.1.txt', 'PMC13157829.1.txt', 'PMC12439157.1.txt', 'PMC13154383.1.txt', 'PMC13162412.1.txt', 'PMC12963601.1.txt', 'PMC13153029.1.txt']",7,
gemma4:e4b,XOS28292,Caudoviricetes sp.,"{""uid"": ""2914986271"", ""accession"": ""XOS28292"", ""title"": ""MAG: hypothetical protein MSP0871_54 [Caudoviricetes sp.]"", ""organism"": ""Caudoviricetes sp."", ""taxonId"": 2832643, ""sequence_length"": 350, ""create_date"": ""2025/02/23"", ""update_date"": ""2025/02/23"", ""dbsource"": ""insd"", ""extra"": ""gi|2914986271|gb|XOS28292.1|"", ""isolate"": ""MSP0871"", ""metagenome_source"": ""urban environment metagenome"", ""country"": ""Canada: Hamilton"", ""isolation_source"": ""urban environment""}",Caudoviricetes sp.,genus,The 'organism' field explicitly states 'Caudoviricetes sp.'.,,metadata,True,mesophile,,"Several papers report optimal or tested temperatures within the range of 20°C to 37°C (e.g., PMC13059738.1.txt mentions 'room temperature (RT)' and PMC12963601.1.txt uses 20°C, 25°C, and 30°C; PMC13153029.1.txt notes optimal activity between 'room temperature and human physiological temperature (20 °C–37 °C)'). The general range of human physiological temperature (37°C) and typical room temperature incubation (20-30°C) falls squarely within the definition of mesophilic organisms. While some papers mention cold events (PMC13154383.1.txt) or lack specific data, the most frequently cited and relevant operational temperatures point to mesophilic conditions.",,True,TMP_results/accessions/XOS28292/library/accession_lit,1,TMP_results/accessions/XOS28292/library/host_lit,9,732.4,end,"[""CreateAccessionLibrary"", ""ClassifyHostMetadata"", ""CreateHostLibrary"", ""FilterRelevantLiterature"", ""FilterRelevantHostLiterature"", ""SUMMARISELITERATURE"", ""ClassifySummary""]","{""CreateAccessionLibrary"": 10.06, ""ClassifyHostMetadata"": 2.06, ""FilterRelevantLiterature"": 27.03, ""FilterRelevantHostLiterature"": 336.96, ""ClassifySummary"": 6.73}",False,TMP_results/accessions/XOS28292/summary/summary.txt,['PMC10994904.1.txt'],1,"['PMC13059738.1.txt', 'PMC13157829.1.txt', 'PMC12439157.1.txt', 'PMC13154383.1.txt', 'PMC13162412.1.txt', 'PMC12963601.1.txt', 'PMC13153029.1.txt']",7,
gemma4:e4b,XOS25364,Caudoviricetes sp.,"{""uid"": ""2914981654"", ""accession"": ""XOS25364"", ""title"": ""MAG: hypothetical protein MSP0003_514 [Caudoviricetes sp.]"", ""organism"": ""Caudoviricetes sp."", ""taxonId"": 2832643, ""sequence_length"": 382, ""create_date"": ""2025/02/23"", ""update_date"": ""2025/02/23"", ""dbsource"": ""insd"", ""extra"": ""gi|2914981654|gb|XOS25364.1|"", ""isolate"": ""MSP0003"", ""metagenome_source"": ""urban environment metagenome"", ""country"": ""USA: Fairbanks"", ""isolation_source"": ""urban environment""}",Caudoviricetes sp.,genus,The 'organism' field explicitly states 'Caudoviricetes sp.'.,,metadata,True,mesophile,,"Several papers report optimal or tested temperatures within the range of 20°C to 37°C (e.g., PMC13059738.1.txt mentions 'room temperature (RT)' and PMC12963601.1.txt uses 20°C, 25°C, and 30°C; PMC13153029.1.txt notes optimal activity between 'room temperature and human physiological temperature (20 °C–37 °C)'). The general range of human physiological temperature (37°C) and typical room temperature incubation (20-30°C) falls squarely within the definition of mesophilic organisms. While some papers mention cold events (PMC13154383.1.txt) or lack specific data, the most frequently cited and relevant operational temperatures point to mesophilic conditions.",,True,TMP_results/accessions/XOS25364/library/accession_lit,1,TMP_results/accessions/XOS25364/library/host_lit,9,734.2,end,"[""CreateAccessionLibrary"", ""ClassifyHostMetadata"", ""CreateHostLibrary"", ""FilterRelevantLiterature"", ""FilterRelevantHostLiterature"", ""SUMMARISELITERATURE"", ""ClassifySummary""]","{""CreateAccessionLibrary"": 12.23, ""ClassifyHostMetadata"": 2.06, ""FilterRelevantLiterature"": 27.0, ""FilterRelevantHostLiterature"": 337.24, ""ClassifySummary"": 6.54}",False,TMP_results/accessions/XOS25364/summary/summary.txt,['PMC10994904.1.txt'],1,"['PMC13059738.1.txt', 'PMC13157829.1.txt', 'PMC12439157.1.txt', 'PMC13154383.1.txt', 'PMC13162412.1.txt', 'PMC12963601.1.txt', 'PMC13153029.1.txt']",7,
gemma4:e4b,XOS13405,Caudoviricetes sp.,"{""uid"": ""2914963111"", ""accession"": ""XOS13405"", ""title"": ""MAG: hypothetical protein MSP0131_72 [Caudoviricetes sp.]"", ""organism"": ""Caudoviricetes sp."", ""taxonId"": 2832643, ""sequence_length"": 352, ""create_date"": ""2025/02/23"", ""update_date"": ""2025/02/23"", ""dbsource"": ""insd"", ""extra"": ""gi|2914963111|gb|XOS13405.1|"", ""isolate"": ""MSP0131"", ""metagenome_source"": ""urban environment metagenome"", ""country"": ""New Zealand: Auckland"", ""isolation_source"": ""urban environment""}",Caudoviricetes sp.,genus,The 'organism' field explicitly states 'Caudoviricetes sp.'.,,metadata,True,mesophile,,"Several papers report optimal or tested temperatures within the range of 20°C to 37°C (e.g., PMC13059738.1.txt mentions 'room temperature (RT)' and PMC12963601.1.txt uses 20°C, 25°C, and 30°C; PMC13153029.1.txt notes optimal activity between 'room temperature and human physiological temperature (20 °C–37 °C)'). The general range of human physiological temperature (37°C) and typical environmental incubation temperatures (RT, 20-30°C) fall squarely within the definition of mesophilic organisms. While some papers mention cold events (PMC13154383.1.txt) or storage at 4°C (PMC13153029.1.txt), the core functional and tested ranges cluster around moderate temperatures, pointing to mesophily.",,True,TMP_results/accessions/XOS13405/library/accession_lit,1,TMP_results/accessions/XOS13405/library/host_lit,9,735.01,end,"[""CreateAccessionLibrary"", ""ClassifyHostMetadata"", ""CreateHostLibrary"", ""FilterRelevantLiterature"", ""FilterRelevantHostLiterature"", ""SUMMARISELITERATURE"", ""ClassifySummary""]","{""CreateAccessionLibrary"": 12.75, ""ClassifyHostMetadata"": 2.01, ""FilterRelevantLiterature"": 26.99, ""FilterRelevantHostLiterature"": 337.47, ""ClassifySummary"": 6.97}",False,TMP_results/accessions/XOS13405/summary/summary.txt,['PMC10994904.1.txt'],1,"['PMC13059738.1.txt', 'PMC13157829.1.txt', 'PMC12439157.1.txt', 'PMC13154383.1.txt', 'PMC13162412.1.txt', 'PMC12963601.1.txt', 'PMC13153029.1.txt']",7,
gemma4:e4b,XOS10110,Caudoviricetes sp.,"{""uid"": ""2914957838"", ""accession"": ""XOS10110"", ""title"": ""MAG: hypothetical protein MSP0161_111 [Caudoviricetes sp.]"", ""organism"": ""Caudoviricetes sp."", ""taxonId"": 2832643, ""sequence_length"": 355, ""create_date"": ""2025/02/23"", ""update_date"": ""2025/02/23"", ""dbsource"": ""insd"", ""extra"": ""gi|2914957838|gb|XOS10110.1|"", ""isolate"": ""MSP0161"", ""metagenome_source"": ""urban environment metagenome"", ""country"": ""USA: New York City"", ""isolation_source"": ""urban environment""}",Caudoviricetes sp.,genus,The 'organism' field explicitly states 'Caudoviricetes sp.'.,,metadata,True,mesophile,,"Several papers report optimal or tested temperatures within the range of 20°C to 37°C (e.g., PMC13059738.1.txt mentions 'room temperature (RT)' and PMC12963601.1.txt uses 20°C, 25°C, and 30°C; PMC13153029.1.txt notes optimal activity between 'room temperature and human physiological temperature (20 °C–37 °C)'). The general range of human physiological temperature (37°C) and typical room temperature incubation (20-30°C) falls squarely within the definition of mesophilic organisms. While some papers mention cold events (PMC13154383.1.txt) or lack specific data, the most frequently cited and relevant operational temperatures point to mesophilic conditions.",,True,TMP_results/accessions/XOS10110/library/accession_lit,1,TMP_results/accessions/XOS10110/library/host_lit,9,737.61,end,"[""CreateAccessionLibrary"", ""ClassifyHostMetadata"", ""CreateHostLibrary"", ""FilterRelevantLiterature"", ""FilterRelevantHostLiterature"", ""SUMMARISELITERATURE"", ""ClassifySummary""]","{""CreateAccessionLibrary"": 14.1, ""ClassifyHostMetadata"": 2.06, ""FilterRelevantLiterature"": 27.05, ""FilterRelevantHostLiterature"": 337.61, ""ClassifySummary"": 6.72}",False,TMP_results/accessions/XOS10110/summary/summary.txt,['PMC10994904.1.txt'],1,"['PMC13059738.1.txt', 'PMC13157829.1.txt', 'PMC12439157.1.txt', 'PMC13154383.1.txt', 'PMC13162412.1.txt', 'PMC12963601.1.txt', 'PMC13153029.1.txt']",7,
gemma4:e4b,XOS08265,Caudoviricetes sp.,"{""uid"": ""2914954939"", ""accession"": ""XOS08265"", ""title"": ""MAG: hypothetical protein MSP0190_105 [Caudoviricetes sp.]"", ""organism"": ""Caudoviricetes sp."", ""taxonId"": 2832643, ""sequence_length"": 330, ""create_date"": ""2025/02/23"", ""update_date"": ""2025/02/23"", ""dbsource"": ""insd"", ""extra"": ""gi|2914954939|gb|XOS08265.1|"", ""isolate"": ""MSP0190"", ""metagenome_source"": ""urban environment metagenome"", ""country"": ""Nigeria: Offa"", ""isolation_source"": ""urban environment""}",Caudoviricetes sp.,genus,The 'organism' field explicitly states 'Caudoviricetes sp.'.,,metadata,True,mesophile,,"Several papers report optimal or tested temperatures within the range of 20°C to 37°C (e.g., PMC13059738.1.txt mentions 'room temperature (RT)' and PMC12963601.1.txt uses 20°C, 25°C, and 30°C; PMC13153029.1.txt notes optimal activity between 'room temperature and human physiological temperature (20 °C–37 °C)'). The general range of human physiological temperature (37°C) and typical room temperature incubation (20-30°C) falls squarely within the definition of mesophilic organisms. While some papers mention cold events (PMC13154383.1.txt) or lack specific data, the most frequently cited and relevant operational temperatures point to mesophilic conditions.",,True,TMP_results/accessions/XOS08265/library/accession_lit,1,TMP_results/accessions/XOS08265/library/host_lit,9,736.76,end,"[""CreateAccessionLibrary"", ""ClassifyHostMetadata"", ""CreateHostLibrary"", ""FilterRelevantLiterature"", ""FilterRelevantHostLiterature"", ""SUMMARISELITERATURE"", ""ClassifySummary""]","{""CreateAccessionLibrary"": 11.16, ""ClassifyHostMetadata"": 2.07, ""FilterRelevantLiterature"": 27.05, ""FilterRelevantHostLiterature"": 337.51, ""ClassifySummary"": 6.7}",False,TMP_results/accessions/XOS08265/summary/summary.txt,['PMC10994904.1.txt'],1,"['PMC13059738.1.txt', 'PMC13157829.1.txt', 'PMC12439157.1.txt', 'PMC13154383.1.txt', 'PMC13162412.1.txt', 'PMC12963601.1.txt', 'PMC13153029.1.txt']",7,
gemma4:e4b,XOR85385,Caudoviricetes sp.,"{""uid"": ""2914917979"", ""accession"": ""XOR85385"", ""title"": ""MAG: hypothetical protein MSP1788_35 [Caudoviricetes sp.]"", ""organism"": ""Caudoviricetes sp."", ""taxonId"": 2832643, ""sequence_length"": 359, ""create_date"": ""2025/02/23"", ""update_date"": ""2025/02/23"", ""dbsource"": ""insd"", ""extra"": ""gi|2914917979|gb|XOR85385.1|"", ""isolate"": ""MSP1788"", ""metagenome_source"": ""urban environment metagenome"", ""country"": ""USA: New York City"", ""isolation_source"": ""urban environment""}",Caudoviricetes sp.,genus,The 'organism' field explicitly states 'Caudoviricetes sp.'.,,metadata,True,mesophile,,"Several papers report optimal or tested temperatures within the range of 20°C to 37°C (e.g., PMC13059738.1.txt mentions 'room temperature (RT)' and PMC12963601.1.txt uses 20°C, 25°C, and 30°C; PMC13153029.1.txt notes optimal activity between 'room temperature and human physiological temperature (20 °C–37 °C)'). The general range of human physiological temperature (37°C) and typical room temperature incubation (20-30°C) falls squarely within the definition of mesophilic organisms. While some papers mention cold events (PMC13154383.1.txt) or lack specific data, the most frequently cited and relevant operational temperatures point to mesophilic conditions.",,True,TMP_results/accessions/XOR85385/library/accession_lit,1,TMP_results/accessions/XOR85385/library/host_lit,9,733.6600000000001,end,"[""CreateAccessionLibrary"", ""ClassifyHostMetadata"", ""CreateHostLibrary"", ""FilterRelevantLiterature"", ""FilterRelevantHostLiterature"", ""SUMMARISELITERATURE"", ""ClassifySummary""]","{""CreateAccessionLibrary"": 10.65, ""ClassifyHostMetadata"": 2.06, ""FilterRelevantLiterature"": 27.03, ""FilterRelevantHostLiterature"": 337.85, ""ClassifySummary"": 6.73}",False,TMP_results/accessions/XOR85385/summary/summary.txt,['PMC10994904.1.txt'],1,"['PMC13059738.1.txt', 'PMC13157829.1.txt', 'PMC12439157.1.txt', 'PMC13154383.1.txt', 'PMC13162412.1.txt', 'PMC12963601.1.txt', 'PMC13153029.1.txt']",7,
ERROR,XOR28499,ERROR,ERROR,ERROR,ERROR,ERROR,ERROR,ERROR,ERROR,ERROR,ERROR,ERROR,ERROR,ERROR,ERROR,ERROR,ERROR,ERROR,ERROR,ERROR,ERROR,ERROR,ERROR,ERROR,ERROR,ERROR,ERROR,ERROR,'SummaryClassifyHostLiterature'
ERROR,XOQ94942,ERROR,ERROR,ERROR,ERROR,ERROR,ERROR,ERROR,ERROR,ERROR,ERROR,ERROR,ERROR,ERROR,ERROR,ERROR,ERROR,ERROR,ERROR,ERROR,ERROR,ERROR,ERROR,ERROR,ERROR,ERROR,ERROR,ERROR,'SummaryClassifyHostLiterature'
gemma4:e4b,XOE95119,Caudoviricetes sp.,"{""uid"": ""2906144856"", ""accession"": ""XOE95119"", ""title"": ""MAG: UvsX-like recombinase [Caudoviricetes sp.]"", ""organism"": ""Caudoviricetes sp."", ""taxonId"": 2832643, ""sequence_length"": 358, ""create_date"": ""2025/02/15"", ""update_date"": ""2025/02/15"", ""dbsource"": ""insd"", ""extra"": ""gi|2906144856|gb|XOE95119.1|"", ""isolate"": ""k127_1282411"", ""metagenome_source"": ""wastewater metagenome"", ""country"": ""USA: Greater Cincinnati"", ""isolation_source"": ""wastewater treatment plant"", ""collection_date"": ""17-Mar-2015"", ""note"": ""30-Mar-2015/28-Apr-2015""}",S. flexneri,species,"The text explicitly states: 'A novel lytic phage, vB_SflP_DSF2 (DSF2), was isolated from untreated sewage at the 305 Hospital of PLA using MDR S. flexneri 2a strain 301 as host.' Furthermore, the 'Host spectrum analysis' section details that 'DSF2 was capable of infecting S. flexneri serotypes 2a, 2b, 2c, and X (Table 1).' The conclusion also states: 'In summary, DSF2 represents a novel Schitoviridae phage with significant potential for controlling MDR S. flexneri serotype 2/X strains'.",,literature,True,mesophile,,"Multiple papers (PMC12439157.1.txt, PMC13170248.1.txt, PMC13153029.1.txt, PMC13163335.1.txt) show incubation or assay temperatures centered around 37°C, which is the typical human body temperature. Specifically, PMC13153029.1.txt notes stability at 37°C and a general stability profile suggesting mesophilic characteristics. PMC13170248.1.txt confirms growth assays were performed at 37°C, consistent with an opportunistic human pathogen. While some papers show environmental variation (e.g., 17.7°C to 30.8°C in PMC13154383.1.txt), the most frequently cited and physiologically relevant controlled conditions point towards the mesophilic range (25°C - 37°C).",,True,TMP_results/accessions/XOE95119/library/accession_lit,9,TMP_results/accessions/XOE95119/library/host_lit,10,1321.86,end,"[""CreateAccessionLibrary"", ""ClassifyHostMetadata"", ""ClassifyHostLiterature"", ""CreateHostLibrary"", ""FilterRelevantLiterature"", ""FilterRelevantHostLiterature"", ""SUMMARISELITERATURE"", ""ClassifySummary""]","{""CreateAccessionLibrary"": 43.3, ""ClassifyHostMetadata"": 2.38, ""ClassifyHostLiterature"": 41.57, ""FilterRelevantLiterature"": 337.75, ""FilterRelevantHostLiterature"": 273.01, ""ClassifySummary"": 10.51}",False,TMP_results/accessions/XOE95119/summary/summary.txt,"['PMC13059738.1.txt', 'PMC13157829.1.txt', 'PMC12439157.1.txt', 'PMC13154383.1.txt', 'PMC13162412.1.txt', 'PMC12963601.1.txt', 'PMC13153029.1.txt']",7,"['PMC13163335.1.txt', 'PMC13168216.1.txt', 'PMC13170417.1.txt', 'PMC13170248.1.txt', 'PMC12984062.1.txt', '42126907.txt', 'PMC13153029.1.txt']",7,
gemma4:e4b,XOD41043,Serratia phage WSPA,"{""uid"": ""2905001085"", ""accession"": ""XOD41043"", ""title"": ""RecA-like recombination protein [Serratia phage WSPA]"", ""organism"": ""Serratia phage WSPA"", ""taxonId"": 3384840, ""sequence_length"": 386, ""create_date"": ""2025/02/12"", ""update_date"": ""2025/02/12"", ""dbsource"": ""insd"", ""extra"": ""gi|2905001085|gb|XOD41043.1|"", ""host"": ""Serratia marcescens"", ""country"": ""China: Shanghai"", ""collection_date"": ""2023""}",Serratia marcescens,species,The metadata explicitly contains the key 'host' with the value 'Serratia marcescens'.,,metadata,True,mesophile,,"The majority of the provided summaries (PMC13082176.1.txt, PMC12403702.1.txt, PMC13170220.1.txt, PMC13170271.1.txt, PMC13156979.1.txt) show optimal or standard incubation temperatures around 37°C. 37°C is the typical optimal growth temperature for human pathogens and is characteristic of mesophiles. While some papers test at 20°C or 30°C, the most frequently cited and implied physiological temperature is 37°C, leading to the inference of mesophilic adaptation. No paper explicitly states the organism *is* a mesophile, but the consistent use of 37°C strongly suggests it.",,True,TMP_results/accessions/XOD41043/library/accession_lit,4,TMP_results/accessions/XOD41043/library/host_lit,10,841.8199999999999,end,"[""CreateAccessionLibrary"", ""ClassifyHostMetadata"", ""CreateHostLibrary"", ""FilterRelevantLiterature"", ""FilterRelevantHostLiterature"", ""SUMMARISELITERATURE"", ""ClassifySummary""]","{""CreateAccessionLibrary"": 29.0, ""ClassifyHostMetadata"": 2.36, ""FilterRelevantLiterature"": 211.13, ""FilterRelevantHostLiterature"": 262.46, ""ClassifySummary"": 8.46}",False,TMP_results/accessions/XOD41043/summary/summary.txt,"['PMC13082176.1.txt', 'PMC12403702.1.txt']",2,"['PMC13170220.1.txt', 'PMC13170668.1.txt', 'PMC13170271.1.txt', 'PMC13149954.1.txt', 'PMC13156979.1.txt', 'PMC13169923.1.txt']",6,
gemma4:e4b,XOD32333,Shigella phage sb4,"{""uid"": ""2904590953"", ""accession"": ""XOD32333"", ""title"": ""recombination and repair protein [Shigella phage sb4]"", ""organism"": ""Shigella phage sb4"", ""taxonId"": 3387549, ""sequence_length"": 393, ""create_date"": ""2025/02/11"", ""update_date"": ""2025/02/11"", ""dbsource"": ""insd"", ""extra"": ""gi|2904590953|gb|XOD32333.1|"", ""host"": ""Shigella flexneri"", ""country"": ""India: Kolkata"", ""isolation_source"": ""lake water"", ""collection_date"": ""17-Jan-2024""}",Shigella flexneri,species,The metadata explicitly contains the key 'host' with the value 'Shigella flexneri'.,,metadata,True,mesophile,,"The majority of the papers (PMC13163335.1.txt and PMC13170248.1.txt) report optimal or standard incubation/growth temperatures of 37 °C. This temperature range (typically 20°C to 45°C) is characteristic of mesophiles, which thrive at moderate temperatures, such as those found in mammalian hosts. While no paper explicitly states 'mesophile,' the consistent use of 37 °C strongly suggests this classification for the studied pathogens.",,True,TMP_results/accessions/XOD32333/library/accession_lit,1,TMP_results/accessions/XOD32333/library/host_lit,10,599.84,end,"[""CreateAccessionLibrary"", ""ClassifyHostMetadata"", ""CreateHostLibrary"", ""FilterRelevantLiterature"", ""FilterRelevantHostLiterature"", ""SUMMARISELITERATURE"", ""ClassifySummary""]","{""CreateAccessionLibrary"": 15.42, ""ClassifyHostMetadata"": 2.34, ""FilterRelevantLiterature"": 57.64, ""FilterRelevantHostLiterature"": 275.93, ""ClassifySummary"": 5.41}",False,TMP_results/accessions/XOD32333/summary/summary.txt,[],0,"['PMC13163335.1.txt', 'PMC13161533.1.txt', 'PMC13168216.1.txt', 'PMC13170417.1.txt', 'PMC13170248.1.txt', '42126907.txt']",6,
gemma4:e4b,XOD32076,Shigella phage sb3,"{""uid"": ""2904590695"", ""accession"": ""XOD32076"", ""title"": ""recombination and repair protein [Shigella phage sb3]"", ""organism"": ""Shigella phage sb3"", ""taxonId"": 3387548, ""sequence_length"": 393, ""create_date"": ""2025/02/11"", ""update_date"": ""2025/02/11"", ""dbsource"": ""insd"", ""extra"": ""gi|2904590695|gb|XOD32076.1|"", ""host"": ""Shigella flexneri"", ""country"": ""India: Kolkata"", ""isolation_source"": ""lake water"", ""collection_date"": ""17-Jan-2024""}",Shigella flexneri,species,The metadata explicitly contains the key 'host' with the value 'Shigella flexneri'.,,metadata,True,mesophile,,"Multiple papers (PMC13163335.1.txt, PMC13170248.1.txt) report standard laboratory incubation and assay temperatures of 37°C. This temperature (37°C) is the typical optimal growth temperature for human pathogens and commensals, which defines a mesophilic lifestyle. While no paper explicitly states 'This organism is a mesophile,' the consistent use of 37°C as the standard culture condition strongly infers this classification. Other papers either lack temperature data or focus on general environmental isolates without specific thermal optima.",,True,TMP_results/accessions/XOD32076/library/accession_lit,5,TMP_results/accessions/XOD32076/library/host_lit,10,899.72,end,"[""CreateAccessionLibrary"", ""ClassifyHostMetadata"", ""CreateHostLibrary"", ""FilterRelevantLiterature"", ""FilterRelevantHostLiterature"", ""SUMMARISELITERATURE"", ""ClassifySummary""]","{""CreateAccessionLibrary"": 27.7, ""ClassifyHostMetadata"": 2.28, ""FilterRelevantLiterature"": 287.31, ""FilterRelevantHostLiterature"": 276.34, ""ClassifySummary"": 6.56}",False,TMP_results/accessions/XOD32076/summary/summary.txt,['PMC12191737.1.txt'],1,"['PMC13163335.1.txt', 'PMC13161533.1.txt', 'PMC13168216.1.txt', 'PMC13170417.1.txt', 'PMC13170248.1.txt', '42126907.txt']",6,
gemma4:e4b,XOD31821,Shigella phage sb2,"{""uid"": ""2904590439"", ""accession"": ""XOD31821"", ""title"": ""recombination and repair protein [Shigella phage sb2]"", ""organism"": ""Shigella phage sb2"", ""taxonId"": 3387547, ""sequence_length"": 393, ""create_date"": ""2025/02/11"", ""update_date"": ""2025/02/11"", ""dbsource"": ""insd"", ""extra"": ""gi|2904590439|gb|XOD31821.1|"", ""host"": ""Shigella flexneri"", ""country"": ""India: Kolkata"", ""isolation_source"": ""lake water"", ""collection_date"": ""17-Jan-2024""}",Shigella flexneri,species,The metadata explicitly contains the key 'host' with the value 'Shigella flexneri'.,,metadata,True,mesophile,,"The majority of the papers (PMC13163335.1.txt and PMC13170248.1.txt) report optimal or standard incubation/growth temperatures of 37 °C. This temperature range (typically 20°C to 45°C) is characteristic of mesophiles. While no paper explicitly states 'mesophile,' the consistent use of 37 °C for human/mammalian pathogen studies strongly suggests this classification. The environmental context in PMC13163335.1.txt (fresh vegetables from central highlands) and PMC13170248.1.txt (human faecal sample/mammalian host) are consistent with mesophilic pathogens.",,True,TMP_results/accessions/XOD31821/library/accession_lit,3,TMP_results/accessions/XOD31821/library/host_lit,10,745.89,end,"[""CreateAccessionLibrary"", ""ClassifyHostMetadata"", ""CreateHostLibrary"", ""FilterRelevantLiterature"", ""FilterRelevantHostLiterature"", ""SUMMARISELITERATURE"", ""ClassifySummary""]","{""CreateAccessionLibrary"": 20.89, ""ClassifyHostMetadata"": 2.35, ""FilterRelevantLiterature"": 197.55, ""FilterRelevantHostLiterature"": 275.86, ""ClassifySummary"": 6.42}",False,TMP_results/accessions/XOD31821/summary/summary.txt,[],0,"['PMC13163335.1.txt', 'PMC13161533.1.txt', 'PMC13168216.1.txt', 'PMC13170417.1.txt', 'PMC13170248.1.txt', '42126907.txt']",6,
gemma4:e4b,XOD31540,Shigella phage sb1,"{""uid"": ""2904590157"", ""accession"": ""XOD31540"", ""title"": ""recombination and repair protein [Shigella phage sb1]"", ""organism"": ""Shigella phage sb1"", ""taxonId"": 3387546, ""sequence_length"": 393, ""create_date"": ""2025/02/11"", ""update_date"": ""2025/02/11"", ""dbsource"": ""insd"", ""extra"": ""gi|2904590157|gb|XOD31540.1|"", ""host"": ""Shigella flexneri"", ""country"": ""India: Kolkata"", ""isolation_source"": ""lake water"", ""collection_date"": ""17-Jan-2024""}",Shigella flexneri,species,The metadata explicitly contains the key 'host' with the value 'Shigella flexneri'.,,metadata,True,mesophile,,"Multiple papers (PMC10967352.1.txt, PMC13163335.1.txt, PMC13170248.1.txt) show growth or optimal culture conditions at 37°C or a range including 18–44°C. These temperatures are characteristic of mesophiles, which thrive in moderate temperatures. Specifically, PMC10967352.1.txt explicitly states 'Growth temperature range: 18–44 °C' and 'Mesophilic growth: Demonstrated capability to grow in aerobic and anaerobic environments within this range.' PMC13163335.1.txt uses 37°C as the primary incubation condition, which is standard for human pathogens. PMC13170248.1.txt also uses 37°C for growth assays, consistent with an 'opportunistic human pathogen.' The overall pattern strongly points to mesophilic adaptation.",,True,TMP_results/accessions/XOD31540/library/accession_lit,5,TMP_results/accessions/XOD31540/library/host_lit,10,910.9699999999999,end,"[""CreateAccessionLibrary"", ""ClassifyHostMetadata"", ""CreateHostLibrary"", ""FilterRelevantLiterature"", ""FilterRelevantHostLiterature"", ""SUMMARISELITERATURE"", ""ClassifySummary""]","{""CreateAccessionLibrary"": 23.09, ""ClassifyHostMetadata"": 2.34, ""FilterRelevantLiterature"": 267.34, ""FilterRelevantHostLiterature"": 275.81, ""ClassifySummary"": 7.76}",False,TMP_results/accessions/XOD31540/summary/summary.txt,"['PMC10610463.1.txt', 'PMC10967352.1.txt']",2,"['PMC13163335.1.txt', 'PMC13161533.1.txt', 'PMC13168216.1.txt', 'PMC13170417.1.txt', 'PMC13170248.1.txt', '42126907.txt']",6,
gemma4:e4b,XOA07903,Klebsiella phage vB_KM5a1-KLB21,"{""uid"": ""2899301117"", ""accession"": ""XOA07903"", ""title"": ""uvsX RecA-like recombination protein [Klebsiella phage vB_KM5a1-KLB21]"", ""organism"": ""Klebsiella phage vB_KM5a1-KLB21"", ""taxonId"": 3145174, ""sequence_length"": 385, ""create_date"": ""2025/02/09"", ""update_date"": ""2025/02/09"", ""dbsource"": ""insd"", ""extra"": ""gi|2899301117|gb|XOA07903.1|"", ""host"": ""Klebsiella sp. M5a1"", ""country"": ""USA: Columbus, OH"", ""isolation_source"": ""water"", ""collection_date"": ""18-Jul-2021""}",Klebsiella sp. M5a1,species,The metadata explicitly states the 'host' as 'Klebsiella sp. M5a1'.,,metadata,True,mesophile,,"Several papers point towards mesophilic conditions. Paper PMC12992998.1.txt explicitly states that the optimal growth and assay temperatures (37°C) 'indicate mesophilic characteristics.' Paper PMC12718150.1.txt mentions 'cultured overnight at 25 °C, suggesting mesophilic growth conditions.' Paper PMC12757027.1.txt notes that the tested bacterial species, including *Vibrio cholerae*, *E. coli*, *P. putida*, and *K. michiganensis*, 'are generally associated with mesophilic conditions.' While one paper shows cold tolerance (4°C) and another shows stability up to 70°C, the *optimal* or *most frequently cited* conditions (37°C, 25°C, 30°C) fall squarely within the mesophilic range (typically 20°C to 45°C).",,True,TMP_results/accessions/XOA07903/library/accession_lit,6,TMP_results/accessions/XOA07903/library/host_lit,7,757.0,end,"[""CreateAccessionLibrary"", ""ClassifyHostMetadata"", ""CreateHostLibrary"", ""FilterRelevantLiterature"", ""FilterRelevantHostLiterature"", ""SUMMARISELITERATURE"", ""ClassifySummary""]","{""CreateAccessionLibrary"": 19.66, ""ClassifyHostMetadata"": 2.51, ""FilterRelevantLiterature"": 113.01, ""FilterRelevantHostLiterature"": 303.6, ""ClassifySummary"": 8.43}",False,TMP_results/accessions/XOA07903/summary/summary.txt,"['41942208.txt', '42118066.txt', 'PMC12992998.1.txt', '42070172.txt']",4,"['PMC13112137.1.txt', 'PMC12718150.1.txt', 'PMC12875740.1.txt', 'PMC12757027.1.txt']",4,
gemma4:e4b,XLQ30668,Klebsiella phage KP6F1,"{""uid"": ""2870407573"", ""accession"": ""XLQ30668"", ""title"": ""recombination and repair protein [Klebsiella phage KP6F1]"", ""organism"": ""Klebsiella phage KP6F1"", ""taxonId"": 3385010, ""sequence_length"": 361, ""create_date"": ""2024/12/21"", ""update_date"": ""2025/02/03"", ""dbsource"": ""insd"", ""extra"": ""gi|2870407573|gb|XLQ30668.1|"", ""host"": ""Klebsiella pneumoniae"", ""country"": ""Singapore"", ""collection_date"": ""2023-01-02""}",Klebsiella pneumoniae,species,The metadata explicitly contains the key 'host' with the value 'Klebsiella pneumoniae'.,,metadata,True,mesophile,,"Multiple papers (PMC13161078.1.txt and PMC13162225.1.txt) explicitly state that the organism was incubated or studied at 37 °C. The human body temperature (37 °C) is the classic reference point for mesophilic organisms. Since no evidence for growth at significantly lower (psychrophile) or higher (thermophile) temperatures is provided, the most strongly suggested classification based on the experimental conditions is mesophile.",,True,TMP_results/accessions/XLQ30668/library/accession_lit,8,TMP_results/accessions/XLQ30668/library/host_lit,8,846.05,end,"[""CreateAccessionLibrary"", ""ClassifyHostMetadata"", ""CreateHostLibrary"", ""FilterRelevantLiterature"", ""FilterRelevantHostLiterature"", ""SUMMARISELITERATURE"", ""ClassifySummary""]","{""CreateAccessionLibrary"": 43.71, ""ClassifyHostMetadata"": 2.31, ""FilterRelevantLiterature"": 310.09, ""FilterRelevantHostLiterature"": 252.83, ""ClassifySummary"": 4.53}",False,TMP_results/accessions/XLQ30668/summary/summary.txt,['42118066.txt'],1,"['PMC13169396.1.txt', 'PMC13161078.1.txt', 'PMC13170388.1.txt', 'PMC13168360.1.txt', 'PMC13162225.1.txt']",5,
gemma4:e4b,XMR90074,Escherichia phage EPIMAM01,"{""uid"": ""2890525387"", ""accession"": ""XMR90074"", ""title"": ""recombination and repair protein [Escherichia phage EPIMAM01]"", ""organism"": ""Escherichia phage EPIMAM01"", ""taxonId"": 3385013, ""sequence_length"": 393, ""create_date"": ""2025/01/24"", ""update_date"": ""2025/01/24"", ""dbsource"": ""insd"", ""extra"": ""gi|2890525387|gb|XMR90074.1|"", ""host"": ""Escherichia coli ATCC 25922"", ""country"": ""Lebanon: Beirut"", ""isolation_source"": ""sewage""}",Escherichia coli ATCC 25922,strain,The metadata explicitly states the 'host' as 'Escherichia coli ATCC 25922'.,,metadata,True,mesophile,,"The majority of the papers (PMC13170220.1, PMC13169692.1, PMC13149229.1, and PMC13168843.1) report standard incubation temperatures of 35°C or 37°C. These temperatures are characteristic of human body temperature, which defines a mesophile. While one paper (41610923.txt) shows a broad range (4-45°C), the consistent use of 37°C across multiple studies strongly points to a mesophilic lifestyle for the organisms studied in those contexts. The paper PMC13150570.1.txt shows 25°C for fungi, which is also within the mesophilic range, and the storage temperature of 2-5°C is a refrigeration requirement, not a growth optimum.",,True,TMP_results/accessions/XMR90074/library/accession_lit,2,TMP_results/accessions/XMR90074/library/host_lit,9,609.88,end,"[""CreateAccessionLibrary"", ""ClassifyHostMetadata"", ""CreateHostLibrary"", ""FilterRelevantLiterature"", ""FilterRelevantHostLiterature"", ""SUMMARISELITERATURE"", ""ClassifySummary""]","{""CreateAccessionLibrary"": 15.75, ""ClassifyHostMetadata"": 2.23, ""FilterRelevantLiterature"": 29.55, ""FilterRelevantHostLiterature"": 244.52, ""ClassifySummary"": 8.3}",False,TMP_results/accessions/XMR90074/summary/summary.txt,"['41610923.txt', 'PMC12656726.1.txt']",2,"['42115441.txt', 'PMC13170220.1.txt', 'PMC13168371.1.txt', '42119791.txt', 'PMC13168843.1.txt', 'PMC13150570.1.txt', 'PMC13169692.1.txt', 'PMC13149229.1.txt']",8,
gemma4:e4b,XBS49454,Escherichia phage fEgEco12,"{""uid"": ""2743646163"", ""accession"": ""XBS49454"", ""title"": ""protein RecA [Escherichia phage fEgEco12]"", ""organism"": ""Escherichia phage fEgEco12"", ""taxonId"": 3158837, ""sequence_length"": 372, ""create_date"": ""2024/06/19"", ""update_date"": ""2025/01/24"", ""dbsource"": ""insd"", ""extra"": ""gi|2743646163|gb|XBS49454.1|"", ""host"": ""Escherichia coli 6581 (resistance phenotype APEC 9062)"", ""country"": ""Finland"", ""isolation_source"": ""sewage water sample""}",Escherichia coli 6581 (resistance phenotype APEC 9062),strain,The metadata explicitly states the 'host' as 'Escherichia coli 6581 (resistance phenotype APEC 9062)'.,,metadata,True,mesophile,,"The summary explicitly states, ""The optimal growth temperature of 37 °C suggests mesophilic growth."" Furthermore, the ""Mesophilic growth"" section concludes with: ""The optimal growth temperature of 37 °C suggests mesophilic growth."" While the phage shows stability at 4 °C (cold tolerance) and is sensitive to high temperatures (60 °C and 80 °C), the primary indicator for classification is the optimal growth temperature of 37 °C, which is characteristic of mesophiles.",,True,TMP_results/accessions/XBS49454/library/accession_lit,1,TMP_results/accessions/XBS49454/library/host_lit,0,99.27,end,"[""CreateAccessionLibrary"", ""ClassifyHostMetadata"", ""CreateHostLibrary"", ""FilterRelevantLiterature"", ""FilterRelevantHostLiterature"", ""SUMMARISELITERATURE"", ""ClassifySummary""]","{""CreateAccessionLibrary"": 12.69, ""ClassifyHostMetadata"": 2.51, ""FilterRelevantLiterature"": 37.54, ""FilterRelevantHostLiterature"": 0.0, ""ClassifySummary"": 3.72}",False,TMP_results/accessions/XBS49454/summary/summary.txt,['PMC13070987.1.txt'],1,[],0,
gemma4:e4b,XMR01857,Escherichia phage Turkey5,"{""uid"": ""2890140323"", ""accession"": ""XMR01857"", ""title"": ""RecA [Escherichia phage Turkey5]"", ""organism"": ""Escherichia phage Turkey5"", ""taxonId"": 3375711, ""sequence_length"": 370, ""create_date"": ""2025/01/22"", ""update_date"": ""2025/01/22"", ""dbsource"": ""insd"", ""extra"": ""gi|2890140323|gb|XMR01857.1|"", ""host"": ""Escherichia coli Tur5"", ""lab_host"": ""Escherichia coli"", ""country"": ""Czech Republic"", ""collection_date"": ""2023""}",Escherichia coli Tur5,strain,The metadata explicitly lists 'host': 'Escherichia coli Tur5'.,,metadata,True,mesophile,,"The first paper explicitly states that the organism was maintained and studied under controlled laboratory conditions, with standard maintenance occurring at 20°C. The growth temperature range mentioned is 15°C to 25°C. Since 20°C falls squarely within the typical range for human body temperature and general laboratory conditions, and the organism is not shown to thrive at very low (psychrophile) or very high (thermophile) temperatures, the evidence points towards a mesophilic classification. The other two papers provide no thermal data whatsoever.",,True,TMP_results/accessions/XMR01857/library/accession_lit,0,TMP_results/accessions/XMR01857/library/host_lit,8,170.69000000000003,end,"[""CreateAccessionLibrary"", ""ClassifyHostMetadata"", ""CreateHostLibrary"", ""FilterRelevantLiterature"", ""FilterRelevantHostLiterature"", ""SUMMARISELITERATURE"", ""ClassifySummary""]","{""CreateAccessionLibrary"": 4.64, ""ClassifyHostMetadata"": 1.96, ""FilterRelevantLiterature"": 0.0, ""FilterRelevantHostLiterature"": 90.5, ""ClassifySummary"": 4.15}",False,TMP_results/accessions/XMR01857/summary/summary.txt,[],0,"['PMC8339713.1.txt', '42133618.txt', '42133807.txt']",3,
gemma4:e4b,XMR01270,Escherichia phage Turkey3,"{""uid"": ""2890139735"", ""accession"": ""XMR01270"", ""title"": ""recA protein [Escherichia phage Turkey3]"", ""organism"": ""Escherichia phage Turkey3"", ""taxonId"": 3375710, ""sequence_length"": 372, ""create_date"": ""2025/01/22"", ""update_date"": ""2025/01/22"", ""dbsource"": ""insd"", ""extra"": ""gi|2890139735|gb|XMR01270.1|"", ""host"": ""Escherichia coli Tur3"", ""lab_host"": ""Escherichia coli"", ""country"": ""Czech Republic"", ""collection_date"": ""2023""}",Escherichia coli Tur3,strain,The metadata explicitly lists 'host': 'Escherichia coli Tur3'.,,metadata,True,mesophile,,forced,,True,TMP_results/accessions/XMR01270/library/accession_lit,1,TMP_results/accessions/XMR01270/library/host_lit,1,112.5,end,"[""CreateAccessionLibrary"", ""ClassifyHostMetadata"", ""CreateHostLibrary"", ""FilterRelevantLiterature"", ""FilterRelevantHostLiterature"", ""ClassifyThermalForced""]","{""CreateAccessionLibrary"": 15.99, ""ClassifyHostMetadata"": 2.01, ""FilterRelevantLiterature"": 57.54, ""FilterRelevantHostLiterature"": 26.2, ""ClassifyThermalForced"": 4.8}",False,TMP_results/accessions/XMR01270/summary/summary.txt,[],0,[],0,
gemma4:e4b,XDR01266,Klebsiella phage vB_KM5a1-KLB23,"{""uid"": ""2783603163"", ""accession"": ""XDR01266"", ""title"": ""uvsX recA-like recombination protein [Klebsiella phage vB_KM5a1-KLB23]"", ""organism"": ""Klebsiella phage vB_KM5a1-KLB23"", ""taxonId"": 3137611, ""sequence_length"": 385, ""create_date"": ""2025/01/01"", ""update_date"": ""2025/01/01"", ""dbsource"": ""insd"", ""extra"": ""gi|2783603163|gb|XDR01266.1|"", ""host"": ""Klebsiella sp. M5a1"", ""country"": ""USA: Columbus, OH"", ""isolation_source"": ""water"", ""collection_date"": ""04-Oct-2021""}",Klebsiella sp. M5a1,species,The metadata explicitly states the 'host' as 'Klebsiella sp. M5a1'.,,metadata,True,mesophile,,"Several papers point towards mesophilic conditions. Paper PMC12992998.1.txt explicitly states that the optimal growth and assay temperatures (37°C) 'indicate mesophilic characteristics.' Paper PMC12718150.1.txt mentions 'cultured overnight at 25 °C, suggesting mesophilic growth conditions.' Paper PMC12757027.1.txt notes that the tested bacterial species, including *Vibrio cholerae*, *E. coli*, *P. putida*, and *K. michiganensis*, 'are generally associated with mesophilic conditions.' While one paper shows cold tolerance (4°C) and another shows stability up to 70°C, the *optimal* or *most frequently cited* conditions (37°C, 25°C, 30°C) fall squarely within the mesophilic range (typically 20°C to 45°C).",,True,TMP_results/accessions/XDR01266/library/accession_lit,6,TMP_results/accessions/XDR01266/library/host_lit,7,653.96,end,"[""CreateAccessionLibrary"", ""ClassifyHostMetadata"", ""CreateHostLibrary"", ""FilterRelevantLiterature"", ""FilterRelevantHostLiterature"", ""SUMMARISELITERATURE"", ""ClassifySummary""]","{""CreateAccessionLibrary"": 26.3, ""ClassifyHostMetadata"": 2.19, ""FilterRelevantLiterature"": 95.71, ""FilterRelevantHostLiterature"": 255.44, ""ClassifySummary"": 7.51}",False,TMP_results/accessions/XDR01266/summary/summary.txt,"['41942208.txt', '42118066.txt', 'PMC12992998.1.txt', '42070172.txt']",4,"['PMC13112137.1.txt', 'PMC12718150.1.txt', 'PMC12875740.1.txt', 'PMC12757027.1.txt']",4,
gemma4:e4b,XLY77758,Escherichia phage XH12,"{""uid"": ""2873348821"", ""accession"": ""XLY77758"", ""title"": ""protein RecA [Escherichia phage XH12]"", ""organism"": ""Escherichia phage XH12"", ""taxonId"": 3349807, ""sequence_length"": 390, ""create_date"": ""2024/12/31"", ""update_date"": ""2024/12/31"", ""dbsource"": ""insd"", ""extra"": ""gi|2873348821|gb|XLY77758.1|"", ""host"": ""Escherichia coli"", ""lab_host"": ""Escherichia coli BL21"", ""country"": ""China: Shandong"", ""collection_date"": ""15-Feb-2023"", ""collected_by"": ""xuhaohou""}",Escherichia coli,species,The metadata explicitly contains the key 'host' with the value 'Escherichia coli'.,,metadata,True,mesophile,,"The most consistent and specific temperature data points towards mesophilic conditions. 
1. Paper PMC11678793.1.txt explicitly states: ""The stability profile suggests mesophilic characteristics, with no evidence of thermophilic or psychrophilic adaptation mentioned."" The optimal activity range is 20 °C to 50 °C, which is typical for mesophiles.
2. Paper PMC13170677.1.txt uses 37°C as the optimal growth temperature and simulates the ""human body/in vivo environment,"" which is the classic mesophilic niche.
3. Paper PMC13168922.1.txt uses 37°C for initial growth, which is also characteristic of mesophiles.
While some papers use lower temperatures (15°C, 18°C), the combination of 37°C optima and the explicit statement in one summary strongly points to a mesophilic classification.",,True,TMP_results/accessions/XLY77758/library/accession_lit,3,TMP_results/accessions/XLY77758/library/host_lit,10,533.51,end,"[""CreateAccessionLibrary"", ""ClassifyHostMetadata"", ""CreateHostLibrary"", ""FilterRelevantLiterature"", ""FilterRelevantHostLiterature"", ""SUMMARISELITERATURE"", ""ClassifySummary""]","{""CreateAccessionLibrary"": 18.68, ""ClassifyHostMetadata"": 2.09, ""FilterRelevantLiterature"": 88.48, ""FilterRelevantHostLiterature"": 215.63, ""ClassifySummary"": 6.51}",False,TMP_results/accessions/XLY77758/summary/summary.txt,"['PMC11678793.1.txt', 'PMC12950090.1.txt']",2,"['42133618.txt', 'PMC13170677.1.txt', '42133807.txt', 'PMC13168922.1.txt']",4,
gemma4:e4b,WGJ78542,Microcystis phage Mel-Yong916-1,"{""uid"": ""2496141519"", ""accession"": ""WGJ78542"", ""title"": ""recombination and repair protein [Microcystis phage Mel-Yong916-1]"", ""organism"": ""Microcystis phage Mel-Yong916-1"", ""taxonId"": 3038322, ""sequence_length"": 349, ""create_date"": ""2024/12/31"", ""update_date"": ""2024/12/31"", ""dbsource"": ""insd"", ""extra"": ""gi|2496141519|gb|WGJ78542.1|"", ""host"": ""Microcystis elabens""}",Microcystis elabens,species,The metadata explicitly states the 'host' as 'Microcystis elabens'.,,metadata,True,mesophile,,"Several papers tested or implied growth conditions around 24°C, 26°C, and 19°C (PMC12510456.1.txt, PMC12474514.1.txt, PMC12054034.1.txt). The PMC9971975.1.txt summary explicitly states that temperature variations suggested adaptation to ""mesophilic conditions typical of this subtropical environment."" The combination of these multiple data points, especially the explicit mention of mesophilic conditions in a relevant environmental context (Lake Erie, subtropical reservoirs), strongly points towards mesophily as the most frequently suggested or implied thermal niche for the studied organisms.",,True,TMP_results/accessions/WGJ78542/library/accession_lit,5,TMP_results/accessions/WGJ78542/library/host_lit,10,818.14,end,"[""CreateAccessionLibrary"", ""ClassifyHostMetadata"", ""CreateHostLibrary"", ""FilterRelevantLiterature"", ""FilterRelevantHostLiterature"", ""SUMMARISELITERATURE"", ""ClassifySummary""]","{""CreateAccessionLibrary"": 23.22, ""ClassifyHostMetadata"": 2.08, ""FilterRelevantLiterature"": 130.61, ""FilterRelevantHostLiterature"": 248.26, ""ClassifySummary"": 7.67}",False,TMP_results/accessions/WGJ78542/summary/summary.txt,"['PMC13157829.1.txt', 'PMC12542629.1.txt', 'PMC12510456.1.txt']",3,"['38889229.txt', 'PMC12418101.1.txt', 'PMC12542629.1.txt', 'PMC9971975.1.txt', '38653399.txt', 'PMC12474514.1.txt', 'PMC12054034.1.txt', '36075338.txt', 'PMC12724129.1.txt', '37301000.txt']",10,
gemma4:e4b,XLQ29474,Escherichia phage Ec_YwIITB1,"{""uid"": ""2870405067"", ""accession"": ""XLQ29474"", ""title"": ""recombination and repair protein [Escherichia phage Ec_YwIITB1]"", ""organism"": ""Escherichia phage Ec_YwIITB1"", ""taxonId"": 3366621, ""sequence_length"": 393, ""create_date"": ""2024/12/21"", ""update_date"": ""2024/12/21"", ""dbsource"": ""insd"", ""extra"": ""gi|2870405067|gb|XLQ29474.1|"", ""host"": ""Escherichia coli MTCC MG1687"", ""country"": ""India: Yamuna"", ""isolation_source"": ""water""}",Escherichia coli MTCC MG1687,strain,The metadata explicitly states the 'host' as 'Escherichia coli MTCC MG1687'.,,metadata,True,mesophile,,"The majority of the provided papers (PMC13108922.1.txt, PMC13121708.1.txt, and PMC13156834.1.txt) consistently report optimal or standard incubation temperatures of 37°C. Mesophiles are organisms that thrive at moderate temperatures, typically near the physiological temperature of mammals (around 20°C to 45°C, with 37°C being the most common reference point). While one paper mentions 22°C, the dominant and most frequently cited temperature is 37°C, which strongly points towards a mesophilic classification. The paper PMC13156834.1.txt explicitly states the organism was maintained under 'standard physiological conditions' at 37°C, which is the hallmark of a mesophile.",,True,TMP_results/accessions/XLQ29474/library/accession_lit,10,TMP_results/accessions/XLQ29474/library/host_lit,9,846.65,end,"[""CreateAccessionLibrary"", ""ClassifyHostMetadata"", ""CreateHostLibrary"", ""FilterRelevantLiterature"", ""FilterRelevantHostLiterature"", ""SUMMARISELITERATURE"", ""ClassifySummary""]","{""CreateAccessionLibrary"": 39.38, ""ClassifyHostMetadata"": 2.21, ""FilterRelevantLiterature"": 352.55, ""FilterRelevantHostLiterature"": 268.74, ""ClassifySummary"": 5.62}",False,TMP_results/accessions/XLQ29474/summary/summary.txt,"['PMC13108922.1.txt', 'PMC13121708.1.txt', '42026126.txt']",3,"['PMC13156834.1.txt', 'PMC13153321.1.txt']",2,
gemma4:e4b,XLM56194,Synechococcus phage WH25-B,"{""uid"": ""2869628519"", ""accession"": ""XLM56194"", ""title"": ""DNA recombination protein UvsX [Synechococcus phage WH25-B]"", ""organism"": ""Synechococcus phage WH25-B"", ""taxonId"": 3384917, ""sequence_length"": 336, ""create_date"": ""2024/12/18"", ""update_date"": ""2024/12/18"", ""dbsource"": ""insd"", ""extra"": ""gi|2869628519|gb|XLM56194.1|"", ""host"": ""Synechococcus sp. WH 7803"", ""country"": ""China"", ""isolation_source"": ""seawater""}",Synechococcus sp. WH 7803,species,The metadata explicitly states the 'host' as 'Synechococcus sp. WH 7803'.,,metadata,True,mesophile,,"Multiple papers report growth or optimal incubation temperatures around 22°C to 30°C (e.g., 24°±2°C, 22°C, 30°C, 25°C). These temperatures fall squarely within the typical range associated with mesophiles (generally 20°C to 45°C). While no paper explicitly labels the organism as 'mesophile,' the consistent use of moderate, non-extreme temperatures for growth assays strongly suggests this classification. The paper PMC12138183.1.txt explicitly notes growth at 25°C and mentions 'Mesophilic growth: The organism was grown at 25°C, suggesting mesophilic conditions.'",,True,TMP_results/accessions/XLM56194/library/accession_lit,5,TMP_results/accessions/XLM56194/library/host_lit,6,590.92,end,"[""CreateAccessionLibrary"", ""ClassifyHostMetadata"", ""CreateHostLibrary"", ""FilterRelevantLiterature"", ""FilterRelevantHostLiterature"", ""SUMMARISELITERATURE"", ""ClassifySummary""]","{""CreateAccessionLibrary"": 21.17, ""ClassifyHostMetadata"": 2.29, ""FilterRelevantLiterature"": 86.56, ""FilterRelevantHostLiterature"": 227.41, ""ClassifySummary"": 6.85}",False,TMP_results/accessions/XLM56194/summary/summary.txt,"['PMC13041748.1.txt', '41930475.txt', '42053500.txt', 'PMC13108922.1.txt', '41549294.txt']",5,"['PMC11334911.1.txt', '9026442.txt', 'PMC12718436.1.txt', 'PMC12138183.1.txt']",4,
gemma4:e4b,XBA89584,Klebsiella phage PhiK2046,"{""uid"": ""2735218180"", ""accession"": ""XBA89584"", ""title"": ""recombination and repair protein [Klebsiella phage PhiK2046]"", ""organism"": ""Klebsiella phage PhiK2046"", ""taxonId"": 3145163, ""sequence_length"": 385, ""create_date"": ""2024/12/18"", ""update_date"": ""2024/12/18"", ""dbsource"": ""insd"", ""extra"": ""gi|2735218180|gb|XBA89584.1|"", ""host"": ""Klebsiella pneumoniae FK2046"", ""country"": ""China: Wenzhou, First Affiliated Hospital of Wenzhou Medical University"", ""isolation_source"": ""sputum samples of patients"", ""collection_date"": ""Aug-2023""}",Klebsiella pneumoniae FK2046,strain,The metadata explicitly states the 'host' as 'Klebsiella pneumoniae FK2046'.,,metadata,True,mesophile,,"All three summaries consistently report that the optimal growth temperature and the conditions used for all *in vitro* assays (growth curves, time-kill assays, biofilm formation, MIC testing) were conducted at 37°C. This temperature (37°C) is the standard physiological temperature for human body systems and is the defining characteristic of mesophilic organisms in a clinical context. While the summaries do not explicitly state 'This organism is a mesophile,' the consistent use of 37°C for optimal growth and testing strongly infers this classification.",,True,TMP_results/accessions/XBA89584/library/accession_lit,4,TMP_results/accessions/XBA89584/library/host_lit,3,406.47999999999996,end,"[""CreateAccessionLibrary"", ""ClassifyHostMetadata"", ""CreateHostLibrary"", ""FilterRelevantLiterature"", ""FilterRelevantHostLiterature"", ""SUMMARISELITERATURE"", ""ClassifySummary""]","{""CreateAccessionLibrary"": 22.52, ""ClassifyHostMetadata"": 2.26, ""FilterRelevantLiterature"": 163.89, ""FilterRelevantHostLiterature"": 107.09, ""ClassifySummary"": 4.33}",False,TMP_results/accessions/XBA89584/summary/summary.txt,['PMC12053862.1.txt'],1,"['PMC12053862.1.txt', 'PMC11448042.1.txt']",2,
gemma4:e4b,XLL18380,Escherichia phage EPIMRB01,"{""uid"": ""2868016255"", ""accession"": ""XLL18380"", ""title"": ""recombination and repair protein [Escherichia phage EPIMRB01]"", ""organism"": ""Escherichia phage EPIMRB01"", ""taxonId"": 3384968, ""sequence_length"": 393, ""create_date"": ""2024/12/16"", ""update_date"": ""2024/12/16"", ""dbsource"": ""insd"", ""extra"": ""gi|2868016255|gb|XLL18380.1|"", ""host"": ""Escherichia coli ATCC 25922"", ""country"": ""Lebanon"", ""isolation_source"": ""sewage""}",Escherichia coli ATCC 25922,strain,The metadata explicitly states the 'host' as 'Escherichia coli ATCC 25922'.,,metadata,True,mesophile,,"Multiple papers (PMC13170677.1.txt, PMC13169757.1.txt, PMC13170220.1.txt, PMC13169692.1.txt, PMC13149229.1.txt, PMC13168843.1.txt) consistently report or imply an optimal or standard incubation temperature of 37°C. This temperature range (around 20°C to 42°C, as seen in PMC13153029.1.txt) is characteristic of mesophiles, which thrive at moderate temperatures, typically near human body temperature. While no paper explicitly states 'This organism is a mesophile,' the overwhelming evidence points to this classification based on the standard laboratory conditions used for culturing human-associated or foodborne pathogens.",,True,TMP_results/accessions/XLL18380/library/accession_lit,10,TMP_results/accessions/XLL18380/library/host_lit,9,1013.27,end,"[""CreateAccessionLibrary"", ""ClassifyHostMetadata"", ""CreateHostLibrary"", ""FilterRelevantLiterature"", ""FilterRelevantHostLiterature"", ""SUMMARISELITERATURE"", ""ClassifySummary""]","{""CreateAccessionLibrary"": 41.05, ""ClassifyHostMetadata"": 2.25, ""FilterRelevantLiterature"": 314.37, ""FilterRelevantHostLiterature"": 243.93, ""ClassifySummary"": 9.19}",False,TMP_results/accessions/XLL18380/summary/summary.txt,"['42107219.txt', 'PMC13170677.1.txt', 'PMC13169757.1.txt', 'PMC13153029.1.txt']",4,"['42115441.txt', 'PMC13170220.1.txt', 'PMC13168371.1.txt', '42119791.txt', 'PMC13168843.1.txt', 'PMC13150570.1.txt', 'PMC13169692.1.txt', 'PMC13149229.1.txt']",8,
gemma4:e4b,XLG26096,Streptomyces phage Jollison,"{""uid"": ""2866466434"", ""accession"": ""XLG26096"", ""title"": ""RecA-like DNA recombinase [Streptomyces phage Jollison]"", ""organism"": ""Streptomyces phage Jollison"", ""taxonId"": 3251041, ""sequence_length"": 334, ""create_date"": ""2024/12/14"", ""update_date"": ""2024/12/14"", ""dbsource"": ""insd"", ""extra"": ""gi|2866466434|gb|XLG26096.1|"", ""lab_host"": ""Streptomyces lividans JI 1326"", ""country"": ""USA"", ""isolation_source"": ""soil"", ""lat_lon"": ""38.64 N 90.31 W"", ""collection_date"": ""01-Sep-2023"", ""collected_by"": ""L Zhou & A Chang"", ""identified_by"": ""L Zhou & A Chang""}",Streptomyces lividans JI 1326,strain,"The metadata contains the key 'lab_host' with the value 'Streptomyces lividans JI 1326', which explicitly states the host organism.",,metadata,True,mesophile,,"The most concrete piece of thermal evidence comes from Paper: PMC10690885.1.txt, where the phages were cultured and incubated at 30°C. Since 30°C is a commonly cited optimal or standard growth temperature for many non-extreme environmental isolates (like those from soil), and this temperature falls squarely within the typical range for mesophiles (generally 20°C to 45°C), this suggests a mesophilic tendency. The other papers lack any specific temperature data to contradict this. Therefore, based on the single explicit incubation temperature, the best inference is mesophilic.",,True,TMP_results/accessions/XLG26096/library/accession_lit,10,TMP_results/accessions/XLG26096/library/host_lit,6,279.17,end,"[""CreateAccessionLibrary"", ""ClassifyHostMetadata"", ""CreateHostLibrary"", ""FilterRelevantLiterature"", ""FilterRelevantHostLiterature"", ""SUMMARISELITERATURE"", ""ClassifySummary""]","{""CreateAccessionLibrary"": 42.11, ""ClassifyHostMetadata"": 2.46, ""FilterRelevantLiterature"": 138.08, ""FilterRelevantHostLiterature"": 38.33, ""ClassifySummary"": 4.32}",False,TMP_results/accessions/XLG26096/summary/summary.txt,['42089638.txt'],1,"['PMC10690885.1.txt', '2516871.txt']",2,
gemma4:e4b,XAG94916,Salmonella phage SF02,"{""uid"": ""2724476529"", ""accession"": ""XAG94916"", ""title"": ""recombination and repair protein [Salmonella phage SF02]"", ""organism"": ""Salmonella phage SF02"", ""taxonId"": 3141821, ""sequence_length"": 361, ""create_date"": ""2024/12/01"", ""update_date"": ""2024/12/01"", ""dbsource"": ""insd"", ""extra"": ""gi|2724476529|gb|XAG94916.1|"", ""lab_host"": ""Salmonella enterica BNCC 192094"", ""country"": ""China: Chengdu, Fengxi river"", ""isolation_source"": ""river water"", ""lat_lon"": ""30.6867 N 103.8317 E"", ""collection_date"": ""18-Apr-2023"", ""altitude"": ""500 m""}",Salmonella enterica BNCC 192094,strain,The metadata explicitly contains the key 'lab_host' with the value 'Salmonella enterica BNCC 192094'.,,metadata,True,mesophile,,"The summaries repeatedly mention optimal growth temperatures around 37 °C (PMC12430668.1.txt, PMC11767321.1.txt, PMC12630848.1.txt) and general storage/processing temperatures in the 20–30 °C range (PMC12430668.1.txt). While psychrophilic activity is noted at 4 °C and thermophilic bacteria (*Campylobacter*) are mentioned, the overall context of pathogen activity, phage stability, and general food processing conditions points strongly toward mesophilic conditions (20–37 °C).",,True,TMP_results/accessions/XAG94916/library/accession_lit,4,TMP_results/accessions/XAG94916/library/host_lit,0,385.49,end,"[""CreateAccessionLibrary"", ""ClassifyHostMetadata"", ""CreateHostLibrary"", ""FilterRelevantLiterature"", ""FilterRelevantHostLiterature"", ""SUMMARISELITERATURE"", ""ClassifySummary""]","{""CreateAccessionLibrary"": 21.75, ""ClassifyHostMetadata"": 2.51, ""FilterRelevantLiterature"": 198.32, ""FilterRelevantHostLiterature"": 0.0, ""ClassifySummary"": 5.38}",False,TMP_results/accessions/XAG94916/summary/summary.txt,"['PMC12430668.1.txt', 'PMC11767321.1.txt', 'PMC12630848.1.txt']",3,[],0,
gemma4:e4b,XKC24153,Escherichia phage NRG-P0074,"{""uid"": ""2849417373"", ""accession"": ""XKC24153"", ""title"": ""UvsX-like recombinase [Escherichia phage NRG-P0074]"", ""organism"": ""Escherichia phage NRG-P0074"", ""taxonId"": 3374689, ""sequence_length"": 390, ""create_date"": ""2024/11/14"", ""update_date"": ""2024/11/14"", ""dbsource"": ""insd"", ""extra"": ""gi|2849417373|gb|XKC24153.1|"", ""note"": ""RU1"", ""lab_host"": ""Escherichia coli str. K-12 MG1655"", ""identified_by"": ""Rachel M. Carson""}",Escherichia coli str. K-12 MG1655,strain,"The metadata contains the key 'lab_host' with the value 'Escherichia coli str. K-12 MG1655', which explicitly states the host organism.",,metadata,True,mesophile,,"Multiple papers (PMC9614321.1.txt, PMC13127887.1.txt, PMC13112000.1.txt) report optimal or standard incubation temperatures of 37°C or 30°C. These temperatures are characteristic of mesophiles. PMC9614321.1.txt explicitly states 'Optimal growth temperature: 37°C' and 'suggesting mesophilic growth characteristics.' PMC13127887.1.txt also uses 37°C for clinical isolates. While some papers lack temperature data entirely, the recurring theme of standard human/gut-associated incubation temperatures points strongly toward mesophily.",,True,TMP_results/accessions/XKC24153/library/accession_lit,0,TMP_results/accessions/XKC24153/library/host_lit,10,617.14,end,"[""CreateAccessionLibrary"", ""ClassifyHostMetadata"", ""CreateHostLibrary"", ""FilterRelevantLiterature"", ""FilterRelevantHostLiterature"", ""SUMMARISELITERATURE"", ""ClassifySummary""]","{""CreateAccessionLibrary"": 12.87, ""ClassifyHostMetadata"": 2.55, ""FilterRelevantLiterature"": 0.0, ""FilterRelevantHostLiterature"": 314.48, ""ClassifySummary"": 6.61}",False,TMP_results/accessions/XKC24153/summary/summary.txt,[],0,"['PMC11782027.1.txt', 'PMC6022435.1.txt', 'PMC9614321.1.txt', 'PMC13154413.1.txt', 'PMC13118254.1.txt', 'PMC13127887.1.txt', 'PMC7188308.1.txt', 'PMC13112000.1.txt']",8,
gemma4:e4b,XKC18358,Streptomyces phage KentuckyRacer,"{""uid"": ""2848925791"", ""accession"": ""XKC18358"", ""title"": ""RecA-like DNA recombinase [Streptomyces phage KentuckyRacer]"", ""organism"": ""Streptomyces phage KentuckyRacer"", ""taxonId"": 3367565, ""sequence_length"": 334, ""create_date"": ""2024/11/13"", ""update_date"": ""2024/11/13"", ""dbsource"": ""insd"", ""extra"": ""gi|2848925791|gb|XKC18358.1|"", ""lab_host"": ""Streptomyces griseus ATCC 10137"", ""country"": ""USA: Land Between the Lakes, KY"", ""isolation_source"": ""soil"", ""lat_lon"": ""36.74952 N 88.07441 W"", ""collection_date"": ""01-Oct-2023"", ""collected_by"": ""ndrew Adams and Ross Rider"", ""identified_by"": ""Andrew Adams and Ross Rider""}",Streptomyces griseus ATCC 10137,species,"The metadata contains the key 'lab_host' with the value 'Streptomyces griseus ATCC 10137', which explicitly states the host organism.",,metadata,True,mesophile,,"The majority of the papers (PMC13097060.1.txt, PMC11705968.1.txt, PMC12154043.1.txt, 22433896.txt) report incubation or optimal growth temperatures in the range of 20°C to 37°C. Specifically, 30°C is mentioned multiple times (e.g., 20°C initial enrichment followed by 30°C incubation; 30°C for soil dehydrogenase activity). The range 30–37°C is characteristic of mesophiles. While one paper (PMC11294657.1.txt) shows evidence of thermophilic enzymes (optimal activity at 70°C), this represents enzyme activity, not the general growth conditions of the source organism, and the overall trend across the dataset points toward mesophilic conditions for the majority of the isolates/assays.",,True,TMP_results/accessions/XKC18358/library/accession_lit,10,TMP_results/accessions/XKC18358/library/host_lit,10,713.64,end,"[""CreateAccessionLibrary"", ""ClassifyHostMetadata"", ""CreateHostLibrary"", ""FilterRelevantLiterature"", ""FilterRelevantHostLiterature"", ""SUMMARISELITERATURE"", ""ClassifySummary""]","{""CreateAccessionLibrary"": 39.84, ""ClassifyHostMetadata"": 2.58, ""FilterRelevantLiterature"": 289.79, ""FilterRelevantHostLiterature"": 136.73, ""ClassifySummary"": 8.13}",False,TMP_results/accessions/XKC18358/summary/summary.txt,"['PMC13097060.1.txt', '42089638.txt', 'PMC13164347.1.txt']",3,"['PMC13097060.1.txt', 'PMC11705968.1.txt', 'PMC5511901.1.txt', 'PMC11294657.1.txt', '23948258.txt', 'PMC12154043.1.txt', '22433896.txt', 'PMC12879165.1.txt']",8,
gemma4:e4b,XIJ69057,Streptomyces phage Elmer,"{""uid"": ""2837932610"", ""accession"": ""XIJ69057"", ""title"": ""RecA-like DNA recombinase [Streptomyces phage Elmer]"", ""organism"": ""Streptomyces phage Elmer"", ""taxonId"": 3374976, ""sequence_length"": 334, ""create_date"": ""2024/10/28"", ""update_date"": ""2024/10/28"", ""dbsource"": ""insd"", ""extra"": ""gi|2837932610|gb|XIJ69057.1|"", ""lab_host"": ""Streptomyces lividans JI 1326"", ""country"": ""USA"", ""isolation_source"": ""soil"", ""lat_lon"": ""38.640312 N 90.283562 W"", ""collection_date"": ""01-Sep-2023"", ""collected_by"": ""E Johnson, M Brito & L Levitzky"", ""identified_by"": ""E Johnson, M Brito & L Levitzky""}",Streptomyces lividans JI 1326,strain,"The metadata contains the key 'lab_host' with the value 'Streptomyces lividans JI 1326', which explicitly states the host organism.",,metadata,True,mesophile,,"The majority of the papers report optimal or standard laboratory growth temperatures around 30°C to 37°C. 

1. PMC10956176.1.txt: Optimal growth temperature is 30°C, which is characteristic of mesophiles.
2. PMC11413697.1.txt: Optimal growth temperatures are reported at 28°C and 34°C, which fall within the mesophilic range.
3. PMC10690885.1.txt: Optimal growth temperature is 30°C, typical for mesophiles.
4. PMC7170507.1.txt: Growth conditions involve 30°C and 37°C, both standard mesophilic ranges.

While some papers do not provide explicit classification, the consistent use of temperatures between 28°C and 37°C strongly suggests that the organisms studied are mesophiles.",,True,TMP_results/accessions/XIJ69057/library/accession_lit,4,TMP_results/accessions/XIJ69057/library/host_lit,6,519.33,end,"[""CreateAccessionLibrary"", ""ClassifyHostMetadata"", ""CreateHostLibrary"", ""FilterRelevantLiterature"", ""FilterRelevantHostLiterature"", ""SUMMARISELITERATURE"", ""ClassifySummary""]","{""CreateAccessionLibrary"": 25.25, ""ClassifyHostMetadata"": 2.52, ""FilterRelevantLiterature"": 184.89, ""FilterRelevantHostLiterature"": 115.55, ""ClassifySummary"": 6.73}",False,TMP_results/accessions/XIJ69057/summary/summary.txt,['PMC12704722.1.txt'],1,"['PMC10956176.1.txt', 'PMC11413697.1.txt', 'PMC10690885.1.txt', 'PMC7170507.1.txt', '2516871.txt']",5,
gemma4:e4b,XHH74879,Klebsiella phage KSKp,"{""uid"": ""2811256898"", ""accession"": ""XHH74879"", ""title"": ""recombination and repair protein [Klebsiella phage KSKp]"", ""organism"": ""Klebsiella phage KSKp"", ""taxonId"": 3344745, ""sequence_length"": 391, ""create_date"": ""2024/10/02"", ""update_date"": ""2024/10/02"", ""dbsource"": ""insd"", ""extra"": ""gi|2811256898|gb|XHH74879.1|"", ""host"": ""Klebsiella pneumoniae ATCC 700603"", ""country"": ""India: Karaikudi Town, Sivaganga District of Tamil Nadu"", ""isolation_source"": ""sewage""}",Klebsiella pneumoniae ATCC 700603,strain,The metadata explicitly states the 'host' as 'Klebsiella pneumoniae ATCC 700603'.,,metadata,True,mesophile,,"The majority of the papers (PMC12092377.1, PMC13170220.1, PMC13168211.1, PMC12915689.1, PMC12412119.1, PMC13162253.1, PMC12368660.1) report optimal or standard incubation temperatures of 37°C. Since 37°C is the typical core body temperature of mammals, this strongly suggests that the organisms are adapted to mesophilic conditions. While some papers mention 30°C (PMC12575629.1), the overwhelming consensus points to 37°C as the primary physiological temperature.",,True,TMP_results/accessions/XHH74879/library/accession_lit,3,TMP_results/accessions/XHH74879/library/host_lit,10,813.73,end,"[""CreateAccessionLibrary"", ""ClassifyHostMetadata"", ""CreateHostLibrary"", ""FilterRelevantLiterature"", ""FilterRelevantHostLiterature"", ""SUMMARISELITERATURE"", ""ClassifySummary""]","{""CreateAccessionLibrary"": 21.79, ""ClassifyHostMetadata"": 2.28, ""FilterRelevantLiterature"": 109.38, ""FilterRelevantHostLiterature"": 294.08, ""ClassifySummary"": 7.53}",False,TMP_results/accessions/XHH74879/summary/summary.txt,"['PMC12990252.1.txt', 'PMC12092377.1.txt']",2,"['PMC13165273.1.txt', 'PMC13170220.1.txt', 'PMC13168211.1.txt', 'PMC12915689.1.txt', 'PMC12412119.1.txt', 'PMC13162253.1.txt', 'PMC12575629.1.txt', 'PMC12368660.1.txt']",8,
gemma4:e4b,WVX87167,Klebsiella phage KP1LMA,"{""uid"": ""2675944717"", ""accession"": ""WVX87167"", ""title"": ""protein RecA [Klebsiella phage KP1LMA]"", ""organism"": ""Klebsiella phage KP1LMA"", ""taxonId"": 3119532, ""sequence_length"": 385, ""create_date"": ""2024/02/21"", ""update_date"": ""2024/09/23"", ""dbsource"": ""insd"", ""extra"": ""gi|2675944717|gb|WVX87167.1|"", ""host"": ""Klebsiella pneumoniae SCC.24"", ""country"": ""Portugal"", ""isolation_source"": ""sewage network of Aveiro (station EEIS9 of SIMRIA Multi Sanitation System of Ria de Aveiro)"", ""collection_date"": ""2023""}",Klebsiella pneumoniae SCC.24,strain,The metadata explicitly states the 'host' as 'Klebsiella pneumoniae SCC.24'.,,metadata,True,mesophile,,"The optimal growth temperature cited across the studies is consistently 37 °C. Mesophiles are organisms that thrive at moderate temperatures, typically near the physiological temperature of mammals (20°C to 45°C, with 37°C being a common benchmark). Paper PMC11852161.1.txt explicitly states that bacterial growth and lytic activity were assessed at 37 °C, and the summary concludes that this indicates ""mesophilic characteristics."" While the source material does not explicitly state ""mesophile,"" the consistent use of 37 °C as the optimal/assay temperature strongly points to this classification.",,True,TMP_results/accessions/WVX87167/library/accession_lit,1,TMP_results/accessions/WVX87167/library/host_lit,2,249.5,end,"[""CreateAccessionLibrary"", ""ClassifyHostMetadata"", ""CreateHostLibrary"", ""FilterRelevantLiterature"", ""FilterRelevantHostLiterature"", ""SUMMARISELITERATURE"", ""ClassifySummary""]","{""CreateAccessionLibrary"": 12.19, ""ClassifyHostMetadata"": 2.16, ""FilterRelevantLiterature"": 36.41, ""FilterRelevantHostLiterature"": 70.95, ""ClassifySummary"": 4.68}",False,TMP_results/accessions/WVX87167/summary/summary.txt,['PMC10885952.1.txt'],1,"['PMC11852161.1.txt', 'PMC10885952.1.txt']",2,
gemma4:e4b,UYL22564,Erwinia phage IT22,"{""uid"": ""2319525969"", ""accession"": ""UYL22564"", ""title"": ""recombination and repair protein [Erwinia phage IT22]"", ""organism"": ""Erwinia phage IT22"", ""taxonId"": 2986386, ""sequence_length"": 387, ""create_date"": ""2024/09/17"", ""update_date"": ""2024/09/17"", ""dbsource"": ""insd"", ""extra"": ""gi|2319525969|gb|UYL22564.1|"", ""host"": ""Erwinia amylovora PGL Z1"", ""lab_host"": ""Erwinia amylovora"", ""country"": ""Italy"", ""isolation_source"": ""wastewater"", ""collection_date"": ""10-Dec-2021""}",Erwinia amylovora PGL Z1,strain,The metadata explicitly lists 'host': 'Erwinia amylovora PGL Z1'.,,metadata,True,mesophile,,"Multiple papers (PMC9698647.1.txt, PMC12211020.1.txt, PMC11165191.1.txt) show optimal or standard incubation/growth temperatures around 25°C to 30°C. PMC9698647.1.txt explicitly states, ""The activity range suggests mesophilic characteristics, with optimal activity observed at 25 °C."" PMC11165191.1.txt notes that ""Optimal and standard incubation/growth conditions for both the phage and its bacterial host were maintained at 28°C."" While some papers show survival down to -80°C (cold tolerance) or up to 60°C (heat tolerance), the *optimal* or *standard* operating temperature consistently points to the mesophilic range (20°C - 40°C).",,True,TMP_results/accessions/UYL22564/library/accession_lit,6,TMP_results/accessions/UYL22564/library/host_lit,3,621.99,end,"[""CreateAccessionLibrary"", ""ClassifyHostMetadata"", ""CreateHostLibrary"", ""FilterRelevantLiterature"", ""FilterRelevantHostLiterature"", ""SUMMARISELITERATURE"", ""ClassifySummary""]","{""CreateAccessionLibrary"": 24.9, ""ClassifyHostMetadata"": 2.25, ""FilterRelevantLiterature"": 235.55, ""FilterRelevantHostLiterature"": 59.65, ""ClassifySummary"": 8.31}",False,TMP_results/accessions/UYL22564/summary/summary.txt,"['PMC9698647.1.txt', 'PMC12211020.1.txt', 'PMC12390404.1.txt', 'PMC12116044.1.txt', 'PMC12899248.1.txt']",5,"['PMC9698647.1.txt', 'PMC9824012.1.txt', 'PMC11165191.1.txt']",3,
gemma4:e4b,XEN22024,Streptomyces phage Navo,"{""uid"": ""2789015261"", ""accession"": ""XEN22024"", ""title"": ""RecA-like DNA recombinase [Streptomyces phage Navo]"", ""organism"": ""Streptomyces phage Navo"", ""taxonId"": 3241795, ""sequence_length"": 334, ""create_date"": ""2024/08/24"", ""update_date"": ""2024/08/24"", ""dbsource"": ""insd"", ""extra"": ""gi|2789015261|gb|XEN22024.1|"", ""lab_host"": ""Streptomyces lividans JI 1326"", ""country"": ""USA"", ""isolation_source"": ""soil"", ""lat_lon"": ""38.643608 N 90.298271 W"", ""collection_date"": ""01-Sep-2021"", ""collected_by"": ""N Navid & E Oh"", ""identified_by"": ""N Navid & E Oh""}",Streptomyces lividans JI 1326,strain,The metadata explicitly lists 'lab_host' as 'Streptomyces lividans JI 1326'.,,metadata,True,mesophile,,"The majority of the papers report optimal or primary growth temperatures around 30°C (PMC10956176.1.txt, PMC10690885.1.txt, PMC7170507.1.txt) or 28-34°C (PMC11413697.1.txt). These temperatures fall squarely within the typical range for mesophiles (generally 20°C to 45°C). While 37°C is mentioned in one instance (PMC7170507.1.txt), this is still within the mesophilic range. Since no evidence points to growth at significantly low temperatures (<20°C) or significantly high temperatures (>45°C), the best classification based on the provided data is mesophile.",,True,TMP_results/accessions/XEN22024/library/accession_lit,0,TMP_results/accessions/XEN22024/library/host_lit,6,267.82,end,"[""CreateAccessionLibrary"", ""ClassifyHostMetadata"", ""CreateHostLibrary"", ""FilterRelevantLiterature"", ""FilterRelevantHostLiterature"", ""SUMMARISELITERATURE"", ""ClassifySummary""]","{""CreateAccessionLibrary"": 9.15, ""ClassifyHostMetadata"": 2.32, ""FilterRelevantLiterature"": 0.0, ""FilterRelevantHostLiterature"": 115.27, ""ClassifySummary"": 5.61}",False,TMP_results/accessions/XEN22024/summary/summary.txt,[],0,"['PMC10956176.1.txt', 'PMC11413697.1.txt', 'PMC10690885.1.txt', 'PMC7170507.1.txt', '2516871.txt']",5,
gemma4:e4b,XEN13287,Streptomyces phage WhereRU,"{""uid"": ""2789006411"", ""accession"": ""XEN13287"", ""title"": ""RecA-like DNA recombinase [Streptomyces phage WhereRU]"", ""organism"": ""Streptomyces phage WhereRU"", ""taxonId"": 3241799, ""sequence_length"": 334, ""create_date"": ""2024/08/24"", ""update_date"": ""2024/08/24"", ""dbsource"": ""insd"", ""extra"": ""gi|2789006411|gb|XEN13287.1|"", ""lab_host"": ""Streptomyces lividans JI 1326"", ""country"": ""USA"", ""isolation_source"": ""soil"", ""lat_lon"": ""38.64778 N 90.30361 W"", ""collection_date"": ""01-Sep-2015"", ""collected_by"": ""E Liu & E Morgan"", ""identified_by"": ""E Liu & E Morgan""}",Streptomyces lividans JI 1326,strain,"The metadata contains the key 'lab_host' with the value 'Streptomyces lividans JI 1326', which explicitly states the host organism.",,metadata,True,mesophile,,"The majority of the provided papers (PMC13097060.1.txt, PMC10956176.1.txt, PMC10690885.1.txt, PMC7170507.1.txt) report optimal or primary incubation temperatures around 28°C to 30°C, with one paper mentioning 37°C (which is also within the mesophilic range). Since these temperatures fall squarely within the typical range for mesophiles (generally 20°C to 45°C), and there is no evidence pointing towards extreme cold (psychrophile) or extreme heat (thermophile), the best inference is mesophile. The paper PMC11413697.1.txt also suggests mesophilic growth conditions.",,True,TMP_results/accessions/XEN13287/library/accession_lit,5,TMP_results/accessions/XEN13287/library/host_lit,6,347.18999999999994,end,"[""CreateAccessionLibrary"", ""ClassifyHostMetadata"", ""CreateHostLibrary"", ""FilterRelevantLiterature"", ""FilterRelevantHostLiterature"", ""SUMMARISELITERATURE"", ""ClassifySummary""]","{""CreateAccessionLibrary"": 21.45, ""ClassifyHostMetadata"": 2.52, ""FilterRelevantLiterature"": 44.46, ""FilterRelevantHostLiterature"": 115.35, ""ClassifySummary"": 6.4}",False,TMP_results/accessions/XEN13287/summary/summary.txt,"['PMC13097060.1.txt', '42089638.txt']",2,"['PMC10956176.1.txt', 'PMC11413697.1.txt', 'PMC10690885.1.txt', 'PMC7170507.1.txt', '2516871.txt']",5,
gemma4:e4b,XDQ96444,Klebsiella phage Phi_KR8,"{""uid"": ""2783552363"", ""accession"": ""XDQ96444"", ""title"": ""recombination and repair protein [Klebsiella phage Phi_KR8]"", ""organism"": ""Klebsiella phage Phi_KR8"", ""taxonId"": 3240397, ""sequence_length"": 391, ""create_date"": ""2024/08/10"", ""update_date"": ""2024/08/10"", ""dbsource"": ""insd"", ""extra"": ""gi|2783552363|gb|XDQ96444.1|"", ""host"": ""Klebsiella pneumoniae"", ""country"": ""China: Wenzhou"", ""isolation_source"": ""raw sewage"", ""collection_date"": ""Jun-2023""}",Klebsiella pneumoniae,species,The metadata explicitly states the 'host' as 'Klebsiella pneumoniae'.,,metadata,True,mesophile,,"The majority of the papers (PMC11564825.1.txt, PMC13161078.1.txt, PMC13162225.1.txt) report optimal or standard incubation temperatures of 37°C. This temperature is the standard physiological temperature for human pathogens isolated from clinical/hospital settings, which is the definition of a mesophile. PMC11564825.1.txt explicitly states: 'The optimal growth temperature for the bacteria and phages was determined to be 37°C.' While some papers mention stability at 4°C or up to 80°C, the *optimal* growth condition consistently points to 37°C, classifying the organisms as mesophiles.",,True,TMP_results/accessions/XDQ96444/library/accession_lit,1,TMP_results/accessions/XDQ96444/library/host_lit,8,560.2900000000001,end,"[""CreateAccessionLibrary"", ""ClassifyHostMetadata"", ""CreateHostLibrary"", ""FilterRelevantLiterature"", ""FilterRelevantHostLiterature"", ""SUMMARISELITERATURE"", ""ClassifySummary""]","{""CreateAccessionLibrary"": 11.62, ""ClassifyHostMetadata"": 1.98, ""FilterRelevantLiterature"": 55.95, ""FilterRelevantHostLiterature"": 220.96, ""ClassifySummary"": 5.85}",False,TMP_results/accessions/XDQ96444/summary/summary.txt,['PMC11564825.1.txt'],1,"['PMC13169396.1.txt', 'PMC13161078.1.txt', 'PMC13170388.1.txt', 'PMC13168360.1.txt', 'PMC13162225.1.txt']",5,
gemma4:e4b,XDQ96182,Klebsiella phage Phi_KR1,"{""uid"": ""2783552100"", ""accession"": ""XDQ96182"", ""title"": ""recombination and repair protein [Klebsiella phage Phi_KR1]"", ""organism"": ""Klebsiella phage Phi_KR1"", ""taxonId"": 3240396, ""sequence_length"": 391, ""create_date"": ""2024/08/10"", ""update_date"": ""2024/08/10"", ""dbsource"": ""insd"", ""extra"": ""gi|2783552100|gb|XDQ96182.1|"", ""host"": ""Klebsiella pneumoniae"", ""country"": ""China: Wenzhou"", ""isolation_source"": ""raw sewage"", ""collection_date"": ""Jun-2023""}",Klebsiella pneumoniae,species,The metadata explicitly states the 'host' as 'Klebsiella pneumoniae'.,,metadata,True,mesophile,,"The majority of the papers (PMC11564825.1.txt, PMC13161078.1.txt, PMC13162225.1.txt) report optimal or standard incubation temperatures of 37°C. The summary for PMC11564825.1.txt explicitly states: 'The optimal growth temperature for the bacteria and phages was determined to be 37°C... The organisms were not characterized as thermophilic or psychrophilic; rather, their physiological stability was demonstrated across a wide thermal spectrum, indicating robust mesophilic characteristics suitable for clinical applications.' This consistent reliance on 37°C, combined with the explicit classification in one summary, strongly points to mesophilic characteristics.",,True,TMP_results/accessions/XDQ96182/library/accession_lit,1,TMP_results/accessions/XDQ96182/library/host_lit,8,562.6999999999999,end,"[""CreateAccessionLibrary"", ""ClassifyHostMetadata"", ""CreateHostLibrary"", ""FilterRelevantLiterature"", ""FilterRelevantHostLiterature"", ""SUMMARISELITERATURE"", ""ClassifySummary""]","{""CreateAccessionLibrary"": 13.76, ""ClassifyHostMetadata"": 2.02, ""FilterRelevantLiterature"": 55.46, ""FilterRelevantHostLiterature"": 221.04, ""ClassifySummary"": 5.65}",False,TMP_results/accessions/XDQ96182/summary/summary.txt,['PMC11564825.1.txt'],1,"['PMC13169396.1.txt', 'PMC13161078.1.txt', 'PMC13170388.1.txt', 'PMC13168360.1.txt', 'PMC13162225.1.txt']",5,
gemma4:e4b,WNO24027,Escherichia phage fDHCT2,"{""uid"": ""2583824037"", ""accession"": ""WNO24027"", ""title"": ""recombination and repair protein [Escherichia phage fDHCT2]"", ""organism"": ""Escherichia phage fDHCT2"", ""taxonId"": 3075956, ""sequence_length"": 393, ""create_date"": ""2024/08/08"", ""update_date"": ""2024/08/08"", ""dbsource"": ""insd"", ""extra"": ""gi|2583824037|gb|WNO24027.1|"", ""host"": ""Escherichia coli"", ""country"": ""India"", ""isolation_source"": ""poultry fecal matter"", ""collection_date"": ""Nov-2022""}",Escherichia coli,species,The metadata explicitly contains the key 'host' with the value 'Escherichia coli'.,,metadata,True,mesophile,,"Multiple papers (PMC13170677.1.txt, PMC13169757.1.txt, PMC13168922.1.txt) explicitly state or use 37°C as the optimal or primary incubation temperature. 37°C is the standard physiological temperature for humans and is characteristic of mesophiles. While some papers mention stability at 4°C (PMC13153029.1.txt), the consistent use of 37°C points strongly to a mesophilic classification. No evidence suggests adaptation to extreme cold (psychrophile) or extreme heat (thermophile).",,True,TMP_results/accessions/WNO24027/library/accession_lit,10,TMP_results/accessions/WNO24027/library/host_lit,10,818.54,end,"[""CreateAccessionLibrary"", ""ClassifyHostMetadata"", ""CreateHostLibrary"", ""FilterRelevantLiterature"", ""FilterRelevantHostLiterature"", ""SUMMARISELITERATURE"", ""ClassifySummary""]","{""CreateAccessionLibrary"": 45.93, ""ClassifyHostMetadata"": 2.02, ""FilterRelevantLiterature"": 313.89, ""FilterRelevantHostLiterature"": 215.43, ""ClassifySummary"": 6.02}",False,TMP_results/accessions/WNO24027/summary/summary.txt,"['42107219.txt', 'PMC13170677.1.txt', 'PMC13169757.1.txt', 'PMC13153029.1.txt']",4,"['42133618.txt', 'PMC13170677.1.txt', '42133807.txt', 'PMC13168922.1.txt']",4,
gemma4:e4b,XDJ03295,Klebsiella phage K14-2,"{""uid"": ""2780158638"", ""accession"": ""XDJ03295"", ""title"": ""protein RecA [Klebsiella phage K14-2]"", ""organism"": ""Klebsiella phage K14-2"", ""taxonId"": 3156075, ""sequence_length"": 385, ""create_date"": ""2024/08/03"", ""update_date"": ""2024/08/03"", ""dbsource"": ""insd"", ""extra"": ""gi|2780158638|gb|XDJ03295.1|"", ""host"": ""Klebsiella pneumoniae KCTC12385"", ""country"": ""South Korea: Seoul"", ""isolation_source"": ""Jungnangcheon River"", ""collection_date"": ""2023-06-20""}",Klebsiella pneumoniae KCTC12385,strain,The metadata explicitly states the host as 'Klebsiella pneumoniae KCTC12385' under the 'host' key.,,metadata,True,mesophile,,"The majority of the papers (PMC12827599.1, PMC12820288.1, PMC12584253.1, PMC11782208.1, PMC13161078.1, PMC13162225.1) show optimal or standard incubation/assay temperatures centered around 30°C to 37°C. Specifically, PMC12827599.1 explicitly states: ""The conditions suggest mesophilic growth, with stability observed across a moderate range."" PMC12820288.1 notes: ""The phages exhibited optimal lytic activity and stability at 37 °C, consistent with mesophilic organisms."" PMC12584253.1 implies mesophily by using 37°C as the optimal temperature. PMC11782208.1 suggests mesophily by noting stability within the range ""typically associated with mesophilic organisms (30–70°C)"". These consistent findings point strongly to a mesophilic classification.",,True,TMP_results/accessions/XDJ03295/library/accession_lit,5,TMP_results/accessions/XDJ03295/library/host_lit,4,626.74,end,"[""CreateAccessionLibrary"", ""ClassifyHostMetadata"", ""CreateHostLibrary"", ""FilterRelevantLiterature"", ""FilterRelevantHostLiterature"", ""SUMMARISELITERATURE"", ""ClassifySummary""]","{""CreateAccessionLibrary"": 26.68, ""ClassifyHostMetadata"": 2.37, ""FilterRelevantLiterature"": 208.22, ""FilterRelevantHostLiterature"": 112.5, ""ClassifySummary"": 7.97}",False,TMP_results/accessions/XDJ03295/summary/summary.txt,"['PMC12827599.1.txt', 'PMC12820288.1.txt', 'PMC12584253.1.txt', 'PMC11782208.1.txt']",4,"['PMC13161078.1.txt', 'PMC13162225.1.txt']",2,
gemma4:e4b,XDJ00286,Salmonella phage PMBT18,"{""uid"": ""2780154682"", ""accession"": ""XDJ00286"", ""title"": ""UvsX RecA-like recombination protein [Salmonella phage PMBT18]"", ""organism"": ""Salmonella phage PMBT18"", ""taxonId"": 3229742, ""sequence_length"": 363, ""create_date"": ""2024/08/03"", ""update_date"": ""2024/08/03"", ""dbsource"": ""insd"", ""extra"": ""gi|2780154682|gb|XDJ00286.1|"", ""host"": ""Salmonella enterica subsp. enterica serovar Enteritidis L2-179"", ""country"": ""Germany"", ""isolation_source"": ""sewage"", ""note"": ""virulent""}",Salmonella enterica subsp. enterica serovar Enteritidis L2-179,strain,The metadata explicitly states the 'host' as 'Salmonella enterica subsp. enterica serovar Enteritidis L2-179'.,,metadata,True,mesophile,,"The majority of the papers (PMC13170677.1.txt, PMC13129232.1.txt, and PMC13162980.1.txt) report optimal or primary incubation/growth temperatures at 37°C. The human body environment (PMC13170677.1.txt) and standard clinical/food source testing (PMC13129232.1.txt) are both characteristic of mesophilic organisms. While one paper (PMC13164475.1.txt) tested a range including 4°C, the core physiological context across multiple studies points to the human-associated, moderate temperature range (37°C), which defines mesophiles. No evidence points strongly toward psychrophilic (cold-loving) or thermophilic (heat-loving) lifestyles as the primary characteristic.",,True,TMP_results/accessions/XDJ00286/library/accession_lit,8,TMP_results/accessions/XDJ00286/library/host_lit,5,563.12,end,"[""CreateAccessionLibrary"", ""ClassifyHostMetadata"", ""CreateHostLibrary"", ""FilterRelevantLiterature"", ""FilterRelevantHostLiterature"", ""SUMMARISELITERATURE"", ""ClassifySummary""]","{""CreateAccessionLibrary"": 42.81, ""ClassifyHostMetadata"": 2.54, ""FilterRelevantLiterature"": 271.11, ""FilterRelevantHostLiterature"": 70.76, ""ClassifySummary"": 6.74}",False,TMP_results/accessions/XDJ00286/summary/summary.txt,"['PMC13170677.1.txt', 'PMC13129232.1.txt']",2,"['42129025.txt', 'PMC13164475.1.txt', '42124451.txt', 'PMC13162980.1.txt']",4,
gemma4:e4b,XDG31042,Salmonella phage vB_SenS_Jbel,"{""uid"": ""2778407024"", ""accession"": ""XDG31042"", ""title"": ""recombinase [Salmonella phage vB_SenS_Jbel]"", ""organism"": ""Salmonella phage vB_SenS_Jbel"", ""taxonId"": 3236639, ""sequence_length"": 393, ""create_date"": ""2024/07/31"", ""update_date"": ""2024/07/31"", ""dbsource"": ""insd"", ""extra"": ""gi|2778407024|gb|XDG31042.1|"", ""host"": ""Salmonella sp."", ""country"": ""USA: Ramsey County, MN"", ""isolation_source"": ""waste water"", ""collection_date"": ""01-Jan-2023""}",Salmonella sp.,species,The metadata explicitly states the 'host' as 'Salmonella sp.'.,,metadata,True,mesophile,,"Several papers provide evidence pointing towards mesophilic conditions. 
1. PMC13133430.1.txt mentions bacterial cultures were incubated at 37°C ± 0.5.
2. PMC13147348.1.txt mentions the consortium was cultured optimally at 37°C, and the organism is an opportunistic pathogen associated with human colonization, suggesting adaptation to mammalian host temperatures (37°C).
3. PMC13170248.1.txt explicitly states growth assays were performed at 37°C, consistent with its role as an opportunistic human pathogen.

While one paper (PMC13147348.1.txt) mentions a strain from a 'thermophilic hot spring habitat,' the majority of the specific, actionable temperature data points to 37°C, which is the classic temperature range for mesophiles (human body temperature).",,True,TMP_results/accessions/XDG31042/library/accession_lit,1,TMP_results/accessions/XDG31042/library/host_lit,9,699.1999999999999,end,"[""CreateAccessionLibrary"", ""ClassifyHostMetadata"", ""CreateHostLibrary"", ""FilterRelevantLiterature"", ""FilterRelevantHostLiterature"", ""SUMMARISELITERATURE"", ""ClassifySummary""]","{""CreateAccessionLibrary"": 10.74, ""ClassifyHostMetadata"": 2.0, ""FilterRelevantLiterature"": 2.2, ""FilterRelevantHostLiterature"": 339.37, ""ClassifySummary"": 7.53}",False,TMP_results/accessions/XDG31042/summary/summary.txt,['39909880.txt'],1,"['PMC13133430.1.txt', 'PMC13147348.1.txt', 'PMC13167822.1.txt', 'PMC13167734.1.txt', 'PMC13170248.1.txt', 'PMC13168631.1.txt', 'PMC13161447.1.txt']",7,
gemma4:e4b,WZW73058,Vibrio phage TCU-VP03-AIR1,"{""uid"": ""2721793331"", ""accession"": ""WZW73058"", ""title"": ""UvsX protein [Vibrio phage TCU-VP03-AIR1]"", ""organism"": ""Vibrio phage TCU-VP03-AIR1"", ""taxonId"": 3141804, ""sequence_length"": 366, ""create_date"": ""2024/04/30"", ""update_date"": ""2024/07/11"", ""dbsource"": ""insd"", ""extra"": ""gi|2721793331|gb|WZW73058.1|"", ""host"": ""Vibrio parahaemolyticus VP.10806"", ""country"": ""Taiwan""}",Vibrio parahaemolyticus VP.10806,species,The metadata explicitly states the 'host' as 'Vibrio parahaemolyticus VP.10806'.,,metadata,True,mesophile,,"The majority of the papers report optimal or tested temperatures clustered around 27°C to 30°C (e.g., 27°C, 28°C, 29.93°C). These temperatures fall squarely within the typical range for mesophiles (generally 20°C to 45°C). 

*   **Paper PMC12685585.1.txt:** Optimal growth/incubation was at 27°C, with stability tested across 4–37°C. This range is characteristic of mesophiles.
*   **Paper PMC13142089.1.txt:** One-step growth was at 28°C, and stability was noted up to 40°C. This suggests mesophilic tolerance.
*   **Paper PMC13162714.1.txt:** Optimal temperature was recorded at 29.93°C, which is a classic mesophilic temperature for marine organisms.

While one paper (42090863.txt) shows activity up to 85°C (suggesting thermotolerance), the *majority* of the specific growth/assay conditions point to the 25°C–30°C range, leading to an inference of mesophily.",,True,TMP_results/accessions/WZW73058/library/accession_lit,6,TMP_results/accessions/WZW73058/library/host_lit,5,285.85999999999996,end,"[""CreateAccessionLibrary"", ""ClassifyHostMetadata"", ""CreateHostLibrary"", ""FilterRelevantLiterature"", ""FilterRelevantHostLiterature"", ""SUMMARISELITERATURE"", ""ClassifySummary""]","{""CreateAccessionLibrary"": 25.48, ""ClassifyHostMetadata"": 2.4, ""FilterRelevantLiterature"": 68.8, ""FilterRelevantHostLiterature"": 48.24, ""ClassifySummary"": 8.65}",False,TMP_results/accessions/WZW73058/summary/summary.txt,"['PMC12685585.1.txt', '42135309.txt', '42080579.txt', 'PMC13142089.1.txt', '42090863.txt']",5,"['42116445.txt', 'PMC13162714.1.txt']",2,
gemma4:e4b,WNM73345,Streptomyces phage Liandry,"{""uid"": ""2582517190"", ""accession"": ""WNM73345"", ""title"": ""RecA-like DNA recombinase [Streptomyces phage Liandry]"", ""organism"": ""Streptomyces phage Liandry"", ""taxonId"": 3075175, ""sequence_length"": 334, ""create_date"": ""2023/10/02"", ""update_date"": ""2024/06/13"", ""dbsource"": ""insd"", ""extra"": ""gi|2582517190|gb|WNM73345.1|"", ""lab_host"": ""Streptomyces lividans JI 1326"", ""country"": ""USA"", ""isolation_source"": ""soil"", ""lat_lon"": ""38.64421 N 90.31334 W"", ""collection_date"": ""01-Sep-2021"", ""collected_by"": ""S Rao, M Devanaboyina, C C Anikeh"", ""identified_by"": ""S Rao, M Devanaboyina, C C Anikeh""}",Streptomyces lividans JI 1326,strain,The metadata explicitly lists 'lab_host' as 'Streptomyces lividans JI 1326'.,,metadata,True,mesophile,,"The majority of the papers report optimal or standard laboratory incubation temperatures around 30°C (PMC10956176.1.txt, PMC10690885.1.txt, PMC7170507.1.txt) or 28-34°C (PMC11413697.1.txt). These temperatures fall squarely within the typical range for mesophiles (optimal growth between 20°C and 45°C). While some papers do not provide explicit classification, the consistent use of 30°C as a standard incubation temperature strongly suggests a mesophilic nature. The papers explicitly state 'No specific information regarding optimal growth temperature, survival temperature range, or adaptation to extreme temperatures (thermophilic, psychrophilic) was provided' for several entries, but the *pattern* of reported conditions points to mesophily.",,True,TMP_results/accessions/WNM73345/library/accession_lit,10,TMP_results/accessions/WNM73345/library/host_lit,6,657.39,end,"[""CreateAccessionLibrary"", ""ClassifyHostMetadata"", ""CreateHostLibrary"", ""FilterRelevantLiterature"", ""FilterRelevantHostLiterature"", ""SUMMARISELITERATURE"", ""ClassifySummary""]","{""CreateAccessionLibrary"": 43.5, ""ClassifyHostMetadata"": 2.35, ""FilterRelevantLiterature"": 289.69, ""FilterRelevantHostLiterature"": 115.51, ""ClassifySummary"": 6.99}",False,TMP_results/accessions/WNM73345/summary/summary.txt,"['PMC13097060.1.txt', '42089638.txt', 'PMC13164347.1.txt']",3,"['PMC10956176.1.txt', 'PMC11413697.1.txt', 'PMC10690885.1.txt', 'PMC7170507.1.txt', '2516871.txt']",5,
gemma4:e4b,XAI71116,Pseudomonas phage Cygsa01,"{""uid"": ""2724849177"", ""accession"": ""XAI71116"", ""title"": ""RecA protein [Pseudomonas phage Cygsa01]"", ""organism"": ""Pseudomonas phage Cygsa01"", ""taxonId"": 3138529, ""sequence_length"": 362, ""create_date"": ""2024/06/11"", ""update_date"": ""2024/06/11"", ""dbsource"": ""insd"", ""extra"": ""gi|2724849177|gb|XAI71116.1|"", ""host"": ""Pseudomonas syringae JD03"", ""country"": ""France"", ""isolation_source"": ""apricot soil"", ""collection_date"": ""16-Nov-2021"", ""collected_by"": ""C. Feltin & C. Torres-Barcelo"", ""identified_by"": ""C. Feltin""}",Pseudomonas syringae JD03,strain,The metadata explicitly contains the key 'host' with the value 'Pseudomonas syringae JD03'.,,metadata,True,mesophile,,"The majority of the provided summaries indicate that the experiments were conducted using incubation temperatures around 21°C to 28°C (e.g., 25°C, 22°C, 28°C, 21°C). These temperatures fall squarely within the typical range for mesophiles (optimal growth usually between 20°C and 45°C). While no paper explicitly states, 'This organism is a mesophile,' the consistent use of moderate, ambient-like temperatures for culturing and enrichment strongly suggests that the organisms studied are mesophiles, as opposed to psychrophiles (requiring much lower temperatures) or thermophiles (requiring much higher temperatures).",,True,TMP_results/accessions/XAI71116/library/accession_lit,1,TMP_results/accessions/XAI71116/library/host_lit,6,355.23,end,"[""CreateAccessionLibrary"", ""ClassifyHostMetadata"", ""CreateHostLibrary"", ""FilterRelevantLiterature"", ""FilterRelevantHostLiterature"", ""SUMMARISELITERATURE"", ""ClassifySummary""]","{""CreateAccessionLibrary"": 11.96, ""ClassifyHostMetadata"": 2.18, ""FilterRelevantLiterature"": 33.07, ""FilterRelevantHostLiterature"": 122.6, ""ClassifySummary"": 5.81}",False,TMP_results/accessions/XAI71116/summary/summary.txt,['PMC11256456.1.txt'],1,"['42091223.txt', 'PMC13119056.1.txt', 'PMC13163627.1.txt', 'PMC11256456.1.txt', '42102491.txt']",5,
gemma4:e4b,XAV38279,Klebsiella phage vB_KpnM_KP1,"{""uid"": ""2733166239"", ""accession"": ""XAV38279"", ""title"": ""DNA repair protein [Klebsiella phage vB_KpnM_KP1]"", ""organism"": ""Klebsiella phage vB_KpnM_KP1"", ""taxonId"": 3149139, ""sequence_length"": 385, ""create_date"": ""2024/05/21"", ""update_date"": ""2024/05/21"", ""dbsource"": ""insd"", ""extra"": ""gi|2733166239|gb|XAV38279.1|"", ""host"": ""Klebsiella pneumoniae ATCC 13883""}",Klebsiella pneumoniae ATCC 13883,strain,The metadata explicitly states the host in the 'host' field as 'Klebsiella pneumoniae ATCC 13883'.,,metadata,True,mesophile,,"The majority of the provided summaries (PMC13112970.1.txt, PMC12820288.1.txt, PMC13119998.1.txt, PMC13164268.1.txt, PMC13168211.1.txt, PMC12740245.1.txt, PMC13162225.1.txt) consistently report that the optimal or standard incubation temperature for the tested organisms is 37 °C. This temperature range (20°C to 40°C stability, optimal growth at 37°C) is the defining characteristic of mesophiles. While some papers mention stability at 20°C (PMC13112970.1.txt), the consistent optimal growth temperature of 37°C strongly points to mesophilic adaptation.",,True,TMP_results/accessions/XAV38279/library/accession_lit,6,TMP_results/accessions/XAV38279/library/host_lit,9,1004.23,end,"[""CreateAccessionLibrary"", ""ClassifyHostMetadata"", ""CreateHostLibrary"", ""FilterRelevantLiterature"", ""FilterRelevantHostLiterature"", ""SUMMARISELITERATURE"", ""ClassifySummary""]","{""CreateAccessionLibrary"": 27.14, ""ClassifyHostMetadata"": 2.32, ""FilterRelevantLiterature"": 232.77, ""FilterRelevantHostLiterature"": 288.47, ""ClassifySummary"": 8.65}",False,TMP_results/accessions/XAV38279/summary/summary.txt,"['PMC13112970.1.txt', 'PMC12820288.1.txt', 'PMC12950090.1.txt', '40203466.txt', 'PMC13119998.1.txt']",5,"['PMC13164679.1.txt', 'PMC13164268.1.txt', 'PMC13168211.1.txt', 'PMC12937352.1.txt', 'PMC12740245.1.txt', 'PMC13162225.1.txt', 'PMC13117725.1.txt']",7,
gemma4:e4b,WPJ20895,Klebsiella phage NU-KP11,"{""uid"": ""2622904916"", ""accession"": ""WPJ20895"", ""title"": ""recombination and repair protein [Klebsiella phage NU-KP11]"", ""organism"": ""Klebsiella phage NU-KP11"", ""taxonId"": 3111733, ""sequence_length"": 385, ""create_date"": ""2023/11/26"", ""update_date"": ""2024/05/10"", ""dbsource"": ""insd"", ""extra"": ""gi|2622904916|gb|WPJ20895.1|"", ""host"": ""Klebsiella pneumoniae"", ""old_name"": ""Klebsiella phage Kp11_Ajakkala-2023"", ""country"": ""India"", ""collection_date"": ""27-Oct-2020"", ""collected_by"": ""Pallavi Bhat Ajakkala"", ""altitude"": ""22 m""}",Klebsiella pneumoniae,species,The metadata explicitly contains the key 'host' with the value 'Klebsiella pneumoniae'.,,metadata,True,mesophile,,"Multiple papers (PMC12307530.1.txt and PMC13162225.1.txt) explicitly state or imply that the optimal or standard incubation temperature for the studied organisms was 37°C. An optimal growth temperature of 37°C is the classic hallmark of a mesophile, as this temperature range is optimal for human body temperature and many common environmental/clinical pathogens. None of the papers provide evidence for growth at significantly lower (psychrophile) or higher (thermophile) temperatures.",,True,TMP_results/accessions/WPJ20895/library/accession_lit,4,TMP_results/accessions/WPJ20895/library/host_lit,9,434.23,end,"[""CreateAccessionLibrary"", ""ClassifyHostMetadata"", ""CreateHostLibrary"", ""FilterRelevantLiterature"", ""FilterRelevantHostLiterature"", ""SUMMARISELITERATURE"", ""ClassifySummary""]","{""CreateAccessionLibrary"": 21.2, ""ClassifyHostMetadata"": 2.15, ""FilterRelevantLiterature"": 47.32, ""FilterRelevantHostLiterature"": 178.72, ""ClassifySummary"": 4.99}",False,TMP_results/accessions/WPJ20895/summary/summary.txt,"['42118066.txt', 'PMC12307530.1.txt']",2,"['PMC13169396.1.txt', 'PMC13170388.1.txt', 'PMC13168360.1.txt', '42135663.txt', 'PMC13162225.1.txt']",5,
gemma4:e4b,WZX06288,Escherichia phage 235Ecol030PP,"{""uid"": ""2722340675"", ""accession"": ""WZX06288"", ""title"": ""recombination and repair protein [Escherichia phage 235Ecol030PP]"", ""organism"": ""Escherichia phage 235Ecol030PP"", ""taxonId"": 3142713, ""sequence_length"": 391, ""create_date"": ""2024/05/01"", ""update_date"": ""2024/05/01"", ""dbsource"": ""insd"", ""extra"": ""gi|2722340675|gb|WZX06288.1|"", ""host"": ""Escherichia coli"", ""country"": ""Poland"", ""collection_date"": ""2017""}",Escherichia coli,species,The metadata explicitly contains the key 'host' with the value 'Escherichia coli'.,,metadata,True,mesophile,,"The majority of the provided papers (PMC13170677.1.txt, PMC13169757.1.txt, PMC13168922.1.txt) cite an optimal growth temperature of 37°C. This temperature range (20°C to 45°C) is characteristic of mesophiles. Furthermore, the paper PMC13153029.1.txt, while discussing phage stability, notes that the observed stability profile 'suggests mesophilic characteristics' when tested across a range including 37°C. Since 37°C is the most frequently cited optimal temperature, the overall evidence points towards a mesophilic classification, even though no single paper explicitly states the organism's natural niche.",,True,TMP_results/accessions/WZX06288/library/accession_lit,10,TMP_results/accessions/WZX06288/library/host_lit,10,819.83,end,"[""CreateAccessionLibrary"", ""ClassifyHostMetadata"", ""CreateHostLibrary"", ""FilterRelevantLiterature"", ""FilterRelevantHostLiterature"", ""SUMMARISELITERATURE"", ""ClassifySummary""]","{""CreateAccessionLibrary"": 42.86, ""ClassifyHostMetadata"": 2.04, ""FilterRelevantLiterature"": 318.21, ""FilterRelevantHostLiterature"": 216.46, ""ClassifySummary"": 6.41}",False,TMP_results/accessions/WZX06288/summary/summary.txt,"['42107219.txt', 'PMC13170677.1.txt', 'PMC13169757.1.txt', 'PMC13153029.1.txt']",4,"['PMC13170677.1.txt', 'PMC13168922.1.txt', '42134508.txt']",3,
gemma4:e4b,WZX06023,Escherichia phage 232Ecol030PP,"{""uid"": ""2722340400"", ""accession"": ""WZX06023"", ""title"": ""recombination and repair protein [Escherichia phage 232Ecol030PP]"", ""organism"": ""Escherichia phage 232Ecol030PP"", ""taxonId"": 3142712, ""sequence_length"": 393, ""create_date"": ""2024/05/01"", ""update_date"": ""2024/05/01"", ""dbsource"": ""insd"", ""extra"": ""gi|2722340400|gb|WZX06023.1|"", ""host"": ""Escherichia coli"", ""country"": ""Poland"", ""collection_date"": ""2017""}",Escherichia coli,species,The metadata explicitly contains the key 'host' with the value 'Escherichia coli'.,,metadata,True,mesophile,,"The majority of the provided papers (PMC13170677.1.txt, PMC13169757.1.txt, PMC13168922.1.txt) cite an optimal growth temperature of 37°C. This temperature range (20°C to 45°C) is characteristic of mesophiles. Furthermore, the paper PMC13153029.1.txt, while discussing phage stability, notes that the observed stability profile 'suggests mesophilic characteristics' when tested across a range including 37°C. Since 37°C is the most frequently cited optimal temperature, the overall evidence points towards a mesophilic classification, even though no single paper explicitly states the organism's natural niche.",,True,TMP_results/accessions/WZX06023/library/accession_lit,10,TMP_results/accessions/WZX06023/library/host_lit,10,811.5,end,"[""CreateAccessionLibrary"", ""ClassifyHostMetadata"", ""CreateHostLibrary"", ""FilterRelevantLiterature"", ""FilterRelevantHostLiterature"", ""SUMMARISELITERATURE"", ""ClassifySummary""]","{""CreateAccessionLibrary"": 39.22, ""ClassifyHostMetadata"": 1.98, ""FilterRelevantLiterature"": 314.53, ""FilterRelevantHostLiterature"": 216.27, ""ClassifySummary"": 6.44}",False,TMP_results/accessions/WZX06023/summary/summary.txt,"['42107219.txt', 'PMC13170677.1.txt', 'PMC13169757.1.txt', 'PMC13153029.1.txt']",4,"['PMC13170677.1.txt', 'PMC13168922.1.txt', '42134508.txt']",3,
gemma4:e4b,WZK93392,Bacillus phage BvP,"{""uid"": ""2718395883"", ""accession"": ""WZK93392"", ""title"": ""protein RecA [Bacillus phage BvP]"", ""organism"": ""Bacillus phage BvP"", ""taxonId"": 3138561, ""sequence_length"": 403, ""create_date"": ""2024/04/22"", ""update_date"": ""2024/04/22"", ""dbsource"": ""insd"", ""extra"": ""gi|2718395883|gb|WZK93392.1|"", ""host"": ""Bacillus velezensis""}",Bacillus velezensis,species,The metadata explicitly states the 'host' as 'Bacillus velezensis'.,,metadata,True,mesophile,,"Multiple papers cite optimal growth temperatures around 25°C to 37°C (e.g., 37°C in PMC13063675.1.txt, 30°C in PMC13158395.1.txt, 37°C in PMC13164281.1.txt). The general range of these optimal temperatures (25–37°C) falls squarely within the definition of mesophiles. While some papers test higher temperatures (up to 60°C in PMC13164281.1.txt), the *optimal* growth conditions consistently point to the mesophilic range. The most definitive classification comes from PMC13063675.1.txt, which explicitly states: 'Mesophilic growth: The organism exhibits growth within a mesophilic range (optimum 37 °C).' This explicit statement, combined with the clustering of optimal temperatures, leads to the mesophile classification.",,True,TMP_results/accessions/WZK93392/library/accession_lit,5,TMP_results/accessions/WZK93392/library/host_lit,10,1043.84,end,"[""CreateAccessionLibrary"", ""ClassifyHostMetadata"", ""CreateHostLibrary"", ""FilterRelevantLiterature"", ""FilterRelevantHostLiterature"", ""SUMMARISELITERATURE"", ""ClassifySummary""]","{""CreateAccessionLibrary"": 26.24, ""ClassifyHostMetadata"": 2.0, ""FilterRelevantLiterature"": 230.26, ""FilterRelevantHostLiterature"": 360.58, ""ClassifySummary"": 8.1}",False,TMP_results/accessions/WZK93392/summary/summary.txt,[],0,"['PMC13063675.1.txt', 'PMC13009492.1.txt', 'PMC13163911.1.txt', 'PMC13072481.1.txt', 'PMC12973664.1.txt', 'PMC13158395.1.txt', 'PMC13001227.1.txt', 'PMC13164281.1.txt', 'PMC13164806.1.txt']",9,
gemma4:e4b,WZE64652,Escherichia phage Ge15,"{""uid"": ""2716693550"", ""accession"": ""WZE64652"", ""title"": ""UvsX RecA-like recombination protein [Escherichia phage Ge15]"", ""organism"": ""Escherichia phage Ge15"", ""taxonId"": 3126175, ""sequence_length"": 393, ""create_date"": ""2024/04/17"", ""update_date"": ""2024/04/17"", ""dbsource"": ""insd"", ""extra"": ""gi|2716693550|gb|WZE64652.1|"", ""host"": ""Escherichia coli str. K-12 substr MG1655"", ""country"": ""Georgia"", ""collection_date"": ""23-Jun-2023"", ""note"": ""NRG P0073""}",Escherichia coli str. K-12 substr MG1655,strain,The metadata explicitly states the host in the 'host' field as 'Escherichia coli str. K-12 substr MG1655'.,,metadata,True,mesophile,,"Several papers report incubation or optimal growth temperatures at 37°C (PMC9614321.1.txt, PMC13113784.1.txt, PMC13113462.1.txt). The human gut environment, which is the context for several studies (PMC11782027.1.txt, PMC7188308.1.txt), is typically considered a mesophilic niche. While some studies lack explicit classification, the consistent use of 37°C as a standard lab condition strongly suggests a mesophilic tendency for the majority of the analyzed organisms.",,True,TMP_results/accessions/WZE64652/library/accession_lit,1,TMP_results/accessions/WZE64652/library/host_lit,10,655.5099999999999,end,"[""CreateAccessionLibrary"", ""ClassifyHostMetadata"", ""CreateHostLibrary"", ""FilterRelevantLiterature"", ""FilterRelevantHostLiterature"", ""SUMMARISELITERATURE"", ""ClassifySummary""]","{""CreateAccessionLibrary"": 21.6, ""ClassifyHostMetadata"": 2.52, ""FilterRelevantLiterature"": 47.39, ""FilterRelevantHostLiterature"": 301.03, ""ClassifySummary"": 6.17}",False,TMP_results/accessions/WZE64652/summary/summary.txt,[],0,"['PMC11782027.1.txt', 'PMC6022435.1.txt', 'PMC9614321.1.txt', 'PMC13113784.1.txt', 'PMC13154413.1.txt', 'PMC13118254.1.txt', 'PMC13113462.1.txt', 'PMC7188308.1.txt']",8,
gemma4:e4b,WPJ56242,Klebsiella phage RCIP0102,"{""uid"": ""2622977047"", ""accession"": ""WPJ56242"", ""title"": ""recombination and repair protein [Klebsiella phage RCIP0102]"", ""organism"": ""Klebsiella phage RCIP0102"", ""taxonId"": 3094270, ""sequence_length"": 391, ""create_date"": ""2024/04/15"", ""update_date"": ""2024/04/15"", ""dbsource"": ""insd"", ""extra"": ""gi|2622977047|gb|WPJ56242.1|"", ""host"": ""Klebsiella pneumoniae"", ""country"": ""China"", ""isolation_source"": ""sewage""}",Klebsiella pneumoniae,species,The metadata explicitly states 'host': 'Klebsiella pneumoniae'.,,metadata,True,mesophile,,"Multiple papers (PMC13162225.1.txt, 42118066.txt, 42135663.txt) discuss isolates from human/hospital/sewage sources. The most specific data point is from PMC13162225.1.txt, which explicitly states that assays were performed at 37°C. Since 37°C is the standard optimal growth temperature for human pathogens and is characteristic of mesophiles, this strongly suggests a mesophilic nature. No evidence points towards extreme cold (psychrophile) or extreme heat (thermophile).",,True,TMP_results/accessions/WPJ56242/library/accession_lit,8,TMP_results/accessions/WPJ56242/library/host_lit,9,648.13,end,"[""CreateAccessionLibrary"", ""ClassifyHostMetadata"", ""CreateHostLibrary"", ""FilterRelevantLiterature"", ""FilterRelevantHostLiterature"", ""SUMMARISELITERATURE"", ""ClassifySummary""]","{""CreateAccessionLibrary"": 38.59, ""ClassifyHostMetadata"": 1.93, ""FilterRelevantLiterature"": 263.71, ""FilterRelevantHostLiterature"": 178.66, ""ClassifySummary"": 4.97}",False,TMP_results/accessions/WPJ56242/summary/summary.txt,['42118066.txt'],1,"['PMC13169396.1.txt', 'PMC13170388.1.txt', 'PMC13168360.1.txt', '42135663.txt', 'PMC13162225.1.txt']",5,
gemma4:e4b,WPJ52625,Klebsiella phage RCIP0052,"{""uid"": ""2622973380"", ""accession"": ""WPJ52625"", ""title"": ""recombination and repair protein [Klebsiella phage RCIP0052]"", ""organism"": ""Klebsiella phage RCIP0052"", ""taxonId"": 3094220, ""sequence_length"": 385, ""create_date"": ""2024/04/15"", ""update_date"": ""2024/04/15"", ""dbsource"": ""insd"", ""extra"": ""gi|2622973380|gb|WPJ52625.1|"", ""host"": ""Klebsiella pneumoniae"", ""country"": ""China"", ""isolation_source"": ""sewage""}",Klebsiella pneumoniae,species,The metadata explicitly states 'host': 'Klebsiella pneumoniae'.,,metadata,True,mesophile,,"The most specific and consistent temperature data point across the summaries is the use of 37°C for incubation and assays (PMC13162225.1.txt). 37°C is the standard optimal growth temperature for human pathogens, which are typically classified as mesophiles. While no explicit classification is given, the consistent use of 37°C strongly suggests mesophilic conditions. Other papers lack any temperature data, making the 37°C data the deciding factor for inference.",,True,TMP_results/accessions/WPJ52625/library/accession_lit,8,TMP_results/accessions/WPJ52625/library/host_lit,9,650.0699999999999,end,"[""CreateAccessionLibrary"", ""ClassifyHostMetadata"", ""CreateHostLibrary"", ""FilterRelevantLiterature"", ""FilterRelevantHostLiterature"", ""SUMMARISELITERATURE"", ""ClassifySummary""]","{""CreateAccessionLibrary"": 40.08, ""ClassifyHostMetadata"": 1.97, ""FilterRelevantLiterature"": 263.59, ""FilterRelevantHostLiterature"": 178.87, ""ClassifySummary"": 4.3}",False,TMP_results/accessions/WPJ52625/summary/summary.txt,['42118066.txt'],1,"['PMC13169396.1.txt', 'PMC13170388.1.txt', 'PMC13168360.1.txt', '42135663.txt', 'PMC13162225.1.txt']",5,
gemma4:e4b,WPJ51230,Klebsiella phage RCIP0032,"{""uid"": ""2622971965"", ""accession"": ""WPJ51230"", ""title"": ""recombination and repair protein [Klebsiella phage RCIP0032]"", ""organism"": ""Klebsiella phage RCIP0032"", ""taxonId"": 3094200, ""sequence_length"": 391, ""create_date"": ""2024/04/15"", ""update_date"": ""2024/04/15"", ""dbsource"": ""insd"", ""extra"": ""gi|2622971965|gb|WPJ51230.1|"", ""host"": ""Klebsiella pneumoniae"", ""country"": ""China"", ""isolation_source"": ""sewage""}",Klebsiella pneumoniae,species,The metadata explicitly states 'host': 'Klebsiella pneumoniae'.,,metadata,True,mesophile,,"The most specific and consistent temperature data point across the summaries is the use of 37°C for incubation and assays (PMC13162225.1.txt). 37°C is the standard optimal growth temperature for human pathogens, which are typically classified as mesophiles. While no explicit classification is given, the consistent use of 37°C strongly suggests mesophilic conditions. Other papers lack any temperature data, making the 37°C data the deciding factor for inference.",,True,TMP_results/accessions/WPJ51230/library/accession_lit,8,TMP_results/accessions/WPJ51230/library/host_lit,9,655.74,end,"[""CreateAccessionLibrary"", ""ClassifyHostMetadata"", ""CreateHostLibrary"", ""FilterRelevantLiterature"", ""FilterRelevantHostLiterature"", ""SUMMARISELITERATURE"", ""ClassifySummary""]","{""CreateAccessionLibrary"": 40.95, ""ClassifyHostMetadata"": 1.94, ""FilterRelevantLiterature"": 263.9, ""FilterRelevantHostLiterature"": 178.89, ""ClassifySummary"": 4.36}",False,TMP_results/accessions/WPJ51230/summary/summary.txt,['42118066.txt'],1,"['PMC13169396.1.txt', 'PMC13170388.1.txt', 'PMC13168360.1.txt', '42135663.txt', 'PMC13162225.1.txt']",5,
gemma4:e4b,WPJ50052,Klebsiella phage RCIP0023,"{""uid"": ""2622970778"", ""accession"": ""WPJ50052"", ""title"": ""recombination and repair protein [Klebsiella phage RCIP0023]"", ""organism"": ""Klebsiella phage RCIP0023"", ""taxonId"": 3094191, ""sequence_length"": 370, ""create_date"": ""2024/04/15"", ""update_date"": ""2024/04/15"", ""dbsource"": ""insd"", ""extra"": ""gi|2622970778|gb|WPJ50052.1|"", ""host"": ""Klebsiella pneumoniae"", ""country"": ""China"", ""isolation_source"": ""sewage""}",Klebsiella pneumoniae,species,The metadata explicitly states 'host': 'Klebsiella pneumoniae'.,,metadata,True,mesophile,,"The most specific and consistent temperature data point across the summaries is the use of 37°C for incubation and assays (PMC13162225.1.txt). 37°C is the standard optimal growth temperature for human pathogens, which are typically classified as mesophiles. While no explicit classification is given, the consistent use of 37°C strongly suggests mesophilic conditions. Other papers lack any temperature data, making the 37°C data the deciding factor for inference.",,True,TMP_results/accessions/WPJ50052/library/accession_lit,8,TMP_results/accessions/WPJ50052/library/host_lit,9,646.17,end,"[""CreateAccessionLibrary"", ""ClassifyHostMetadata"", ""CreateHostLibrary"", ""FilterRelevantLiterature"", ""FilterRelevantHostLiterature"", ""SUMMARISELITERATURE"", ""ClassifySummary""]","{""CreateAccessionLibrary"": 32.52, ""ClassifyHostMetadata"": 1.97, ""FilterRelevantLiterature"": 264.26, ""FilterRelevantHostLiterature"": 178.88, ""ClassifySummary"": 4.29}",False,TMP_results/accessions/WPJ50052/summary/summary.txt,['42118066.txt'],1,"['PMC13169396.1.txt', 'PMC13170388.1.txt', 'PMC13168360.1.txt', '42135663.txt', 'PMC13162225.1.txt']",5,
gemma4:e4b,WPJ49804,Klebsiella phage RCIP0021,"{""uid"": ""2622970528"", ""accession"": ""WPJ49804"", ""title"": ""recombination and repair protein [Klebsiella phage RCIP0021]"", ""organism"": ""Klebsiella phage RCIP0021"", ""taxonId"": 3094189, ""sequence_length"": 385, ""create_date"": ""2024/04/15"", ""update_date"": ""2024/04/15"", ""dbsource"": ""insd"", ""extra"": ""gi|2622970528|gb|WPJ49804.1|"", ""host"": ""Klebsiella pneumoniae"", ""country"": ""China"", ""isolation_source"": ""sewage""}",Klebsiella pneumoniae,species,The metadata explicitly states 'host': 'Klebsiella pneumoniae'.,,metadata,True,mesophile,,"The most consistent and frequently cited temperature across multiple papers is 37°C. This temperature (37°C) is the standard optimal growth temperature for many human-associated pathogens and commensals, which aligns with the source environments (wastewater, hospital sewage, clinical setting). While no paper explicitly states 'mesophile,' the consistent use of 37°C strongly suggests mesophilic conditions, as this temperature falls within the typical range for mesophiles (generally 20°C to 45°C). None of the papers provide evidence for extreme cold (psychrophile) or extreme heat (thermophile) adaptation.",,True,TMP_results/accessions/WPJ49804/library/accession_lit,8,TMP_results/accessions/WPJ49804/library/host_lit,9,693.19,end,"[""CreateAccessionLibrary"", ""ClassifyHostMetadata"", ""CreateHostLibrary"", ""FilterRelevantLiterature"", ""FilterRelevantHostLiterature"", ""SUMMARISELITERATURE"", ""ClassifySummary""]","{""CreateAccessionLibrary"": 43.15, ""ClassifyHostMetadata"": 1.94, ""FilterRelevantLiterature"": 275.44, ""FilterRelevantHostLiterature"": 245.43, ""ClassifySummary"": 4.47}",False,TMP_results/accessions/WPJ49804/summary/summary.txt,"['PMC13172314.1.txt', '42118066.txt']",2,"['42135663.txt', 'PMC13162225.1.txt']",2,
gemma4:e4b,WPJ49532,Klebsiella phage RCIP0020,"{""uid"": ""2622970255"", ""accession"": ""WPJ49532"", ""title"": ""recombination and repair protein [Klebsiella phage RCIP0020]"", ""organism"": ""Klebsiella phage RCIP0020"", ""taxonId"": 3094188, ""sequence_length"": 385, ""create_date"": ""2024/04/15"", ""update_date"": ""2024/04/15"", ""dbsource"": ""insd"", ""extra"": ""gi|2622970255|gb|WPJ49532.1|"", ""host"": ""Klebsiella pneumoniae"", ""country"": ""China"", ""isolation_source"": ""sewage""}",Klebsiella pneumoniae,species,The metadata explicitly states 'host': 'Klebsiella pneumoniae'.,,metadata,True,mesophile,,"The most consistent and frequently cited incubation temperature across multiple papers is 37°C. Standard human body temperature (37°C) is the classic benchmark for mesophilic organisms. While no paper explicitly states 'mesophile,' the consistent use of 37°C for culturing, biofilm assays, and gene expression analysis strongly suggests the organisms are adapted to this moderate temperature range, which defines mesophiles. None of the papers provide evidence for extreme cold (psychrophile) or extreme heat (thermophile) adaptation.",,True,TMP_results/accessions/WPJ49532/library/accession_lit,8,TMP_results/accessions/WPJ49532/library/host_lit,9,688.3199999999999,end,"[""CreateAccessionLibrary"", ""ClassifyHostMetadata"", ""CreateHostLibrary"", ""FilterRelevantLiterature"", ""FilterRelevantHostLiterature"", ""SUMMARISELITERATURE"", ""ClassifySummary""]","{""CreateAccessionLibrary"": 35.38, ""ClassifyHostMetadata"": 1.98, ""FilterRelevantLiterature"": 275.79, ""FilterRelevantHostLiterature"": 245.36, ""ClassifySummary"": 4.16}",False,TMP_results/accessions/WPJ49532/summary/summary.txt,"['PMC13172314.1.txt', '42118066.txt']",2,"['42135663.txt', 'PMC13162225.1.txt']",2,
gemma4:e4b,WPJ48896,Klebsiella phage RCIP0012,"{""uid"": ""2622969611"", ""accession"": ""WPJ48896"", ""title"": ""recombination and repair protein [Klebsiella phage RCIP0012]"", ""organism"": ""Klebsiella phage RCIP0012"", ""taxonId"": 3094180, ""sequence_length"": 361, ""create_date"": ""2024/04/15"", ""update_date"": ""2024/04/15"", ""dbsource"": ""insd"", ""extra"": ""gi|2622969611|gb|WPJ48896.1|"", ""host"": ""Klebsiella pneumoniae"", ""country"": ""China"", ""isolation_source"": ""sewage""}",Klebsiella pneumoniae,species,The metadata explicitly states 'host': 'Klebsiella pneumoniae'.,,metadata,True,mesophile,,"The most definitive evidence comes from the paper PMC13162225.1.txt, which explicitly states that all key assays were performed at an 'Optimal growth temperature: 37°C' and 'incubated at 37°C'. Since 37°C is the standard human body temperature, organisms optimally growing at this temperature are classified as mesophiles. While other papers mention 24°C or general clinical settings, the consistent and specific mention of 37°C points strongly to mesophilic adaptation.",,True,TMP_results/accessions/WPJ48896/library/accession_lit,5,TMP_results/accessions/WPJ48896/library/host_lit,9,417.3,end,"[""CreateAccessionLibrary"", ""ClassifyHostMetadata"", ""CreateHostLibrary"", ""FilterRelevantLiterature"", ""FilterRelevantHostLiterature"", ""SUMMARISELITERATURE"", ""ClassifySummary""]","{""CreateAccessionLibrary"": 27.84, ""ClassifyHostMetadata"": 1.98, ""FilterRelevantLiterature"": 65.29, ""FilterRelevantHostLiterature"": 245.53, ""ClassifySummary"": 4.2}",False,TMP_results/accessions/WPJ48896/summary/summary.txt,"['42118066.txt', '42130958.txt']",2,"['42135663.txt', 'PMC13162225.1.txt']",2,
gemma4:e4b,WPJ48449,Klebsiella phage RCIP0009,"{""uid"": ""2622969161"", ""accession"": ""WPJ48449"", ""title"": ""recombination and repair protein [Klebsiella phage RCIP0009]"", ""organism"": ""Klebsiella phage RCIP0009"", ""taxonId"": 3094177, ""sequence_length"": 385, ""create_date"": ""2024/04/15"", ""update_date"": ""2024/04/15"", ""dbsource"": ""insd"", ""extra"": ""gi|2622969161|gb|WPJ48449.1|"", ""host"": ""Klebsiella pneumoniae"", ""country"": ""China"", ""isolation_source"": ""sewage""}",Klebsiella pneumoniae,species,The metadata explicitly states 'host': 'Klebsiella pneumoniae'.,,metadata,True,mesophile,,"The most consistent and frequently cited incubation temperature across multiple papers is 37°C. Standard human body temperature (37°C) is the classic benchmark for mesophilic organisms. While no paper explicitly states 'mesophile,' the consistent use of 37°C for culturing, biofilm assays, and gene expression analysis strongly suggests the organisms are adapted to this moderate temperature range, which defines mesophiles. None of the papers provide evidence for extreme cold (psychrophile) or extreme heat (thermophile) adaptation.",,True,TMP_results/accessions/WPJ48449/library/accession_lit,8,TMP_results/accessions/WPJ48449/library/host_lit,9,689.11,end,"[""CreateAccessionLibrary"", ""ClassifyHostMetadata"", ""CreateHostLibrary"", ""FilterRelevantLiterature"", ""FilterRelevantHostLiterature"", ""SUMMARISELITERATURE"", ""ClassifySummary""]","{""CreateAccessionLibrary"": 35.43, ""ClassifyHostMetadata"": 1.97, ""FilterRelevantLiterature"": 274.97, ""FilterRelevantHostLiterature"": 245.81, ""ClassifySummary"": 4.15}",False,TMP_results/accessions/WPJ48449/summary/summary.txt,"['PMC13172314.1.txt', '42118066.txt']",2,"['42135663.txt', 'PMC13162225.1.txt']",2,
gemma4:e4b,WPJ48172,Klebsiella phage RCIP0008,"{""uid"": ""2622968883"", ""accession"": ""WPJ48172"", ""title"": ""recombination and repair protein [Klebsiella phage RCIP0008]"", ""organism"": ""Klebsiella phage RCIP0008"", ""taxonId"": 3094176, ""sequence_length"": 385, ""create_date"": ""2024/04/15"", ""update_date"": ""2024/04/15"", ""dbsource"": ""insd"", ""extra"": ""gi|2622968883|gb|WPJ48172.1|"", ""host"": ""Klebsiella pneumoniae"", ""country"": ""China"", ""isolation_source"": ""sewage""}",Klebsiella pneumoniae,species,The metadata explicitly states 'host': 'Klebsiella pneumoniae'.,,metadata,True,mesophile,,"The most informative paper (PMC11782208.1.txt) shows an optimal growth temperature of 37°C and stable activity across a range including 30°C to 70°C. The consistent use of 37°C as the standard incubation temperature in multiple papers (PMC11782208.1.txt and PMC13162225.1.txt) strongly suggests mesophilic conditions. While some papers lack data, the convergence on 37°C points to mesophily.",,True,TMP_results/accessions/WPJ48172/library/accession_lit,4,TMP_results/accessions/WPJ48172/library/host_lit,9,418.68,end,"[""CreateAccessionLibrary"", ""ClassifyHostMetadata"", ""CreateHostLibrary"", ""FilterRelevantLiterature"", ""FilterRelevantHostLiterature"", ""SUMMARISELITERATURE"", ""ClassifySummary""]","{""CreateAccessionLibrary"": 22.54, ""ClassifyHostMetadata"": 1.98, ""FilterRelevantLiterature"": 52.4, ""FilterRelevantHostLiterature"": 245.55, ""ClassifySummary"": 4.38}",False,TMP_results/accessions/WPJ48172/summary/summary.txt,"['42118066.txt', 'PMC11782208.1.txt']",2,"['42135663.txt', 'PMC13162225.1.txt']",2,
ERROR,WPJ47821,ERROR,ERROR,ERROR,ERROR,ERROR,ERROR,ERROR,ERROR,ERROR,ERROR,ERROR,ERROR,ERROR,ERROR,ERROR,ERROR,ERROR,ERROR,ERROR,ERROR,ERROR,ERROR,ERROR,ERROR,ERROR,ERROR,ERROR,Expecting value: line 1 column 1 (char 0)
gemma4:e4b,WPJ47352,Klebsiella phage RCIP0002,"{""uid"": ""2622968057"", ""accession"": ""WPJ47352"", ""title"": ""recombination and repair protein [Klebsiella phage RCIP0002]"", ""organism"": ""Klebsiella phage RCIP0002"", ""taxonId"": 3094170, ""sequence_length"": 385, ""create_date"": ""2024/04/15"", ""update_date"": ""2024/04/15"", ""dbsource"": ""insd"", ""extra"": ""gi|2622968057|gb|WPJ47352.1|"", ""host"": ""Klebsiella pneumoniae"", ""country"": ""China"", ""isolation_source"": ""sewage""}",Klebsiella pneumoniae,species,The metadata explicitly states 'host': 'Klebsiella pneumoniae'.,,metadata,True,mesophile,,"Multiple papers report optimal or standard incubation/assay temperatures at 37°C (PMC12042119.1.txt and PMC13162225.1.txt). A temperature optimum of 37°C is characteristic of mesophiles, which thrive in moderate temperatures, such as those found in the human body (clinical/hospital setting). Since no evidence points to growth at significantly lower (psychrophile) or significantly higher (thermophile) temperatures, mesophile is the most appropriate inference based on the provided data.",,True,TMP_results/accessions/WPJ47352/library/accession_lit,4,TMP_results/accessions/WPJ47352/library/host_lit,9,433.0,end,"[""CreateAccessionLibrary"", ""ClassifyHostMetadata"", ""CreateHostLibrary"", ""FilterRelevantLiterature"", ""FilterRelevantHostLiterature"", ""SUMMARISELITERATURE"", ""ClassifySummary""]","{""CreateAccessionLibrary"": 23.03, ""ClassifyHostMetadata"": 1.98, ""FilterRelevantLiterature"": 60.19, ""FilterRelevantHostLiterature"": 245.37, ""ClassifySummary"": 4.16}",False,TMP_results/accessions/WPJ47352/summary/summary.txt,"['PMC12042119.1.txt', '42118066.txt']",2,"['42135663.txt', 'PMC13162225.1.txt']",2,
gemma4:e4b,WXW92973,Streptomyces phage Amabiko,"{""uid"": ""2704286926"", ""accession"": ""WXW92973"", ""title"": ""RecA-like DNA recombinase [Streptomyces phage Amabiko]"", ""organism"": ""Streptomyces phage Amabiko"", ""taxonId"": 3121342, ""sequence_length"": 334, ""create_date"": ""2024/03/31"", ""update_date"": ""2024/03/31"", ""dbsource"": ""insd"", ""extra"": ""gi|2704286926|gb|WXW92973.1|"", ""lab_host"": ""Streptomyces scabiei RL-34"", ""country"": ""USA: Baltimore, MD"", ""isolation_source"": ""soil"", ""lat_lon"": ""39.256230 N 76.712860 W"", ""collection_date"": ""01-Oct-2022"", ""collected_by"": ""Kirsten Tran & Heba Bakry"", ""identified_by"": ""Kirsten Tran & Heba Bakry""}",Streptomyces scabiei RL-34,strain,The metadata explicitly contains the key 'lab_host' with the value 'Streptomyces scabiei RL-34'.,,metadata,True,mesophile,,"The majority of the papers report incubation or optimal growth temperatures around 28°C to 30°C. Specifically, PMC8914351.1.txt explicitly states: ""The organism exhibits mesophilic growth conditions, as optimal growth was observed at 28 °C."" Furthermore, PMC8552735.1.txt reports optimal growth at 28°C, and the other papers use 30°C. Since 28-30°C falls squarely within the typical mesophilic range (generally 20°C to 45°C), mesophile is the most strongly supported classification.",,True,TMP_results/accessions/WXW92973/library/accession_lit,1,TMP_results/accessions/WXW92973/library/host_lit,4,298.96999999999997,end,"[""CreateAccessionLibrary"", ""ClassifyHostMetadata"", ""CreateHostLibrary"", ""FilterRelevantLiterature"", ""FilterRelevantHostLiterature"", ""SUMMARISELITERATURE"", ""ClassifySummary""]","{""CreateAccessionLibrary"": 12.73, ""ClassifyHostMetadata"": 2.31, ""FilterRelevantLiterature"": 8.34, ""FilterRelevantHostLiterature"": 123.47, ""ClassifySummary"": 4.69}",False,TMP_results/accessions/WXW92973/summary/summary.txt,['PMC11237712.1.txt'],1,"['PMC10652959.1.txt', 'PMC8914351.1.txt', 'PMC11385150.1.txt', 'PMC8552735.1.txt']",4,
gemma4:e4b,WXW92576,Streptomyces phage Enygma,"{""uid"": ""2704286526"", ""accession"": ""WXW92576"", ""title"": ""RecA-like DNA recombinase [Streptomyces phage Enygma]"", ""organism"": ""Streptomyces phage Enygma"", ""taxonId"": 3126620, ""sequence_length"": 334, ""create_date"": ""2024/03/31"", ""update_date"": ""2024/03/31"", ""dbsource"": ""insd"", ""extra"": ""gi|2704286526|gb|WXW92576.1|"", ""lab_host"": ""Streptomyces mirabilis NRRL B-2400"", ""country"": ""USA: Catonsville, MD"", ""isolation_source"": ""soil"", ""lat_lon"": ""39.243828 N 76.722214 W"", ""collection_date"": ""02-Sep-2020"", ""collected_by"": ""Timothy Agnes"", ""identified_by"": ""Timothy Agnes""}",Streptomyces mirabilis NRRL B-2400,strain,The metadata explicitly lists 'lab_host' as 'Streptomyces mirabilis NRRL B-2400'.,,metadata,True,mesophile,,"The majority of the provided papers (PMC13097060.1.txt, PMC11465772.1.txt, and PMC11008112.1.txt) utilized 30°C as the primary incubation or optimal growth temperature. Mesophiles are organisms that thrive at moderate temperatures, typically between 20°C and 45°C, and 30°C falls squarely within this range. While no paper explicitly states 'mesophile,' the consistent use of 30°C strongly suggests mesophilic conditions for the studied organisms/phages.",,True,TMP_results/accessions/WXW92576/library/accession_lit,5,TMP_results/accessions/WXW92576/library/host_lit,3,138.6,end,"[""CreateAccessionLibrary"", ""ClassifyHostMetadata"", ""CreateHostLibrary"", ""FilterRelevantLiterature"", ""FilterRelevantHostLiterature"", ""SUMMARISELITERATURE"", ""ClassifySummary""]","{""CreateAccessionLibrary"": 18.38, ""ClassifyHostMetadata"": 2.44, ""FilterRelevantLiterature"": 45.27, ""FilterRelevantHostLiterature"": 25.3, ""ClassifySummary"": 4.4}",False,TMP_results/accessions/WXW92576/summary/summary.txt,"['PMC13097060.1.txt', '42089638.txt']",2,"['PMC11465772.1.txt', 'PMC11008112.1.txt']",2,
gemma4:e4b,WWT49612,Escherichia phage 236Ecol005PP,"{""uid"": ""2694566762"", ""accession"": ""WWT49612"", ""title"": ""recombination and repair protein [Escherichia phage 236Ecol005PP]"", ""organism"": ""Escherichia phage 236Ecol005PP"", ""taxonId"": 3128044, ""sequence_length"": 393, ""create_date"": ""2024/03/11"", ""update_date"": ""2024/03/11"", ""dbsource"": ""insd"", ""extra"": ""gi|2694566762|gb|WWT49612.1|"", ""host"": ""Escherichia coli"", ""country"": ""Poland"", ""collection_date"": ""2017""}",Escherichia coli,species,The metadata explicitly contains the key 'host' with the value 'Escherichia coli'.,,metadata,True,mesophile,,"The first paper provides the most comprehensive data. It notes that 'optimal performance at 4–20 °C' and suggests 'mesophilic conditions' based on stability data. The second and fourth papers lack any thermal data. The third paper shows optimal activity at 37 °C and stability up to 50 °C, which is also consistent with a mesophile (human body temperature is 37°C). Given the explicit suggestion of 'mesophilic environmental conditions' in the summary for the first paper, and the general range of optimal activity (4-37°C) across the available data, mesophile is the best overall classification.",,True,TMP_results/accessions/WWT49612/library/accession_lit,10,TMP_results/accessions/WWT49612/library/host_lit,10,680.2299999999999,end,"[""CreateAccessionLibrary"", ""ClassifyHostMetadata"", ""CreateHostLibrary"", ""FilterRelevantLiterature"", ""FilterRelevantHostLiterature"", ""SUMMARISELITERATURE"", ""ClassifySummary""]","{""CreateAccessionLibrary"": 38.82, ""ClassifyHostMetadata"": 2.03, ""FilterRelevantLiterature"": 311.55, ""FilterRelevantHostLiterature"": 204.05, ""ClassifySummary"": 4.75}",False,TMP_results/accessions/WWT49612/summary/summary.txt,"['PMC13173640.1.txt', '42107219.txt', 'PMC13153029.1.txt']",3,['42134508.txt'],1,
gemma4:e4b,WWT39338,Microcystis phage Mel-JY01,"{""uid"": ""2693694690"", ""accession"": ""WWT39338"", ""title"": ""RecA RecA/RadA recombinase [Microcystis phage Mel-JY01]"", ""organism"": ""Microcystis phage Mel-JY01"", ""taxonId"": 3126653, ""sequence_length"": 381, ""create_date"": ""2024/03/11"", ""update_date"": ""2024/03/11"", ""dbsource"": ""insd"", ""extra"": ""gi|2693694690|gb|WWT39338.1|"", ""host"": ""Microcystis elabens""}",Microcystis elabens,species,The metadata explicitly states the 'host' as 'Microcystis elabens'.,,metadata,True,mesophile,,"Several papers tested or implied growth conditions around 24°C, 26°C, and 19°C (PMC12510456.1.txt, PMC12474514.1.txt, PMC12054034.1.txt). These temperatures are characteristic of mesophilic organisms. Specifically, PMC12474514.1.txt explicitly states that the incubation temperature of 24°C 'suggests mesophilic growth conditions for the organisms studied.' While many papers lack explicit classification, the recurring use of ambient freshwater/lake temperatures (19°C to 26°C) points toward mesophily as the most frequently suggested or tested condition.",,True,TMP_results/accessions/WWT39338/library/accession_lit,5,TMP_results/accessions/WWT39338/library/host_lit,10,765.72,end,"[""CreateAccessionLibrary"", ""ClassifyHostMetadata"", ""CreateHostLibrary"", ""FilterRelevantLiterature"", ""FilterRelevantHostLiterature"", ""SUMMARISELITERATURE"", ""ClassifySummary""]","{""CreateAccessionLibrary"": 26.7, ""ClassifyHostMetadata"": 2.08, ""FilterRelevantLiterature"": 131.64, ""FilterRelevantHostLiterature"": 222.42, ""ClassifySummary"": 7.5}",False,TMP_results/accessions/WWT39338/summary/summary.txt,"['PMC13157829.1.txt', 'PMC12542629.1.txt', 'PMC12510456.1.txt']",3,"['38889229.txt', 'PMC12418101.1.txt', 'PMC12542629.1.txt', '38653399.txt', 'PMC12474514.1.txt', 'PMC12054034.1.txt', '36075338.txt', 'PMC12724129.1.txt', '36865780.txt', '37301000.txt']",10,
gemma4:e4b,WWS25222,Klebsiella phage vB_Kpn_AM_K6,"{""uid"": ""2692982528"", ""accession"": ""WWS25222"", ""title"": ""protein RecA [Klebsiella phage vB_Kpn_AM_K6]"", ""organism"": ""Klebsiella phage vB_Kpn_AM_K6"", ""taxonId"": 3127576, ""sequence_length"": 391, ""create_date"": ""2024/03/10"", ""update_date"": ""2024/03/10"", ""dbsource"": ""insd"", ""extra"": ""gi|2692982528|gb|WWS25222.1|"", ""host"": ""Klebsiella pneumoniae ATCC 33495"", ""country"": ""India: Kerala"", ""isolation_source"": ""effluent treatment plant"", ""lat_lon"": ""9.092354 N 76.489307 E"", ""collection_date"": ""2022-05"", ""collected_by"": ""Malavika B Hari""}",Klebsiella pneumoniae ATCC 33495,species,The metadata explicitly states the host as 'Klebsiella pneumoniae ATCC 33495' under the 'host' key.,,metadata,True,mesophile,,"The majority of the papers report optimal or standard incubation temperatures around 35°C to 37°C (PMC12852080.1, PMC7117637.1, PMC13063575.1, PMC13043183.1, PMC12853405.1). These temperatures are characteristic of human body temperature and standard laboratory conditions for non-extremophile clinical isolates, which defines mesophiles. While some papers do not explicitly state 'mesophile,' the consistent use of 35-37°C strongly points to this classification. No evidence suggests adaptation to very low temperatures (psychrophile) or very high temperatures (thermophile).",,True,TMP_results/accessions/WWS25222/library/accession_lit,0,TMP_results/accessions/WWS25222/library/host_lit,9,413.93,end,"[""CreateAccessionLibrary"", ""ClassifyHostMetadata"", ""CreateHostLibrary"", ""FilterRelevantLiterature"", ""FilterRelevantHostLiterature"", ""SUMMARISELITERATURE"", ""ClassifySummary""]","{""CreateAccessionLibrary"": 5.8, ""ClassifyHostMetadata"": 2.4, ""FilterRelevantLiterature"": 0.0, ""FilterRelevantHostLiterature"": 235.24, ""ClassifySummary"": 5.8}",False,TMP_results/accessions/WWS25222/summary/summary.txt,[],0,"['37981030.txt', 'PMC12852080.1.txt', 'PMC7117637.1.txt', 'PMC13063575.1.txt', 'PMC13043183.1.txt', 'PMC12853405.1.txt']",6,
gemma4:e4b,WWS24773,Klebsiella phage vB_Kpn_AM_K5,"{""uid"": ""2692982077"", ""accession"": ""WWS24773"", ""title"": ""protein RecA [Klebsiella phage vB_Kpn_AM_K5]"", ""organism"": ""Klebsiella phage vB_Kpn_AM_K5"", ""taxonId"": 3127575, ""sequence_length"": 391, ""create_date"": ""2024/03/10"", ""update_date"": ""2024/03/10"", ""dbsource"": ""insd"", ""extra"": ""gi|2692982077|gb|WWS24773.1|"", ""host"": ""Klebsiella pneumoniae ATCC 33495"", ""country"": ""India: Kerala"", ""isolation_source"": ""canal"", ""lat_lon"": ""9.092354 N 76.489307 E"", ""collection_date"": ""2022-05"", ""collected_by"": ""Malavika B Hari""}",Klebsiella pneumoniae ATCC 33495,species,The metadata explicitly states the 'host' as 'Klebsiella pneumoniae ATCC 33495'. This is a species-level identification.,,metadata,True,mesophile,,"The majority of the papers report optimal or standard incubation temperatures around 37°C (PMC8381472.1.txt, PMC12852080.1.txt, PMC13063575.1.txt, PMC13043183.1.txt, PMC12853405.1.txt). 37°C is the standard physiological temperature for human pathogens and is the defining characteristic of mesophiles. While some papers mention lower temperatures (e.g., 16°C for protein expression in PMC8381472.1.txt, or 27°C in PMC12853405.1.txt), the primary growth conditions cited are centered around 37°C. PMC13063575.1.txt explicitly notes that culturing at 37°C is 'consistent with mesophilic growth.'",,True,TMP_results/accessions/WWS24773/library/accession_lit,4,TMP_results/accessions/WWS24773/library/host_lit,9,651.72,end,"[""CreateAccessionLibrary"", ""ClassifyHostMetadata"", ""CreateHostLibrary"", ""FilterRelevantLiterature"", ""FilterRelevantHostLiterature"", ""SUMMARISELITERATURE"", ""ClassifySummary""]","{""CreateAccessionLibrary"": 20.84, ""ClassifyHostMetadata"": 2.5, ""FilterRelevantLiterature"": 183.49, ""FilterRelevantHostLiterature"": 235.01, ""ClassifySummary"": 7.44}",False,TMP_results/accessions/WWS24773/summary/summary.txt,['PMC8381472.1.txt'],1,"['37981030.txt', 'PMC12852080.1.txt', 'PMC7117637.1.txt', 'PMC13063575.1.txt', 'PMC13043183.1.txt', 'PMC12853405.1.txt']",6,
gemma4:e4b,WWS24499,Klebsiella phage vB_Kpn_AM_K4,"{""uid"": ""2692981802"", ""accession"": ""WWS24499"", ""title"": ""protein RecA [Klebsiella phage vB_Kpn_AM_K4]"", ""organism"": ""Klebsiella phage vB_Kpn_AM_K4"", ""taxonId"": 3127574, ""sequence_length"": 391, ""create_date"": ""2024/03/10"", ""update_date"": ""2024/03/10"", ""dbsource"": ""insd"", ""extra"": ""gi|2692981802|gb|WWS24499.1|"", ""host"": ""Klebsiella pneumoniae ATCC 33495"", ""country"": ""India: Kerala"", ""isolation_source"": ""backwaters"", ""lat_lon"": ""9.092354 N 76.489307 E"", ""collection_date"": ""2022-04"", ""collected_by"": ""Malavika B Hari""}",Klebsiella pneumoniae ATCC 33495,species,The metadata explicitly states the host as 'Klebsiella pneumoniae ATCC 33495' under the 'host' key.,,metadata,True,mesophile,,"The majority of the papers report optimal or standard incubation temperatures around 35°C to 37°C (PMC12852080.1, PMC7117637.1, PMC13063575.1, PMC13043183.1, PMC12853405.1). These temperatures are characteristic of human body temperature and standard laboratory conditions for non-extremophile clinical isolates, which defines mesophiles. While some papers do not explicitly state 'mesophile,' the consistent use of 35-37°C strongly points to this classification. No evidence suggests adaptation to very low temperatures (psychrophile) or very high temperatures (thermophile).",,True,TMP_results/accessions/WWS24499/library/accession_lit,0,TMP_results/accessions/WWS24499/library/host_lit,9,418.91,end,"[""CreateAccessionLibrary"", ""ClassifyHostMetadata"", ""CreateHostLibrary"", ""FilterRelevantLiterature"", ""FilterRelevantHostLiterature"", ""SUMMARISELITERATURE"", ""ClassifySummary""]","{""CreateAccessionLibrary"": 9.33, ""ClassifyHostMetadata"": 2.47, ""FilterRelevantLiterature"": 0.0, ""FilterRelevantHostLiterature"": 235.36, ""ClassifySummary"": 5.94}",False,TMP_results/accessions/WWS24499/summary/summary.txt,[],0,"['37981030.txt', 'PMC12852080.1.txt', 'PMC7117637.1.txt', 'PMC13063575.1.txt', 'PMC13043183.1.txt', 'PMC12853405.1.txt']",6,
gemma4:e4b,WWS24067,Klebsiella phage vB_Kpn_AM_K3,"{""uid"": ""2692981369"", ""accession"": ""WWS24067"", ""title"": ""protein RecA [Klebsiella phage vB_Kpn_AM_K3]"", ""organism"": ""Klebsiella phage vB_Kpn_AM_K3"", ""taxonId"": 3127573, ""sequence_length"": 391, ""create_date"": ""2024/03/10"", ""update_date"": ""2024/03/10"", ""dbsource"": ""insd"", ""extra"": ""gi|2692981369|gb|WWS24067.1|"", ""host"": ""Klebsiella pneumoniae ATCC 33495"", ""country"": ""India: Kerala"", ""isolation_source"": ""sewage"", ""lat_lon"": ""9.092354 N 76.489307 E"", ""collection_date"": ""2022-01"", ""collected_by"": ""Malavika B Hari, Nitasha Damodaran Menon""}",Klebsiella pneumoniae ATCC 33495,strain,The metadata explicitly states the host as 'Klebsiella pneumoniae ATCC 33495' under the 'host' key.,,metadata,True,mesophile,,"The majority of the papers report optimal or standard incubation temperatures around 35°C to 37°C (PMC12852080.1.txt, PMC7117637.1.txt, PMC13063575.1.txt, PMC13043183.1.txt, PMC12853405.1.txt). These temperatures are characteristic of human body temperature and standard laboratory conditions for clinical isolates, which defines mesophilic organisms. While no paper explicitly states 'mesophile,' the consistent use of 35-37°C strongly points to this classification. Paper PMC13063575.1.txt explicitly notes 'Mesophilic growth: Implied by optimal growth at 37°C.'",,True,TMP_results/accessions/WWS24067/library/accession_lit,4,TMP_results/accessions/WWS24067/library/host_lit,9,623.01,end,"[""CreateAccessionLibrary"", ""ClassifyHostMetadata"", ""CreateHostLibrary"", ""FilterRelevantLiterature"", ""FilterRelevantHostLiterature"", ""SUMMARISELITERATURE"", ""ClassifySummary""]","{""CreateAccessionLibrary"": 21.84, ""ClassifyHostMetadata"": 2.45, ""FilterRelevantLiterature"": 197.55, ""FilterRelevantHostLiterature"": 234.68, ""ClassifySummary"": 6.22}",False,TMP_results/accessions/WWS24067/summary/summary.txt,[],0,"['37981030.txt', 'PMC12852080.1.txt', 'PMC7117637.1.txt', 'PMC13063575.1.txt', 'PMC13043183.1.txt', 'PMC12853405.1.txt']",6,
gemma4:e4b,WWS23726,Klebsiella phage vB_Kpn_AM_K2,"{""uid"": ""2692981027"", ""accession"": ""WWS23726"", ""title"": ""protein RecA [Klebsiella phage vB_Kpn_AM_K2]"", ""organism"": ""Klebsiella phage vB_Kpn_AM_K2"", ""taxonId"": 3127572, ""sequence_length"": 391, ""create_date"": ""2024/03/10"", ""update_date"": ""2024/03/10"", ""dbsource"": ""insd"", ""extra"": ""gi|2692981027|gb|WWS23726.1|"", ""host"": ""Klebsiella pneumoniae ATCC 33495"", ""country"": ""India: Kerala"", ""isolation_source"": ""sewage"", ""lat_lon"": ""9.092354 N 76.489307 E"", ""collection_date"": ""2019-05"", ""collected_by"": ""Nitasha Damodaran Menon, Sudhanand M, Sruthi S, Anjali John, Susanna Thomas, Alan Anil, Akhila S J""}",Klebsiella pneumoniae ATCC 33495,strain,The metadata explicitly states the host as 'Klebsiella pneumoniae ATCC 33495' under the 'host' key.,,metadata,True,mesophile,,"The majority of the papers report optimal or standard incubation temperatures around 37°C (PMC8381472.1.txt, PMC12852080.1.txt, PMC13063575.1.txt, PMC13043183.1.txt, PMC12853405.1.txt). 37°C is the standard physiological temperature for human pathogens and is the defining characteristic of mesophiles. While some papers mention lower temperatures (e.g., 16°C for protein expression in PMC8381472.1.txt, or 27°C in PMC12853405.1.txt), the primary growth conditions cited are centered around 37°C. PMC13063575.1.txt explicitly notes that culturing at 37°C is 'consistent with mesophilic growth.'",,True,TMP_results/accessions/WWS23726/library/accession_lit,4,TMP_results/accessions/WWS23726/library/host_lit,9,655.52,end,"[""CreateAccessionLibrary"", ""ClassifyHostMetadata"", ""CreateHostLibrary"", ""FilterRelevantLiterature"", ""FilterRelevantHostLiterature"", ""SUMMARISELITERATURE"", ""ClassifySummary""]","{""CreateAccessionLibrary"": 25.13, ""ClassifyHostMetadata"": 2.5, ""FilterRelevantLiterature"": 183.57, ""FilterRelevantHostLiterature"": 234.99, ""ClassifySummary"": 7.29}",False,TMP_results/accessions/WWS23726/summary/summary.txt,['PMC8381472.1.txt'],1,"['37981030.txt', 'PMC12852080.1.txt', 'PMC7117637.1.txt', 'PMC13063575.1.txt', 'PMC13043183.1.txt', 'PMC12853405.1.txt']",6,
gemma4:e4b,WWS23646,Klebsiella phage KP5,"{""uid"": ""2692974952"", ""accession"": ""WWS23646"", ""title"": ""recombination and repair protein [Klebsiella phage KP5]"", ""organism"": ""Klebsiella phage KP5"", ""taxonId"": 3126734, ""sequence_length"": 385, ""create_date"": ""2024/03/10"", ""update_date"": ""2024/03/10"", ""dbsource"": ""insd"", ""extra"": ""gi|2692974952|gb|WWS23646.1|"", ""host"": ""Klebsiella pneumoniae"", ""country"": ""India"", ""collection_date"": ""23-Aug-2020"", ""collected_by"": ""Pallavi Bhat Ajakkala"", ""altitude"": ""22 m""}",Klebsiella pneumoniae,species,The metadata explicitly contains the key 'host' with the value 'Klebsiella pneumoniae'.,,metadata,True,mesophile,,"Multiple papers (PMC11390652.1.txt, PMC13162225.1.txt, PMC12307530.1.txt) consistently report or imply that the optimal or tested growth temperature for the organisms studied was 37°C. The summary for PMC11390652.1.txt explicitly states: 'Mesophilic growth: The optimal/tested temperature of 37°C suggests mesophilic growth.' Similarly, the other papers use 37°C as the standard incubation condition. Since 37°C is the characteristic temperature range for human body temperature and is used as the standard lab condition, the evidence strongly points towards mesophilic characteristics, even though no explicit classification was given by the authors.",,True,TMP_results/accessions/WWS23646/library/accession_lit,5,TMP_results/accessions/WWS23646/library/host_lit,9,577.34,end,"[""CreateAccessionLibrary"", ""ClassifyHostMetadata"", ""CreateHostLibrary"", ""FilterRelevantLiterature"", ""FilterRelevantHostLiterature"", ""SUMMARISELITERATURE"", ""ClassifySummary""]","{""CreateAccessionLibrary"": 30.63, ""ClassifyHostMetadata"": 2.03, ""FilterRelevantLiterature"": 147.58, ""FilterRelevantHostLiterature"": 245.81, ""ClassifySummary"": 5.82}",False,TMP_results/accessions/WWS23646/summary/summary.txt,"['PMC11390652.1.txt', 'PMC13162225.1.txt', 'PMC12307530.1.txt']",3,"['42135663.txt', 'PMC13162225.1.txt']",2,
gemma4:e4b,WWS23156,Klebsiella phage KP01,"{""uid"": ""2692974369"", ""accession"": ""WWS23156"", ""title"": ""recombination and repair protein [Klebsiella phage KP01]"", ""organism"": ""Klebsiella phage KP01"", ""taxonId"": 3126733, ""sequence_length"": 391, ""create_date"": ""2024/03/10"", ""update_date"": ""2024/03/10"", ""dbsource"": ""insd"", ""extra"": ""gi|2692974369|gb|WWS23156.1|"", ""host"": ""Klebsiella pneumoniae"", ""country"": ""India"", ""collection_date"": ""22-May-2020"", ""collected_by"": ""Pallavi Bhat Ajakkala"", ""altitude"": ""22 m""}",Klebsiella pneumoniae,species,The metadata explicitly contains the key 'host' with the value 'Klebsiella pneumoniae'.,,metadata,True,mesophile,,"Several papers report optimal or standard incubation temperatures at 37°C (PMC6141743.1.txt, PMC13162225.1.txt) or a range centered around it (PMC12943021.1.txt, which uses 37-42°C). The standard human body temperature (37°C) is the most frequently cited and implied optimal condition for the studied bacteria. While some studies test higher temperatures (up to 75°C or 60°C), the primary growth/assay temperature points to the mesophilic range (20°C–45°C).",,True,TMP_results/accessions/WWS23156/library/accession_lit,6,TMP_results/accessions/WWS23156/library/host_lit,9,734.7199999999999,end,"[""CreateAccessionLibrary"", ""ClassifyHostMetadata"", ""CreateHostLibrary"", ""FilterRelevantLiterature"", ""FilterRelevantHostLiterature"", ""SUMMARISELITERATURE"", ""ClassifySummary""]","{""CreateAccessionLibrary"": 24.86, ""ClassifyHostMetadata"": 2.08, ""FilterRelevantLiterature"": 213.68, ""FilterRelevantHostLiterature"": 245.43, ""ClassifySummary"": 6.47}",False,TMP_results/accessions/WWS23156/summary/summary.txt,"['PMC12358502.1.txt', 'PMC6141743.1.txt', 'PMC11920706.1.txt', 'PMC12459788.1.txt', 'PMC12943021.1.txt']",5,"['42135663.txt', 'PMC13162225.1.txt']",2,
gemma4:e4b,WWP52119,Enterobacter phage ZX14,"{""uid"": ""2689240516"", ""accession"": ""WWP52119"", ""title"": ""RecA-like recombination protein [Enterobacter phage ZX14]"", ""organism"": ""Enterobacter phage ZX14"", ""taxonId"": 3123102, ""sequence_length"": 391, ""create_date"": ""2024/03/04"", ""update_date"": ""2024/03/04"", ""dbsource"": ""insd"", ""extra"": ""gi|2689240516|gb|WWP52119.1|"", ""host"": ""Enterobacter cloacae"", ""country"": ""China"", ""collection_date"": ""2023""}",Enterobacter cloacae,species,The metadata explicitly contains the key 'host' with the value 'Enterobacter cloacae'.,,metadata,True,mesophile,,"Multiple papers (PMC11963603.1.txt, PMC13108393.1.txt, PMC13165833.1.txt, PMC13172314.1.txt) report standard incubation or assay temperatures of 37°C, which is the typical optimal growth temperature for human-associated pathogens and bacteria in clinical/environmental settings. While some papers show higher tolerance (up to 60°C in 42128682.txt), the consistent use of 37°C for primary assays and the association with human/sewage sources strongly point towards a mesophilic lifestyle. The general culture conditions suggest mesophilic growth (PMC11963603.1.txt).",,True,TMP_results/accessions/WWP52119/library/accession_lit,6,TMP_results/accessions/WWP52119/library/host_lit,10,715.73,end,"[""CreateAccessionLibrary"", ""ClassifyHostMetadata"", ""CreateHostLibrary"", ""FilterRelevantLiterature"", ""FilterRelevantHostLiterature"", ""SUMMARISELITERATURE"", ""ClassifySummary""]","{""CreateAccessionLibrary"": 21.8, ""ClassifyHostMetadata"": 2.09, ""FilterRelevantLiterature"": 72.88, ""FilterRelevantHostLiterature"": 333.67, ""ClassifySummary"": 7.4}",False,TMP_results/accessions/WWP52119/summary/summary.txt,"['42080567.txt', 'PMC13147767.1.txt', 'PMC11963603.1.txt', '42128682.txt', '42070172.txt']",5,"['PMC13158018.1.txt', 'PMC13165833.1.txt', 'PMC13172314.1.txt', 'PMC13108393.1.txt', '42133148.txt', '42128682.txt']",6,
gemma4:e4b,AFD02779,Synechococcus phage S-MbCM6,"{""uid"": ""379362964"", ""accession"": ""AFD02779"", ""title"": ""UvsX RecA-like protein [Synechococcus phage S-MbCM6]"", ""organism"": ""Synechococcus phage S-MbCM6"", ""taxonId"": 3126011, ""sequence_length"": 336, ""create_date"": ""2012/03/12"", ""update_date"": ""2024/03/01"", ""dbsource"": ""insd"", ""extra"": ""gi|379362964|gb|AFD02779.1|"", ""note"": ""T4-like phage"", ""old_name"": ""T4-like Synechococcus phage S-MbCM6"", ""collection_date"": ""Oct-2009""}",Synechococcus,genus,The title mentions '[Synechococcus phage S-MbCM6]' and the old_name mentions 'T4-like Synechococcus phage S-MbCM6'. The host genus 'Synechococcus' is explicitly mentioned in the title and old_name.,,metadata,True,mesophile,,forced,,True,TMP_results/accessions/AFD02779/library/accession_lit,1,TMP_results/accessions/AFD02779/library/host_lit,10,539.91,end,"[""CreateAccessionLibrary"", ""ClassifyHostMetadata"", ""CreateHostLibrary"", ""FilterRelevantLiterature"", ""FilterRelevantHostLiterature"", ""SUMMARISELITERATURE"", ""ClassifySummary"", ""ClassifyThermalForced""]","{""CreateAccessionLibrary"": 4.7, ""ClassifyHostMetadata"": 2.72, ""FilterRelevantLiterature"": 2.11, ""FilterRelevantHostLiterature"": 276.31, ""ClassifySummary"": 6.81, ""ClassifyThermalForced"": 3.71}",False,TMP_results/accessions/AFD02779/summary/summary.txt,['25043051.txt'],1,"['PMC13157830.1.txt', '42117682.txt', 'PMC13171826.1.txt', '42108655.txt', 'PMC13169159.1.txt', 'PMC13147198.1.txt', '42082731.txt', 'PMC13171910.1.txt']",8,
gemma4:e4b,WWE96862,Escherichia phage ECp13,"{""uid"": ""2681840351"", ""accession"": ""WWE96862"", ""title"": ""recombination and repair protein [Escherichia phage ECp13]"", ""organism"": ""Escherichia phage ECp13"", ""taxonId"": 3123101, ""sequence_length"": 393, ""create_date"": ""2024/02/28"", ""update_date"": ""2024/02/28"", ""dbsource"": ""insd"", ""extra"": ""gi|2681840351|gb|WWE96862.1|"", ""host"": ""Escherichia coli"", ""country"": ""India"", ""isolation_source"": ""environmental sewage water"", ""collection_date"": ""20-Dec-2019"", ""collected_by"": ""Juliet Roshini Mohan Raj"", ""altitude"": ""22 m""}",Escherichia coli,species,The metadata explicitly contains the key 'host' with the value 'Escherichia coli'.,,metadata,True,mesophile,,forced,,True,TMP_results/accessions/WWE96862/library/accession_lit,5,TMP_results/accessions/WWE96862/library/host_lit,10,376.34999999999997,end,"[""CreateAccessionLibrary"", ""ClassifyHostMetadata"", ""CreateHostLibrary"", ""FilterRelevantLiterature"", ""FilterRelevantHostLiterature"", ""SUMMARISELITERATURE"", ""ClassifySummary"", ""ClassifyThermalForced""]","{""CreateAccessionLibrary"": 22.01, ""ClassifyHostMetadata"": 2.08, ""FilterRelevantLiterature"": 104.73, ""FilterRelevantHostLiterature"": 203.11, ""ClassifySummary"": 2.65, ""ClassifyThermalForced"": 5.11}",False,TMP_results/accessions/WWE96862/summary/summary.txt,['42107219.txt'],1,['42134508.txt'],1,
gemma4:e4b,WVX98315,Klebsiella phage KP6,"{""uid"": ""2675986278"", ""accession"": ""WVX98315"", ""title"": ""recombination and repair protein [Klebsiella phage KP6]"", ""organism"": ""Klebsiella phage KP6"", ""taxonId"": 3116513, ""sequence_length"": 361, ""create_date"": ""2024/02/21"", ""update_date"": ""2024/02/21"", ""dbsource"": ""insd"", ""extra"": ""gi|2675986278|gb|WVX98315.1|"", ""host"": ""Klebsiella pneumoniae KP009"", ""country"": ""India"", ""collection_date"": ""04-Oct-2020"", ""collected_by"": ""Pallavi Bhat Ajakkala"", ""altitude"": ""22 m""}",Klebsiella pneumoniae KP009,strain,The metadata explicitly states the 'host' as 'Klebsiella pneumoniae KP009'.,,metadata,True,mesophile,,"The majority of the provided papers (PMC11179266.1, PMC12820288.1, PMC10906532.1, PMC12691686.1, PMC13162225.1) consistently report optimal or standard laboratory incubation temperatures of 37°C. This temperature range is characteristic of mesophiles, which thrive at moderate temperatures, typically near human body temperature. While one paper (PMC11769469.1) shows activity up to 60°C, the overall pattern across the dataset strongly points to mesophilic adaptation based on the primary growth/assay conditions.",,True,TMP_results/accessions/WVX98315/library/accession_lit,6,TMP_results/accessions/WVX98315/library/host_lit,7,750.36,end,"[""CreateAccessionLibrary"", ""ClassifyHostMetadata"", ""CreateHostLibrary"", ""FilterRelevantLiterature"", ""FilterRelevantHostLiterature"", ""SUMMARISELITERATURE"", ""ClassifySummary""]","{""CreateAccessionLibrary"": 32.78, ""ClassifyHostMetadata"": 2.12, ""FilterRelevantLiterature"": 234.62, ""FilterRelevantHostLiterature"": 166.46, ""ClassifySummary"": 6.68}",False,TMP_results/accessions/WVX98315/summary/summary.txt,"['PMC11179266.1.txt', 'PMC12820288.1.txt', 'PMC11769469.1.txt']",3,"['PMC12343662.1.txt', 'PMC10906532.1.txt', 'PMC12691686.1.txt', '42135663.txt', 'PMC13162225.1.txt']",5,
gemma4:e4b,WVP82737,Escherichia phage vB_EcoM_JN03,"{""uid"": ""2669441310"", ""accession"": ""WVP82737"", ""title"": ""hypothetical protein vBEcoMJN03_1570 [Escherichia phage vB_EcoM_JN03]"", ""organism"": ""Escherichia phage vB_EcoM_JN03"", ""taxonId"": 3116514, ""sequence_length"": 361, ""create_date"": ""2024/02/11"", ""update_date"": ""2024/02/11"", ""dbsource"": ""insd"", ""extra"": ""gi|2669441310|gb|WVP82737.1|"", ""host"": ""Escherichia coli O157:H7"", ""country"": ""China"", ""isolation_source"": ""sewage""}",Escherichia coli O157:H7,strain,The metadata explicitly states the 'host' as 'Escherichia coli O157:H7'.,,metadata,True,mesophile,,"Multiple papers (PMC10302289.1.txt, PMC13096147.1.txt, PMC13000508.1.txt) report optimal growth or activity at 37 °C, which is the classic optimal temperature for human pathogens and many environmental mesophiles. PMC10302289.1.txt explicitly states: 'suggesting mesophilic adaptation.' PMC13096147.1.txt also suggests 'mesophilic characteristics.' PMC13000508.1.txt points towards 'mesophilic characteristics.' While some papers show cold tolerance (4°C) or high heat tolerance (up to 60°C), the consistent optimal point and general adaptation profile across the most detailed reports point strongly to mesophily.",,True,TMP_results/accessions/WVP82737/library/accession_lit,7,TMP_results/accessions/WVP82737/library/host_lit,10,556.77,end,"[""CreateAccessionLibrary"", ""ClassifyHostMetadata"", ""CreateHostLibrary"", ""FilterRelevantLiterature"", ""FilterRelevantHostLiterature"", ""SUMMARISELITERATURE"", ""ClassifySummary""]","{""CreateAccessionLibrary"": 28.92, ""ClassifyHostMetadata"": 2.24, ""FilterRelevantLiterature"": 139.49, ""FilterRelevantHostLiterature"": 185.63, ""ClassifySummary"": 7.06}",False,TMP_results/accessions/WVP82737/summary/summary.txt,"['PMC10302289.1.txt', '41942208.txt', 'PMC13096147.1.txt', '41934843.txt', 'PMC13000508.1.txt', 'PMC8812316.1.txt']",6,"['42106610.txt', '42128942.txt', '42126426.txt']",3,
gemma4:e4b,WNV47410,Klebsiella phage fENko-Kae01,"{""uid"": ""2589265262"", ""accession"": ""WNV47410"", ""title"": ""protein RecA [Klebsiella phage fENko-Kae01]"", ""organism"": ""Klebsiella phage fENko-Kae01"", ""taxonId"": 3075109, ""sequence_length"": 373, ""create_date"": ""2023/10/11"", ""update_date"": ""2024/02/06"", ""dbsource"": ""insd"", ""extra"": ""gi|2589265262|gb|WNV47410.1|"", ""host"": ""Klebsiella aerogenes""}",Klebsiella aerogenes,species,The metadata explicitly states the 'host' as 'Klebsiella aerogenes'.,,metadata,True,mesophile,,"The majority of the papers (PMC11877940.1, PMC11218385.1, PMC13070987.1, PMC12648861.1, PMC13118744.1, PMC13115305.1) report optimal or standard incubation/assay temperatures at 37°C. Furthermore, PMC13070987.1 explicitly states that the phage exhibits 'mesophilic characteristics, as its activity was optimal at 37 °C.' While some papers show cold tolerance (PMC13070987.1), the primary operational temperature cited across the board, and the temperature associated with human/clinical pathogens, is 37°C, which defines a mesophile.",,True,TMP_results/accessions/WNV47410/library/accession_lit,6,TMP_results/accessions/WNV47410/library/host_lit,9,776.1700000000001,end,"[""CreateAccessionLibrary"", ""ClassifyHostMetadata"", ""CreateHostLibrary"", ""FilterRelevantLiterature"", ""FilterRelevantHostLiterature"", ""SUMMARISELITERATURE"", ""ClassifySummary""]","{""CreateAccessionLibrary"": 24.44, ""ClassifyHostMetadata"": 2.0, ""FilterRelevantLiterature"": 153.15, ""FilterRelevantHostLiterature"": 248.68, ""ClassifySummary"": 7.95}",False,TMP_results/accessions/WNV47410/summary/summary.txt,"['PMC11877940.1.txt', 'PMC11218385.1.txt', 'PMC13070987.1.txt', 'PMC12648861.1.txt']",4,"['PMC13158018.1.txt', 'PMC13118744.1.txt', 'PMC13175050.1.txt', 'PMC13171963.1.txt', 'PMC13115305.1.txt', '42070172.txt']",6,
gemma4:e4b,WPJ67653,Escherichia phage JoYop,"{""uid"": ""2622988791"", ""accession"": ""WPJ67653"", ""title"": ""protein RecA [Escherichia phage JoYop]"", ""organism"": ""Escherichia phage JoYop"", ""taxonId"": 3093947, ""sequence_length"": 393, ""create_date"": ""2023/11/26"", ""update_date"": ""2024/02/02"", ""dbsource"": ""insd"", ""extra"": ""gi|2622988791|gb|WPJ67653.1|"", ""host"": ""Escherichia coli HER 1036"", ""country"": ""Cote d'Ivoire"", ""collection_date"": ""08-May-2018"", ""collected_by"": ""Audrey Addablah""}",Escherichia coli HER 1036,strain,The metadata explicitly states the 'host' as 'Escherichia coli HER 1036'.,,metadata,True,mesophile,,"The optimal growth temperature is stated as 37°C. Mesophiles are organisms that thrive at moderate temperatures, typically near the human body temperature range (20°C to 45°C, with 37°C being a classic example). Since the incubation and optimal growth temperature is 37°C, the organism is most likely a mesophile. The summary explicitly notes that there is 'no specific data regarding optimal, growth, or survival temperature ranges, nor any evidence of thermophilic, psychrophilic, or general thermal adaptation mechanisms,' but the single piece of concrete temperature data (37°C) points strongly to mesophily.",,True,TMP_results/accessions/WPJ67653/library/accession_lit,1,TMP_results/accessions/WPJ67653/library/host_lit,3,172.04,end,"[""CreateAccessionLibrary"", ""ClassifyHostMetadata"", ""CreateHostLibrary"", ""FilterRelevantLiterature"", ""FilterRelevantHostLiterature"", ""SUMMARISELITERATURE"", ""ClassifySummary""]","{""CreateAccessionLibrary"": 15.48, ""ClassifyHostMetadata"": 2.18, ""FilterRelevantLiterature"": 8.74, ""FilterRelevantHostLiterature"": 116.97, ""ClassifySummary"": 3.93}",False,TMP_results/accessions/WPJ67653/summary/summary.txt,['PMC10927641.1.txt'],1,[],0,
gemma4:e4b,AHY26549,Staphylococcus phage 812,"{""uid"": ""625372218"", ""accession"": ""AHY26549"", ""title"": ""recombinase RecA [Staphylococcus phage 812]"", ""organism"": ""Staphylococcus phage 812"", ""taxonId"": 307898, ""sequence_length"": 418, ""create_date"": ""2016/01/06"", ""update_date"": ""2024/02/02"", ""dbsource"": ""insd"", ""extra"": ""gi|625372218|gb|AHY26549.1|"", ""isolate"": ""host-range mutant K1/420"", ""host"": ""Staphylococcus"", ""lab_host"": ""Staphylococcus aureus CCM 4028"", ""country"": ""Czech Republic"", ""isolation_source"": ""natural mutant selected on Staphylococcus aureus strain NRL/Atb 420/06"", ""collection_date"": ""10-Dec-2011"", ""collected_by"": ""R. Pantucek""}",Staphylococcus,genus,The metadata explicitly lists 'host': 'Staphylococcus'.,,metadata,True,mesophile,,forced,,True,TMP_results/accessions/AHY26549/library/accession_lit,1,TMP_results/accessions/AHY26549/library/host_lit,10,311.08000000000004,end,"[""CreateAccessionLibrary"", ""ClassifyHostMetadata"", ""CreateHostLibrary"", ""FilterRelevantLiterature"", ""FilterRelevantHostLiterature"", ""SUMMARISELITERATURE"", ""ClassifySummary"", ""ClassifyThermalForced""]","{""CreateAccessionLibrary"": 10.23, ""ClassifyHostMetadata"": 2.03, ""FilterRelevantLiterature"": 3.06, ""FilterRelevantHostLiterature"": 172.69, ""ClassifySummary"": 3.79, ""ClassifyThermalForced"": 4.56}",False,TMP_results/accessions/AHY26549/summary/summary.txt,[],0,"['PMC13173913.1.txt', 'PMC13172142.1.txt', '42136796.txt']",3,
gemma4:e4b,UYE95321,Escherichia phage vB_ESM-pEJ01,"{""uid"": ""2316770357"", ""accession"": ""UYE95321"", ""title"": ""RecA [Escherichia phage vB_ESM-pEJ01]"", ""organism"": ""Escherichia phage vB_ESM-pEJ01"", ""taxonId"": 2973660, ""sequence_length"": 356, ""create_date"": ""2023/03/01"", ""update_date"": ""2024/01/29"", ""dbsource"": ""insd"", ""extra"": ""gi|2316770357|gb|UYE95321.1|"", ""host"": ""Escherichia coli"", ""old_name"": ""Escherichia phage vB_EcoM-pEE20"", ""country"": ""South Korea"", ""collection_date"": ""Mar-2020""}",Escherichia coli,species,The metadata explicitly contains the key 'host' with the value 'Escherichia coli'.,,metadata,True,mesophile,,"The first paper reports 'optimal thermal stability was reported between 0–40 °C' and 'The phages maintained viability up to 40 °C,' suggesting adaptation to mesophilic conditions typical of sewage environments. The second paper reports 'optimal growth temperature: 37 °C' and 'Mesophilic growth: The phage showed optimal activity at 37 °C,' which is the classic definition of a mesophile. Since two out of the three relevant papers point to optimal activity/stability around 37°C to 40°C, mesophile is the most strongly supported classification.",,True,TMP_results/accessions/UYE95321/library/accession_lit,3,TMP_results/accessions/UYE95321/library/host_lit,10,541.7200000000001,end,"[""CreateAccessionLibrary"", ""ClassifyHostMetadata"", ""CreateHostLibrary"", ""FilterRelevantLiterature"", ""FilterRelevantHostLiterature"", ""SUMMARISELITERATURE"", ""ClassifySummary""]","{""CreateAccessionLibrary"": 22.88, ""ClassifyHostMetadata"": 2.06, ""FilterRelevantLiterature"": 135.71, ""FilterRelevantHostLiterature"": 205.21, ""ClassifySummary"": 4.35}",False,TMP_results/accessions/UYE95321/summary/summary.txt,"['PMC12656860.1.txt', 'PMC12197612.1.txt', 'PMC11767321.1.txt']",3,['42137495.txt'],1,
gemma4:e4b,WQZ01008,Escherichia phage 04086,"{""uid"": ""2642222459"", ""accession"": ""WQZ01008"", ""title"": ""RecA-like recombination protein [Escherichia phage 04086]"", ""organism"": ""Escherichia phage 04086"", ""taxonId"": 3083271, ""sequence_length"": 390, ""create_date"": ""2024/01/03"", ""update_date"": ""2024/01/03"", ""dbsource"": ""insd"", ""extra"": ""gi|2642222459|gb|WQZ01008.1|"", ""host"": ""Escherichia sp.""}",Escherichia sp.,species,The metadata explicitly states the 'host' as 'Escherichia sp.'.,,metadata,True,mesophile,,"The majority of the papers provide evidence pointing towards mesophilic conditions. Specifically:
1. PMC13172174.1.txt: Optimal growth temperature is 37°C, which is standard for mammalian mesophiles.
2. PMC13171946.1.txt: Optimal growth is at 30°C, and the context suggests adaptation to moderate aquatic conditions.
3. PMC13171638.1.txt: The authors explicitly state that the TPA-degrading populations are 'predominantly mesophilic' because there was 'absence of microbial growth at 50 °C' when tested at 30°C.
4. PMC13172129.1.txt: Optimal reaction temperature is 30°C, and the system is tested across a range including 30°C, which is typical for mesophilic industrial applications.

While one paper (PMC13163687.1.txt) strongly indicates psychrophilic adaptation (Antarctic source, 15°C optimal), the overall collection of data points to a stronger consensus around mesophilic growth conditions (30°C to 37°C) across multiple distinct studies.",,True,TMP_results/accessions/WQZ01008/library/accession_lit,3,TMP_results/accessions/WQZ01008/library/host_lit,9,694.66,end,"[""CreateAccessionLibrary"", ""ClassifyHostMetadata"", ""CreateHostLibrary"", ""FilterRelevantLiterature"", ""FilterRelevantHostLiterature"", ""SUMMARISELITERATURE"", ""ClassifySummary""]","{""CreateAccessionLibrary"": 21.39, ""ClassifyHostMetadata"": 1.93, ""FilterRelevantLiterature"": 130.0, ""FilterRelevantHostLiterature"": 265.04, ""ClassifySummary"": 8.9}",False,TMP_results/accessions/WQZ01008/summary/summary.txt,['PMC9776900.1.txt'],1,"['PMC13172174.1.txt', 'PMC13171946.1.txt', 'PMC13163687.1.txt', 'PMC13172129.1.txt', '42136996.txt', '42133148.txt', 'PMC13171638.1.txt']",7,
gemma4:e4b,WCD43754,Escherichia phage ECML-363,"{""uid"": ""2432617104"", ""accession"": ""WCD43754"", ""title"": ""RecA-like recombinase protein [Escherichia phage ECML-363]"", ""organism"": ""Escherichia phage ECML-363"", ""taxonId"": 2910939, ""sequence_length"": 393, ""create_date"": ""2024/01/02"", ""update_date"": ""2024/01/02"", ""dbsource"": ""insd"", ""extra"": ""gi|2432617104|gb|WCD43754.1|"", ""host"": ""Escherichia coli""}",Escherichia coli,species,The metadata explicitly states the 'host' as 'Escherichia coli'.,,metadata,True,mesophile,,"The majority of the papers discuss organisms or systems associated with the human gastrointestinal tract (gut), which is described as an 'inherently a mesophilic environment' (PMC13099351.1.txt). Furthermore, one paper explicitly notes that the stability profile of a phage is 'consistent with a mesophilic organism' (PMC13153029.1.txt). While no single paper provides a definitive optimal growth temperature for all organisms, the consistent environmental context points strongly toward mesophilic conditions.",,True,TMP_results/accessions/WCD43754/library/accession_lit,10,TMP_results/accessions/WCD43754/library/host_lit,10,798.52,end,"[""CreateAccessionLibrary"", ""ClassifyHostMetadata"", ""CreateHostLibrary"", ""FilterRelevantLiterature"", ""FilterRelevantHostLiterature"", ""SUMMARISELITERATURE"", ""ClassifySummary""]","{""CreateAccessionLibrary"": 38.96, ""ClassifyHostMetadata"": 1.94, ""FilterRelevantLiterature"": 306.38, ""FilterRelevantHostLiterature"": 205.04, ""ClassifySummary"": 5.23}",False,TMP_results/accessions/WCD43754/summary/summary.txt,"['PMC13099351.1.txt', 'PMC11434611.1.txt', 'PMC8447223.1.txt', 'PMC12055037.1.txt', 'PMC13153029.1.txt']",5,['42137495.txt'],1,
gemma4:e4b,WCD43576,Escherichia phage ECML-359,"{""uid"": ""2432616925"", ""accession"": ""WCD43576"", ""title"": ""putative RecA-like recombination protein [Escherichia phage ECML-359]"", ""organism"": ""Escherichia phage ECML-359"", ""taxonId"": 2910938, ""sequence_length"": 392, ""create_date"": ""2024/01/02"", ""update_date"": ""2024/01/02"", ""dbsource"": ""insd"", ""extra"": ""gi|2432616925|gb|WCD43576.1|"", ""host"": ""Escherichia coli""}",Escherichia coli,species,The metadata explicitly states the 'host' as 'Escherichia coli'.,,metadata,True,mesophile,,"The majority of the papers discuss organisms or systems associated with the human gastrointestinal tract (gut), which is described as an 'inherently a mesophilic environment' (PMC13099351.1.txt). Furthermore, one paper explicitly notes that the stability profile of a phage is 'consistent with a mesophilic organism, showing notable cold tolerance and moderate heat resistance' (PMC13153029.1.txt). While no single paper provides a definitive optimal growth temperature for all organisms, the consistent environmental context points strongly toward mesophilic conditions.",,True,TMP_results/accessions/WCD43576/library/accession_lit,10,TMP_results/accessions/WCD43576/library/host_lit,10,800.29,end,"[""CreateAccessionLibrary"", ""ClassifyHostMetadata"", ""CreateHostLibrary"", ""FilterRelevantLiterature"", ""FilterRelevantHostLiterature"", ""SUMMARISELITERATURE"", ""ClassifySummary""]","{""CreateAccessionLibrary"": 40.03, ""ClassifyHostMetadata"": 1.93, ""FilterRelevantLiterature"": 308.37, ""FilterRelevantHostLiterature"": 204.95, ""ClassifySummary"": 5.4}",False,TMP_results/accessions/WCD43576/summary/summary.txt,"['PMC13099351.1.txt', 'PMC11434611.1.txt', 'PMC8447223.1.txt', 'PMC12055037.1.txt', 'PMC13153029.1.txt']",5,['42137495.txt'],1,
gemma4:e4b,WQN07024,Escherichia phage vB-Eco-KMB38,"{""uid"": ""2638618819"", ""accession"": ""WQN07024"", ""title"": ""RecA-like recombination protein [Escherichia phage vB-Eco-KMB38]"", ""organism"": ""Escherichia phage vB-Eco-KMB38"", ""taxonId"": 3093648, ""sequence_length"": 390, ""create_date"": ""2023/12/27"", ""update_date"": ""2023/12/27"", ""dbsource"": ""insd"", ""extra"": ""gi|2638618819|gb|WQN07024.1|"", ""host"": ""Escherichia coli KL6"", ""country"": ""Slovakia"", ""isolation_source"": ""waste water treatment plant Nove Zamky"", ""collection_date"": ""2019-05-22"", ""collected_by"": ""Michal Andrezal""}",Escherichia coli KL6,strain,The metadata explicitly states the 'host' as 'Escherichia coli KL6'.,,metadata,True,mesophile,,"The first paper (PMC12889029.1.txt) explicitly states an 'Optimal growth temperature: 37°C' and 'Incubation conditions: Overnight incubation at 37°C'. The summary notes that 'Mesophilic growth: Implied by optimal growth at 37°C.' Since 37°C is the standard human body temperature, this strongly suggests a mesophilic lifestyle. The second paper provides no thermal data. Therefore, the majority of the available evidence points to mesophily.",,True,TMP_results/accessions/WQN07024/library/accession_lit,5,TMP_results/accessions/WQN07024/library/host_lit,5,536.38,end,"[""CreateAccessionLibrary"", ""ClassifyHostMetadata"", ""CreateHostLibrary"", ""FilterRelevantLiterature"", ""FilterRelevantHostLiterature"", ""SUMMARISELITERATURE"", ""ClassifySummary""]","{""CreateAccessionLibrary"": 19.38, ""ClassifyHostMetadata"": 2.11, ""FilterRelevantLiterature"": 186.41, ""FilterRelevantHostLiterature"": 225.96, ""ClassifySummary"": 3.58}",False,TMP_results/accessions/WQN07024/summary/summary.txt,[],0,"['PMC12889029.1.txt', 'PMC12799292.1.txt']",2,
gemma4:e4b,CAK6624514,Escherichia phage AUBRB02,"{""uid"": ""2636206710"", ""accession"": ""CAK6624514"", ""title"": ""Recombination and repair protein [Escherichia phage AUBRB02]"", ""organism"": ""Escherichia phage AUBRB02"", ""taxonId"": 3101665, ""sequence_length"": 393, ""create_date"": ""2023/12/15"", ""update_date"": ""2023/12/16"", ""dbsource"": ""insd"", ""extra"": ""gi|2636206710|emb|CAK6624514.1|"", ""chromosome"": ""1""}",pubmed.ncbi.nlm.nih.gov,article,"The provided list of citations are typical academic journal articles, which are indexed by PubMed. The request implies a search or retrieval of scientific literature, making PubMed the most appropriate source.",,literature,True,mesophile,,"Three out of the six papers (PMC12108427.1.txt and PMC13147697.1.txt) provide evidence pointing towards mesophilic characteristics. 

1. **PMC12108427.1.txt:** States, ""Mesophilic growth: The phage demonstrated stability across a range including 37 °C, consistent with mesophilic conditions."" and ""Bacterial growth monitoring was conducted at 37 °C, which falls within the stable range."" 
2. **PMC13147697.1.txt:** States, ""The phages exhibited stability at 37 °C, indicating mesophilic growth characteristics."" and ""The most critical finding is the stability of the phage, which suggests it is adapted to mesophilic conditions, as evidenced by the successful replication and characterization at standard laboratory temperatures.""

Although two other papers (PMC13092993.1.txt and PMC13175575.1.txt) are entirely irrelevant to microbiology, and two others (PMC13171637.1.txt and PMC13172222.1.txt) lack sufficient data, the two papers that *do* provide comparative thermal data strongly point to mesophily based on optimal testing conditions (37 °C) and stability profiles.",,True,TMP_results/accessions/CAK6624514/library/accession_lit,5,TMP_results/accessions/CAK6624514/library/host_lit,5,771.0500000000001,end,"[""CreateAccessionLibrary"", ""ClassifyHostMetadata"", ""ClassifyHostLiterature"", ""CreateHostLibrary"", ""FilterRelevantLiterature"", ""FilterRelevantHostLiterature"", ""SUMMARISELITERATURE"", ""ClassifySummary""]","{""CreateAccessionLibrary"": 25.31, ""ClassifyHostMetadata"": 2.21, ""ClassifyHostLiterature"": 59.16, ""FilterRelevantLiterature"": 233.36, ""FilterRelevantHostLiterature"": 179.05, ""ClassifySummary"": 8.12}",False,TMP_results/accessions/CAK6624514/summary/summary.txt,"['PMC12108427.1.txt', 'PMC13147697.1.txt']",2,"['PMC13171637.1.txt', 'PMC13092993.1.txt', 'PMC13172222.1.txt', 'PMC13175575.1.txt']",4,
gemma4:e4b,UYD60058,Aeromonas phage avDM12-TAAL,"{""uid"": ""2316613823"", ""accession"": ""UYD60058"", ""title"": ""recombination and repair protein [Aeromonas phage avDM12-TAAL]"", ""organism"": ""Aeromonas phage avDM12-TAAL"", ""taxonId"": 3101605, ""sequence_length"": 411, ""create_date"": ""2023/10/14"", ""update_date"": ""2023/11/30"", ""dbsource"": ""insd"", ""extra"": ""gi|2316613823|gb|UYD60058.1|"", ""host"": ""Aeromonas hydrophila BIOTECH 10089"", ""note"": ""Viruses; Duplodnaviria; Heunggongvirae; Uroviricota; Caudoviricetes"", ""country"": ""Philippines"", ""isolation_source"": ""ake"", ""collection_date"": ""06-Nov-2015""}",Aeromonas hydrophila BIOTECH 10089,species,The metadata explicitly states the host as 'Aeromonas hydrophila BIOTECH 10089'. This is treated as a species-level identification.,,metadata,True,mesophile,,"The majority of the papers report optimal or standard growth/assay temperatures around 37°C (PMC13029702.1.txt, PMC13041473.1.txt) or a range centered around 28°C–37°C (PMC13041473.1.txt, PMC8941963.1.txt). Paper PMC12837969.1.txt also cites stability in the 10–50°C range, which encompasses mesophilic conditions. While some papers show cold tolerance (4°C) or high heat tolerance (80°C for encapsulated phages), the core operational and optimal growth temperatures cited for the bacterial components or assays fall squarely within the mesophilic range (20°C–45°C).",,True,TMP_results/accessions/UYD60058/library/accession_lit,5,TMP_results/accessions/UYD60058/library/host_lit,1,323.49,end,"[""CreateAccessionLibrary"", ""ClassifyHostMetadata"", ""CreateHostLibrary"", ""FilterRelevantLiterature"", ""FilterRelevantHostLiterature"", ""SUMMARISELITERATURE"", ""ClassifySummary""]","{""CreateAccessionLibrary"": 21.35, ""ClassifyHostMetadata"": 2.47, ""FilterRelevantLiterature"": 113.48, ""FilterRelevantHostLiterature"": 21.25, ""ClassifySummary"": 6.39}",False,TMP_results/accessions/UYD60058/summary/summary.txt,"['42043570.txt', 'PMC13029702.1.txt', 'PMC12837969.1.txt', 'PMC13041473.1.txt', '42126281.txt']",5,['PMC8941963.1.txt'],1,
gemma4:e4b,UYD59387,Aeromonas phage avDM6,"{""uid"": ""2316613149"", ""accession"": ""UYD59387"", ""title"": ""recombination and repair protein [Aeromonas phage avDM6]"", ""organism"": ""Aeromonas phage avDM6"", ""taxonId"": 3101602, ""sequence_length"": 368, ""create_date"": ""2023/10/14"", ""update_date"": ""2023/11/30"", ""dbsource"": ""insd"", ""extra"": ""gi|2316613149|gb|UYD59387.1|"", ""host"": ""Aeromonas hydrophila BIOTECH 10089"", ""note"": ""Viruses; Duplodnaviria; Heunggongvirae; Uroviricota; Caudoviricetes"", ""country"": ""Canada"", ""isolation_source"": ""sewage"", ""collection_date"": ""24-Mar-2015""}",Aeromonas hydrophila BIOTECH 10089,species,The metadata explicitly states the host as 'Aeromonas hydrophila BIOTECH 10089' under the 'host' key.,,metadata,True,mesophile,,"The majority of the papers report optimal or standard growth temperatures around 37°C (PMC13029702.1, PMC13172314.1) or a range centered around 28°C–37°C (PMC13041473.1). The paper PMC12837969.1 reports assays at 28°C and 35°C, and the environmental context suggests ambient temperatures around 26°C. These temperatures (20°C to 40°C) fall squarely within the definition of mesophilic organisms. While some papers show cold tolerance (4°C) or high heat survival (up to 80°C for encapsulated phages), the *optimal* or *standard* growth conditions cited for the bacterial components are mesophilic.",,True,TMP_results/accessions/UYD59387/library/accession_lit,10,TMP_results/accessions/UYD59387/library/host_lit,1,638.73,end,"[""CreateAccessionLibrary"", ""ClassifyHostMetadata"", ""CreateHostLibrary"", ""FilterRelevantLiterature"", ""FilterRelevantHostLiterature"", ""SUMMARISELITERATURE"", ""ClassifySummary""]","{""CreateAccessionLibrary"": 41.06, ""ClassifyHostMetadata"": 2.45, ""FilterRelevantLiterature"": 346.5, ""FilterRelevantHostLiterature"": 21.21, ""ClassifySummary"": 7.21}",False,TMP_results/accessions/UYD59387/summary/summary.txt,"['42043570.txt', 'PMC13029702.1.txt', 'PMC13172314.1.txt', 'PMC12837969.1.txt', 'PMC13041473.1.txt', '42126281.txt']",6,['PMC8941963.1.txt'],1,
gemma4:e4b,WPK18152,Escherichia phage BYEP02,"{""uid"": ""2623588320"", ""accession"": ""WPK18152"", ""title"": ""protein RecA [Escherichia phage BYEP02]"", ""organism"": ""Escherichia phage BYEP02"", ""taxonId"": 3093892, ""sequence_length"": 393, ""create_date"": ""2023/11/27"", ""update_date"": ""2023/11/27"", ""dbsource"": ""insd"", ""extra"": ""gi|2623588320|gb|WPK18152.1|"", ""host"": ""Escherichia coli BYEC05"", ""country"": ""China"", ""isolation_source"": ""pig farm"", ""identified_by"": ""yuqi zhou""}",Escherichia coli BYEC05,strain,The metadata explicitly states the 'host' as 'Escherichia coli BYEC05'.,,metadata,True,mesophile,,"The most consistent and detailed evidence points towards mesophilic characteristics. 
1. **PMC13153029.1.txt:** Optimal activity is observed at 37 °C, which is the 'physiological temperature' for many human-associated microbes, and the stable range is 4 °C to 50 °C. This range is characteristic of mesophiles.
2. **PMC12951479.1.txt:** The optimal growth temperature is explicitly stated as 37°C, and the general activity range is 30–50°C. The summary explicitly concludes that this suggests 'mesophilic characteristics.'

While one paper shows stability down to 4°C (suggesting psychrotolerance) and another shows stability up to 60°C (suggesting some thermotolerance), the convergence on an optimal temperature of 37°C and a functional range centered around moderate temperatures (30–50°C) strongly indicates a mesophilic classification for the overall set of data.",,True,TMP_results/accessions/WPK18152/library/accession_lit,6,TMP_results/accessions/WPK18152/library/host_lit,6,336.53000000000003,end,"[""CreateAccessionLibrary"", ""ClassifyHostMetadata"", ""CreateHostLibrary"", ""FilterRelevantLiterature"", ""FilterRelevantHostLiterature"", ""SUMMARISELITERATURE"", ""ClassifySummary""]","{""CreateAccessionLibrary"": 23.69, ""ClassifyHostMetadata"": 2.11, ""FilterRelevantLiterature"": 139.82, ""FilterRelevantHostLiterature"": 39.33, ""ClassifySummary"": 6.41}",False,TMP_results/accessions/WPK18152/summary/summary.txt,"['PMC13153029.1.txt', 'PMC11993411.1.txt']",2,"['42137495.txt', 'PMC12951479.1.txt']",2,
gemma4:e4b,WPJ72144,Salmonella phage CRW-SP2,"{""uid"": ""2622994203"", ""accession"": ""WPJ72144"", ""title"": ""recombination and repair protein [Salmonella phage CRW-SP2]"", ""organism"": ""Salmonella phage CRW-SP2"", ""taxonId"": 3079598, ""sequence_length"": 363, ""create_date"": ""2023/11/26"", ""update_date"": ""2023/11/26"", ""dbsource"": ""insd"", ""extra"": ""gi|2622994203|gb|WPJ72144.1|"", ""host"": ""Salmonella enterica subsp. enterica serovar Paratyphi B"", ""country"": ""Malaysia: Batu Ferringhi, Penang"", ""isolation_source"": ""contaminated river water""}",Salmonella enterica subsp. enterica serovar Paratyphi B,species,The metadata explicitly states the 'host' as 'Salmonella enterica subsp. enterica serovar Paratyphi B'.,,metadata,True,mesophile,,"All seven papers consistently report optimal or standard incubation/growth temperatures at 37°C. This temperature (37°C) is the core body temperature of humans and mammals, which defines the physiological niche for mesophiles. While no paper explicitly states, 'This organism is a mesophile,' the consistent use of 37°C for culturing human/animal pathogens strongly infers mesophilic adaptation. The absence of data suggesting growth at significantly lower (psychrophilic) or higher (thermophilic) temperatures reinforces this classification.",,True,TMP_results/accessions/WPJ72144/library/accession_lit,3,TMP_results/accessions/WPJ72144/library/host_lit,7,514.07,end,"[""CreateAccessionLibrary"", ""ClassifyHostMetadata"", ""CreateHostLibrary"", ""FilterRelevantLiterature"", ""FilterRelevantHostLiterature"", ""SUMMARISELITERATURE"", ""ClassifySummary""]","{""CreateAccessionLibrary"": 23.05, ""ClassifyHostMetadata"": 2.35, ""FilterRelevantLiterature"": 78.71, ""FilterRelevantHostLiterature"": 180.37, ""ClassifySummary"": 5.08}",False,TMP_results/accessions/WPJ72144/summary/summary.txt,[],0,"['PMC11005419.1.txt', 'PMC11256826.1.txt', 'PMC10699274.1.txt', 'PMC11108954.1.txt', 'PMC12473089.1.txt', 'PMC8715441.1.txt', 'PMC11020695.1.txt']",7,
gemma4:e4b,WPJ71756,Escherichia phage vB-Eco-KMB42,"{""uid"": ""2622993773"", ""accession"": ""WPJ71756"", ""title"": ""recombination protein [Escherichia phage vB-Eco-KMB42]"", ""organism"": ""Escherichia phage vB-Eco-KMB42"", ""taxonId"": 3092603, ""sequence_length"": 393, ""create_date"": ""2023/11/26"", ""update_date"": ""2023/11/26"", ""dbsource"": ""insd"", ""extra"": ""gi|2622993773|gb|WPJ71756.1|"", ""host"": ""Escherichia coli KL6"", ""country"": ""Slovakia: Nove Zamky city"", ""isolation_source"": ""waste water"", ""collection_date"": ""2019-04-12"", ""collected_by"": ""Michal Andrezal"", ""identified_by"": ""Hana Drahovska""}",Escherichia coli KL6,strain,The metadata explicitly contains the key 'host' with the value 'Escherichia coli KL6'.,,metadata,True,mesophile,,"The first paper (PMC12889029.1.txt) explicitly states an 'Optimal growth temperature: 37°C' and 'Incubation conditions: Overnight incubation at 37°C'. The summary notes that 'Mesophilic growth: Implied by optimal growth at 37°C.' Since 37°C is the standard human body temperature, this strongly suggests a mesophilic lifestyle. The second paper provides no thermal data. Therefore, the majority of the available evidence points to mesophily.",,True,TMP_results/accessions/WPJ71756/library/accession_lit,5,TMP_results/accessions/WPJ71756/library/host_lit,5,547.8900000000001,end,"[""CreateAccessionLibrary"", ""ClassifyHostMetadata"", ""CreateHostLibrary"", ""FilterRelevantLiterature"", ""FilterRelevantHostLiterature"", ""SUMMARISELITERATURE"", ""ClassifySummary""]","{""CreateAccessionLibrary"": 29.99, ""ClassifyHostMetadata"": 2.13, ""FilterRelevantLiterature"": 187.04, ""FilterRelevantHostLiterature"": 226.03, ""ClassifySummary"": 3.7}",False,TMP_results/accessions/WPJ71756/summary/summary.txt,[],0,"['PMC12889029.1.txt', 'PMC12799292.1.txt']",2,
gemma4:e4b,WPJ71487,Escherichia phage vB-Eco-KMB40,"{""uid"": ""2622993503"", ""accession"": ""WPJ71487"", ""title"": ""recombination protein [Escherichia phage vB-Eco-KMB40]"", ""organism"": ""Escherichia phage vB-Eco-KMB40"", ""taxonId"": 3092601, ""sequence_length"": 393, ""create_date"": ""2023/11/26"", ""update_date"": ""2023/11/26"", ""dbsource"": ""insd"", ""extra"": ""gi|2622993503|gb|WPJ71487.1|"", ""host"": ""Escherichia coli KL53"", ""country"": ""Slovakia: Nove Zamky city"", ""isolation_source"": ""waste water"", ""collection_date"": ""2019-04-15"", ""collected_by"": ""Michal Andrezal"", ""identified_by"": ""Hana Drahovska""}",Escherichia coli KL53,strain,The metadata explicitly states the 'host' as 'Escherichia coli KL53'.,,metadata,True,mesophile,,"All three papers consistently report optimal growth and incubation temperatures at 37 °C. In microbiology, organisms that thrive optimally at 37 °C are classically classified as mesophiles. While the papers do not explicitly state 'This organism is a mesophile,' the consistent use of 37 °C as the standard laboratory condition for growth strongly infers this classification. The absence of data suggesting growth at much lower (psychrophile) or much higher (thermophile) temperatures supports this inference.",,True,TMP_results/accessions/WPJ71487/library/accession_lit,5,TMP_results/accessions/WPJ71487/library/host_lit,10,582.19,end,"[""CreateAccessionLibrary"", ""ClassifyHostMetadata"", ""CreateHostLibrary"", ""FilterRelevantLiterature"", ""FilterRelevantHostLiterature"", ""SUMMARISELITERATURE"", ""ClassifySummary""]","{""CreateAccessionLibrary"": 18.57, ""ClassifyHostMetadata"": 2.17, ""FilterRelevantLiterature"": 188.03, ""FilterRelevantHostLiterature"": 270.54, ""ClassifySummary"": 3.96}",False,TMP_results/accessions/WPJ71487/summary/summary.txt,[],0,"['PMC11003894.1.txt', 'PMC8123226.1.txt', 'PMC5876489.1.txt']",3,
gemma4:e4b,WPJ71219,Escherichia phage vB-Eco-KMB39,"{""uid"": ""2622993234"", ""accession"": ""WPJ71219"", ""title"": ""recombination protein [Escherichia phage vB-Eco-KMB39]"", ""organism"": ""Escherichia phage vB-Eco-KMB39"", ""taxonId"": 3092600, ""sequence_length"": 393, ""create_date"": ""2023/11/26"", ""update_date"": ""2023/11/26"", ""dbsource"": ""insd"", ""extra"": ""gi|2622993234|gb|WPJ71219.1|"", ""host"": ""Escherichia coli KMB518"", ""country"": ""Slovakia: Nove Zamky city"", ""isolation_source"": ""waste water"", ""collection_date"": ""2019-04-12"", ""collected_by"": ""Michal Andrezal"", ""identified_by"": ""Hana Drahovska""}",Escherichia coli KMB518,strain,The metadata explicitly contains the key 'host' with the value 'Escherichia coli KMB518'.,,metadata,True,mesophile,,forced,,True,TMP_results/accessions/WPJ71219/library/accession_lit,5,TMP_results/accessions/WPJ71219/library/host_lit,10,456.4,end,"[""CreateAccessionLibrary"", ""ClassifyHostMetadata"", ""CreateHostLibrary"", ""FilterRelevantLiterature"", ""FilterRelevantHostLiterature"", ""SUMMARISELITERATURE"", ""ClassifySummary"", ""ClassifyThermalForced""]","{""CreateAccessionLibrary"": 20.84, ""ClassifyHostMetadata"": 2.31, ""FilterRelevantLiterature"": 186.82, ""FilterRelevantHostLiterature"": 206.24, ""ClassifySummary"": 2.26, ""ClassifyThermalForced"": 4.87}",False,TMP_results/accessions/WPJ71219/summary/summary.txt,[],0,['42137495.txt'],1,
gemma4:e4b,WPJ70693,Escherichia phage vB-Eco-KMB22,"{""uid"": ""2622992706"", ""accession"": ""WPJ70693"", ""title"": ""recombination protein [Escherichia phage vB-Eco-KMB22]"", ""organism"": ""Escherichia phage vB-Eco-KMB22"", ""taxonId"": 3092598, ""sequence_length"": 393, ""create_date"": ""2023/11/26"", ""update_date"": ""2023/11/26"", ""dbsource"": ""insd"", ""extra"": ""gi|2622992706|gb|WPJ70693.1|"", ""host"": ""Escherichia coli KMB507"", ""country"": ""Slovakia: Petrzalka, Bratislava"", ""isolation_source"": ""waste water from wastewater treatment plant"", ""collection_date"": ""2018-03-10"", ""collected_by"": ""Barbora Markuskova"", ""identified_by"": ""Hana Drahovska""}",Escherichia coli KMB507,strain,The metadata explicitly states the 'host' as 'Escherichia coli KMB507'.,,metadata,True,mesophile,,forced,,True,TMP_results/accessions/WPJ70693/library/accession_lit,5,TMP_results/accessions/WPJ70693/library/host_lit,10,376.78999999999996,end,"[""CreateAccessionLibrary"", ""ClassifyHostMetadata"", ""CreateHostLibrary"", ""FilterRelevantLiterature"", ""FilterRelevantHostLiterature"", ""SUMMARISELITERATURE"", ""ClassifySummary"", ""ClassifyThermalForced""]","{""CreateAccessionLibrary"": 24.06, ""ClassifyHostMetadata"": 2.2, ""FilterRelevantLiterature"": 104.84, ""FilterRelevantHostLiterature"": 206.23, ""ClassifySummary"": 2.27, ""ClassifyThermalForced"": 4.77}",False,TMP_results/accessions/WPJ70693/summary/summary.txt,[],0,['42137495.txt'],1,
gemma4:e4b,WPJ70471,Salmonella phage RA148,"{""uid"": ""2622992470"", ""accession"": ""WPJ70471"", ""title"": ""protein RecA [Salmonella phage RA148]"", ""organism"": ""Salmonella phage RA148"", ""taxonId"": 3075145, ""sequence_length"": 363, ""create_date"": ""2023/11/26"", ""update_date"": ""2023/11/26"", ""dbsource"": ""insd"", ""extra"": ""gi|2622992470|gb|WPJ70471.1|"", ""host"": ""Salmonella enterica subsp. enterica serovar Typhimurium"", ""country"": ""United Kingdom"", ""isolation_source"": ""Sewage""}",Salmonella enterica subsp. enterica serovar Typhimurium,species,The metadata explicitly states the 'host' as 'Salmonella enterica subsp. enterica serovar Typhimurium'.,,metadata,True,mesophile,,"The most detailed paper (PMC10608910.1.txt) reports that all viability and stability assays were conducted at a constant temperature of 37 °C. This temperature (37 °C) is the standard optimal growth temperature for many human pathogens and is characteristic of mesophiles. Although the paper does not explicitly state the organism is a mesophile, the consistent use of 37 °C for assays involving human sewage-derived phages strongly suggests the organisms under study are adapted to human body temperature, placing them in the mesophilic range. The other two papers lack any temperature data.",,True,TMP_results/accessions/WPJ70471/library/accession_lit,1,TMP_results/accessions/WPJ70471/library/host_lit,10,294.28000000000003,end,"[""CreateAccessionLibrary"", ""ClassifyHostMetadata"", ""CreateHostLibrary"", ""FilterRelevantLiterature"", ""FilterRelevantHostLiterature"", ""SUMMARISELITERATURE"", ""ClassifySummary""]","{""CreateAccessionLibrary"": 12.94, ""ClassifyHostMetadata"": 2.26, ""FilterRelevantLiterature"": 32.31, ""FilterRelevantHostLiterature"": 173.93, ""ClassifySummary"": 4.17}",False,TMP_results/accessions/WPJ70471/summary/summary.txt,['PMC10608910.1.txt'],1,"['42128077.txt', '42129799.txt']",2,
gemma4:e4b,WPJ21291,Klebsiella phage KP17,"{""uid"": ""2622943408"", ""accession"": ""WPJ21291"", ""title"": ""recombination and repair protein [Klebsiella phage KP17]"", ""organism"": ""Klebsiella phage KP17"", ""taxonId"": 3092584, ""sequence_length"": 391, ""create_date"": ""2023/11/26"", ""update_date"": ""2023/11/26"", ""dbsource"": ""insd"", ""extra"": ""gi|2622943408|gb|WPJ21291.1|"", ""host"": ""Klebsiella pneumoniae KP075"", ""country"": ""India"", ""collection_date"": ""15-Nov-2020"", ""collected_by"": ""Pallavi Bhat Ajakkala"", ""altitude"": ""22 m""}",Klebsiella pneumoniae KP075,strain,The metadata explicitly states the 'host' as 'Klebsiella pneumoniae KP075'.,,metadata,True,mesophile,,"The second paper (PMC12820288.1.txt) explicitly states: 'The phages exhibited optimal performance at 37 °C, consistent with mesophilic organisms.' Furthermore, the optimal growth temperature cited across multiple papers (PMC10581060.1.txt and PMC12820288.1.txt) is 37°C, which is the standard temperature for human body/ambient conditions, characteristic of mesophiles. The other papers lack sufficient thermal data to classify the organism.",,True,TMP_results/accessions/WPJ21291/library/accession_lit,5,TMP_results/accessions/WPJ21291/library/host_lit,10,547.88,end,"[""CreateAccessionLibrary"", ""ClassifyHostMetadata"", ""CreateHostLibrary"", ""FilterRelevantLiterature"", ""FilterRelevantHostLiterature"", ""SUMMARISELITERATURE"", ""ClassifySummary""]","{""CreateAccessionLibrary"": 31.8, ""ClassifyHostMetadata"": 2.18, ""FilterRelevantLiterature"": 178.33, ""FilterRelevantHostLiterature"": 208.25, ""ClassifySummary"": 4.76}",False,TMP_results/accessions/WPJ21291/summary/summary.txt,"['PMC10581060.1.txt', 'PMC12820288.1.txt']",2,"['42137662.txt', '42136743.txt', '42137809.txt']",3,
gemma4:e4b,WPH58411,Streptomyces phage Spelly,"{""uid"": ""2622103393"", ""accession"": ""WPH58411"", ""title"": ""RecA-like DNA recombinase [Streptomyces phage Spelly]"", ""organism"": ""Streptomyces phage Spelly"", ""taxonId"": 3035392, ""sequence_length"": 334, ""create_date"": ""2023/11/25"", ""update_date"": ""2023/11/25"", ""dbsource"": ""insd"", ""extra"": ""gi|2622103393|gb|WPH58411.1|"", ""lab_host"": ""Streptomyces griseus ATCC 10137"", ""country"": ""USA: Jaasper, IN"", ""isolation_source"": ""soil"", ""lat_lon"": ""38.44025 N 87.01399 W"", ""collection_date"": ""01-Oct-2022"", ""collected_by"": ""Kayli Hoffman"", ""identified_by"": ""Kayli Hoffman""}",Streptomyces griseus ATCC 10137,species,"The metadata contains the key 'lab_host' with the value 'Streptomyces griseus ATCC 10137', which explicitly states the host organism.",,metadata,True,mesophile,,"The majority of the papers (PMC10793280.1, PMC13097060.1, PMC11705968.1, 22433896.txt, PMC12154043.1.txt) report optimal or tested growth/incubation temperatures in the range of 20°C to 37°C. These temperatures are characteristic of mesophiles. While one paper (PMC11294657.1.txt) shows evidence of thermophilic enzymes, the overall trend across the majority of the provided summaries points towards mesophilic conditions being the primary focus or observed range for the isolated microbes/enzymes.",,True,TMP_results/accessions/WPH58411/library/accession_lit,1,TMP_results/accessions/WPH58411/library/host_lit,10,361.3,end,"[""CreateAccessionLibrary"", ""ClassifyHostMetadata"", ""CreateHostLibrary"", ""FilterRelevantLiterature"", ""FilterRelevantHostLiterature"", ""SUMMARISELITERATURE"", ""ClassifySummary""]","{""CreateAccessionLibrary"": 19.68, ""ClassifyHostMetadata"": 2.6, ""FilterRelevantLiterature"": 7.97, ""FilterRelevantHostLiterature"": 136.58, ""ClassifySummary"": 6.57}",False,TMP_results/accessions/WPH58411/summary/summary.txt,['PMC10793280.1.txt'],1,"['PMC13097060.1.txt', 'PMC11705968.1.txt', 'PMC5511901.1.txt', 'PMC11294657.1.txt', '23948258.txt', 'PMC12154043.1.txt', '22433896.txt', 'PMC12879165.1.txt']",8,
gemma4:e4b,BEU75481,Staphylococcus phage phiSNIID,"{""uid"": ""2623849648"", ""accession"": ""BEU75481"", ""title"": ""UvsX-like recombinase [Staphylococcus phage phiSNIID]"", ""organism"": ""Staphylococcus phage phiSNIID"", ""taxonId"": 3092519, ""sequence_length"": 418, ""create_date"": ""2023/11/22"", ""update_date"": ""2023/11/22"", ""dbsource"": ""insd"", ""extra"": ""gi|2623849648|dbj|BEU75481.1|"", ""strain"": ""phiSNIID"", ""country"": ""Japan:Shinjuku"", ""isolation_source"": ""sewage"", ""collection_date"": ""2022-05-10""}",Staphylococcus,genus,"The 'title' field explicitly mentions '[Staphylococcus phage phiSNIID]', indicating the phage is associated with Staphylococcus. The 'organism' field is 'Staphylococcus phage phiSNIID', which also points to Staphylococcus.",,metadata,True,mesophile,,forced,,True,TMP_results/accessions/BEU75481/library/accession_lit,9,TMP_results/accessions/BEU75481/library/host_lit,10,637.41,end,"[""CreateAccessionLibrary"", ""ClassifyHostMetadata"", ""CreateHostLibrary"", ""FilterRelevantLiterature"", ""FilterRelevantHostLiterature"", ""SUMMARISELITERATURE"", ""ClassifySummary"", ""ClassifyThermalForced""]","{""CreateAccessionLibrary"": 33.67, ""ClassifyHostMetadata"": 2.43, ""FilterRelevantLiterature"": 249.06, ""FilterRelevantHostLiterature"": 172.61, ""ClassifySummary"": 6.55, ""ClassifyThermalForced"": 4.77}",False,TMP_results/accessions/BEU75481/summary/summary.txt,['PMC13172421.1.txt'],1,"['PMC13173913.1.txt', 'PMC13172142.1.txt', '42136796.txt']",3,
gemma4:e4b,WOZ56556,Klebsiella phage P01,"{""uid"": ""2618968147"", ""accession"": ""WOZ56556"", ""title"": ""protein RecA [Klebsiella phage P01]"", ""organism"": ""Klebsiella phage P01"", ""taxonId"": 3079606, ""sequence_length"": 361, ""create_date"": ""2023/11/13"", ""update_date"": ""2023/11/13"", ""dbsource"": ""insd"", ""extra"": ""gi|2618968147|gb|WOZ56556.1|"", ""host"": ""Klebsiella pneumoniae"", ""country"": ""China: Shanghai"", ""isolation_source"": ""river water"", ""collection_date"": ""2022-01-10""}",Klebsiella pneumoniae,species,The metadata explicitly contains the key 'host' with the value 'Klebsiella pneumoniae'.,,metadata,True,mesophile,,forced,,True,TMP_results/accessions/WOZ56556/library/accession_lit,5,TMP_results/accessions/WOZ56556/library/host_lit,10,547.3,end,"[""CreateAccessionLibrary"", ""ClassifyHostMetadata"", ""CreateHostLibrary"", ""FilterRelevantLiterature"", ""FilterRelevantHostLiterature"", ""SUMMARISELITERATURE"", ""ClassifySummary"", ""ClassifyThermalForced""]","{""CreateAccessionLibrary"": 28.12, ""ClassifyHostMetadata"": 2.07, ""FilterRelevantLiterature"": 185.34, ""FilterRelevantHostLiterature"": 210.81, ""ClassifySummary"": 4.13, ""ClassifyThermalForced"": 4.92}",False,TMP_results/accessions/WOZ56556/summary/summary.txt,"['PMC12844251.1.txt', 'PMC11456439.1.txt']",2,"['42137662.txt', '42136743.txt', '42137809.txt']",3,
gemma4:e4b,WOZ17414,Staphylococcus phage vB_SauM-V1SA09,"{""uid"": ""2618404454"", ""accession"": ""WOZ17414"", ""title"": ""recombination protein [Staphylococcus phage vB_SauM-V1SA09]"", ""organism"": ""Staphylococcus phage vB_SauM-V1SA09"", ""taxonId"": 3090830, ""sequence_length"": 418, ""create_date"": ""2023/11/12"", ""update_date"": ""2023/11/12"", ""dbsource"": ""insd"", ""extra"": ""gi|2618404454|gb|WOZ17414.1|"", ""host"": ""Staphylococcus aureus"", ""country"": ""France"", ""isolation_source"": ""waste water"", ""collection_date"": ""2020""}",Staphylococcus aureus,species,The metadata explicitly contains the key 'host' with the value 'Staphylococcus aureus'.,,metadata,True,mesophile,,"Multiple papers (PMC12748576.1.txt, PMC12847845.1.txt, PMC12660161.1.txt, PMC13170905.1.txt) explicitly or implicitly use 37°C as the optimal or standard incubation temperature for bacterial growth and phage activity. 37°C is the typical core body temperature of mammals, which defines mesophilic conditions. While some papers show broad tolerance (4-60°C), the consistent use of 37°C points strongly to a mesophilic classification. The summary for PMC12748576.1.txt explicitly states: 'The phage demonstrated optimal replication and activity at 37 °C, consistent with mesophilic growth.'",,True,TMP_results/accessions/WOZ17414/library/accession_lit,6,TMP_results/accessions/WOZ17414/library/host_lit,10,876.8299999999999,end,"[""CreateAccessionLibrary"", ""ClassifyHostMetadata"", ""CreateHostLibrary"", ""FilterRelevantLiterature"", ""FilterRelevantHostLiterature"", ""SUMMARISELITERATURE"", ""ClassifySummary""]","{""CreateAccessionLibrary"": 25.0, ""ClassifyHostMetadata"": 2.03, ""FilterRelevantLiterature"": 184.14, ""FilterRelevantHostLiterature"": 263.14, ""ClassifySummary"": 7.01}",False,TMP_results/accessions/WOZ17414/summary/summary.txt,"['41406564.txt', 'PMC12748576.1.txt', 'PMC11494967.1.txt', 'PMC12847845.1.txt', 'PMC12660161.1.txt']",5,"['PMC13173913.1.txt', 'PMC13170905.1.txt', 'PMC13169968.1.txt', 'PMC13170976.1.txt', 'PMC13172142.1.txt', 'PMC13170029.1.txt']",6,
gemma4:e4b,WOL24921,Vibrio phage PG216,"{""uid"": ""2600979777"", ""accession"": ""WOL24921"", ""title"": ""DNA repair protein [Vibrio phage PG216]"", ""organism"": ""Vibrio phage PG216"", ""taxonId"": 3073608, ""sequence_length"": 366, ""create_date"": ""2023/10/31"", ""update_date"": ""2023/10/31"", ""dbsource"": ""insd"", ""extra"": ""gi|2600979777|gb|WOL24921.1|"", ""host"": ""Vibrio parahaemolyticus G299"", ""country"": ""China"", ""isolation_source"": ""seawater"", ""collection_date"": ""22-Aug-2022""}",Vibrio parahaemolyticus G299,strain,The metadata explicitly contains the key 'host' with the value 'Vibrio parahaemolyticus G299'.,,metadata,True,mesophile,,"The most informative paper (PMC12685585.1.txt) shows optimal growth at 27°C and a tested range of 4–37°C. The use of 37°C (human body temperature) and 27°C (standard lab incubation) for growth/adsorption assays, combined with stability across this range, strongly suggests mesophilic characteristics. While 'mesophile' is not explicitly stated, the temperature profile (4–37°C) is the classic definition range for mesophiles. Other papers lack sufficient data to classify the organism.",,True,TMP_results/accessions/WOL24921/library/accession_lit,4,TMP_results/accessions/WOL24921/library/host_lit,4,384.11,end,"[""CreateAccessionLibrary"", ""ClassifyHostMetadata"", ""CreateHostLibrary"", ""FilterRelevantLiterature"", ""FilterRelevantHostLiterature"", ""SUMMARISELITERATURE"", ""ClassifySummary""]","{""CreateAccessionLibrary"": 19.98, ""ClassifyHostMetadata"": 2.28, ""FilterRelevantLiterature"": 100.1, ""FilterRelevantHostLiterature"": 96.54, ""ClassifySummary"": 5.26}",False,TMP_results/accessions/WOL24921/summary/summary.txt,"['PMC12685585.1.txt', '39762632.txt', 'PMC11246558.1.txt']",3,"['39762632.txt', 'PMC12614218.1.txt', 'PMC3216949.1.txt']",3,
gemma4:e4b,QEG11013,Klebsiella phage KMI12,"{""uid"": ""1726262596"", ""accession"": ""QEG11013"", ""title"": ""recombinase [Klebsiella phage KMI12]"", ""organism"": ""Klebsiella phage KMI12"", ""taxonId"": 2902952, ""sequence_length"": 391, ""create_date"": ""2019/08/25"", ""update_date"": ""2023/10/26"", ""dbsource"": ""insd"", ""extra"": ""gi|1726262596|gb|QEG11013.1|"", ""host"": ""Klebsiella oxytoca; Klebsiella penumoniae"", ""country"": ""Australia""}",Klebsiella oxytoca; Klebsiella penumoniae,species,"The metadata explicitly lists 'host': 'Klebsiella oxytoca; Klebsiella penumoniae'. Since both are species names, the most specific level mentioned is 'species'.",,metadata,True,mesophile,,"The first paper (PMC13175332.1.txt) explicitly states that the primary incubation conditions employed were at 37 °C, which is the standard optimal growth temperature for most human pathogens and is characteristic of mesophiles. The other papers either lack temperature data or describe environmental sources that do not strongly suggest an extreme temperature preference. Since the most detailed paper reports incubation at 37 °C, the best inference is mesophilic.",,True,TMP_results/accessions/QEG11013/library/accession_lit,3,TMP_results/accessions/QEG11013/library/host_lit,5,580.99,end,"[""CreateAccessionLibrary"", ""ClassifyHostMetadata"", ""CreateHostLibrary"", ""FilterRelevantLiterature"", ""FilterRelevantHostLiterature"", ""SUMMARISELITERATURE"", ""ClassifySummary""]","{""CreateAccessionLibrary"": 20.74, ""ClassifyHostMetadata"": 2.52, ""FilterRelevantLiterature"": 86.79, ""FilterRelevantHostLiterature"": 221.04, ""ClassifySummary"": 4.03}",False,TMP_results/accessions/QEG11013/summary/summary.txt,[],0,"['PMC13175332.1.txt', 'PMC12709934.1.txt', 'PMC12127373.1.txt', 'PMC13028041.1.txt', 'PMC12144181.1.txt']",5,
gemma4:e4b,WOF01167,Enterobacter phage vB_Ent31,"{""uid"": ""2594431635"", ""accession"": ""WOF01167"", ""title"": ""recombinase [Enterobacter phage vB_Ent31]"", ""organism"": ""Enterobacter phage vB_Ent31"", ""taxonId"": 3079656, ""sequence_length"": 396, ""create_date"": ""2023/10/25"", ""update_date"": ""2023/10/25"", ""dbsource"": ""insd"", ""extra"": ""gi|2594431635|gb|WOF01167.1|"", ""host"": ""Enterobacter sp."", ""country"": ""China: Hainan Province"", ""isolation_source"": ""river in Fu'an Village"", ""identified_by"": ""Mengyuan Li""}",Enterobacter sp.,genus,The metadata explicitly states the 'host' as 'Enterobacter sp.'.,,metadata,True,mesophile,,"Multiple papers report optimal or standard incubation temperatures at 37°C (PMC12584729.1.txt, PMC11963603.1.txt, PMC13162171.1.txt, PMC13172314.1.txt, PMC13166171.1.txt). The optimal growth temperature of 37°C is the classic benchmark for mesophilic organisms. While some papers show wider ranges (e.g., 4-50°C), the consistent use of 37°C for standard assays strongly suggests a mesophilic adaptation. The paper 42129442.txt shows optimal activity at 45-55°C, which is slightly higher but still within a broad mesophilic/moderate range, and the paper 42128682.txt shows tolerance up to 60°C, which is high but not definitively thermophilic without an optimal growth temperature above 50°C.",,True,TMP_results/accessions/WOF01167/library/accession_lit,5,TMP_results/accessions/WOF01167/library/host_lit,10,866.1600000000001,end,"[""CreateAccessionLibrary"", ""ClassifyHostMetadata"", ""CreateHostLibrary"", ""FilterRelevantLiterature"", ""FilterRelevantHostLiterature"", ""SUMMARISELITERATURE"", ""ClassifySummary""]","{""CreateAccessionLibrary"": 25.65, ""ClassifyHostMetadata"": 1.95, ""FilterRelevantLiterature"": 192.53, ""FilterRelevantHostLiterature"": 328.94, ""ClassifySummary"": 7.55}",False,TMP_results/accessions/WOF01167/summary/summary.txt,"['PMC12584729.1.txt', 'PMC11963603.1.txt', '40022945.txt']",3,"['PMC13162171.1.txt', 'PMC13172314.1.txt', '42129442.txt', 'PMC13172142.1.txt', '42133148.txt', '42128682.txt', 'PMC13166171.1.txt']",7,
gemma4:e4b,UGL60147,Salmonella phage vB_SenAc-pSC20,"{""uid"": ""2162913678"", ""accession"": ""UGL60147"", ""title"": ""RecA-like recombination protein [Salmonella phage vB_SenAc-pSC20]"", ""organism"": ""Salmonella phage vB_SenAc-pSC20"", ""taxonId"": 2894724, ""sequence_length"": 356, ""create_date"": ""2023/10/15"", ""update_date"": ""2023/10/15"", ""dbsource"": ""insd"", ""extra"": ""gi|2162913678|gb|UGL60147.1|"", ""host"": ""Salmonella enterica subsp. enterica serovar Enteritidis"", ""country"": ""South Korea"", ""isolation_source"": ""sewage"", ""collection_date"": ""Jan-2021""}",Salmonella enterica subsp. enterica serovar Enteritidis,species,The metadata explicitly states the 'host' as 'Salmonella enterica subsp. enterica serovar Enteritidis'.,,metadata,True,mesophile,,"Multiple papers provide evidence pointing towards mesophilic characteristics. Paper PMC12980165.1.txt states that bacterial growth and phage propagation were optimized at 37 °C, which is the standard optimal temperature for human pathogens and typical mesophiles. Paper 42061220.txt notes a survival range up to 37°C, and Paper 41990421.txt shows a growth range encompassing typical mesophilic conditions. While some papers show cold tolerance (4°C) or stability up to 60°C, the *optimal* or *most frequently cited* physiological temperature points to the human body temperature (37°C), which defines a mesophile. Therefore, mesophile is the best overall classification based on the collective evidence.",,True,TMP_results/accessions/UGL60147/library/accession_lit,5,TMP_results/accessions/UGL60147/library/host_lit,10,642.07,end,"[""CreateAccessionLibrary"", ""ClassifyHostMetadata"", ""CreateHostLibrary"", ""FilterRelevantLiterature"", ""FilterRelevantHostLiterature"", ""SUMMARISELITERATURE"", ""ClassifySummary""]","{""CreateAccessionLibrary"": 17.8, ""ClassifyHostMetadata"": 2.38, ""FilterRelevantLiterature"": 79.33, ""FilterRelevantHostLiterature"": 297.61, ""ClassifySummary"": 7.35}",False,TMP_results/accessions/UGL60147/summary/summary.txt,"['41942208.txt', 'PMC12980165.1.txt', '42061220.txt', '41990421.txt']",4,"['42129025.txt', 'PMC13164475.1.txt', 'PMC13172551.1.txt', 'PMC13175609.1.txt', '42124451.txt', 'PMC13162980.1.txt']",6,
gemma4:e4b,WNO29881,Bacillus phage SDFMU_Pbc,"{""uid"": ""2583881058"", ""accession"": ""WNO29881"", ""title"": ""putative DNA recombination and repair protein [Bacillus phage SDFMU_Pbc]"", ""organism"": ""Bacillus phage SDFMU_Pbc"", ""taxonId"": 3076135, ""sequence_length"": 404, ""create_date"": ""2023/10/04"", ""update_date"": ""2023/10/04"", ""dbsource"": ""insd"", ""extra"": ""gi|2583881058|gb|WNO29881.1|"", ""lab_host"": ""Bacillus subtilis"", ""country"": ""China"", ""isolation_source"": ""housefly larval intestines"", ""collection_date"": ""2019-11"", ""collected_by"": ""Zhang Xinyu""}",Bacillus subtilis,species,"The metadata contains the key 'lab_host' with the value 'Bacillus subtilis', which explicitly states the host organism.",,metadata,True,mesophile,,"Multiple papers (PMC13174948.1.txt, PMC13168008.1.txt, PMC13167987.1.txt, PMC13168905.1.txt) consistently report or imply an optimal/incubation temperature of 37°C. Since 37°C is the standard temperature for human body temperature and is generally considered the optimal growth range for many non-extremophile bacteria, this strongly suggests a mesophilic lifestyle. While one paper notes the presence of an 'alkalithermophilic bacterium' (PMC13171924.1.txt), the majority of the direct, repeated evidence points to 37°C incubation, which defines mesophily.",,True,TMP_results/accessions/WNO29881/library/accession_lit,0,TMP_results/accessions/WNO29881/library/host_lit,10,630.4000000000001,end,"[""CreateAccessionLibrary"", ""ClassifyHostMetadata"", ""CreateHostLibrary"", ""FilterRelevantLiterature"", ""FilterRelevantHostLiterature"", ""SUMMARISELITERATURE"", ""ClassifySummary""]","{""CreateAccessionLibrary"": 2.49, ""ClassifyHostMetadata"": 2.17, ""FilterRelevantLiterature"": 0.0, ""FilterRelevantHostLiterature"": 309.63, ""ClassifySummary"": 6.94}",False,TMP_results/accessions/WNO29881/summary/summary.txt,[],0,"['PMC13174948.1.txt', 'PMC13168008.1.txt', 'PMC13167987.1.txt', '42136362.txt', 'PMC13171924.1.txt', 'PMC13172181.1.txt', 'PMC13172537.1.txt', 'PMC13168905.1.txt', '42135992.txt']",9,
gemma4:e4b,WNM74744,Streptomyces phage PinkiePie,"{""uid"": ""2582518609"", ""accession"": ""WNM74744"", ""title"": ""RecA-like DNA recombinase [Streptomyces phage PinkiePie]"", ""organism"": ""Streptomyces phage PinkiePie"", ""taxonId"": 3075177, ""sequence_length"": 334, ""create_date"": ""2023/10/02"", ""update_date"": ""2023/10/02"", ""dbsource"": ""insd"", ""extra"": ""gi|2582518609|gb|WNM74744.1|"", ""lab_host"": ""Streptomyces lividans JI 1326"", ""country"": ""USA"", ""isolation_source"": ""soil"", ""lat_lon"": ""38.643745 N 90.298538 W"", ""collection_date"": ""01-Sep-2022"", ""collected_by"": ""M Repking, S Zhang, A Liu"", ""identified_by"": ""M Repking, S Zhang, A Liu""}",Streptomyces lividans JI 1326,strain,"The metadata contains the key 'lab_host' with the value 'Streptomyces lividans JI 1326', which explicitly states the host organism.",,metadata,True,mesophile,,"The majority of the papers (PMC10956176.1, PMC11413697.1, PMC10690885.1, PMC7170507.1) report optimal or standard laboratory growth temperatures around 30°C to 37°C. These temperatures fall squarely within the typical range associated with mesophiles. While one paper (PMC13172421.1) suggests thermotolerance due to hot spring/tannery sources, the overall pattern from the majority of the provided summaries points to mesophilic conditions being the most frequently documented or implied growth range.",,True,TMP_results/accessions/WNM74744/library/accession_lit,9,TMP_results/accessions/WNM74744/library/host_lit,6,602.81,end,"[""CreateAccessionLibrary"", ""ClassifyHostMetadata"", ""CreateHostLibrary"", ""FilterRelevantLiterature"", ""FilterRelevantHostLiterature"", ""SUMMARISELITERATURE"", ""ClassifySummary""]","{""CreateAccessionLibrary"": 39.7, ""ClassifyHostMetadata"": 2.51, ""FilterRelevantLiterature"": 243.55, ""FilterRelevantHostLiterature"": 115.57, ""ClassifySummary"": 6.27}",False,TMP_results/accessions/WNM74744/summary/summary.txt,"['PMC13172421.1.txt', '42089638.txt']",2,"['PMC10956176.1.txt', 'PMC11413697.1.txt', 'PMC10690885.1.txt', 'PMC7170507.1.txt', '2516871.txt']",5,
gemma4:e4b,WNM73673,Streptomyces phage Sollertia,"{""uid"": ""2582517522"", ""accession"": ""WNM73673"", ""title"": ""RecA-like DNA recombinase [Streptomyces phage Sollertia]"", ""organism"": ""Streptomyces phage Sollertia"", ""taxonId"": 3075178, ""sequence_length"": 334, ""create_date"": ""2023/10/02"", ""update_date"": ""2023/10/02"", ""dbsource"": ""insd"", ""extra"": ""gi|2582517522|gb|WNM73673.1|"", ""lab_host"": ""Streptomyces lividans JI 1326"", ""country"": ""USA"", ""isolation_source"": ""soil"", ""lat_lon"": ""38.647221 N 90.302223 W"", ""collection_date"": ""01-Sep-2022"", ""collected_by"": ""A Tran & D Li"", ""identified_by"": ""A Tran & D Li""}",Streptomyces lividans JI 1326,strain,The metadata explicitly lists 'lab_host' as 'Streptomyces lividans JI 1326'.,,metadata,True,mesophile,,"The majority of the papers (PMC13097060.1.txt, PMC10956176.1.txt, PMC10690885.1.txt, PMC7170507.1.txt) report optimal or primary incubation temperatures around 28°C to 30°C. These temperatures fall squarely within the typical range for mesophiles (generally 20°C to 45°C). While some papers do not explicitly state 'mesophile,' the consistent use of 30°C as a primary incubation temperature strongly suggests mesophilic conditions. PMC11413697.1.txt also supports this with 28°C and 34°C. The absence of consistently high (e.g., >50°C) or consistently low (e.g., <15°C) optimal temperatures, combined with the frequent mention of 30°C, leads to this inference.",,True,TMP_results/accessions/WNM73673/library/accession_lit,5,TMP_results/accessions/WNM73673/library/host_lit,6,344.25,end,"[""CreateAccessionLibrary"", ""ClassifyHostMetadata"", ""CreateHostLibrary"", ""FilterRelevantLiterature"", ""FilterRelevantHostLiterature"", ""SUMMARISELITERATURE"", ""ClassifySummary""]","{""CreateAccessionLibrary"": 19.05, ""ClassifyHostMetadata"": 2.37, ""FilterRelevantLiterature"": 43.43, ""FilterRelevantHostLiterature"": 115.28, ""ClassifySummary"": 7.26}",False,TMP_results/accessions/WNM73673/summary/summary.txt,"['PMC13097060.1.txt', '42089638.txt']",2,"['PMC10956176.1.txt', 'PMC11413697.1.txt', 'PMC10690885.1.txt', 'PMC7170507.1.txt', '2516871.txt']",5,
gemma4:e4b,WNM72963,Streptomyces phage Persimmon,"{""uid"": ""2582516805"", ""accession"": ""WNM72963"", ""title"": ""RecA-like DNA recombinase [Streptomyces phage Persimmon]"", ""organism"": ""Streptomyces phage Persimmon"", ""taxonId"": 3075176, ""sequence_length"": 334, ""create_date"": ""2023/10/02"", ""update_date"": ""2023/10/02"", ""dbsource"": ""insd"", ""extra"": ""gi|2582516805|gb|WNM72963.1|"", ""lab_host"": ""Streptomyces lividans JI 1326"", ""country"": ""USA"", ""isolation_source"": ""soil"", ""lat_lon"": ""38.643333 N 90.291389 W"", ""collection_date"": ""01-Sep-2021"", ""collected_by"": ""W Li & M Shang"", ""identified_by"": ""W Li & M Shang""}",Streptomyces lividans JI 1326,strain,The metadata explicitly lists 'lab_host' as 'Streptomyces lividans JI 1326'.,,metadata,True,mesophile,,"The majority of the papers report optimal or standard incubation temperatures around 30°C (PMC10956176.1.txt, PMC10690885.1.txt) or 37°C (PMC7170507.1.txt), and one paper reports 28-34°C (PMC11413697.1.txt). These temperatures fall squarely within the typical range for mesophiles (generally 20°C to 45°C). While no paper explicitly states 'mesophile,' the consistent use of temperatures like 30°C and 37°C, without evidence of adaptation to very low (psychrophile) or very high (thermophile) temperatures, strongly suggests a mesophilic classification. The paper PMC10956176.1.txt explicitly states 'Mesophilic growth: Implied by the optimal growth temperature of 30°C.'",,True,TMP_results/accessions/WNM72963/library/accession_lit,5,TMP_results/accessions/WNM72963/library/host_lit,6,506.69000000000005,end,"[""CreateAccessionLibrary"", ""ClassifyHostMetadata"", ""CreateHostLibrary"", ""FilterRelevantLiterature"", ""FilterRelevantHostLiterature"", ""SUMMARISELITERATURE"", ""ClassifySummary""]","{""CreateAccessionLibrary"": 22.71, ""ClassifyHostMetadata"": 2.39, ""FilterRelevantLiterature"": 210.86, ""FilterRelevantHostLiterature"": 115.54, ""ClassifySummary"": 6.75}",False,TMP_results/accessions/WNM72963/summary/summary.txt,['PMC12160451.1.txt'],1,"['PMC10956176.1.txt', 'PMC11413697.1.txt', 'PMC10690885.1.txt', 'PMC7170507.1.txt', '2516871.txt']",5,
gemma4:e4b,WNL50962,Synechococcus phage S-CREM2,"{""uid"": ""2581899043"", ""accession"": ""WNL50962"", ""title"": ""recombinase [Synechococcus phage S-CREM2]"", ""organism"": ""Synechococcus phage S-CREM2"", ""taxonId"": 3075959, ""sequence_length"": 335, ""create_date"": ""2023/10/01"", ""update_date"": ""2023/10/01"", ""dbsource"": ""insd"", ""extra"": ""gi|2581899043|gb|WNL50962.1|"", ""host"": ""Synechococcus sp. CRE1902"", ""country"": ""China"", ""isolation_source"": ""Changjiang River estuary surface water"", ""collection_date"": ""2019-07-01""}",Synechococcus sp. CRE1902,species,The metadata explicitly states the 'host' as 'Synechococcus sp. CRE1902'.,,metadata,True,mesophile,,forced,,True,TMP_results/accessions/WNL50962/library/accession_lit,2,TMP_results/accessions/WNL50962/library/host_lit,6,238.24,end,"[""CreateAccessionLibrary"", ""ClassifyHostMetadata"", ""CreateHostLibrary"", ""FilterRelevantLiterature"", ""FilterRelevantHostLiterature"", ""SUMMARISELITERATURE"", ""ClassifySummary"", ""ClassifyThermalForced""]","{""CreateAccessionLibrary"": 16.41, ""ClassifyHostMetadata"": 2.33, ""FilterRelevantLiterature"": 44.96, ""FilterRelevantHostLiterature"": 75.11, ""ClassifySummary"": 5.33, ""ClassifyThermalForced"": 4.31}",False,TMP_results/accessions/WNL50962/summary/summary.txt,"['PMC11187692.1.txt', 'PMC10665884.1.txt']",2,"['PMC10665884.1.txt', '42018485.txt', '42108655.txt', '42001749.txt', '42082731.txt']",5,
gemma4:e4b,USL85923,Enterobacter phage fGh-Ecl02,"{""uid"": ""2258078831"", ""accession"": ""USL85923"", ""title"": ""RecA-like recombination protein [Enterobacter phage fGh-Ecl02]"", ""organism"": ""Enterobacter phage fGh-Ecl02"", ""taxonId"": 2935061, ""sequence_length"": 361, ""create_date"": ""2022/06/27"", ""update_date"": ""2023/08/31"", ""dbsource"": ""insd"", ""extra"": ""gi|2258078831|gb|USL85923.1|"", ""host"": ""Enterobacter cloacae"", ""country"": ""Ghana"", ""isolation_source"": ""vegetable farm irrigation pond""}",Enterobacter cloacae,species,The metadata explicitly states the 'host' as 'Enterobacter cloacae'.,,metadata,True,mesophile,,"The majority of the papers (PMC10791037.1, PMC13165833.1, PMC13172314.1, PMC13108393.1) report standard laboratory incubation temperatures of 37°C for bacterial growth and assays. 37°C is the optimal growth temperature for most human and animal pathogens, which are typically classified as mesophiles. While one paper (42128682.txt) mentions tolerance up to 60°C, the overall context across the multiple studies points to standard human pathogen culture conditions (37°C).",,True,TMP_results/accessions/USL85923/library/accession_lit,2,TMP_results/accessions/USL85923/library/host_lit,10,671.61,end,"[""CreateAccessionLibrary"", ""ClassifyHostMetadata"", ""CreateHostLibrary"", ""FilterRelevantLiterature"", ""FilterRelevantHostLiterature"", ""SUMMARISELITERATURE"", ""ClassifySummary""]","{""CreateAccessionLibrary"": 18.37, ""ClassifyHostMetadata"": 2.03, ""FilterRelevantLiterature"": 73.23, ""FilterRelevantHostLiterature"": 333.77, ""ClassifySummary"": 6.22}",False,TMP_results/accessions/USL85923/summary/summary.txt,['PMC10791037.1.txt'],1,"['PMC13158018.1.txt', 'PMC13165833.1.txt', 'PMC13172314.1.txt', 'PMC13108393.1.txt', '42133148.txt', '42128682.txt']",6,
gemma4:e4b,UVK61175,Streptomyces phage Angela,"{""uid"": ""2289701603"", ""accession"": ""UVK61175"", ""title"": ""RecA-like DNA recombinase [Streptomyces phage Angela]"", ""organism"": ""Streptomyces phage Angela"", ""taxonId"": 2965223, ""sequence_length"": 334, ""create_date"": ""2022/08/31"", ""update_date"": ""2023/08/29"", ""dbsource"": ""insd"", ""extra"": ""gi|2289701603|gb|UVK61175.1|"", ""lab_host"": ""Streptomyces griseus ATCC 10137"", ""country"": ""USA: Evansville, IN"", ""isolation_source"": ""soil"", ""lat_lon"": ""37.972527 N 87.532478 W"", ""collection_date"": ""01-Oct-2020"", ""collected_by"": ""Angela Jones"", ""identified_by"": ""Angela Jones""}",Streptomyces griseus ATCC 10137,species,"The metadata contains the key 'lab_host' with the value 'Streptomyces griseus ATCC 10137', which explicitly states the host organism.",,metadata,True,mesophile,,"The majority of the provided summaries (PMC12405351.1.txt, PMC11705968.1.txt, 22433896.txt) show optimal or tested growth temperatures clustered around 30–40°C (e.g., 40°C, 30–37°C, 28°C). These temperatures are characteristic of mesophiles. While one paper (PMC11294657.1.txt) shows evidence of thermophilic enzymes, the overall trend across the multiple summaries points towards mesophilic conditions being the most frequently observed or implied optimal range for the studied organisms/enzymes.",,True,TMP_results/accessions/UVK61175/library/accession_lit,3,TMP_results/accessions/UVK61175/library/host_lit,10,529.4499999999999,end,"[""CreateAccessionLibrary"", ""ClassifyHostMetadata"", ""CreateHostLibrary"", ""FilterRelevantLiterature"", ""FilterRelevantHostLiterature"", ""SUMMARISELITERATURE"", ""ClassifySummary""]","{""CreateAccessionLibrary"": 21.42, ""ClassifyHostMetadata"": 2.58, ""FilterRelevantLiterature"": 142.09, ""FilterRelevantHostLiterature"": 136.76, ""ClassifySummary"": 6.86}",False,TMP_results/accessions/UVK61175/summary/summary.txt,['PMC12405351.1.txt'],1,"['PMC13097060.1.txt', 'PMC11705968.1.txt', 'PMC5511901.1.txt', 'PMC11294657.1.txt', '23948258.txt', 'PMC12154043.1.txt', '22433896.txt', 'PMC12879165.1.txt']",8,
gemma4:e4b,UVK60931,Streptomyces phage JimJam,"{""uid"": ""2289701358"", ""accession"": ""UVK60931"", ""title"": ""RecA-like DNA recombinase [Streptomyces phage JimJam]"", ""organism"": ""Streptomyces phage JimJam"", ""taxonId"": 2927241, ""sequence_length"": 334, ""create_date"": ""2022/08/31"", ""update_date"": ""2023/08/29"", ""dbsource"": ""insd"", ""extra"": ""gi|2289701358|gb|UVK60931.1|"", ""lab_host"": ""Streptomyces griseus ATCC 10137"", ""country"": ""USA: Evansville, IN"", ""isolation_source"": ""soil"", ""lat_lon"": ""37.971943 N 87.532219 W"", ""collection_date"": ""01-Oct-2019"", ""collected_by"": ""Max Harad and Rodrigo Becerra"", ""identified_by"": ""Max Harad and Rodrigo Becerra""}",Streptomyces griseus ATCC 10137,species,"The metadata contains the key 'lab_host' with the value 'Streptomyces griseus ATCC 10137', which explicitly states the host organism.",,metadata,True,mesophile,,"The majority of the papers (PMC13097060.1, PMC11705968.1, PMC12154043.1, 22433896.txt) report optimal or tested growth/activity temperatures in the range of 25°C to 37°C. These temperatures are characteristic of mesophiles. While one paper (PMC11294657.1.txt) explicitly discusses thermophilic enzymes (optimal activity at 70°C, 60°C), the overall trend across the collected summaries, especially those detailing general microbial growth conditions, points towards mesophilic conditions. The most frequently cited and general conditions are around 30°C and 37°C.",,True,TMP_results/accessions/UVK60931/library/accession_lit,0,TMP_results/accessions/UVK60931/library/host_lit,10,327.63,end,"[""CreateAccessionLibrary"", ""ClassifyHostMetadata"", ""CreateHostLibrary"", ""FilterRelevantLiterature"", ""FilterRelevantHostLiterature"", ""SUMMARISELITERATURE"", ""ClassifySummary""]","{""CreateAccessionLibrary"": 3.02, ""ClassifyHostMetadata"": 2.61, ""FilterRelevantLiterature"": 0.0, ""FilterRelevantHostLiterature"": 136.91, ""ClassifySummary"": 6.69}",False,TMP_results/accessions/UVK60931/summary/summary.txt,[],0,"['PMC13097060.1.txt', 'PMC11705968.1.txt', 'PMC5511901.1.txt', 'PMC11294657.1.txt', '23948258.txt', 'PMC12154043.1.txt', '22433896.txt', 'PMC12879165.1.txt']",8,
gemma4:e4b,UVK59985,Streptomyces phage Spilled,"{""uid"": ""2289700400"", ""accession"": ""UVK59985"", ""title"": ""RecA-like DNA recombinase [Streptomyces phage Spilled]"", ""organism"": ""Streptomyces phage Spilled"", ""taxonId"": 2965226, ""sequence_length"": 334, ""create_date"": ""2022/08/31"", ""update_date"": ""2023/08/29"", ""dbsource"": ""insd"", ""extra"": ""gi|2289700400|gb|UVK59985.1|"", ""lab_host"": ""Streptomyces griseus ATCC 10137"", ""country"": ""USA: Evansville, IN"", ""isolation_source"": ""soil"", ""lat_lon"": ""37.972 N 87.533 W"", ""collection_date"": ""01-Oct-2021"", ""collected_by"": ""Xavier Kujawa, Lillie Oelker, Nick B, Connor Y"", ""identified_by"": ""Xavier Kujawa, Lillie Oelker, Nick B, Connor Y""}",Streptomyces griseus ATCC 10137,species,"The metadata contains the key 'lab_host' with the value 'Streptomyces griseus ATCC 10137', which explicitly states the host organism.",,metadata,True,mesophile,,"The majority of the papers provide evidence pointing towards optimal or tested growth temperatures in the range of 25°C to 37°C (e.g., 20°C, 30°C, 37°C, 28°C). These temperatures fall squarely within the typical range defined for mesophiles (moderate temperature lovers). While one paper (PMC11294657.1.txt) shows evidence of thermophilic enzymes (optimal activity at 70°C, 60°C), the overall trend across the other, more frequently cited papers (PMC13097060.1.txt, PMC11705968.1.txt, PMC12154043.1.txt, 22433896.txt) points to mesophilic conditions. Since the request asks for the classification the *majority* of evidence points towards, the mesophilic range is the best fit.",,True,TMP_results/accessions/UVK59985/library/accession_lit,5,TMP_results/accessions/UVK59985/library/host_lit,10,698.28,end,"[""CreateAccessionLibrary"", ""ClassifyHostMetadata"", ""CreateHostLibrary"", ""FilterRelevantLiterature"", ""FilterRelevantHostLiterature"", ""SUMMARISELITERATURE"", ""ClassifySummary""]","{""CreateAccessionLibrary"": 23.24, ""ClassifyHostMetadata"": 2.65, ""FilterRelevantLiterature"": 290.69, ""FilterRelevantHostLiterature"": 137.12, ""ClassifySummary"": 7.51}",False,TMP_results/accessions/UVK59985/summary/summary.txt,['PMC13056781.1.txt'],1,"['PMC13097060.1.txt', 'PMC11705968.1.txt', 'PMC5511901.1.txt', 'PMC11294657.1.txt', '23948258.txt', 'PMC12154043.1.txt', '22433896.txt', 'PMC12879165.1.txt']",8,
gemma4:e4b,UOW93514,Streptomyces phage Squillium,"{""uid"": ""2223213454"", ""accession"": ""UOW93514"", ""title"": ""RecA-like DNA recombinase [Streptomyces phage Squillium]"", ""organism"": ""Streptomyces phage Squillium"", ""taxonId"": 2935024, ""sequence_length"": 334, ""create_date"": ""2022/04/19"", ""update_date"": ""2023/08/29"", ""dbsource"": ""insd"", ""extra"": ""gi|2223213454|gb|UOW93514.1|"", ""lab_host"": ""Streptomyces lividans JI 1326"", ""country"": ""USA"", ""isolation_source"": ""soil"", ""lat_lon"": ""38.64812 N 90.309593 W"", ""collection_date"": ""01-Sep-2017"", ""collected_by"": ""G Gerbi & L Goh"", ""identified_by"": ""G Gerbi & L Goh""}",Streptomyces lividans JI 1326,strain,"The metadata contains the key 'lab_host' with the value 'Streptomyces lividans JI 1326', which explicitly states the host organism.",,metadata,True,mesophile,,"The majority of the papers report optimal or standard laboratory growth temperatures around 28°C, 30°C, 34°C, and 37°C. These temperatures fall squarely within the typical range for mesophiles (generally 20°C to 45°C). Specifically:
- PMC13102240.1.txt: Optimal growth temperature is 28 °C.
- PMC10956176.1.txt: Optimal growth temperature is 30°C.
- PMC11413697.1.txt: Optimal growth temperatures are 28 °C and 34 °C.
- PMC7170507.1.txt: Growth temperatures are 30 °C and 37 °C.

While one paper (PMC13172421.1.txt) mentions 'hot springs' and 'thermo-halotolerant' enzymes, this is noted as an environmental source for *some* enzymes, not the general growth condition for the majority of the studied organisms. The overall pattern of reported optimal lab conditions points strongly to mesophilic adaptation.",,True,TMP_results/accessions/UOW93514/library/accession_lit,9,TMP_results/accessions/UOW93514/library/host_lit,6,628.75,end,"[""CreateAccessionLibrary"", ""ClassifyHostMetadata"", ""CreateHostLibrary"", ""FilterRelevantLiterature"", ""FilterRelevantHostLiterature"", ""SUMMARISELITERATURE"", ""ClassifySummary""]","{""CreateAccessionLibrary"": 37.88, ""ClassifyHostMetadata"": 2.5, ""FilterRelevantLiterature"": 244.99, ""FilterRelevantHostLiterature"": 115.66, ""ClassifySummary"": 8.34}",False,TMP_results/accessions/UOW93514/summary/summary.txt,"['PMC13172421.1.txt', 'PMC13102240.1.txt', '42089638.txt']",3,"['PMC10956176.1.txt', 'PMC11413697.1.txt', 'PMC10690885.1.txt', 'PMC7170507.1.txt', '2516871.txt']",5,
gemma4:e4b,UMO76276,Streptomyces phage Tomas,"{""uid"": ""2203410455"", ""accession"": ""UMO76276"", ""title"": ""RecA-like DNA recombinase [Streptomyces phage Tomas]"", ""organism"": ""Streptomyces phage Tomas"", ""taxonId"": 2914443, ""sequence_length"": 334, ""create_date"": ""2022/03/09"", ""update_date"": ""2023/08/29"", ""dbsource"": ""insd"", ""extra"": ""gi|2203410455|gb|UMO76276.1|"", ""lab_host"": ""Streptomyces sanglieri UNT16F27A"", ""country"": ""USA: Lake Worth, TX"", ""isolation_source"": ""soil"", ""lat_lon"": ""32.821 N 97.429 W"", ""collection_date"": ""12-Jan-2020"", ""collected_by"": ""S. Harris"", ""identified_by"": ""S. Harris""}",Streptomyces sanglieri UNT16F27A,strain,The metadata explicitly contains the key 'lab_host' with the value 'Streptomyces sanglieri UNT16F27A'.,,metadata,True,mesophile,,"The most definitive evidence comes from the paper PMC13031897.1.txt, which states the 'Optimal growth temperature: 30°C' and the 'Growth temperature range: 12–42°C'. An organism with an optimal growth temperature around 30°C and a broad range encompassing moderate temperatures (12°C to 42°C) is characteristic of a mesophile. While other papers mention 30°C or 38°C, the range provided in PMC13031897.1.txt strongly supports mesophily. The other papers lack sufficient data for a definitive classification, but the consensus points to mesophilic conditions.",,True,TMP_results/accessions/UMO76276/library/accession_lit,4,TMP_results/accessions/UMO76276/library/host_lit,5,429.79,end,"[""CreateAccessionLibrary"", ""ClassifyHostMetadata"", ""CreateHostLibrary"", ""FilterRelevantLiterature"", ""FilterRelevantHostLiterature"", ""SUMMARISELITERATURE"", ""ClassifySummary""]","{""CreateAccessionLibrary"": 23.78, ""ClassifyHostMetadata"": 2.49, ""FilterRelevantLiterature"": 212.52, ""FilterRelevantHostLiterature"": 60.92, ""ClassifySummary"": 5.03}",False,TMP_results/accessions/UMO76276/summary/summary.txt,['PMC12884075.1.txt'],1,"['38503170.txt', 'PMC9583777.1.txt', 'PMC13031897.1.txt']",3,
gemma4:e4b,UGL63081,Streptomyces phage Bartholomune,"{""uid"": ""2163148581"", ""accession"": ""UGL63081"", ""title"": ""RecA-like DNA recombinase [Streptomyces phage Bartholomune]"", ""organism"": ""Streptomyces phage Bartholomune"", ""taxonId"": 2894723, ""sequence_length"": 334, ""create_date"": ""2021/12/14"", ""update_date"": ""2023/08/29"", ""dbsource"": ""insd"", ""extra"": ""gi|2163148581|gb|UGL63081.1|"", ""lab_host"": ""Streptomyces lividans JI 1326"", ""country"": ""USA"", ""isolation_source"": ""Sop"", ""lat_lon"": ""38.639263 N 90.293571 W"", ""collection_date"": ""01-Sep-2020"", ""collected_by"": ""A Nair & M Galler"", ""identified_by"": ""A Nair & M Galler""}",Streptomyces lividans JI 1326,strain,The metadata explicitly lists 'lab_host' as 'Streptomyces lividans JI 1326'.,,metadata,True,mesophile,,"The majority of the papers report optimal or standard laboratory incubation temperatures around 28°C, 30°C, and 34°C (PMC10956176.1, PMC11413697.1, PMC10690885.1, PMC7170507.1). These temperatures fall squarely within the typical range for mesophiles (generally 20°C to 45°C). While some papers mention 'hot springs' (PMC13172421.1) or 'thermostable' enzymes, the *majority* of the specific growth/incubation conditions cited across the set of papers point to mesophilic conditions. The initial enrichment in PMC13097060.1 was at 20°C and 30°C, which are mesophilic ranges.",,True,TMP_results/accessions/UGL63081/library/accession_lit,9,TMP_results/accessions/UGL63081/library/host_lit,6,616.18,end,"[""CreateAccessionLibrary"", ""ClassifyHostMetadata"", ""CreateHostLibrary"", ""FilterRelevantLiterature"", ""FilterRelevantHostLiterature"", ""SUMMARISELITERATURE"", ""ClassifySummary""]","{""CreateAccessionLibrary"": 41.74, ""ClassifyHostMetadata"": 2.36, ""FilterRelevantLiterature"": 241.86, ""FilterRelevantHostLiterature"": 114.97, ""ClassifySummary"": 7.3}",False,TMP_results/accessions/UGL63081/summary/summary.txt,"['PMC13097060.1.txt', 'PMC13172421.1.txt', '42089638.txt']",3,"['PMC10956176.1.txt', 'PMC11413697.1.txt', 'PMC10690885.1.txt', 'PMC7170507.1.txt', '2516871.txt']",5,
gemma4:e4b,QRI45771,Streptomyces phage Battuta,"{""uid"": ""1977374914"", ""accession"": ""QRI45771"", ""title"": ""RecA-like DNA recombinase [Streptomyces phage Battuta]"", ""organism"": ""Streptomyces phage Battuta"", ""taxonId"": 2805843, ""sequence_length"": 334, ""create_date"": ""2021/02/13"", ""update_date"": ""2023/08/29"", ""dbsource"": ""insd"", ""extra"": ""gi|1977374914|gb|QRI45771.1|"", ""lab_host"": ""Streptomyces sanglieri UNT16F27A"", ""country"": ""USA: Denton, TX"", ""isolation_source"": ""soil"", ""lat_lon"": ""33.12311 N 97.08537 W"", ""collection_date"": ""26-Aug-2019"", ""collected_by"": ""H. Kayani"", ""identified_by"": ""H. Kayani""}",Streptomyces sanglieri UNT16F27A,strain,The metadata explicitly contains the key 'lab_host' with the value 'Streptomyces sanglieri UNT16F27A'.,,metadata,True,mesophile,,"The most detailed paper (PMC13031897.1.txt) shows an optimal growth temperature of 30°C and a growth range of 12–42°C. Mesophiles are generally defined as organisms that thrive at moderate temperatures, typically between 20°C and 45°C. Since the optimal temperature (30°C) and the entire documented range fall squarely within the typical mesophilic range, this is the best classification. While the organism shows heat tolerance up to 42°C, the overall profile is characteristic of a mesophile, not a thermophile (which requires much higher temperatures) or a psychrophile (which requires low temperatures).",,True,TMP_results/accessions/QRI45771/library/accession_lit,0,TMP_results/accessions/QRI45771/library/host_lit,5,151.79999999999998,end,"[""CreateAccessionLibrary"", ""ClassifyHostMetadata"", ""CreateHostLibrary"", ""FilterRelevantLiterature"", ""FilterRelevantHostLiterature"", ""SUMMARISELITERATURE"", ""ClassifySummary""]","{""CreateAccessionLibrary"": 3.36, ""ClassifyHostMetadata"": 2.56, ""FilterRelevantLiterature"": 0.0, ""FilterRelevantHostLiterature"": 61.09, ""ClassifySummary"": 4.45}",False,TMP_results/accessions/QRI45771/summary/summary.txt,[],0,"['38503170.txt', 'PMC9583777.1.txt', 'PMC13031897.1.txt']",3,
gemma4:e4b,QPL13722,Streptomyces phage MindFlayer,"{""uid"": ""1939415291"", ""accession"": ""QPL13722"", ""title"": ""RecA-like DNA recombinase [Streptomyces phage MindFlayer]"", ""organism"": ""Streptomyces phage MindFlayer"", ""taxonId"": 2793707, ""sequence_length"": 334, ""create_date"": ""2020/12/09"", ""update_date"": ""2023/08/29"", ""dbsource"": ""insd"", ""extra"": ""gi|1939415291|gb|QPL13722.1|"", ""lab_host"": ""Streptomyces mirabilis NRRL B-2400"", ""country"": ""USA: Poolesville, MD"", ""isolation_source"": ""soil"", ""lat_lon"": ""39.129925 N 77.411690 W"", ""collection_date"": ""31-Aug-2019"", ""collected_by"": ""Jenell Lewis and Hira Ahmed"", ""identified_by"": ""Jenell Lewis and Hira Ahmed""}",Streptomyces mirabilis NRRL B-2400,strain,The metadata explicitly contains the key 'lab_host' with the value 'Streptomyces mirabilis NRRL B-2400'.,,metadata,True,mesophile,,"All four papers consistently report incubation and growth conditions at 30°C. Mesophiles are organisms that thrive at moderate temperatures, typically between 20°C and 45°C, with 30°C falling squarely within this range. Since the optimal/incubation temperature is consistently set at 30°C, the organisms are inferred to be mesophiles. No evidence points towards the low temperatures required for psychrophiles or the high temperatures required for thermophiles.",,True,TMP_results/accessions/QPL13722/library/accession_lit,3,TMP_results/accessions/QPL13722/library/host_lit,3,195.84,end,"[""CreateAccessionLibrary"", ""ClassifyHostMetadata"", ""CreateHostLibrary"", ""FilterRelevantLiterature"", ""FilterRelevantHostLiterature"", ""SUMMARISELITERATURE"", ""ClassifySummary""]","{""CreateAccessionLibrary"": 20.34, ""ClassifyHostMetadata"": 2.51, ""FilterRelevantLiterature"": 57.39, ""FilterRelevantHostLiterature"": 25.31, ""ClassifySummary"": 3.88}",False,TMP_results/accessions/QPL13722/summary/summary.txt,"['PMC11705968.1.txt', 'PMC10690885.1.txt']",2,"['PMC11465772.1.txt', 'PMC11008112.1.txt']",2,
gemma4:e4b,QJD50830,Streptomyces phage Bmoc,"{""uid"": ""1834465047"", ""accession"": ""QJD50830"", ""title"": ""RecA-like DNA recombinase [Streptomyces phage Bmoc]"", ""organism"": ""Streptomyces phage Bmoc"", ""taxonId"": 2725629, ""sequence_length"": 334, ""create_date"": ""2020/04/29"", ""update_date"": ""2023/08/29"", ""dbsource"": ""insd"", ""extra"": ""gi|1834465047|gb|QJD50830.1|"", ""lab_host"": ""Streptomyces griseofuscus ATCC 23916"", ""country"": ""USA: St. Louis, MO"", ""isolation_source"": ""soil"", ""lat_lon"": ""38.526848 N 90.656204 W"", ""collection_date"": ""01-Sep-2018"", ""collected_by"": ""S Angtuaco, L Zhu, & R Chung"", ""identified_by"": ""S Angtuaco, L Zhu, & R Chung""}",Streptomyces griseofuscus ATCC 23916,strain,"The metadata contains the key 'lab_host' with the value 'Streptomyces griseofuscus ATCC 23916', which explicitly states the host organism.",,metadata,True,mesophile,,"The optimal growth temperature is explicitly stated as 25°C. While the organism shows stability at 4°C (cold tolerance) and up to 35°C (heat tolerance), the optimal growth temperature of 25°C falls squarely within the typical range for mesophiles (generally 20°C to 45°C). The summary explicitly notes 'Mesophilic growth: Implied by optimal growth at 25°C.'",,True,TMP_results/accessions/QJD50830/library/accession_lit,2,TMP_results/accessions/QJD50830/library/host_lit,0,160.53,end,"[""CreateAccessionLibrary"", ""ClassifyHostMetadata"", ""CreateHostLibrary"", ""FilterRelevantLiterature"", ""FilterRelevantHostLiterature"", ""SUMMARISELITERATURE"", ""ClassifySummary""]","{""CreateAccessionLibrary"": 15.87, ""ClassifyHostMetadata"": 2.7, ""FilterRelevantLiterature"": 95.15, ""FilterRelevantHostLiterature"": 0.0, ""ClassifySummary"": 3.17}",False,TMP_results/accessions/QJD50830/summary/summary.txt,['PMC8093824.1.txt'],1,[],0,
gemma4:e4b,QFP97398,Streptomyces phage IchabodCrane,"{""uid"": ""1764712764"", ""accession"": ""QFP97398"", ""title"": ""RecA-like DNA recombinase [Streptomyces phage IchabodCrane]"", ""organism"": ""Streptomyces phage IchabodCrane"", ""taxonId"": 2652898, ""sequence_length"": 334, ""create_date"": ""2019/10/20"", ""update_date"": ""2023/08/29"", ""dbsource"": ""insd"", ""extra"": ""gi|1764712764|gb|QFP97398.1|"", ""lab_host"": ""Streptomyces scabiei RL-34"", ""country"": ""USA: Hanover, MD"", ""isolation_source"": ""soil"", ""lat_lon"": ""39.155678 N 76.750809 W"", ""collection_date"": ""11-Sep-2018"", ""collected_by"": ""Phoebe Mariano, Sydni Sobers"", ""identified_by"": ""Phoebe Mariano, Sydni Sobers""}",Streptomyces scabiei RL-34,strain,The metadata explicitly contains the key 'lab_host' with the value 'Streptomyces scabiei RL-34'.,,metadata,True,mesophile,,"The majority of the papers (PMC13102240.1, PMC8914351.1, PMC8552735.1) report optimal or standard incubation temperatures around 28°C to 30°C. These temperatures are characteristic of mesophiles. While one paper (PMC13172421.1) mentions 'hot springs' and 'thermo-halotolerant laccase,' this evidence is mixed with general environmental diversity. Since the majority of specific growth data points to 28-30°C, mesophile is the best overall classification for the bulk of the evidence provided.",,True,TMP_results/accessions/QFP97398/library/accession_lit,9,TMP_results/accessions/QFP97398/library/host_lit,4,644.41,end,"[""CreateAccessionLibrary"", ""ClassifyHostMetadata"", ""CreateHostLibrary"", ""FilterRelevantLiterature"", ""FilterRelevantHostLiterature"", ""SUMMARISELITERATURE"", ""ClassifySummary""]","{""CreateAccessionLibrary"": 37.38, ""ClassifyHostMetadata"": 2.37, ""FilterRelevantLiterature"": 244.98, ""FilterRelevantHostLiterature"": 123.56, ""ClassifySummary"": 5.99}",False,TMP_results/accessions/QFP97398/summary/summary.txt,"['PMC13172421.1.txt', 'PMC13102240.1.txt', '42089638.txt']",3,"['PMC10652959.1.txt', 'PMC8914351.1.txt', 'PMC11385150.1.txt', 'PMC8552735.1.txt']",4,
gemma4:e4b,AYB70922,Streptomyces phage Yaboi,"{""uid"": ""1481186934"", ""accession"": ""AYB70922"", ""title"": ""RecA-like DNA recombinase [Streptomyces phage Yaboi]"", ""organism"": ""Streptomyces phage Yaboi"", ""taxonId"": 2301621, ""sequence_length"": 334, ""create_date"": ""2018/09/29"", ""update_date"": ""2023/08/29"", ""dbsource"": ""insd"", ""extra"": ""gi|1481186934|gb|AYB70922.1|"", ""lab_host"": ""Streptomyces lividans JI 1326"", ""country"": ""USA: St. Louis, MO"", ""isolation_source"": ""soil"", ""lat_lon"": ""38.6434 N 90.3157 W"", ""collection_date"": ""01-Sep-2017"", ""collected_by"": ""M Hogarty and R Sinkre"", ""identified_by"": ""M Hogarty and R Sinkre""}",Streptomyces lividans JI 1326,strain,"The metadata contains the key 'lab_host' with the value 'Streptomyces lividans JI 1326', which explicitly states the host organism.",,metadata,True,mesophile,,"The analysis of the five papers shows consistent evidence pointing towards mesophilic conditions. 
1. PMC10956176.1.txt reports an 'Optimal growth temperature: 30°C' and 'Mesophilic growth: Implied by the optimal growth temperature of 30°C.'
2. PMC11413697.1.txt reports optimal growth temperatures at '28 °C' and '34 °C,' and the summary concludes: 'the conditions suggest mesophilic growth within a controlled laboratory setting.'
3. PMC10690885.1.txt reports an 'Optimal growth temperature: 30 °C.'
4. PMC7170507.1.txt reports growth at '30 °C' and cell culture at '37 °C,' which are standard mesophilic ranges.
5. The overall pattern of optimal growth temperatures clustering around 28°C to 37°C strongly suggests a mesophilic classification, as no evidence for psychrophilic (low temp) or thermophilic (high temp) adaptation was found across the majority of the data points.",,True,TMP_results/accessions/AYB70922/library/accession_lit,3,TMP_results/accessions/AYB70922/library/host_lit,6,500.92,end,"[""CreateAccessionLibrary"", ""ClassifyHostMetadata"", ""CreateHostLibrary"", ""FilterRelevantLiterature"", ""FilterRelevantHostLiterature"", ""SUMMARISELITERATURE"", ""ClassifySummary""]","{""CreateAccessionLibrary"": 21.58, ""ClassifyHostMetadata"": 2.47, ""FilterRelevantLiterature"": 159.84, ""FilterRelevantHostLiterature"": 115.4, ""ClassifySummary"": 7.2}",False,TMP_results/accessions/AYB70922/summary/summary.txt,['PMC7219639.1.txt'],1,"['PMC10956176.1.txt', 'PMC11413697.1.txt', 'PMC10690885.1.txt', 'PMC7170507.1.txt', '2516871.txt']",5,
gemma4:e4b,ATN94050,Mycobacterium phage Kumao,"{""uid"": ""1269168835"", ""accession"": ""ATN94050"", ""title"": ""RecA-like DNA recombinase [Mycobacterium phage Kumao]"", ""organism"": ""Mycobacterium phage Kumao"", ""taxonId"": 2041344, ""sequence_length"": 328, ""create_date"": ""2017/10/28"", ""update_date"": ""2023/08/29"", ""dbsource"": ""insd"", ""extra"": ""gi|1269168835|gb|ATN94050.1|"", ""lab_host"": ""Mycobacterium smegmatis mc2 155"", ""country"": ""USA: Easton, PA"", ""isolation_source"": ""soil"", ""lat_lon"": ""40 N 75 W"", ""collection_date"": ""01-Oct-2015"", ""collected_by"": ""Lisa Sako-Glover"", ""identified_by"": ""Lisa Sako-Glover""}",Mycobacterium smegmatis mc2 155,strain,"The metadata contains the key 'lab_host' with the value 'Mycobacterium smegmatis mc2 155', which explicitly states the host organism.",,metadata,True,mesophile,,"The majority of the papers (PMC10066036.1, PMC13139416.1, PMC13156891.1, PMC13162311.1, PMC13155453.1) report optimal or primary incubation/growth temperatures at 37°C. Furthermore, PMC12838053.1 explicitly tests growth across a range including 37°C as optimal, and the general context of human pathogens (Tuberculosis, etc.) strongly suggests adaptation to mammalian body temperature. While one paper (PMC13141997.1) uses 30°C as the primary isolation temperature, the overall pattern across the dataset points overwhelmingly to growth centered around 37°C, which defines a mesophile.",,True,TMP_results/accessions/ATN94050/library/accession_lit,5,TMP_results/accessions/ATN94050/library/host_lit,9,933.5400000000001,end,"[""CreateAccessionLibrary"", ""ClassifyHostMetadata"", ""CreateHostLibrary"", ""FilterRelevantLiterature"", ""FilterRelevantHostLiterature"", ""SUMMARISELITERATURE"", ""ClassifySummary""]","{""CreateAccessionLibrary"": 22.49, ""ClassifyHostMetadata"": 2.53, ""FilterRelevantLiterature"": 197.96, ""FilterRelevantHostLiterature"": 269.53, ""ClassifySummary"": 8.34}",False,TMP_results/accessions/ATN94050/summary/summary.txt,"['PMC10066036.1.txt', 'PMC12582341.1.txt', 'PMC10568470.1.txt', 'PMC10654092.1.txt']",4,"['PMC13139416.1.txt', '41015931.txt', 'PMC13156891.1.txt', 'PMC13162311.1.txt', 'PMC13141997.1.txt', 'PMC13155453.1.txt', 'PMC12657314.1.txt', 'PMC12838053.1.txt']",8,
gemma4:e4b,WLY86624,Escherichia phage 348Ecol098PP,"{""uid"": ""2566201925"", ""accession"": ""WLY86624"", ""title"": ""recombination and repair protein [Escherichia phage 348Ecol098PP]"", ""organism"": ""Escherichia phage 348Ecol098PP"", ""taxonId"": 3070625, ""sequence_length"": 390, ""create_date"": ""2023/08/26"", ""update_date"": ""2023/08/26"", ""dbsource"": ""insd"", ""extra"": ""gi|2566201925|gb|WLY86624.1|"", ""host"": ""Escherichia coli"", ""lab_host"": ""Escherichia coli"", ""country"": ""Poland"", ""collection_date"": ""2016""}",Escherichia coli,species,The metadata explicitly lists 'host': 'Escherichia coli' and 'lab_host': 'Escherichia coli'.,,metadata,True,mesophile,,"The majority of the papers (PMC13153029.1.txt, PMC11510089.1.txt, and PMC13168905.1.txt) report optimal or primary experimental conditions at 37 °C, which is the characteristic temperature for mesophiles. PMC13153029.1.txt explicitly states: ""The stability profile is consistent with a mesophilic organism."" While some papers lack explicit classification, the consistent use of 37 °C for growth/testing strongly points to mesophilic adaptation.",,True,TMP_results/accessions/WLY86624/library/accession_lit,6,TMP_results/accessions/WLY86624/library/host_lit,10,767.6700000000001,end,"[""CreateAccessionLibrary"", ""ClassifyHostMetadata"", ""CreateHostLibrary"", ""FilterRelevantLiterature"", ""FilterRelevantHostLiterature"", ""SUMMARISELITERATURE"", ""ClassifySummary""]","{""CreateAccessionLibrary"": 24.96, ""ClassifyHostMetadata"": 2.09, ""FilterRelevantLiterature"": 161.14, ""FilterRelevantHostLiterature"": 320.82, ""ClassifySummary"": 5.71}",False,TMP_results/accessions/WLY86624/summary/summary.txt,"['PMC13153029.1.txt', 'PMC11510089.1.txt']",2,"['PMC13167280.1.txt', 'PMC13170919.1.txt', 'PMC13168905.1.txt']",3,
gemma4:e4b,WLY86237,Escherichia phage 310Ecol104PP,"{""uid"": ""2566201537"", ""accession"": ""WLY86237"", ""title"": ""recombination and repair protein [Escherichia phage 310Ecol104PP]"", ""organism"": ""Escherichia phage 310Ecol104PP"", ""taxonId"": 3070624, ""sequence_length"": 393, ""create_date"": ""2023/08/26"", ""update_date"": ""2023/08/26"", ""dbsource"": ""insd"", ""extra"": ""gi|2566201537|gb|WLY86237.1|"", ""host"": ""Escherichia coli"", ""lab_host"": ""Escherichia coli"", ""country"": ""Poland"", ""collection_date"": ""2016""}",Escherichia coli,species,The metadata explicitly lists 'host': 'Escherichia coli' and 'lab_host': 'Escherichia coli'.,,metadata,True,mesophile,,"The majority of the papers (PMC13153029.1.txt, PMC11510089.1.txt, and PMC13168905.1.txt) report optimal or primary experimental conditions at 37 °C, which is the characteristic temperature for mesophiles. PMC13153029.1.txt explicitly states: ""The stability profile is consistent with a mesophilic organism."" While some papers lack explicit classification, the consistent use of 37 °C for growth/testing strongly points to mesophilic adaptation.",,True,TMP_results/accessions/WLY86237/library/accession_lit,6,TMP_results/accessions/WLY86237/library/host_lit,10,801.6899999999999,end,"[""CreateAccessionLibrary"", ""ClassifyHostMetadata"", ""CreateHostLibrary"", ""FilterRelevantLiterature"", ""FilterRelevantHostLiterature"", ""SUMMARISELITERATURE"", ""ClassifySummary""]","{""CreateAccessionLibrary"": 20.99, ""ClassifyHostMetadata"": 2.34, ""FilterRelevantLiterature"": 182.68, ""FilterRelevantHostLiterature"": 337.64, ""ClassifySummary"": 5.86}",False,TMP_results/accessions/WLY86237/summary/summary.txt,"['PMC13153029.1.txt', 'PMC11510089.1.txt']",2,"['PMC13167280.1.txt', 'PMC13170919.1.txt', 'PMC13168905.1.txt']",3,
gemma4:e4b,WLY86150,Escherichia phage 308Ecol101PP,"{""uid"": ""2566201449"", ""accession"": ""WLY86150"", ""title"": ""recombination and repair protein [Escherichia phage 308Ecol101PP]"", ""organism"": ""Escherichia phage 308Ecol101PP"", ""taxonId"": 3070623, ""sequence_length"": 390, ""create_date"": ""2023/08/26"", ""update_date"": ""2023/08/26"", ""dbsource"": ""insd"", ""extra"": ""gi|2566201449|gb|WLY86150.1|"", ""host"": ""Escherichia coli"", ""lab_host"": ""Escherichia coli"", ""country"": ""Poland"", ""collection_date"": ""2016""}",Escherichia coli,species,The metadata explicitly lists 'host': 'Escherichia coli' and 'lab_host': 'Escherichia coli'.,,metadata,True,mesophile,,"The majority of the papers (PMC13153029.1.txt, PMC11510089.1.txt, and PMC13168905.1.txt) show optimal or primary testing conditions at 37 °C, which is the characteristic temperature for mesophiles (human body temperature). PMC13153029.1.txt explicitly states: ""The stability profile is consistent with a mesophilic organism, showing notable cold tolerance and moderate heat resistance, but no evidence of thermophilic adaptation was reported."" PMC11510089.1.txt and PMC13168905.1.txt also use 37 °C as the primary incubation temperature. While some papers show cold tolerance (e.g., 4 °C, 2–10 °C), the central, most frequently cited, and most strongly inferred optimal condition is mesophilic.",,True,TMP_results/accessions/WLY86150/library/accession_lit,6,TMP_results/accessions/WLY86150/library/host_lit,10,803.5200000000001,end,"[""CreateAccessionLibrary"", ""ClassifyHostMetadata"", ""CreateHostLibrary"", ""FilterRelevantLiterature"", ""FilterRelevantHostLiterature"", ""SUMMARISELITERATURE"", ""ClassifySummary""]","{""CreateAccessionLibrary"": 21.85, ""ClassifyHostMetadata"": 2.37, ""FilterRelevantLiterature"": 183.4, ""FilterRelevantHostLiterature"": 337.48, ""ClassifySummary"": 7.38}",False,TMP_results/accessions/WLY86150/summary/summary.txt,"['PMC13153029.1.txt', 'PMC11510089.1.txt']",2,"['PMC13167280.1.txt', 'PMC13170919.1.txt', 'PMC13168905.1.txt']",3,
gemma4:e4b,WLY85931,Escherichia phage 303Ecol101PP,"{""uid"": ""2566201229"", ""accession"": ""WLY85931"", ""title"": ""recombination and repair protein [Escherichia phage 303Ecol101PP]"", ""organism"": ""Escherichia phage 303Ecol101PP"", ""taxonId"": 3070622, ""sequence_length"": 393, ""create_date"": ""2023/08/26"", ""update_date"": ""2023/08/26"", ""dbsource"": ""insd"", ""extra"": ""gi|2566201229|gb|WLY85931.1|"", ""host"": ""Escherichia coli"", ""lab_host"": ""Escherichia coli"", ""country"": ""Poland"", ""collection_date"": ""2016""}",Escherichia coli,species,The metadata explicitly lists 'host': 'Escherichia coli' and 'lab_host': 'Escherichia coli'.,,metadata,True,mesophile,,"The majority of the papers (PMC13153029.1.txt, PMC11510089.1.txt, and PMC13168905.1.txt) show optimal or primary testing conditions at 37 °C, which is the characteristic temperature for mesophiles (human body temperature). PMC13153029.1.txt explicitly states: ""The stability profile is consistent with a mesophilic organism, showing notable cold tolerance and moderate heat resistance, but no evidence of thermophilic adaptation was reported."" PMC11510089.1.txt and PMC13168905.1.txt also use 37 °C as the primary incubation temperature. While some papers show cold tolerance (e.g., 4 °C, 2–10 °C), the central, most frequently cited, and most strongly suggested optimal range is mesophilic.",,True,TMP_results/accessions/WLY85931/library/accession_lit,6,TMP_results/accessions/WLY85931/library/host_lit,10,812.6,end,"[""CreateAccessionLibrary"", ""ClassifyHostMetadata"", ""CreateHostLibrary"", ""FilterRelevantLiterature"", ""FilterRelevantHostLiterature"", ""SUMMARISELITERATURE"", ""ClassifySummary""]","{""CreateAccessionLibrary"": 28.4, ""ClassifyHostMetadata"": 2.33, ""FilterRelevantLiterature"": 183.97, ""FilterRelevantHostLiterature"": 337.64, ""ClassifySummary"": 7.36}",False,TMP_results/accessions/WLY85931/summary/summary.txt,"['PMC13153029.1.txt', 'PMC11510089.1.txt']",2,"['PMC13167280.1.txt', 'PMC13170919.1.txt', 'PMC13168905.1.txt']",3,
gemma4:e4b,UNA01904,Vibrio phage PC-Liy1,"{""uid"": ""2206598623"", ""accession"": ""UNA01904"", ""title"": ""UvsX [Vibrio phage PC-Liy1]"", ""organism"": ""Vibrio phage PC-Liy1"", ""taxonId"": 2923284, ""sequence_length"": 366, ""create_date"": ""2023/08/25"", ""update_date"": ""2023/08/25"", ""dbsource"": ""insd"", ""extra"": ""gi|2206598623|gb|UNA01904.1|"", ""host"": ""Vibrio sp."", ""country"": ""China"", ""collection_date"": ""2020-12-20""}",Vibrio sp.,genus,The metadata explicitly states 'host': 'Vibrio sp.'. 'Vibrio' is a genus level designation.,,metadata,True,mesophile,,"The majority of the papers (PMC12685585.1.txt, 42060147.txt, PMC13142089.1.txt, 42101683.txt) report optimal or standard assay temperatures around 27°C to 30°C, and growth ranges spanning 4°C to 37°C. These parameters are characteristic of mesophiles. While there are papers suggesting psychrophilic (4-30°C) or even highly thermostable (4-85°C) activity, the most frequently cited and consistent operational range points to mesophilic conditions. The paper 42068588.txt is explicitly psychrophilic, but this is an outlier compared to the general trend of the other papers.",,True,TMP_results/accessions/UNA01904/library/accession_lit,6,TMP_results/accessions/UNA01904/library/host_lit,10,551.99,end,"[""CreateAccessionLibrary"", ""ClassifyHostMetadata"", ""CreateHostLibrary"", ""FilterRelevantLiterature"", ""FilterRelevantHostLiterature"", ""SUMMARISELITERATURE"", ""ClassifySummary""]","{""CreateAccessionLibrary"": 22.68, ""ClassifyHostMetadata"": 2.4, ""FilterRelevantLiterature"": 78.02, ""FilterRelevantHostLiterature"": 255.32, ""ClassifySummary"": 8.73}",False,TMP_results/accessions/UNA01904/summary/summary.txt,"['PMC12685585.1.txt', '42114400.txt', '42135309.txt', '42080579.txt', 'PMC13142089.1.txt', '42090863.txt']",6,"['42020564.txt', '42060147.txt', '42101683.txt', '42068588.txt', 'PMC7619085.1.txt']",5,
gemma4:e4b,WLW37256,Synechococcus phage S-RS29,"{""uid"": ""2565120009"", ""accession"": ""WLW37256"", ""title"": ""recombination protein [Synechococcus phage S-RS29]"", ""organism"": ""Synechococcus phage S-RS29"", ""taxonId"": 3038210, ""sequence_length"": 336, ""create_date"": ""2023/08/23"", ""update_date"": ""2023/08/23"", ""dbsource"": ""insd"", ""extra"": ""gi|2565120009|gb|WLW37256.1|"", ""host"": ""Synechococcus sp."", ""country"": ""China"", ""isolation_source"": ""seawater""}",Synechococcus sp.,species,The metadata explicitly states the 'host' as 'Synechococcus sp.'.,,metadata,True,mesophile,,"The majority of the papers (PMC13108922.1.txt and PMC13147198.1.txt) mention growth assays conducted at 22°C or room temperature (RT), and the organisms are described as marine or freshwater cyanobacteria. These conditions (22°C to RT) fall squarely within the typical range associated with mesophilic organisms. While no paper explicitly states 'mesophile,' the consistent use of moderate, non-extreme temperatures for laboratory growth assays strongly suggests a mesophilic lifestyle for the studied organisms. Conversely, the papers that *do* provide temperature data (PMC13171826.1.txt) point to thermophilic conditions, but these are isolated cases, and the overall trend across the majority of the studies points toward moderate temperatures.",,True,TMP_results/accessions/WLW37256/library/accession_lit,5,TMP_results/accessions/WLW37256/library/host_lit,10,793.5500000000001,end,"[""CreateAccessionLibrary"", ""ClassifyHostMetadata"", ""CreateHostLibrary"", ""FilterRelevantLiterature"", ""FilterRelevantHostLiterature"", ""SUMMARISELITERATURE"", ""ClassifySummary""]","{""CreateAccessionLibrary"": 23.23, ""ClassifyHostMetadata"": 2.27, ""FilterRelevantLiterature"": 93.71, ""FilterRelevantHostLiterature"": 325.98, ""ClassifySummary"": 8.44}",False,TMP_results/accessions/WLW37256/summary/summary.txt,"['PMC13041748.1.txt', '41930475.txt', '42053500.txt', 'PMC13108922.1.txt', '41549294.txt']",5,"['PMC13171826.1.txt', '42018485.txt', '42108655.txt', 'PMC13169159.1.txt', 'PMC13147198.1.txt', '42001749.txt', '42082731.txt', 'PMC13171910.1.txt']",8,
gemma4:e4b,WLW37101,Synechococcus phage S-MS29,"{""uid"": ""2565119853"", ""accession"": ""WLW37101"", ""title"": ""recombination protein [Synechococcus phage S-MS29]"", ""organism"": ""Synechococcus phage S-MS29"", ""taxonId"": 3038209, ""sequence_length"": 336, ""create_date"": ""2023/08/23"", ""update_date"": ""2023/08/23"", ""dbsource"": ""insd"", ""extra"": ""gi|2565119853|gb|WLW37101.1|"", ""host"": ""Synechococcus sp. MW02"", ""country"": ""China"", ""isolation_source"": ""seawater""}",Synechococcus sp. MW02,species,The metadata explicitly states the 'host' as 'Synechococcus sp. MW02'.,,metadata,True,mesophile,,"The majority of the papers report incubation or optimal growth temperatures around 22°C, 25°C, or 37°C. 

1. **PMC13041748.1.txt:** Mentions growth assays at $24^	ext{o}	ext{C}$.
2. **PMC13108922.1.txt:** Reports optimal growth at $37^	ext{o}	ext{C}$ and $22^	ext{o}	ext{C}$.
3. **PMC10665884.1.txt:** Reports incubation at $22^	ext{o}	ext{C}$.
4. **PMC10436341.1.txt:** Reports optimal growth at $25^	ext{o}	ext{C}$.
5. **PMC12783734.1.txt:** Reports phage culture at $25^	ext{o}	ext{C}$ and $18^	ext{o}	ext{C}$.
6. **PMC10808157.1.txt:** Reports an optimal range of $27.5–29.5^	ext{o}	ext{C}$ in summer, with low abundance observed at $\le 16^	ext{o}	ext{C}$.

Since the observed temperatures ($18^	ext{o}	ext{C}$ to $37^	ext{o}	ext{C}$) fall within the typical range for mesophiles (generally $20^	ext{o}	ext{C}$ to $45^	ext{o}	ext{C}$), and there is no consistent evidence pointing towards extreme cold (psychrophile) or extreme heat (thermophile) as the *optimal* condition across all studies, the best general classification is mesophile. The presence of cold-tolerant lineages in PMC10808157.1.txt suggests psychrotolerance, but the overall pattern is best described as mesophilic given the mixed data set.",,True,TMP_results/accessions/WLW37101/library/accession_lit,5,TMP_results/accessions/WLW37101/library/host_lit,5,667.26,end,"[""CreateAccessionLibrary"", ""ClassifyHostMetadata"", ""CreateHostLibrary"", ""FilterRelevantLiterature"", ""FilterRelevantHostLiterature"", ""SUMMARISELITERATURE"", ""ClassifySummary""]","{""CreateAccessionLibrary"": 21.44, ""ClassifyHostMetadata"": 2.43, ""FilterRelevantLiterature"": 93.98, ""FilterRelevantHostLiterature"": 195.26, ""ClassifySummary"": 14.28}",False,TMP_results/accessions/WLW37101/summary/summary.txt,"['PMC13041748.1.txt', '41930475.txt', '42053500.txt', 'PMC13108922.1.txt', '41549294.txt']",5,"['PMC12783734.1.txt', 'PMC10665884.1.txt', 'PMC10436341.1.txt', 'PMC12029665.1.txt', 'PMC10808157.1.txt']",5,
gemma4:e4b,WLW36780,Synechococcus phage S-8S29,"{""uid"": ""2565119531"", ""accession"": ""WLW36780"", ""title"": ""recombination protein [Synechococcus phage S-8S29]"", ""organism"": ""Synechococcus phage S-8S29"", ""taxonId"": 3038205, ""sequence_length"": 336, ""create_date"": ""2023/08/23"", ""update_date"": ""2023/08/23"", ""dbsource"": ""insd"", ""extra"": ""gi|2565119531|gb|WLW36780.1|"", ""host"": ""Parasynechococcus marenigrum WH 8102"", ""country"": ""China"", ""isolation_source"": ""seawater""}",Parasynechococcus marenigrum WH 8102,strain,The metadata explicitly states the 'host' as 'Parasynechococcus marenigrum WH 8102'.,,metadata,True,mesophile,,"The majority of the studies (PMC13041748.1.txt, 41930475.txt, 42053500.txt, 41549294.txt, PMC9024877.1.txt) either provide no temperature data or describe marine/estuarine environments without specifying extreme temperatures. However, one paper (PMC13108922.1.txt) explicitly mentions growth temperatures of 22°C and 37°C. Since 37°C is near the upper limit of typical mesophilic growth, and 22°C is a common ambient temperature, the overall evidence points away from extreme psychrophilic (very cold) or thermophilic (very hot) conditions, suggesting a mesophilic tendency. The general association with marine/estuarine environments also aligns best with mesophiles, as these environments experience fluctuating, moderate temperatures.",,True,TMP_results/accessions/WLW36780/library/accession_lit,5,TMP_results/accessions/WLW36780/library/host_lit,1,293.7,end,"[""CreateAccessionLibrary"", ""ClassifyHostMetadata"", ""CreateHostLibrary"", ""FilterRelevantLiterature"", ""FilterRelevantHostLiterature"", ""SUMMARISELITERATURE"", ""ClassifySummary""]","{""CreateAccessionLibrary"": 23.15, ""ClassifyHostMetadata"": 2.69, ""FilterRelevantLiterature"": 94.81, ""FilterRelevantHostLiterature"": 27.76, ""ClassifySummary"": 7.18}",False,TMP_results/accessions/WLW36780/summary/summary.txt,"['PMC13041748.1.txt', '41930475.txt', '42053500.txt', 'PMC13108922.1.txt', '41549294.txt']",5,['PMC9024877.1.txt'],1,
gemma4:e4b,WGH49847,Alishewanella phage vB_AspM_Slickus01,"{""uid"": ""2493102135"", ""accession"": ""WGH49847"", ""title"": ""hypothetical protein [Alishewanella phage vB_AspM_Slickus01]"", ""organism"": ""Alishewanella phage vB_AspM_Slickus01"", ""taxonId"": 3038239, ""sequence_length"": 340, ""create_date"": ""2023/08/17"", ""update_date"": ""2023/08/17"", ""dbsource"": ""insd"", ""extra"": ""gi|2493102135|gb|WGH49847.1|"", ""host"": ""Alishewanella sp. SMS8"", ""country"": ""Sweden"", ""isolation_source"": ""surface microlayer"", ""lat_lon"": ""56.83 N 16.45 E"", ""collection_date"": ""31-May-2021"", ""collected_by"": ""J. Rahlff""}",Alishewanella sp. SMS8,species,The metadata explicitly contains the key 'host' with the value 'Alishewanella sp. SMS8'.,,metadata,True,mesophile,,"The majority of the provided summaries (PMC10507051.1.txt, PMC10373932.1.txt, and PMC8957926.1.txt) point towards mesophilic characteristics or lack definitive thermal data. 

1. **PMC10507051.1.txt (Baltic Sea):** States that bacterial isolation was performed at room temperature ($\sim 22^{\circ}\text{C}$), which is typical for mesophiles, but explicitly states no thermal adaptations were reported.
2. **PMC10373932.1.txt (Serpentinite):** Explicitly states that all three isolates exhibit ""mesophilic growth patterns, with optimal growth temperatures generally centered around 20–30^{\circ}\text{C}"".
3. **PMC8957926.1.txt (Agricultural):** Shows an optimal growth temperature of $37^{\circ}\text{C}$, which is a classic mesophilic temperature, and notes ""Mesophilic growth: Implied by the optimal growth temperature of $37^{\circ}\text{C}$."" 

While some papers lack data, the two papers that provide specific temperature data (PMC10373932.1.txt and PMC8957926.1.txt) strongly suggest mesophilic adaptation (optimal ranges around $20-37^{\circ}\text{C}$).",,True,TMP_results/accessions/WGH49847/library/accession_lit,1,TMP_results/accessions/WGH49847/library/host_lit,5,668.63,end,"[""CreateAccessionLibrary"", ""ClassifyHostMetadata"", ""CreateHostLibrary"", ""FilterRelevantLiterature"", ""FilterRelevantHostLiterature"", ""SUMMARISELITERATURE"", ""ClassifySummary""]","{""CreateAccessionLibrary"": 15.55, ""ClassifyHostMetadata"": 2.6, ""FilterRelevantLiterature"": 58.54, ""FilterRelevantHostLiterature"": 194.03, ""ClassifySummary"": 16.52}",False,TMP_results/accessions/WGH49847/summary/summary.txt,['PMC10507051.1.txt'],1,"['PMC10000660.1.txt', 'PMC10507051.1.txt', '37877986.txt', 'PMC10373932.1.txt', 'PMC8957926.1.txt']",5,
gemma4:e4b,WGH49652,Alishewanella phage vB_AspM_Slicko01,"{""uid"": ""2493101939"", ""accession"": ""WGH49652"", ""title"": ""hypothetical protein [Alishewanella phage vB_AspM_Slicko01]"", ""organism"": ""Alishewanella phage vB_AspM_Slicko01"", ""taxonId"": 3038238, ""sequence_length"": 340, ""create_date"": ""2023/08/17"", ""update_date"": ""2023/08/17"", ""dbsource"": ""insd"", ""extra"": ""gi|2493101939|gb|WGH49652.1|"", ""host"": ""Alishewanella sp. SMS8"", ""country"": ""Sweden"", ""isolation_source"": ""surface microlayer"", ""lat_lon"": ""56.84 N 16.48 E"", ""collection_date"": ""31-May-2021"", ""collected_by"": ""J. Rahlff""}",Alishewanella sp. SMS8,strain,The metadata explicitly states the 'host' as 'Alishewanella sp. SMS8'.,,metadata,True,mesophile,,"The majority of the provided summaries (PMC10507051.1.txt, PMC10373932.1.txt, and PMC8957926.1.txt) point towards mesophilic characteristics or lack definitive thermal data. 

1. **PMC10507051.1.txt (Baltic Sea):** States that bacterial isolation was performed at room temperature ($\sim 22^{\circ}\text{C}$), which is typical for mesophiles, but explicitly states no thermal adaptations were reported.
2. **PMC10373932.1.txt (Serpentinite):** Explicitly states that all three isolates exhibit ""mesophilic growth patterns, with optimal growth temperatures generally centered around 20–30^{\circ}\text{C}"".
3. **PMC8957926.1.txt (Agricultural):** Shows an optimal growth temperature of $37^{\circ}\text{C}$, which is a classic mesophilic temperature, and notes ""Mesophilic growth: Implied by the optimal growth temperature of $37^{\circ}\text{C}$."" 

While some papers lack data, the two papers that provide specific temperature data (PMC10373932.1.txt and PMC8957926.1.txt) strongly suggest mesophilic adaptation (optimal ranges around $20-37^{\circ}\text{C}$).",,True,TMP_results/accessions/WGH49652/library/accession_lit,1,TMP_results/accessions/WGH49652/library/host_lit,5,599.1800000000001,end,"[""CreateAccessionLibrary"", ""ClassifyHostMetadata"", ""CreateHostLibrary"", ""FilterRelevantLiterature"", ""FilterRelevantHostLiterature"", ""SUMMARISELITERATURE"", ""ClassifySummary""]","{""CreateAccessionLibrary"": 11.76, ""ClassifyHostMetadata"": 2.54, ""FilterRelevantLiterature"": 58.1, ""FilterRelevantHostLiterature"": 180.47, ""ClassifySummary"": 14.46}",False,TMP_results/accessions/WGH49652/summary/summary.txt,['PMC10507051.1.txt'],1,"['PMC10000660.1.txt', 'PMC10507051.1.txt', '37877986.txt', 'PMC10373932.1.txt', 'PMC8957926.1.txt']",5,
gemma4:e4b,WLI71662,Salmonella phage vB_SenM-AKM_NP4,"{""uid"": ""2559802903"", ""accession"": ""WLI71662"", ""title"": ""recombinase [Salmonella phage vB_SenM-AKM_NP4]"", ""organism"": ""Salmonella phage vB_SenM-AKM_NP4"", ""taxonId"": 3053882, ""sequence_length"": 387, ""create_date"": ""2023/08/14"", ""update_date"": ""2023/08/14"", ""dbsource"": ""insd"", ""extra"": ""gi|2559802903|gb|WLI71662.1|"", ""host"": ""Salmonella sp."", ""lab_host"": ""Salmonella enterica subsp. enterica serovar Newport"", ""country"": ""Canada"", ""isolation_source"": ""wastewater"", ""collection_date"": ""2019"", ""collected_by"": ""Carlos E. Martinez-Soto""}",Salmonella sp.,species,The metadata explicitly contains the key 'host' with the value 'Salmonella sp.'.,,metadata,True,mesophile,,"The majority of the papers report optimal growth temperatures around 37°C (PMC13064164.1.txt, PMC10972627.1.txt, PMC13133430.1.txt, PMC13147348.1.txt, PMC13172515.1.txt). Temperatures around 37°C are characteristic of human body temperature and are the standard incubation temperature for many mesophilic pathogens and commensals. While one paper (PMC13147348.1.txt) explicitly mentions a strain from a 'thermophilic hot spring habitat,' the overall pattern across the dataset, especially for general culturing and phage propagation, points strongly to mesophilic conditions (37°C).",,True,TMP_results/accessions/WLI71662/library/accession_lit,2,TMP_results/accessions/WLI71662/library/host_lit,9,725.93,end,"[""CreateAccessionLibrary"", ""ClassifyHostMetadata"", ""CreateHostLibrary"", ""FilterRelevantLiterature"", ""FilterRelevantHostLiterature"", ""SUMMARISELITERATURE"", ""ClassifySummary""]","{""CreateAccessionLibrary"": 18.51, ""ClassifyHostMetadata"": 2.13, ""FilterRelevantLiterature"": 64.11, ""FilterRelevantHostLiterature"": 334.39, ""ClassifySummary"": 7.07}",False,TMP_results/accessions/WLI71662/summary/summary.txt,"['PMC13064164.1.txt', 'PMC10972627.1.txt']",2,"['PMC13133430.1.txt', 'PMC13147348.1.txt', 'PMC13175609.1.txt', 'PMC13172515.1.txt', 'PMC13161447.1.txt']",5,
gemma4:e4b,WBM23547,Escherichia phage PNJ-6,"{""uid"": ""2422010214"", ""accession"": ""WBM23547"", ""title"": ""RecA-like recombination protein [Escherichia phage PNJ-6]"", ""organism"": ""Escherichia phage PNJ-6"", ""taxonId"": 3017168, ""sequence_length"": 390, ""create_date"": ""2023/08/02"", ""update_date"": ""2023/08/02"", ""dbsource"": ""insd"", ""extra"": ""gi|2422010214|gb|WBM23547.1|"", ""host"": ""Escherichia coli EAEC CVCC232"", ""country"": ""China"", ""isolation_source"": ""chicken feces"", ""collection_date"": ""2019""}",Escherichia coli EAEC CVCC232,strain,The metadata explicitly states the 'host' as 'Escherichia coli EAEC CVCC232'.,,metadata,True,mesophile,,"The majority of the studies (PMC11150434.1.txt and PMC13168905.1.txt) report optimal or standard incubation temperatures of 37°C. This temperature (37°C) is the standard physiological temperature for human/mammalian gut commensals, which defines mesophiles. While one paper (PMC13153029.1.txt) shows stability across a wider range (4°C to 50°C), the optimal activity and primary context for the bacteria studied in the other papers point strongly to 37°C as the relevant physiological niche. Therefore, the overall evidence points to mesophilic organisms.",,True,TMP_results/accessions/WBM23547/library/accession_lit,6,TMP_results/accessions/WBM23547/library/host_lit,5,465.69,end,"[""CreateAccessionLibrary"", ""ClassifyHostMetadata"", ""CreateHostLibrary"", ""FilterRelevantLiterature"", ""FilterRelevantHostLiterature"", ""SUMMARISELITERATURE"", ""ClassifySummary""]","{""CreateAccessionLibrary"": 23.49, ""ClassifyHostMetadata"": 2.21, ""FilterRelevantLiterature"": 157.02, ""FilterRelevantHostLiterature"": 99.5, ""ClassifySummary"": 5.06}",False,TMP_results/accessions/WBM23547/summary/summary.txt,"['PMC11150434.1.txt', 'PMC13153029.1.txt']",2,"['PMC13167280.1.txt', 'PMC13168905.1.txt']",2,
gemma4:e4b,WKV22974,Escherichia phage BW-1,"{""uid"": ""2552398318"", ""accession"": ""WKV22974"", ""title"": ""RecA-like recombinase [Escherichia phage BW-1]"", ""organism"": ""Escherichia phage BW-1"", ""taxonId"": 3061954, ""sequence_length"": 393, ""create_date"": ""2023/07/30"", ""update_date"": ""2023/07/30"", ""dbsource"": ""insd"", ""extra"": ""gi|2552398318|gb|WKV22974.1|"", ""host"": ""Escherichia coli str. K-12 substr. MG1655"", ""country"": ""Germany""}",Escherichia coli str. K-12 substr. MG1655,strain,The metadata explicitly states the 'host' as 'Escherichia coli str. K-12 substr. MG1655'.,,metadata,True,mesophile,,"Multiple papers (PMC12685909.1, PMC9614321.1, PMC13113784.1, PMC13113462.1) report standard laboratory incubation or optimal growth temperatures at 37 °C. This temperature range (around 20–45 °C) is characteristic of mesophiles. While some papers do not explicitly state 'mesophile,' the consistent use of 37 °C as the standard condition strongly suggests the organisms studied are mesophiles. Conversely, PMC6022435.1 explicitly deals with thermophiles (up to 113 °C), and the others do not show evidence of psychrophilic adaptation (low temperatures).",,True,TMP_results/accessions/WKV22974/library/accession_lit,5,TMP_results/accessions/WKV22974/library/host_lit,10,836.6299999999999,end,"[""CreateAccessionLibrary"", ""ClassifyHostMetadata"", ""CreateHostLibrary"", ""FilterRelevantLiterature"", ""FilterRelevantHostLiterature"", ""SUMMARISELITERATURE"", ""ClassifySummary""]","{""CreateAccessionLibrary"": 31.4, ""ClassifyHostMetadata"": 2.43, ""FilterRelevantLiterature"": 174.76, ""FilterRelevantHostLiterature"": 303.03, ""ClassifySummary"": 7.03}",False,TMP_results/accessions/WKV22974/summary/summary.txt,['PMC12685909.1.txt'],1,"['PMC11782027.1.txt', 'PMC6022435.1.txt', 'PMC9614321.1.txt', 'PMC13113784.1.txt', 'PMC13154413.1.txt', 'PMC13118254.1.txt', 'PMC13113462.1.txt', 'PMC7188308.1.txt']",8,
gemma4:e4b,WKM80407,Salmonella phage SW16-7,"{""uid"": ""2548361241"", ""accession"": ""WKM80407"", ""title"": ""RecA-like recombination protein [Salmonella phage SW16-7]"", ""organism"": ""Salmonella phage SW16-7"", ""taxonId"": 3062021, ""sequence_length"": 361, ""create_date"": ""2023/07/24"", ""update_date"": ""2023/07/24"", ""dbsource"": ""insd"", ""extra"": ""gi|2548361241|gb|WKM80407.1|"", ""host"": ""Salmonella enterica subsp. enterica serovar Weltevreden SA161"", ""country"": ""China""}",Salmonella enterica subsp. enterica serovar Weltevreden SA161,strain,The metadata explicitly states the 'host' as 'Salmonella enterica subsp. enterica serovar Weltevreden SA161'.,,metadata,True,mesophile,,"Both papers indicate optimal growth conditions at 37 °C. The first paper explicitly states: 'Optimal growth temperature: 37 °C' and concludes: 'The overall evidence points to a mesophilic organism with moderate heat tolerance up to 60 °C.' The second paper also lists 'Optimal growth temperature: 37 °C'. Since 37 °C is the standard optimal temperature for human body temperature and is characteristic of mesophiles, and the first paper explicitly labels it as such, the classification is mesophile.",,True,TMP_results/accessions/WKM80407/library/accession_lit,3,TMP_results/accessions/WKM80407/library/host_lit,0,228.81000000000003,end,"[""CreateAccessionLibrary"", ""ClassifyHostMetadata"", ""CreateHostLibrary"", ""FilterRelevantLiterature"", ""FilterRelevantHostLiterature"", ""SUMMARISELITERATURE"", ""ClassifySummary""]","{""CreateAccessionLibrary"": 20.43, ""ClassifyHostMetadata"": 2.45, ""FilterRelevantLiterature"": 112.67, ""FilterRelevantHostLiterature"": 0.0, ""ClassifySummary"": 3.83}",False,TMP_results/accessions/WKM80407/summary/summary.txt,"['PMC10458263.1.txt', 'PMC10892097.1.txt']",2,[],0,
gemma4:e4b,WKK95812,Klebsiella phage ValerieMcCarty03,"{""uid"": ""2547509518"", ""accession"": ""WKK95812"", ""title"": ""putative DNA recombination/repair protein [Klebsiella phage ValerieMcCarty03]"", ""organism"": ""Klebsiella phage ValerieMcCarty03"", ""taxonId"": 3061174, ""sequence_length"": 391, ""create_date"": ""2023/07/23"", ""update_date"": ""2023/07/23"", ""dbsource"": ""insd"", ""extra"": ""gi|2547509518|gb|WKK95812.1|"", ""host"": ""Klebsiella oxytoca clinical isolate"", ""lab_host"": ""Klebsiella oxytoca clinical isolate"", ""country"": ""USA: Utah Valley, Utah"", ""isolation_source"": ""raw sewage""}",Klebsiella oxytoca clinical isolate,species,The metadata explicitly lists 'host': 'Klebsiella oxytoca clinical isolate' and 'lab_host': 'Klebsiella oxytoca clinical isolate'.,,metadata,True,mesophile,,"Multiple papers (PMC11737154.1.txt, PMC13119998.1.txt, PMC13175332.1.txt) report that the optimal or standard incubation temperature for the isolated organisms/phages was 37°C. The text in PMC11737154.1.txt explicitly states: 'Mesophilic growth: Implied by the optimal growth temperature of 37°C.' Since 37°C is the standard temperature for human body temperature and is used consistently across several studies for incubation, the organisms are inferred to be mesophiles. No evidence for psychrophilic (low temp) or thermophilic (high temp) adaptation was found.",,True,TMP_results/accessions/WKK95812/library/accession_lit,2,TMP_results/accessions/WKK95812/library/host_lit,10,563.88,end,"[""CreateAccessionLibrary"", ""ClassifyHostMetadata"", ""CreateHostLibrary"", ""FilterRelevantLiterature"", ""FilterRelevantHostLiterature"", ""SUMMARISELITERATURE"", ""ClassifySummary""]","{""CreateAccessionLibrary"": 15.87, ""ClassifyHostMetadata"": 2.45, ""FilterRelevantLiterature"": 52.36, ""FilterRelevantHostLiterature"": 238.89, ""ClassifySummary"": 6.31}",False,TMP_results/accessions/WKK95812/summary/summary.txt,"['PMC11737154.1.txt', 'PMC13119998.1.txt']",2,"['PMC13121446.1.txt', '42119682.txt', 'PMC13175332.1.txt', '42053263.txt', 'PMC13126132.1.txt', 'PMC13119998.1.txt']",6,
gemma4:e4b,WKN59823,Klebsiella phage AYL,"{""uid"": ""2548748982"", ""accession"": ""WKN59823"", ""title"": ""recombination and repair protein [Klebsiella phage AYL]"", ""organism"": ""Klebsiella phage AYL"", ""taxonId"": 2914023, ""sequence_length"": 385, ""create_date"": ""2023/07/19"", ""update_date"": ""2023/07/19"", ""dbsource"": ""insd"", ""extra"": ""gi|2548748982|gb|WKN59823.1|"", ""host"": ""Klebsiella sp."", ""isolation_source"": ""sewage""}",Klebsiella sp.,species,The metadata explicitly states the 'host' as 'Klebsiella sp.'.,,metadata,True,mesophile,,"The summary for PMC13173533.1.txt explicitly states an 'Optimal growth temperature: 27 °C' and that incubation was performed at '27 °C'. Since 27 °C falls within the typical range for mesophilic organisms (generally 20–45 °C), the evidence points towards a mesophile. The other two papers provided no thermal data, so the classification relies solely on the third paper.",,True,TMP_results/accessions/WKN59823/library/accession_lit,0,TMP_results/accessions/WKN59823/library/host_lit,8,385.57000000000005,end,"[""CreateAccessionLibrary"", ""ClassifyHostMetadata"", ""CreateHostLibrary"", ""FilterRelevantLiterature"", ""FilterRelevantHostLiterature"", ""SUMMARISELITERATURE"", ""ClassifySummary""]","{""CreateAccessionLibrary"": 8.61, ""ClassifyHostMetadata"": 1.97, ""FilterRelevantLiterature"": 0.0, ""FilterRelevantHostLiterature"": 279.6, ""ClassifySummary"": 3.35}",False,TMP_results/accessions/WKN59823/summary/summary.txt,[],0,"['42119743.txt', '42133148.txt', 'PMC13173533.1.txt']",3,
gemma4:e4b,CBZ42216,Campylobacter phage CP81,"{""uid"": ""343178385"", ""accession"": ""CBZ42216"", ""title"": ""hypothetical protein [Campylobacter phage CP81]"", ""organism"": ""Campylobacter phage CP81"", ""taxonId"": 2927008, ""sequence_length"": 347, ""create_date"": ""2011/08/09"", ""update_date"": ""2023/07/14"", ""dbsource"": ""insd"", ""extra"": ""gi|343178385|emb|CBZ42216.1|"", ""host"": ""Campylobacter jejuni"", ""country"": ""Germany:Bavaria"", ""isolation_source"": ""chicken skin""}",Campylobacter jejuni,species,The metadata explicitly states 'host': 'Campylobacter jejuni'.,,metadata,True,mesophile,,"The analysis of the six papers shows mixed evidence. Paper PMC13163335.1.txt shows incubation at 37 °C, which is typical for mesophiles. Paper PMC13144051.1.txt explicitly states an optimal growth temperature of 25 ± 1 °C and mentions mesophilic characteristics. Paper 42098871.txt mentions a Lactic Acid-producing Bacterium, which is generally associated with mesophilic conditions. The other papers lack sufficient temperature data. Given the explicit mention of 25 ± 1 °C (a classic mesophilic range) and the frequent use of 37 °C (the standard human body temperature, also mesophilic), 'mesophile' is the most strongly supported classification based on the available data points.",,True,TMP_results/accessions/CBZ42216/library/accession_lit,0,TMP_results/accessions/CBZ42216/library/host_lit,10,497.12000000000006,end,"[""CreateAccessionLibrary"", ""ClassifyHostMetadata"", ""CreateHostLibrary"", ""FilterRelevantLiterature"", ""FilterRelevantHostLiterature"", ""SUMMARISELITERATURE"", ""ClassifySummary""]","{""CreateAccessionLibrary"": 5.66, ""ClassifyHostMetadata"": 1.99, ""FilterRelevantLiterature"": 0.0, ""FilterRelevantHostLiterature"": 253.56, ""ClassifySummary"": 6.04}",False,TMP_results/accessions/CBZ42216/summary/summary.txt,[],0,"['PMC13163335.1.txt', 'PMC13175053.1.txt', 'PMC13149125.1.txt', '42098871.txt', 'PMC13144051.1.txt', 'PMC13157825.1.txt']",6,
gemma4:e4b,WJZ70188,Campylobacter phage F341,"{""uid"": ""2532655582"", ""accession"": ""WJZ70188"", ""title"": ""putative RecA-like recombination protein [Campylobacter phage F341]"", ""organism"": ""Campylobacter phage F341"", ""taxonId"": 3056222, ""sequence_length"": 347, ""create_date"": ""2023/07/12"", ""update_date"": ""2023/07/12"", ""dbsource"": ""insd"", ""extra"": ""gi|2532655582|gb|WJZ70188.1|"", ""host"": ""Campylobacter jejuni NCTC12658"", ""country"": ""Denmark"", ""isolation_source"": ""Broiler intestine"", ""collection_date"": ""2004""}",Campylobacter jejuni NCTC12658,strain,The metadata explicitly states the 'host' as 'Campylobacter jejuni NCTC12658'.,,metadata,True,mesophile,,"The majority of the provided papers (PMC10877375.1.txt, PMC5808241.1.txt, PMC3715477.1.txt, and PMC4293142.1.txt) consistently report an optimal growth temperature of 37°C. Growth at 37°C is the classic standard condition for human and mammalian pathogens, which defines mesophilic organisms. The summaries explicitly state that the growth conditions are 'consistent with mesophilic bacterial growth at 37°C' or that the organism 'exhibits mesophilic growth characteristics.'",,True,TMP_results/accessions/WJZ70188/library/accession_lit,6,TMP_results/accessions/WJZ70188/library/host_lit,4,806.49,end,"[""CreateAccessionLibrary"", ""ClassifyHostMetadata"", ""CreateHostLibrary"", ""FilterRelevantLiterature"", ""FilterRelevantHostLiterature"", ""SUMMARISELITERATURE"", ""ClassifySummary""]","{""CreateAccessionLibrary"": 35.05, ""ClassifyHostMetadata"": 2.24, ""FilterRelevantLiterature"": 272.98, ""FilterRelevantHostLiterature"": 145.0, ""ClassifySummary"": 6.21}",False,TMP_results/accessions/WJZ70188/summary/summary.txt,"['PMC10877375.1.txt', 'PMC12474301.1.txt', 'PMC12796354.1.txt']",3,"['PMC10877375.1.txt', 'PMC5808241.1.txt', 'PMC3715477.1.txt', 'PMC4293142.1.txt']",4,
gemma4:e4b,WJZ48367,Synechococcus phage DSL-LC02,"{""uid"": ""2531907309"", ""accession"": ""WJZ48367"", ""title"": ""recombinase [Synechococcus phage DSL-LC02]"", ""organism"": ""Synechococcus phage DSL-LC02"", ""taxonId"": 3058947, ""sequence_length"": 335, ""create_date"": ""2023/07/11"", ""update_date"": ""2023/07/11"", ""dbsource"": ""insd"", ""extra"": ""gi|2531907309|gb|WJZ48367.1|"", ""host"": ""Synechococcus sp."", ""country"": ""China"", ""isolation_source"": ""water sample of Dishui Lake""}",Synechococcus sp.,species,The metadata explicitly contains the key 'host' with the value 'Synechococcus sp.'.,,metadata,True,mesophile,,forced,,True,TMP_results/accessions/WJZ48367/library/accession_lit,6,TMP_results/accessions/WJZ48367/library/host_lit,10,777.8100000000001,end,"[""CreateAccessionLibrary"", ""ClassifyHostMetadata"", ""CreateHostLibrary"", ""FilterRelevantLiterature"", ""FilterRelevantHostLiterature"", ""SUMMARISELITERATURE"", ""ClassifySummary"", ""ClassifyThermalForced""]","{""CreateAccessionLibrary"": 23.74, ""ClassifyHostMetadata"": 2.1, ""FilterRelevantLiterature"": 120.11, ""FilterRelevantHostLiterature"": 275.72, ""ClassifySummary"": 10.61, ""ClassifyThermalForced"": 5.27}",False,TMP_results/accessions/WJZ48367/summary/summary.txt,"['PMC13041748.1.txt', '41930475.txt', '42053500.txt', 'PMC13108922.1.txt', 'PMC10611076.1.txt', '41549294.txt']",6,"['PMC13171826.1.txt', '42018485.txt', '42108655.txt', 'PMC13169159.1.txt', 'PMC13147198.1.txt', '42001749.txt', '42082731.txt', 'PMC13171910.1.txt']",8,
gemma4:e4b,AYJ75996,Bacillus phage BSP14,"{""uid"": ""1490698748"", ""accession"": ""AYJ75996"", ""title"": ""RecA [Bacillus phage BSP14]"", ""organism"": ""Bacillus phage BSP14"", ""taxonId"": 2301653, ""sequence_length"": 403, ""create_date"": ""2023/07/01"", ""update_date"": ""2023/07/01"", ""dbsource"": ""insd"", ""extra"": ""gi|1490698748|gnl|FMSL|BSP14_121|gb|AYJ75996.1|"", ""host"": ""Bacillus subtilis ATCC 14593"", ""country"": ""South Korea""}",Bacillus subtilis ATCC 14593,strain,The metadata explicitly states the 'host' as 'Bacillus subtilis ATCC 14593'.,,metadata,True,mesophile,,"The majority of the papers (PMC13064462.1.txt, PMC13125745.1.txt, and PMC5977233.1.txt) show an optimal or primary assay temperature of 37°C. This temperature range (typically 20°C to 45°C) is characteristic of mesophiles. While one paper shows stability up to 60°C and another shows survival down to 4°C, the central, optimal, and most frequently cited temperature is 37°C, strongly suggesting mesophilic adaptation. The first paper (41985590.txt) also implies mesophily with a 30-60°C range, but the consensus across the three most detailed papers points to 37°C as the key temperature.",,True,TMP_results/accessions/AYJ75996/library/accession_lit,5,TMP_results/accessions/AYJ75996/library/host_lit,1,257.52000000000004,end,"[""CreateAccessionLibrary"", ""ClassifyHostMetadata"", ""CreateHostLibrary"", ""FilterRelevantLiterature"", ""FilterRelevantHostLiterature"", ""SUMMARISELITERATURE"", ""ClassifySummary""]","{""CreateAccessionLibrary"": 22.83, ""ClassifyHostMetadata"": 2.24, ""FilterRelevantLiterature"": 78.43, ""FilterRelevantHostLiterature"": 31.5, ""ClassifySummary"": 6.44}",False,TMP_results/accessions/AYJ75996/summary/summary.txt,"['41985590.txt', '41950871.txt', 'PMC13064462.1.txt', 'PMC13125745.1.txt']",4,['PMC5977233.1.txt'],1,
gemma4:e4b,AYJ75770,Bacillus phage BSP18,"{""uid"": ""1490695611"", ""accession"": ""AYJ75770"", ""title"": ""RecA [Bacillus phage BSP18]"", ""organism"": ""Bacillus phage BSP18"", ""taxonId"": 2301655, ""sequence_length"": 398, ""create_date"": ""2023/07/01"", ""update_date"": ""2023/07/01"", ""dbsource"": ""insd"", ""extra"": ""gi|1490695611|gnl|FMSL|BSP18_136|gb|AYJ75770.1|"", ""host"": ""Bacillus subtilis KACC 17797""}",Bacillus subtilis KACC 17797,strain,The metadata explicitly states the host in the 'host' field as 'Bacillus subtilis KACC 17797'.,,metadata,True,mesophile,,"Both papers consistently report an optimal and tested growth temperature of 37 °C. Organisms with an optimal growth temperature around 30–45 °C are classically classified as mesophiles. Since 37 °C falls squarely within this range, the evidence strongly suggests a mesophilic nature, even though the papers do not explicitly state the classification. The absence of evidence for growth at much lower (psychrophile) or much higher (thermophile) temperatures, combined with the consistent 37 °C optimum, leads to this inference.",,True,TMP_results/accessions/AYJ75770/library/accession_lit,1,TMP_results/accessions/AYJ75770/library/host_lit,2,164.19,end,"[""CreateAccessionLibrary"", ""ClassifyHostMetadata"", ""CreateHostLibrary"", ""FilterRelevantLiterature"", ""FilterRelevantHostLiterature"", ""SUMMARISELITERATURE"", ""ClassifySummary""]","{""CreateAccessionLibrary"": 8.3, ""ClassifyHostMetadata"": 2.32, ""FilterRelevantLiterature"": 3.19, ""FilterRelevantHostLiterature"": 64.76, ""ClassifySummary"": 3.94}",False,TMP_results/accessions/AYJ75770/summary/summary.txt,[],0,"['PMC5977233.1.txt', 'PMC8951512.1.txt']",2,
gemma4:e4b,AYJ75370,Bacillus phage BSP21,"{""uid"": ""1490690184"", ""accession"": ""AYJ75370"", ""title"": ""RecA [Bacillus phage BSP21]"", ""organism"": ""Bacillus phage BSP21"", ""taxonId"": 2301658, ""sequence_length"": 398, ""create_date"": ""2023/07/01"", ""update_date"": ""2023/07/01"", ""dbsource"": ""insd"", ""extra"": ""gi|1490690184|gb|AYJ75370.1|"", ""host"": ""Bacillus subtilis KACC 17797"", ""country"": ""South Korea""}",Bacillus subtilis KACC 17797,strain,The metadata explicitly states the 'host' as 'Bacillus subtilis KACC 17797'.,,metadata,True,mesophile,,"Both papers consistently report an optimal and tested growth temperature of 37 °C. Organisms with an optimal growth temperature around 30–45 °C are classically classified as mesophiles. Since 37 °C falls squarely within this range, the evidence strongly suggests a mesophilic nature, even though the papers do not explicitly state the classification. The absence of evidence for growth at much lower (psychrophile) or much higher (thermophile) temperatures, combined with the consistent 37 °C optimum, leads to this inference.",,True,TMP_results/accessions/AYJ75370/library/accession_lit,0,TMP_results/accessions/AYJ75370/library/host_lit,2,159.24,end,"[""CreateAccessionLibrary"", ""ClassifyHostMetadata"", ""CreateHostLibrary"", ""FilterRelevantLiterature"", ""FilterRelevantHostLiterature"", ""SUMMARISELITERATURE"", ""ClassifySummary""]","{""CreateAccessionLibrary"": 5.11, ""ClassifyHostMetadata"": 2.25, ""FilterRelevantLiterature"": 0.0, ""FilterRelevantHostLiterature"": 64.95, ""ClassifySummary"": 3.96}",False,TMP_results/accessions/AYJ75370/summary/summary.txt,[],0,"['PMC5977233.1.txt', 'PMC8951512.1.txt']",2,
gemma4:e4b,AYJ74142,Bacillus phage BSP15,"{""uid"": ""1490642550"", ""accession"": ""AYJ74142"", ""title"": ""RecA [Bacillus phage BSP15]"", ""organism"": ""Bacillus phage BSP15"", ""taxonId"": 2301654, ""sequence_length"": 398, ""create_date"": ""2023/07/01"", ""update_date"": ""2023/07/01"", ""dbsource"": ""insd"", ""extra"": ""gi|1490642550|gb|AYJ74142.1|"", ""host"": ""Bacillus subtilis KACC 17797"", ""country"": ""South Korea""}",Bacillus subtilis KACC 17797,strain,The metadata explicitly states the 'host' as 'Bacillus subtilis KACC 17797'.,,metadata,True,mesophile,,"Both papers consistently report an optimal and tested growth temperature of 37 °C. Organisms with an optimal growth temperature around 30–45 °C are classically classified as mesophiles. Since 37 °C falls squarely within this range, the evidence strongly suggests a mesophilic nature, even though the papers do not explicitly state the classification. The absence of evidence for growth at much lower (psychrophile) or much higher (thermophile) temperatures, combined with the consistent 37 °C optimum, leads to this inference.",,True,TMP_results/accessions/AYJ74142/library/accession_lit,0,TMP_results/accessions/AYJ74142/library/host_lit,2,157.82000000000002,end,"[""CreateAccessionLibrary"", ""ClassifyHostMetadata"", ""CreateHostLibrary"", ""FilterRelevantLiterature"", ""FilterRelevantHostLiterature"", ""SUMMARISELITERATURE"", ""ClassifySummary""]","{""CreateAccessionLibrary"": 4.87, ""ClassifyHostMetadata"": 2.26, ""FilterRelevantLiterature"": 0.0, ""FilterRelevantHostLiterature"": 64.92, ""ClassifySummary"": 3.96}",False,TMP_results/accessions/AYJ74142/summary/summary.txt,[],0,"['PMC5977233.1.txt', 'PMC8951512.1.txt']",2,
gemma4:e4b,WJJ57102,Escherichia phage LH2,"{""uid"": ""2523359815"", ""accession"": ""WJJ57102"", ""title"": ""recombinase [Escherichia phage LH2]"", ""organism"": ""Escherichia phage LH2"", ""taxonId"": 3055873, ""sequence_length"": 391, ""create_date"": ""2023/06/28"", ""update_date"": ""2023/06/28"", ""dbsource"": ""insd"", ""extra"": ""gi|2523359815|gb|WJJ57102.1|"", ""host"": ""Escherichia coli GXXWH2"", ""country"": ""China"", ""isolation_source"": ""sewage"", ""collection_date"": ""2021""}",Escherichia coli GXXWH2,strain,The metadata explicitly states the 'host' as 'Escherichia coli GXXWH2'.,,metadata,True,mesophile,,"The majority of the papers (PMC11662680.1.txt and PMC13168905.1.txt) report optimal or standard incubation temperatures of 37°C. This temperature range (typically 20°C to 45°C) is characteristic of mesophiles, which thrive at moderate temperatures, including human body temperature. While no explicit statement of 'mesophile' is made, the consistent use of 37°C strongly suggests this classification for the studied bacteria.",,True,TMP_results/accessions/WJJ57102/library/accession_lit,5,TMP_results/accessions/WJJ57102/library/host_lit,10,680.7099999999999,end,"[""CreateAccessionLibrary"", ""ClassifyHostMetadata"", ""CreateHostLibrary"", ""FilterRelevantLiterature"", ""FilterRelevantHostLiterature"", ""SUMMARISELITERATURE"", ""ClassifySummary""]","{""CreateAccessionLibrary"": 23.62, ""ClassifyHostMetadata"": 2.1, ""FilterRelevantLiterature"": 213.43, ""FilterRelevantHostLiterature"": 292.19, ""ClassifySummary"": 4.42}",False,TMP_results/accessions/WJJ57102/summary/summary.txt,"['PMC11290325.1.txt', 'PMC11662680.1.txt']",2,"['PMC13167280.1.txt', 'PMC13168905.1.txt']",2,
gemma4:e4b,WJJ54027,Escherichia phage AV101,"{""uid"": ""2523356400"", ""accession"": ""WJJ54027"", ""title"": ""RecA-like recombination protein [Escherichia phage AV101]"", ""organism"": ""Escherichia phage AV101"", ""taxonId"": 3053734, ""sequence_length"": 356, ""create_date"": ""2023/06/28"", ""update_date"": ""2023/06/28"", ""dbsource"": ""insd"", ""extra"": ""gi|2523356400|gb|WJJ54027.1|"", ""host"": ""Escherichia coli"", ""lab_host"": ""Escherichia coli ESBL058"", ""country"": ""Denmark"", ""isolation_source"": ""wastewater"", ""collection_date"": ""2016""}",Escherichia coli,species,The metadata explicitly lists 'host': 'Escherichia coli'.,,metadata,True,mesophile,,"Multiple papers (PMC11414711.1, PMC12753057.1, PMC10791037.1, PMC13168905.1) report that the optimal or standard incubation temperature for the bacteria/phages studied was 37°C. Since 37°C is the typical temperature range for human body temperature and is the standard culture condition for many clinically relevant bacteria (like *E. coli* and *Salmonella*), this strongly suggests the organisms are mesophiles. While no paper explicitly states 'This organism is a mesophile,' the consistent use of 37°C as the primary growth condition is the defining characteristic used to classify them in this context.",,True,TMP_results/accessions/WJJ54027/library/accession_lit,6,TMP_results/accessions/WJJ54027/library/host_lit,10,902.98,end,"[""CreateAccessionLibrary"", ""ClassifyHostMetadata"", ""CreateHostLibrary"", ""FilterRelevantLiterature"", ""FilterRelevantHostLiterature"", ""SUMMARISELITERATURE"", ""ClassifySummary""]","{""CreateAccessionLibrary"": 30.28, ""ClassifyHostMetadata"": 1.95, ""FilterRelevantLiterature"": 233.14, ""FilterRelevantHostLiterature"": 293.91, ""ClassifySummary"": 7.02}",False,TMP_results/accessions/WJJ54027/summary/summary.txt,"['PMC11414711.1.txt', 'PMC11721090.1.txt', 'PMC12753057.1.txt', 'PMC11954938.1.txt', 'PMC10791037.1.txt']",5,"['PMC13167280.1.txt', 'PMC13170919.1.txt', 'PMC13168905.1.txt']",3,
gemma4:e4b,WJE87915,Phage C48C1,"{""uid"": ""2522344551"", ""accession"": ""WJE87915"", ""title"": ""DNA repair protein [Phage C48C1]"", ""organism"": ""Phage C48C1"", ""taxonId"": 3053735, ""sequence_length"": 350, ""create_date"": ""2023/06/25"", ""update_date"": ""2023/06/25"", ""dbsource"": ""insd"", ""extra"": ""gi|2522344551|gb|WJE87915.1|"", ""note"": ""probably a Synechococcus phage or Cyanophage""}",www.ncbi.nlm.nih.gov,Species,"The provided text is a scientific review article discussing various aspects of bacterial pathogenesis and antimicrobial resistance. While it mentions specific bacteria (e.g., *Klebsiella pneumoniae*), it does not provide enough context to definitively assign a single taxonomic level. However, the overall theme is microbiology, which is the domain of taxonomy. Given the depth of discussion on bacterial mechanisms, 'Species' is the most appropriate general level for a scientific review.",,literature,True,mesophile,,"The majority of the papers report incubation or experimental temperatures around $25^{\circ}\text{C}$ to $28^{\circ}\text{C}$ (PMC13168109.1.txt: $28^{\circ}\text{C}$; PMC13173320.1.txt: $25^{\circ}\text{C}$ day/$23^{\circ}\text{C}$ night; PMC13171702.1.txt: $25^{\circ}\text{C}$ incubation). These temperatures fall squarely within the typical range associated with mesophiles ($20^{\circ}\text{C}$ to $45^{\circ}\text{C}$). Although no explicit classification is given, the consistent use of ambient/room temperature conditions for culturing strongly suggests a mesophilic lifestyle for the organisms studied in the majority of the samples.",,True,TMP_results/accessions/WJE87915/library/accession_lit,10,TMP_results/accessions/WJE87915/library/host_lit,10,835.4500000000002,end,"[""CreateAccessionLibrary"", ""ClassifyHostMetadata"", ""ClassifyHostLiterature"", ""CreateHostLibrary"", ""FilterRelevantLiterature"", ""FilterRelevantHostLiterature"", ""SUMMARISELITERATURE"", ""ClassifySummary""]","{""CreateAccessionLibrary"": 42.18, ""ClassifyHostMetadata"": 2.26, ""ClassifyHostLiterature"": 59.9, ""FilterRelevantLiterature"": 269.66, ""FilterRelevantHostLiterature"": 220.31, ""ClassifySummary"": 6.61}",False,TMP_results/accessions/WJE87915/summary/summary.txt,['PMC13168109.1.txt'],1,"['PMC13172222.1.txt', 'PMC13173320.1.txt', 'PMC13175534.1.txt', 'PMC13171702.1.txt']",4,
gemma4:e4b,AET72752,Synechococcus phage S-CAM8,"{""uid"": ""357287003"", ""accession"": ""AET72752"", ""title"": ""UvsX [Synechococcus phage S-CAM8]"", ""organism"": ""Synechococcus phage S-CAM8"", ""taxonId"": 754038, ""sequence_length"": 336, ""create_date"": ""2011/11/21"", ""update_date"": ""2023/06/20"", ""dbsource"": ""insd"", ""extra"": ""gi|357287003|gb|AET72752.1||gnl|CAMERA-phage|SXFG_00204T0"", ""strain"": ""0608SB47"", ""lab_host"": ""Synechococcus sp. WH7803"", ""country"": ""Pacific Ocean: Southern California coast"", ""lat_lon"": ""33.74 N 118.11 W"", ""collection_date"": ""15-Jun-2008""}",Synechococcus sp. WH7803,strain,The metadata explicitly contains the key 'lab_host' with the value 'Synechococcus sp. WH7803'.,,metadata,True,mesophile,,"Multiple papers report optimal or primary growth/incubation temperatures around 20°C to 26°C (e.g., PMC10194205.1.txt: 25 °C; PMC13041748.1.txt: 24° ± 2°C; PMC10100731.1.txt: 24°C; PMC8209453.1.txt: 20°C; PMC9910659.1.txt: 23°C; PMC9430850.1.txt: 24°C; PMC12925178.1.txt: 26°C). These temperatures fall squarely within the typical range for mesophiles (generally 20°C to 45°C). While one paper (PMC13159264.1.txt) describes thermophiles (up to 93°C), the majority of the provided summaries, especially those detailing environmental sampling and standard lab culturing conditions, point to mesophilic conditions. The most consistent and frequently cited range is around 20-25°C.",,True,TMP_results/accessions/AET72752/library/accession_lit,9,TMP_results/accessions/AET72752/library/host_lit,10,1283.43,end,"[""CreateAccessionLibrary"", ""ClassifyHostMetadata"", ""CreateHostLibrary"", ""FilterRelevantLiterature"", ""FilterRelevantHostLiterature"", ""SUMMARISELITERATURE"", ""ClassifySummary""]","{""CreateAccessionLibrary"": 34.73, ""ClassifyHostMetadata"": 2.42, ""FilterRelevantLiterature"": 232.29, ""FilterRelevantHostLiterature"": 359.21, ""ClassifySummary"": 14.15}",False,TMP_results/accessions/AET72752/summary/summary.txt,"['PMC10194205.1.txt', 'PMC13041748.1.txt', '41930475.txt', '42053500.txt', 'PMC13108922.1.txt', 'PMC10557870.1.txt', 'PMC7984403.1.txt', '41549294.txt']",8,"['PMC10100731.1.txt', 'PMC8209453.1.txt', 'PMC13159264.1.txt', 'PMC9910659.1.txt', 'PMC13108922.1.txt', 'PMC13001362.1.txt', 'PMC13101131.1.txt', 'PMC8060472.1.txt', 'PMC12925178.1.txt', 'PMC9430850.1.txt']",10,
gemma4:e4b,UGO47028,Shigella phage ChubbyThor,"{""uid"": ""2163635734"", ""accession"": ""UGO47028"", ""title"": ""putative RecA protein [Shigella phage ChubbyThor]"", ""organism"": ""Shigella phage ChubbyThor"", ""taxonId"": 2902744, ""sequence_length"": 361, ""create_date"": ""2021/12/15"", ""update_date"": ""2023/06/12"", ""dbsource"": ""insd"", ""extra"": ""gi|2163635734|gb|UGO47028.1|"", ""old_name"": ""Shigella phage vB_SboM_ChubbyThor"", ""lab_host"": ""Shigella boydii"", ""country"": ""USA"", ""isolation_source"": ""raw sewage"", ""identified_by"": ""Trever Thurgood""}",Shigella boydii,species,"The metadata contains the key 'lab_host' with the value 'Shigella boydii', which explicitly states the host organism.",,metadata,True,mesophile,,"Multiple papers (PMC10927658.1.txt, PMC10791037.1.txt, PMC12624085.1.txt) explicitly state or imply that the standard incubation and assay conditions used were $37^{\circ}\text{C}$. This temperature ($37^{\circ}\text{C}$) is the canonical optimal growth temperature for many human and environmental pathogens, which defines a mesophile. While no organism-specific adaptation data is provided, the consistent use of $37^{\circ}\text{C}$ strongly suggests the organisms being studied are mesophiles.",,True,TMP_results/accessions/UGO47028/library/accession_lit,3,TMP_results/accessions/UGO47028/library/host_lit,9,722.5400000000001,end,"[""CreateAccessionLibrary"", ""ClassifyHostMetadata"", ""CreateHostLibrary"", ""FilterRelevantLiterature"", ""FilterRelevantHostLiterature"", ""SUMMARISELITERATURE"", ""ClassifySummary""]","{""CreateAccessionLibrary"": 20.01, ""ClassifyHostMetadata"": 2.3, ""FilterRelevantLiterature"": 94.2, ""FilterRelevantHostLiterature"": 344.43, ""ClassifySummary"": 5.57}",False,TMP_results/accessions/UGO47028/summary/summary.txt,"['PMC10927658.1.txt', 'PMC10892097.1.txt', 'PMC10791037.1.txt']",3,"['PMC12657300.1.txt', 'PMC12835280.1.txt', 'PMC12624085.1.txt']",3,
gemma4:e4b,QPX74464,Salmonella phage Sajous1,"{""uid"": ""1944316519"", ""accession"": ""QPX74464"", ""title"": ""putative RecA protein [Salmonella phage Sajous1]"", ""organism"": ""Salmonella phage Sajous1"", ""taxonId"": 2777361, ""sequence_length"": 361, ""create_date"": ""2020/12/20"", ""update_date"": ""2023/06/12"", ""dbsource"": ""insd"", ""extra"": ""gi|1944316519|gb|QPX74464.1|"", ""old_name"": ""Citrobacter phage vB_CfrM_Sajous1"", ""lab_host"": ""Salmonella enterica serovar Typhimurium LT2"", ""country"": ""USA"", ""isolation_source"": ""raw sewage"", ""identified_by"": ""Kayla Sajous""}",Salmonella enterica serovar Typhimurium LT2,strain,The metadata explicitly contains the key 'lab_host' with the value 'Salmonella enterica serovar Typhimurium LT2'.,,metadata,True,mesophile,,"The majority of the papers (PMC10927658.1, PMC10892097.1, PMC12262642.1, PMC13139450.1, PMC12084125.1, PMC12472201.1, PMC12755190.1, PMC12948059.1) report optimal or standard incubation temperatures at 37°C. This temperature range (around 20°C to 45°C) is characteristic of mesophiles. While PMC13163199.1 notes 'cold tolerance' and PMC12866334.1 shows activity at 18°C, the *optimal* and most frequently cited temperature across the set is 37°C, which strongly points to a mesophilic classification. The inference is based on the consistent use of human/mammalian body temperature as the standard culture condition.",,True,TMP_results/accessions/QPX74464/library/accession_lit,2,TMP_results/accessions/QPX74464/library/host_lit,10,894.38,end,"[""CreateAccessionLibrary"", ""ClassifyHostMetadata"", ""CreateHostLibrary"", ""FilterRelevantLiterature"", ""FilterRelevantHostLiterature"", ""SUMMARISELITERATURE"", ""ClassifySummary""]","{""CreateAccessionLibrary"": 21.1, ""ClassifyHostMetadata"": 2.36, ""FilterRelevantLiterature"": 57.89, ""FilterRelevantHostLiterature"": 385.54, ""ClassifySummary"": 8.66}",False,TMP_results/accessions/QPX74464/summary/summary.txt,"['PMC10927658.1.txt', 'PMC10892097.1.txt']",2,"['PMC12262642.1.txt', 'PMC13139450.1.txt', 'PMC12084125.1.txt', 'PMC12472201.1.txt', 'PMC12755190.1.txt', 'PMC12866334.1.txt', 'PMC13163199.1.txt', 'PMC12948059.1.txt']",8,
gemma4:e4b,WIL01900,Salmonella phage D5lw,"{""uid"": ""2514756138"", ""accession"": ""WIL01900"", ""title"": ""RecA-like recombination protein [Salmonella phage D5lw]"", ""organism"": ""Salmonella phage D5lw"", ""taxonId"": 3038312, ""sequence_length"": 363, ""create_date"": ""2023/06/11"", ""update_date"": ""2023/06/11"", ""dbsource"": ""insd"", ""extra"": ""gi|2514756138|gb|WIL01900.1|"", ""host"": ""Salmonella sp."", ""lab_host"": ""Salmonella enterica subsp. enterica serovar Typhimurium"", ""country"": ""USA"", ""isolation_source"": ""sewage water"", ""collection_date"": ""May-2021""}",Salmonella sp.,species,The metadata explicitly contains the key 'host' with the value 'Salmonella sp.'.,,metadata,True,mesophile,,"The majority of the papers (PMC11137056.1, PMC13133430.1, PMC13172515.1) cite optimal or primary incubation/culture temperatures around 37°C. This temperature range (typically 20°C to 45°C) is characteristic of mesophiles. While PMC13147348.1 mentions a strain from a thermophilic hot spring, the overall context and the most frequently cited culture conditions point towards mesophilic conditions (37°C).",,True,TMP_results/accessions/WIL01900/library/accession_lit,3,TMP_results/accessions/WIL01900/library/host_lit,9,727.1899999999999,end,"[""CreateAccessionLibrary"", ""ClassifyHostMetadata"", ""CreateHostLibrary"", ""FilterRelevantLiterature"", ""FilterRelevantHostLiterature"", ""SUMMARISELITERATURE"", ""ClassifySummary""]","{""CreateAccessionLibrary"": 23.41, ""ClassifyHostMetadata"": 2.06, ""FilterRelevantLiterature"": 113.51, ""FilterRelevantHostLiterature"": 350.6, ""ClassifySummary"": 5.18}",False,TMP_results/accessions/WIL01900/summary/summary.txt,['PMC11137056.1.txt'],1,"['PMC13133430.1.txt', 'PMC13147348.1.txt', 'PMC13172515.1.txt', 'PMC13161447.1.txt']",4,
gemma4:e4b,WBL99177,Salmonella phage SPTD1,"{""uid"": ""2422000748"", ""accession"": ""WBL99177"", ""title"": ""RecA-like recombination protein [Salmonella phage SPTD1]"", ""organism"": ""Salmonella phage SPTD1"", ""taxonId"": 3016905, ""sequence_length"": 361, ""create_date"": ""2023/03/08"", ""update_date"": ""2023/05/31"", ""dbsource"": ""insd"", ""extra"": ""gi|2422000748|gb|WBL99177.1|"", ""host"": ""Salmonella enterica subsp. enterica serovar Typhimurium ATCC 19585"", ""country"": ""USA"", ""isolation_source"": ""sewage"", ""collection_date"": ""2017""}",Salmonella enterica subsp. enterica serovar Typhimurium ATCC 19585,strain,The metadata explicitly contains the key 'host' with the value 'Salmonella enterica subsp. enterica serovar Typhimurium ATCC 19585'.,,metadata,True,mesophile,,"The majority of the papers (PMC9965104.1, PMC10451331.1, 38900709.txt, 39448152.txt, PMC12951463.1.txt, PMC9774383.1.txt) report optimal or standard incubation temperatures of 37 °C. This temperature range (around 20–45 °C) is characteristic of mesophiles, especially human or mammalian pathogens, which are often associated with foodborne sources (e.g., Salmonella, foodborne pathogens mentioned in 38900709.txt). While some papers test at 4 °C (PMC10647486.1.txt, PMC12845988.1.txt), the primary focus and optimal growth temperature cited across the board is 37 °C, strongly pointing towards mesophilic adaptation.",,True,TMP_results/accessions/WBL99177/library/accession_lit,2,TMP_results/accessions/WBL99177/library/host_lit,9,635.2600000000001,end,"[""CreateAccessionLibrary"", ""ClassifyHostMetadata"", ""CreateHostLibrary"", ""FilterRelevantLiterature"", ""FilterRelevantHostLiterature"", ""SUMMARISELITERATURE"", ""ClassifySummary""]","{""CreateAccessionLibrary"": 14.78, ""ClassifyHostMetadata"": 2.66, ""FilterRelevantLiterature"": 73.18, ""FilterRelevantHostLiterature"": 229.28, ""ClassifySummary"": 8.33}",False,TMP_results/accessions/WBL99177/summary/summary.txt,['PMC9965104.1.txt'],1,"['PMC10451331.1.txt', 'PMC10647486.1.txt', '38900709.txt', '39448152.txt', 'PMC12951463.1.txt', 'PMC12829423.1.txt', 'PMC9774383.1.txt', 'PMC12845988.1.txt']",8,
gemma4:e4b,QIW90405,Vibrio phage V07,"{""uid"": ""1829642029"", ""accession"": ""QIW90405"", ""title"": ""UNVERIFIED_ORG: recombination and repair protein [Vibrio phage V07]"", ""organism"": ""Vibrio phage V07"", ""taxonId"": 2724326, ""sequence_length"": 366, ""create_date"": ""2020/04/14"", ""update_date"": ""2023/05/11"", ""dbsource"": ""insd"", ""extra"": ""gi|1829642029|gb|QIW90405.1|"", ""host"": ""Vibrio parahaemolyticus"", ""country"": ""China"", ""isolation_source"": ""water""}",Vibrio parahaemolyticus,species,The metadata explicitly contains the key 'host' with the value 'Vibrio parahaemolyticus'.,,metadata,True,mesophile,,"The first paper shows optimal growth/adsorption at $37^	ext{o}	ext{C}$ and stability up to $60^	ext{o}	ext{C}$, which are characteristic of mesophiles. The environmental context mentions isolation from sewage water and stability across a wide range, consistent with mesophilic/psychrotolerant characteristics. Several other papers report optimal or incubation temperatures in the $27^	ext{o}	ext{C}$ to $30^	ext{o}	ext{C}$ range (e.g., PMC13168795.1.txt at $28^	ext{o}	ext{C}$, PMC13162714.1.txt at $29.93^	ext{o}	ext{C}$, PMC13169944.1.txt at $27^	ext{o}	ext{C}$), which falls squarely within the mesophilic range ($20^	ext{o}	ext{C}$ to $45^	ext{o}	ext{C}$). The most definitive evidence pointing to a specific optimal range is $37^	ext{o}	ext{C}$ from the first paper, which is classic mesophilic activity.",,True,TMP_results/accessions/QIW90405/library/accession_lit,5,TMP_results/accessions/QIW90405/library/host_lit,9,711.4100000000001,end,"[""CreateAccessionLibrary"", ""ClassifyHostMetadata"", ""CreateHostLibrary"", ""FilterRelevantLiterature"", ""FilterRelevantHostLiterature"", ""SUMMARISELITERATURE"", ""ClassifySummary""]","{""CreateAccessionLibrary"": 24.62, ""ClassifyHostMetadata"": 2.2, ""FilterRelevantLiterature"": 205.8, ""FilterRelevantHostLiterature"": 199.47, ""ClassifySummary"": 8.57}",False,TMP_results/accessions/QIW90405/summary/summary.txt,['PMC10213691.1.txt'],1,"['PMC13170039.1.txt', 'PMC13171169.1.txt', 'PMC13168795.1.txt', '42116445.txt', 'PMC13162714.1.txt', 'PMC13169944.1.txt']",6,
gemma4:e4b,WEM33337,Escherichia phage EJP2,"{""uid"": ""2459381061"", ""accession"": ""WEM33337"", ""title"": ""recombination protein [Escherichia phage EJP2]"", ""organism"": ""Escherichia phage EJP2"", ""taxonId"": 3028122, ""sequence_length"": 372, ""create_date"": ""2023/05/10"", ""update_date"": ""2023/05/10"", ""dbsource"": ""insd"", ""extra"": ""gi|2459381061|gb|WEM33337.1|"", ""host"": ""Escherichia coli FORC82"", ""country"": ""South Korea"", ""isolation_source"": ""animal feces""}",Escherichia coli FORC82,strain,The metadata explicitly states the 'host' as 'Escherichia coli FORC82'.,,metadata,True,mesophile,,"Multiple papers (PMC11877940.1, PMC12898486.1, PMC12475279.1, PMC11974896.1, PMC6780365.1) report optimal or standard incubation/growth temperatures at 37°C. Furthermore, PMC12837969.1 explicitly mentions 'Evidence of stability at mesophilic temperatures' (10–50 °C). While some papers show stability across a range (e.g., 10–50 °C), the most frequently cited and standard laboratory condition is 37°C, which is characteristic of mesophiles.",,True,TMP_results/accessions/WEM33337/library/accession_lit,6,TMP_results/accessions/WEM33337/library/host_lit,10,882.55,end,"[""CreateAccessionLibrary"", ""ClassifyHostMetadata"", ""CreateHostLibrary"", ""FilterRelevantLiterature"", ""FilterRelevantHostLiterature"", ""SUMMARISELITERATURE"", ""ClassifySummary""]","{""CreateAccessionLibrary"": 26.19, ""ClassifyHostMetadata"": 2.11, ""FilterRelevantLiterature"": 232.85, ""FilterRelevantHostLiterature"": 211.78, ""ClassifySummary"": 7.71}",False,TMP_results/accessions/WEM33337/summary/summary.txt,"['PMC11877940.1.txt', 'PMC12805682.1.txt', 'PMC12837969.1.txt', 'PMC12898486.1.txt', 'PMC10213699.1.txt']",5,"['42139236.txt', 'PMC12475279.1.txt', '42139344.txt', '42139650.txt', 'PMC11974896.1.txt', 'PMC10213699.1.txt', 'PMC6780365.1.txt']",7,
gemma4:e4b,YP_009784588,Listeria phage LP-124,"{""uid"": ""1841996748"", ""accession"": ""YP_009784588"", ""title"": ""recombinase [Listeria phage LP-124]"", ""organism"": ""Listeria phage LP-124"", ""taxonId"": 1173765, ""sequence_length"": 414, ""create_date"": ""2020/05/15"", ""update_date"": ""2023/05/08"", ""dbsource"": ""refseq"", ""extra"": ""gi|1841996748|gnl|REF_FSLCornell|LP124P_076|ref|YP_009784588.1|"", ""host"": ""Listeria monocytogenes"", ""country"": ""USA""}",Listeria monocytogenes,species,The metadata explicitly contains the key 'host' with the value 'Listeria monocytogenes'.,,metadata,True,mesophile,,forced,,True,TMP_results/accessions/YP_009784588/library/accession_lit,0,TMP_results/accessions/YP_009784588/library/host_lit,9,321.53000000000003,end,"[""CreateAccessionLibrary"", ""ClassifyHostMetadata"", ""CreateHostLibrary"", ""FilterRelevantLiterature"", ""FilterRelevantHostLiterature"", ""SUMMARISELITERATURE"", ""ClassifySummary"", ""ClassifyThermalForced""]","{""CreateAccessionLibrary"": 6.03, ""ClassifyHostMetadata"": 2.11, ""FilterRelevantLiterature"": 0.0, ""FilterRelevantHostLiterature"": 235.13, ""ClassifySummary"": 4.13, ""ClassifyThermalForced"": 3.73}",False,TMP_results/accessions/YP_009784588/summary/summary.txt,[],0,"['42127294.txt', 'PMC13170973.1.txt']",2,
gemma4:e4b,YP_009784362,Bacillus phage Bp8p-T,"{""uid"": ""1841996521"", ""accession"": ""YP_009784362"", ""title"": ""putative DNA recombination and repair protein RecA [Bacillus phage Bp8p-T]"", ""organism"": ""Bacillus phage Bp8p-T"", ""taxonId"": 1445811, ""sequence_length"": 403, ""create_date"": ""2020/05/15"", ""update_date"": ""2023/05/08"", ""dbsource"": ""refseq"", ""extra"": ""gi|1841996521|ref|YP_009784362.1|"", ""host"": ""Bacillus pumilus GR8"", ""country"": ""China"", ""collection_date"": ""03-Jul-2013""}",Bacillus pumilus GR8,strain,The metadata explicitly states the 'host' as 'Bacillus pumilus GR8'.,,metadata,True,mesophile,,"Across the four papers providing thermal data (PMC8778260.1, PMC9201493.1, PMC4437294.1, and PMC9677121.1), the optimal or primary incubation temperatures consistently cluster around 26°C to 30°C. For example, PMC8778260.1 cites 'Optimal growth temperature: 28 °C' and 'Growth temperature range: 28 °C'. PMC9201493.1 uses 'Optimal growth temperature: 26–28°C'. PMC4437294.1 uses '30 °C'. PMC9677121.1 cites 'Optimal growth temperature: 28°C'. Since these temperatures fall within the typical range for mesophiles (generally 20°C to 45°C), and there is no evidence suggesting adaptation to very low (psychrophile) or very high (thermophile) temperatures, the evidence strongly points to mesophilic growth.",,True,TMP_results/accessions/YP_009784362/library/accession_lit,0,TMP_results/accessions/YP_009784362/library/host_lit,7,509.10999999999996,end,"[""CreateAccessionLibrary"", ""ClassifyHostMetadata"", ""CreateHostLibrary"", ""FilterRelevantLiterature"", ""FilterRelevantHostLiterature"", ""SUMMARISELITERATURE"", ""ClassifySummary""]","{""CreateAccessionLibrary"": 10.13, ""ClassifyHostMetadata"": 2.09, ""FilterRelevantLiterature"": 0.0, ""FilterRelevantHostLiterature"": 248.55, ""ClassifySummary"": 6.83}",False,TMP_results/accessions/YP_009784362/summary/summary.txt,[],0,"['PMC8778260.1.txt', 'PMC9201493.1.txt', 'PMC4437294.1.txt', 'PMC11327198.1.txt', 'PMC9677121.1.txt']",5,
gemma4:e4b,YP_009781996,Staphylococcus phage A5W,"{""uid"": ""1841994128"", ""accession"": ""YP_009781996"", ""title"": ""Rec [Staphylococcus phage A5W]"", ""organism"": ""Staphylococcus phage A5W"", ""taxonId"": 516541, ""sequence_length"": 418, ""create_date"": ""2020/05/15"", ""update_date"": ""2023/05/08"", ""dbsource"": ""refseq"", ""extra"": ""gi|1841994128|ref|YP_009781996.1|"", ""host"": ""Staphylococcus aureus NCTC9789 (=PS80)""}",Staphylococcus aureus NCTC9789 (=PS80),strain,The metadata explicitly states the 'host' as 'Staphylococcus aureus NCTC9789 (=PS80)'.,,metadata,True,mesophile,,"The analysis of the three papers shows the following key temperatures: Paper 1 provides no thermal data. Paper 2 consistently uses 30°C for growth and propagation. Paper 3 consistently uses 37°C for growth assays. Both 30°C and 37°C fall squarely within the typical physiological range for mesophiles (generally 20°C to 45°C). Since the majority of the experimental work is conducted at these moderate temperatures, the overall evidence points towards a mesophilic context, even though no explicit classification is given.",,True,TMP_results/accessions/YP_009781996/library/accession_lit,6,TMP_results/accessions/YP_009781996/library/host_lit,0,311.44,end,"[""CreateAccessionLibrary"", ""ClassifyHostMetadata"", ""CreateHostLibrary"", ""FilterRelevantLiterature"", ""FilterRelevantHostLiterature"", ""SUMMARISELITERATURE"", ""ClassifySummary""]","{""CreateAccessionLibrary"": 28.5, ""ClassifyHostMetadata"": 2.34, ""FilterRelevantLiterature"": 177.0, ""FilterRelevantHostLiterature"": 0.0, ""ClassifySummary"": 4.13}",False,TMP_results/accessions/YP_009781996/summary/summary.txt,"['PMC7409376.1.txt', 'PMC11878797.1.txt', 'PMC7459665.1.txt']",3,[],0,
gemma4:e4b,YP_009781764,Staphylococcus phage P4W,"{""uid"": ""1841993866"", ""accession"": ""YP_009781764"", ""title"": ""Rec [Staphylococcus phage P4W]"", ""organism"": ""Staphylococcus phage P4W"", ""taxonId"": 1195080, ""sequence_length"": 418, ""create_date"": ""2020/05/15"", ""update_date"": ""2023/05/08"", ""dbsource"": ""refseq"", ""extra"": ""gi|1841993866|ref|YP_009781764.1|"", ""old_name"": ""Staphylococcus bacteriophage P4W"", ""lab_host"": ""Staphylococcus aureus strain 6409""}",Staphylococcus aureus strain 6409,strain,The metadata explicitly states 'lab_host': 'Staphylococcus aureus strain 6409'.,,metadata,True,mesophile,,"The majority of the papers report optimal or standard incubation temperatures of 37°C (PMC9573682.1.txt, PMC13114192.1.txt, PMC10483654.1.txt, PMC12817137.1.txt, PMC10459089.1.txt). 37°C is the standard temperature for human body temperature and is characteristic of mesophilic organisms. While some papers mention 27°C or 30°C, the most frequently cited and standard laboratory condition is 37°C. The context of human/mammalian infection (PMC11818366.1.txt) also points towards mesophilic pathogens. Therefore, based on the consistent use of 37°C for assays, the organisms are inferred to be mesophiles.",,True,TMP_results/accessions/YP_009781764/library/accession_lit,1,TMP_results/accessions/YP_009781764/library/host_lit,10,833.06,end,"[""CreateAccessionLibrary"", ""ClassifyHostMetadata"", ""CreateHostLibrary"", ""FilterRelevantLiterature"", ""FilterRelevantHostLiterature"", ""SUMMARISELITERATURE"", ""ClassifySummary""]","{""CreateAccessionLibrary"": 5.32, ""ClassifyHostMetadata"": 2.14, ""FilterRelevantLiterature"": 2.21, ""FilterRelevantHostLiterature"": 434.57, ""ClassifySummary"": 6.64}",False,TMP_results/accessions/YP_009781764/summary/summary.txt,[],0,"['PMC9573682.1.txt', 'PMC13114192.1.txt', 'PMC10483654.1.txt', 'PMC9609114.1.txt', 'PMC11818366.1.txt', 'PMC12817137.1.txt', 'PMC12863300.1.txt', 'PMC10459089.1.txt']",8,
gemma4:e4b,YP_009781533,Staphylococcus phage MSA6,"{""uid"": ""1841993634"", ""accession"": ""YP_009781533"", ""title"": ""Rec [Staphylococcus phage MSA6]"", ""organism"": ""Staphylococcus phage MSA6"", ""taxonId"": 1195079, ""sequence_length"": 418, ""create_date"": ""2020/05/15"", ""update_date"": ""2023/05/08"", ""dbsource"": ""refseq"", ""extra"": ""gi|1841993634|ref|YP_009781533.1|"", ""old_name"": ""Staphylococcus bacteriophage MSA6"", ""lab_host"": ""Staphylococcus aureus subsp. aureus strain ATCC 25923""}",Staphylococcus aureus subsp. aureus strain ATCC 25923,strain,The metadata explicitly lists 'lab_host' as 'Staphylococcus aureus subsp. aureus strain ATCC 25923'.,,metadata,True,mesophile,,"The 'Thermal Evidence' section explicitly states: 'Incubation temperature for bacterial growth and activity assays was consistently maintained at $37^	ext{o}	ext{C}$.' Since $37^	ext{o}	ext{C}$ is the standard optimal growth temperature for many human pathogens and many general laboratory bacteria, this strongly suggests the organisms studied or tested are mesophiles. Although the 'Environmental Context' notes that the study does not report on isolation conditions, the consistent use of $37^	ext{o}	ext{C}$ for assays is the primary piece of thermal evidence available.",,True,TMP_results/accessions/YP_009781533/library/accession_lit,1,TMP_results/accessions/YP_009781533/library/host_lit,2,64.41000000000001,end,"[""CreateAccessionLibrary"", ""ClassifyHostMetadata"", ""CreateHostLibrary"", ""FilterRelevantLiterature"", ""FilterRelevantHostLiterature"", ""SUMMARISELITERATURE"", ""ClassifySummary""]","{""CreateAccessionLibrary"": 5.23, ""ClassifyHostMetadata"": 2.36, ""FilterRelevantLiterature"": 2.25, ""FilterRelevantHostLiterature"": 22.06, ""ClassifySummary"": 3.54}",False,TMP_results/accessions/YP_009781533/summary/summary.txt,[],0,['PMC8177143.1.txt'],1,
gemma4:e4b,YP_009781300,Staphylococcus phage Fi200W,"{""uid"": ""1841993400"", ""accession"": ""YP_009781300"", ""title"": ""Rec [Staphylococcus phage Fi200W]"", ""organism"": ""Staphylococcus phage Fi200W"", ""taxonId"": 1195078, ""sequence_length"": 418, ""create_date"": ""2020/05/15"", ""update_date"": ""2023/05/08"", ""dbsource"": ""refseq"", ""extra"": ""gi|1841993400|ref|YP_009781300.1|"", ""old_name"": ""Staphylococcus bacteriophage Fi200W"", ""lab_host"": ""Staphylococcus aureus strain 6409""}",Staphylococcus aureus strain 6409,strain,The metadata explicitly lists 'lab_host' as 'Staphylococcus aureus strain 6409'.,,metadata,True,mesophile,,"The majority of the papers report optimal or standard incubation temperatures of 37°C (PMC9573682.1.txt, PMC13114192.1.txt, PMC10483654.1.txt, PMC12817137.1.txt, PMC10459089.1.txt). The temperature range of 37°C is the standard physiological temperature for human pathogens and many common environmental bacteria, which is characteristic of mesophiles. While some papers mention 27°C or 30°C, the dominant and most frequently cited temperature is 37°C. Furthermore, PMC12863300.1.txt mentions the gut of *Drosophila* operating in a 'mesophilic range typical of insect physiology.' Since no evidence points to growth at significantly lower (psychrophile) or significantly higher (thermophile) temperatures, the evidence strongly points towards mesophily.",,True,TMP_results/accessions/YP_009781300/library/accession_lit,1,TMP_results/accessions/YP_009781300/library/host_lit,10,835.96,end,"[""CreateAccessionLibrary"", ""ClassifyHostMetadata"", ""CreateHostLibrary"", ""FilterRelevantLiterature"", ""FilterRelevantHostLiterature"", ""SUMMARISELITERATURE"", ""ClassifySummary""]","{""CreateAccessionLibrary"": 6.26, ""ClassifyHostMetadata"": 2.2, ""FilterRelevantLiterature"": 2.04, ""FilterRelevantHostLiterature"": 434.12, ""ClassifySummary"": 7.19}",False,TMP_results/accessions/YP_009781300/summary/summary.txt,[],0,"['PMC9573682.1.txt', 'PMC13114192.1.txt', 'PMC10483654.1.txt', 'PMC9609114.1.txt', 'PMC11818366.1.txt', 'PMC12817137.1.txt', 'PMC12863300.1.txt', 'PMC10459089.1.txt']",8,
gemma4:e4b,YP_009781067,Staphylococcus phage 676Z,"{""uid"": ""1841993166"", ""accession"": ""YP_009781067"", ""title"": ""Rec [Staphylococcus phage 676Z]"", ""organism"": ""Staphylococcus phage 676Z"", ""taxonId"": 1195081, ""sequence_length"": 418, ""create_date"": ""2020/05/15"", ""update_date"": ""2023/05/08"", ""dbsource"": ""refseq"", ""extra"": ""gi|1841993166|ref|YP_009781067.1|"", ""old_name"": ""Staphylococcus bacteriophage 676Z"", ""lab_host"": ""Staphylococcus aureus strain Z11778""}",Staphylococcus aureus strain Z11778,strain,The metadata explicitly lists 'lab_host' as 'Staphylococcus aureus strain Z11778'.,,metadata,True,mesophile,,"Both papers consistently report an optimal or primary incubation temperature of 37°C. In microbiology, 37°C is the standard optimal growth temperature for human pathogens and many commensal bacteria, which defines the mesophilic range (typically 20°C to 45°C). Since the organisms/phages are associated with human clinical samples and incubated at 37°C, the most appropriate classification based on the provided data is mesophile. No evidence for extreme cold (psychrophile) or high heat (thermophile) is present.",,True,TMP_results/accessions/YP_009781067/library/accession_lit,1,TMP_results/accessions/YP_009781067/library/host_lit,2,160.68,end,"[""CreateAccessionLibrary"", ""ClassifyHostMetadata"", ""CreateHostLibrary"", ""FilterRelevantLiterature"", ""FilterRelevantHostLiterature"", ""SUMMARISELITERATURE"", ""ClassifySummary""]","{""CreateAccessionLibrary"": 5.62, ""ClassifyHostMetadata"": 2.24, ""FilterRelevantLiterature"": 2.27, ""FilterRelevantHostLiterature"": 63.78, ""ClassifySummary"": 3.97}",False,TMP_results/accessions/YP_009781067/summary/summary.txt,[],0,"['PMC6871536.1.txt', 'PMC8236893.1.txt']",2,
gemma4:e4b,YP_009780853,Staphylococcus phage A3R,"{""uid"": ""1841992951"", ""accession"": ""YP_009780853"", ""title"": ""Rec [Staphylococcus phage A3R]"", ""organism"": ""Staphylococcus phage A3R"", ""taxonId"": 1195077, ""sequence_length"": 418, ""create_date"": ""2020/05/15"", ""update_date"": ""2023/05/08"", ""dbsource"": ""refseq"", ""extra"": ""gi|1841992951|ref|YP_009780853.1|"", ""old_name"": ""Staphylococcus bacteriophage A3R"", ""lab_host"": ""Staphylococcus aureus strain R19930""}",Staphylococcus aureus strain R19930,strain,"The metadata contains the key 'lab_host' with the value 'Staphylococcus aureus strain R19930', which explicitly states the host organism.",,metadata,True,mesophile,,"The majority of the papers (PMC6871536, PMC5332955, PMC13161030, PMC8236893) consistently report or imply that the optimal or primary incubation temperature for the bacterial hosts or related assays is 37°C. Since 37°C is the typical core body temperature of mammals, this strongly suggests that the organisms being studied are adapted to mesophilic conditions, which is the most common classification for human/animal pathogens. PMC5332955 explicitly states: 'The incubation conditions suggest physiological relevance to mammalian systems, consistent with mesophilic conditions.' PMC13161030 also implies this by listing 37°C as the primary incubation temperature.

While one paper (42133371.txt) does not provide temperature data, the overwhelming consensus from the other four papers points to mesophily.",,True,TMP_results/accessions/YP_009780853/library/accession_lit,1,TMP_results/accessions/YP_009780853/library/host_lit,8,301.75,end,"[""CreateAccessionLibrary"", ""ClassifyHostMetadata"", ""CreateHostLibrary"", ""FilterRelevantLiterature"", ""FilterRelevantHostLiterature"", ""SUMMARISELITERATURE"", ""ClassifySummary""]","{""CreateAccessionLibrary"": 8.69, ""ClassifyHostMetadata"": 2.4, ""FilterRelevantLiterature"": 2.25, ""FilterRelevantHostLiterature"": 126.77, ""ClassifySummary"": 6.49}",False,TMP_results/accessions/YP_009780853/summary/summary.txt,[],0,"['PMC6871536.1.txt', 'PMC5332955.1.txt', 'PMC13161030.1.txt', 'PMC8236893.1.txt', '42133371.txt']",5,
gemma4:e4b,YP_009780622,Staphylococcus phage Staph1N,"{""uid"": ""1841992719"", ""accession"": ""YP_009780622"", ""title"": ""Rec [Staphylococcus phage Staph1N]"", ""organism"": ""Staphylococcus phage Staph1N"", ""taxonId"": 1195076, ""sequence_length"": 418, ""create_date"": ""2020/05/15"", ""update_date"": ""2023/05/08"", ""dbsource"": ""refseq"", ""extra"": ""gi|1841992719|ref|YP_009780622.1|"", ""old_name"": ""Staphylococcus bacteriophage Staph1N"", ""lab_host"": ""Staphylococcus aureus strain NCTC9789 (=PS80)""}",Staphylococcus aureus strain NCTC9789 (=PS80),strain,The metadata explicitly states 'lab_host': 'Staphylococcus aureus strain NCTC9789 (=PS80)',,metadata,True,mesophile,,forced,,True,TMP_results/accessions/YP_009780622/library/accession_lit,1,TMP_results/accessions/YP_009780622/library/host_lit,0,18.689999999999998,end,"[""CreateAccessionLibrary"", ""ClassifyHostMetadata"", ""CreateHostLibrary"", ""FilterRelevantLiterature"", ""FilterRelevantHostLiterature"", ""ClassifyThermalForced""]","{""CreateAccessionLibrary"": 4.81, ""ClassifyHostMetadata"": 2.36, ""FilterRelevantLiterature"": 2.07, ""FilterRelevantHostLiterature"": 0.0, ""ClassifyThermalForced"": 3.74}",False,TMP_results/accessions/YP_009780622/summary/summary.txt,[],0,[],0,
gemma4:e4b,YP_008240121,Listeria phage LP-125,"{""uid"": ""525972678"", ""accession"": ""YP_008240121"", ""title"": ""recombinase [Listeria phage LP-125]"", ""organism"": ""Listeria phage LP-125"", ""taxonId"": 1173766, ""sequence_length"": 414, ""create_date"": ""2013/07/22"", ""update_date"": ""2023/05/08"", ""dbsource"": ""refseq"", ""extra"": ""gi|525972678|ref|YP_008240121.1|""}",,,,,,False,mesophile,,forced,,True,TMP_results/accessions/YP_008240121/library/accession_lit,0,TMP_results/accessions/YP_008240121/library/host_lit,0,14.14,end,"[""CreateAccessionLibrary"", ""ClassifyHostMetadata"", ""ClassifyHostLiterature"", ""ClassifyThermalForced""]","{""CreateAccessionLibrary"": 7.58, ""ClassifyHostMetadata"": 2.48, ""ClassifyHostLiterature"": 0.03, ""ClassifyThermalForced"": 4.05}",False,TMP_results/accessions/YP_008240121/summary/summary.txt,[],0,[],0,
gemma4:e4b,WGH19872,Streptomyces phage PumpkinSpice,"{""uid"": ""2492066688"", ""accession"": ""WGH19872"", ""title"": ""RecA-like DNA recombinase [Streptomyces phage PumpkinSpice]"", ""organism"": ""Streptomyces phage PumpkinSpice"", ""taxonId"": 3038382, ""sequence_length"": 334, ""create_date"": ""2023/04/25"", ""update_date"": ""2023/04/25"", ""dbsource"": ""insd"", ""extra"": ""gi|2492066688|gb|WGH19872.1|"", ""lab_host"": ""Streptomyces griseofuscus ATCC 23916"", ""country"": ""USA: St. Louis, MO"", ""isolation_source"": ""soil"", ""lat_lon"": ""38.6457 N 90.3148 W"", ""collection_date"": ""01-Oct-2017"", ""collected_by"": ""Brandon Chia & Paul Rice"", ""identified_by"": ""Brandon Chia & Paul Rice""}",Streptomyces griseofuscus ATCC 23916,strain,"The metadata contains the key 'lab_host' with the value 'Streptomyces griseofuscus ATCC 23916', which explicitly states the host organism.",,metadata,True,thermophile,,"The first paper (PMC13172421.1.txt) provides the strongest evidence. It explicitly mentions 'hot spring metagenomes' and the identification of a 'thermo-halotolerant laccase,' which strongly suggests adaptation to high temperatures. The summary concludes that the 'inclusion of hot spring samples and the identification of thermostable enzymes point towards the study's scope encompassing thermotolerant microbial physiology.' Although the second paper provides no thermal data, the overall evidence from the first paper points towards thermophily or thermotolerance.",,True,TMP_results/accessions/WGH19872/library/accession_lit,9,TMP_results/accessions/WGH19872/library/host_lit,0,337.84999999999997,end,"[""CreateAccessionLibrary"", ""ClassifyHostMetadata"", ""CreateHostLibrary"", ""FilterRelevantLiterature"", ""FilterRelevantHostLiterature"", ""SUMMARISELITERATURE"", ""ClassifySummary""]","{""CreateAccessionLibrary"": 33.61, ""ClassifyHostMetadata"": 2.64, ""FilterRelevantLiterature"": 241.16, ""FilterRelevantHostLiterature"": 0.0, ""ClassifySummary"": 3.84}",False,TMP_results/accessions/WGH19872/summary/summary.txt,"['PMC13172421.1.txt', '42089638.txt']",2,[],0,
gemma4:e4b,WGG26156,Escherichia phage GADS24,"{""uid"": ""2490660012"", ""accession"": ""WGG26156"", ""title"": ""protein RecA [Escherichia phage GADS24]"", ""organism"": ""Escherichia phage GADS24"", ""taxonId"": 3038244, ""sequence_length"": 390, ""create_date"": ""2023/04/23"", ""update_date"": ""2023/04/23"", ""dbsource"": ""insd"", ""extra"": ""gi|2490660012|gb|WGG26156.1|"", ""host"": ""Escherichia coli NRT114"", ""country"": ""Saudi Arabia"", ""isolation_source"": ""chicken farm soil"", ""collection_date"": ""2021""}",Escherichia coli NRT114,strain,The metadata explicitly states the 'host' as 'Escherichia coli NRT114'.,,metadata,True,mesophile,,"The majority of the provided summaries (PMC12898486.1.txt and PMC12292600.1.txt) consistently report that the optimal and standard incubation temperature for the assays was 37 °C. In microbiology, organisms that thrive optimally at 37 °C are classically classified as mesophiles. While the papers do not explicitly state 'mesophile,' the consistent use of 37 °C strongly suggests this classification for the associated bacteria/phages.",,True,TMP_results/accessions/WGG26156/library/accession_lit,3,TMP_results/accessions/WGG26156/library/host_lit,7,349.58000000000004,end,"[""CreateAccessionLibrary"", ""ClassifyHostMetadata"", ""CreateHostLibrary"", ""FilterRelevantLiterature"", ""FilterRelevantHostLiterature"", ""SUMMARISELITERATURE"", ""ClassifySummary""]","{""CreateAccessionLibrary"": 23.61, ""ClassifyHostMetadata"": 2.16, ""FilterRelevantLiterature"": 77.36, ""FilterRelevantHostLiterature"": 69.14, ""ClassifySummary"": 5.29}",False,TMP_results/accessions/WGG26156/summary/summary.txt,"['PMC12898486.1.txt', 'PMC12292600.1.txt', 'PMC12685592.1.txt']",3,"['42139236.txt', '42139344.txt', '42139650.txt', 'PMC12898486.1.txt', 'PMC12292600.1.txt']",5,
gemma4:e4b,WGA02305,Campylobacter phage vB_Cj_QDYZ,"{""uid"": ""2485105942"", ""accession"": ""WGA02305"", ""title"": ""recombination and repair protein [Campylobacter phage vB_Cj_QDYZ]"", ""organism"": ""Campylobacter phage vB_Cj_QDYZ"", ""taxonId"": 3032374, ""sequence_length"": 347, ""create_date"": ""2023/04/18"", ""update_date"": ""2023/04/18"", ""dbsource"": ""insd"", ""extra"": ""gi|2485105942|gb|WGA02305.1|"", ""host"": ""Campylobacter jejuni 2206"", ""country"": ""China"", ""collection_date"": ""2022-06-10""}",Campylobacter jejuni 2206,strain,The metadata explicitly states the 'host' as 'Campylobacter jejuni 2206'.,,metadata,True,mesophile,,forced,,True,TMP_results/accessions/WGA02305/library/accession_lit,1,TMP_results/accessions/WGA02305/library/host_lit,5,391.13,end,"[""CreateAccessionLibrary"", ""ClassifyHostMetadata"", ""CreateHostLibrary"", ""FilterRelevantLiterature"", ""FilterRelevantHostLiterature"", ""SUMMARISELITERATURE"", ""ClassifySummary"", ""ClassifyThermalForced""]","{""CreateAccessionLibrary"": 13.35, ""ClassifyHostMetadata"": 2.18, ""FilterRelevantLiterature"": 57.42, ""FilterRelevantHostLiterature"": 238.57, ""ClassifySummary"": 2.72, ""ClassifyThermalForced"": 4.84}",False,TMP_results/accessions/WGA02305/summary/summary.txt,[],0,['PMC12240185.1.txt'],1,
ERROR,WEU67818,ERROR,ERROR,ERROR,ERROR,ERROR,ERROR,ERROR,ERROR,ERROR,ERROR,ERROR,ERROR,ERROR,ERROR,ERROR,ERROR,ERROR,ERROR,ERROR,ERROR,ERROR,ERROR,ERROR,ERROR,ERROR,ERROR,ERROR,'NoneType' object is not subscriptable
gemma4:e4b,WDS61206,Synechococcus phage S-BM3,"{""uid"": ""2449455179"", ""accession"": ""WDS61206"", ""title"": ""RecA-like protein [Synechococcus phage S-BM3]"", ""organism"": ""Synechococcus phage S-BM3"", ""taxonId"": 753087, ""sequence_length"": 337, ""create_date"": ""2023/03/01"", ""update_date"": ""2023/03/01"", ""dbsource"": ""insd"", ""extra"": ""gi|2449455179|gb|WDS61206.1|"", ""host"": ""Synechococcus sp. WH 7803"", ""isolation_source"": ""Sargasso Sea""}",Synechococcus sp. WH 7803,species,The metadata explicitly states the 'host' as 'Synechococcus sp. WH 7803'.,,metadata,True,mesophile,,"Multiple papers report optimal or standard laboratory growth temperatures in the range of 22°C to 37°C (e.g., 37°C, 22°C, 30°C, 25°C). These temperatures fall squarely within the typical range associated with mesophilic organisms. Specifically, PMC12138183.1.txt explicitly mentions growth at 25°C and notes 'Mesophilic growth: The organism was grown at 25°C, suggesting mesophilic growth conditions.' Other papers use 22°C, 30°C, and 37°C, which are standard mesophilic incubation temperatures, and none suggest adaptation to extreme cold (psychrophile) or extreme heat (thermophile).",,True,TMP_results/accessions/WDS61206/library/accession_lit,7,TMP_results/accessions/WDS61206/library/host_lit,6,623.35,end,"[""CreateAccessionLibrary"", ""ClassifyHostMetadata"", ""CreateHostLibrary"", ""FilterRelevantLiterature"", ""FilterRelevantHostLiterature"", ""SUMMARISELITERATURE"", ""ClassifySummary""]","{""CreateAccessionLibrary"": 31.22, ""ClassifyHostMetadata"": 2.28, ""FilterRelevantLiterature"": 98.7, ""FilterRelevantHostLiterature"": 227.51, ""ClassifySummary"": 7.08}",False,TMP_results/accessions/WDS61206/summary/summary.txt,"['41930475.txt', '42053500.txt', 'PMC2297514.1.txt', 'PMC10976474.1.txt', 'PMC13108922.1.txt', '41549294.txt']",6,"['PMC11334911.1.txt', '9026442.txt', 'PMC12718436.1.txt', 'PMC12138183.1.txt']",4,
gemma4:e4b,WDS60946,Synechococcus phage S-BM1,"{""uid"": ""2449454898"", ""accession"": ""WDS60946"", ""title"": ""RecA-like protein [Synechococcus phage S-BM1]"", ""organism"": ""Synechococcus phage S-BM1"", ""taxonId"": 3021412, ""sequence_length"": 337, ""create_date"": ""2023/03/01"", ""update_date"": ""2023/03/01"", ""dbsource"": ""insd"", ""extra"": ""gi|2449454898|gb|WDS60946.1|"", ""host"": ""Synechococcus sp. WH 7803"", ""isolation_source"": ""Sargasso Sea""}",Synechococcus sp. WH 7803,species,The metadata explicitly states the 'host' as 'Synechococcus sp. WH 7803'.,,metadata,True,mesophile,,"Multiple papers report incubation or optimal growth temperatures in the range of 22°C to 30°C (e.g., 24°±2°C, 22°C, 30°C, 25°C). These temperatures fall squarely within the typical range associated with mesophiles (generally 20°C to 45°C). While no paper explicitly states 'mesophile,' the consistent use of these moderate, ambient temperatures for growth assays strongly suggests mesophilic conditions for the studied systems. The papers also lack evidence for extreme cold (psychrophile) or high heat (thermophile) adaptation.",,True,TMP_results/accessions/WDS60946/library/accession_lit,7,TMP_results/accessions/WDS60946/library/host_lit,6,724.78,end,"[""CreateAccessionLibrary"", ""ClassifyHostMetadata"", ""CreateHostLibrary"", ""FilterRelevantLiterature"", ""FilterRelevantHostLiterature"", ""SUMMARISELITERATURE"", ""ClassifySummary""]","{""CreateAccessionLibrary"": 38.29, ""ClassifyHostMetadata"": 2.29, ""FilterRelevantLiterature"": 170.1, ""FilterRelevantHostLiterature"": 171.9, ""ClassifySummary"": 7.22}",False,TMP_results/accessions/WDS60946/summary/summary.txt,"['PMC13041748.1.txt', '41930475.txt', '42053500.txt', 'PMC2984593.1.txt', 'PMC10976474.1.txt', 'PMC13108922.1.txt', '41549294.txt']",7,"['PMC11334911.1.txt', '9026442.txt', 'PMC12718436.1.txt', 'PMC12138183.1.txt']",4,
gemma4:e4b,UYE95121,Escherichia phage vB_EcoM-pJBB,"{""uid"": ""2316770156"", ""accession"": ""UYE95121"", ""title"": ""RecA [Escherichia phage vB_EcoM-pJBB]"", ""organism"": ""Escherichia phage vB_EcoM-pJBB"", ""taxonId"": 3458551, ""sequence_length"": 390, ""create_date"": ""2023/03/01"", ""update_date"": ""2025/08/27"", ""dbsource"": ""insd"", ""extra"": ""gi|2316770156|gb|UYE95121.1|"", ""host"": ""Escherichia coli ATCC 43895"", ""country"": ""South Korea"", ""isolation_source"": ""sewage"", ""collection_date"": ""Feb-2020""}",Escherichia coli ATCC 43895,strain,The metadata explicitly states the 'host' as 'Escherichia coli ATCC 43895'.,,metadata,True,mesophile,,"The majority of the provided papers (PMC12428618.1.txt, PMC13140742.1.txt, PMC11394844.1.txt, PMC13096051.1.txt) report optimal or standard growth/assay temperatures at 37°C. The first paper (PMC12656860.1.txt) also suggests adaptation to 'mesophilic conditions typical of sewage environments' based on optimal stability between 0–40 °C. Since 37°C is the standard mammalian body temperature and falls squarely within the typical range for mesophiles (generally 20°C to 45°C), mesophily is the most strongly supported classification across the dataset.",,True,TMP_results/accessions/UYE95121/library/accession_lit,1,TMP_results/accessions/UYE95121/library/host_lit,10,552.6,end,"[""CreateAccessionLibrary"", ""ClassifyHostMetadata"", ""CreateHostLibrary"", ""FilterRelevantLiterature"", ""FilterRelevantHostLiterature"", ""SUMMARISELITERATURE"", ""ClassifySummary""]","{""CreateAccessionLibrary"": 15.19, ""ClassifyHostMetadata"": 2.28, ""FilterRelevantLiterature"": 40.44, ""FilterRelevantHostLiterature"": 268.42, ""ClassifySummary"": 6.41}",False,TMP_results/accessions/UYE95121/summary/summary.txt,['PMC12656860.1.txt'],1,"['PMC12656860.1.txt', 'PMC12428618.1.txt', 'PMC13140742.1.txt', 'PMC11394844.1.txt', 'PMC13096051.1.txt']",5,
gemma4:e4b,WDQ26312,Klebsiella phage phi_KPN_S3,"{""uid"": ""2447590273"", ""accession"": ""WDQ26312"", ""title"": ""recombination and repair protein [Klebsiella phage phi_KPN_S3]"", ""organism"": ""Klebsiella phage phi_KPN_S3"", ""taxonId"": 3028472, ""sequence_length"": 385, ""create_date"": ""2023/02/27"", ""update_date"": ""2023/02/27"", ""dbsource"": ""insd"", ""extra"": ""gi|2447590273|gb|WDQ26312.1|"", ""host"": ""Klebsiella pneumoniae""}",Klebsiella pneumoniae,species,The metadata explicitly states the 'host' as 'Klebsiella pneumoniae'.,,metadata,True,mesophile,,"The majority of the papers (PMC12266354.1, PMC11585740.1, PMC10783003.1, PMC13170100.1, PMC13175332.1, PMC13168089.1) report optimal or standard incubation/assay temperatures at 37 °C. This temperature (37 °C) is the typical human body temperature, which is the defining characteristic of a mesophile. Specifically, PMC12266354.1 states the phage was isolated from 'clinically relevant Methicillin-resistant Staphylococcus aureus (MRSA) strains, suggesting a mesophilic lifestyle adapted to human body temperature.' PMC11585740.1 also characterizes the phages as 'mesophiles' based on their survival range of 4 °C to 40 °C. While some papers do not explicitly state 'mesophile,' the consistent use of 37 °C as the primary culture/assay temperature strongly infers a mesophilic nature.",,True,TMP_results/accessions/WDQ26312/library/accession_lit,6,TMP_results/accessions/WDQ26312/library/host_lit,10,908.26,end,"[""CreateAccessionLibrary"", ""ClassifyHostMetadata"", ""CreateHostLibrary"", ""FilterRelevantLiterature"", ""FilterRelevantHostLiterature"", ""SUMMARISELITERATURE"", ""ClassifySummary""]","{""CreateAccessionLibrary"": 25.93, ""ClassifyHostMetadata"": 1.94, ""FilterRelevantLiterature"": 270.14, ""FilterRelevantHostLiterature"": 273.79, ""ClassifySummary"": 8.16}",False,TMP_results/accessions/WDQ26312/summary/summary.txt,"['PMC12266354.1.txt', 'PMC11585740.1.txt', 'PMC10783003.1.txt']",3,"['PMC13170100.1.txt', 'PMC13175332.1.txt', 'PMC13174917.1.txt', 'PMC13168089.1.txt', '42139110.txt', 'PMC13175347.1.txt']",6,
ERROR,BCV04678,ERROR,ERROR,ERROR,ERROR,ERROR,ERROR,ERROR,ERROR,ERROR,ERROR,ERROR,ERROR,ERROR,ERROR,ERROR,ERROR,ERROR,ERROR,ERROR,ERROR,ERROR,ERROR,ERROR,ERROR,ERROR,ERROR,ERROR,'SummaryClassifyHostLiterature'
gemma4:e4b,WCS70008,Bacillus phage vB_BsuM-Goe27,"{""uid"": ""2442350268"", ""accession"": ""WCS70008"", ""title"": ""protein RecA [Bacillus phage vB_BsuM-Goe27]"", ""organism"": ""Bacillus phage vB_BsuM-Goe27"", ""taxonId"": 3026985, ""sequence_length"": 403, ""create_date"": ""2023/02/15"", ""update_date"": ""2023/02/15"", ""dbsource"": ""insd"", ""extra"": ""gi|2442350268|gnl|BTU|Goe27_01300|gb|WCS70008.1|"", ""host"": ""Bacillus subtilis"", ""lab_host"": ""Bacillus subtilis delta6"", ""country"": ""Germany"", ""isolation_source"": ""sewage"", ""collection_date"": ""2019""}",Bacillus subtilis,species,The metadata explicitly lists 'host': 'Bacillus subtilis'.,,metadata,True,mesophile,,"Multiple papers (PMC12613920.1.txt, PMC13118943.1.txt, PMC13168905.1.txt) show optimal or standard incubation conditions at 37°C. Growth at 37°C is the classic indicator for mesophilic organisms, as this temperature range is optimal for human/mammalian body temperature. While some papers mention stability across ranges (e.g., 4°C to 37°C), the consistent use of 37°C as the primary culture condition strongly suggests a mesophilic lifestyle.",,True,TMP_results/accessions/WCS70008/library/accession_lit,5,TMP_results/accessions/WCS70008/library/host_lit,10,607.75,end,"[""CreateAccessionLibrary"", ""ClassifyHostMetadata"", ""CreateHostLibrary"", ""FilterRelevantLiterature"", ""FilterRelevantHostLiterature"", ""SUMMARISELITERATURE"", ""ClassifySummary""]","{""CreateAccessionLibrary"": 21.93, ""ClassifyHostMetadata"": 2.01, ""FilterRelevantLiterature"": 63.72, ""FilterRelevantHostLiterature"": 239.93, ""ClassifySummary"": 6.93}",False,TMP_results/accessions/WCS70008/summary/summary.txt,"['40080182.txt', 'PMC12613920.1.txt', 'PMC13118943.1.txt']",3,"['42139344.txt', '42138174.txt', 'PMC13174917.1.txt', '42138380.txt', 'PMC13173768.1.txt', 'PMC13172181.1.txt', '42138325.txt', 'PMC13172537.1.txt', 'PMC13168905.1.txt']",9,
gemma4:e4b,WCS69761,Bacillus phage vB_BsuM-Goe25,"{""uid"": ""2442350019"", ""accession"": ""WCS69761"", ""title"": ""protein RecA [Bacillus phage vB_BsuM-Goe25]"", ""organism"": ""Bacillus phage vB_BsuM-Goe25"", ""taxonId"": 3026984, ""sequence_length"": 403, ""create_date"": ""2023/02/15"", ""update_date"": ""2023/02/15"", ""dbsource"": ""insd"", ""extra"": ""gi|2442350019|gnl|BTU|Goe25_01330|gb|WCS69761.1|"", ""host"": ""Bacillus subtilis"", ""lab_host"": ""Bacillus subtilis delta6"", ""country"": ""Germany"", ""isolation_source"": ""sewage"", ""collection_date"": ""2019""}",Bacillus subtilis,species,The metadata explicitly lists 'host': 'Bacillus subtilis'.,,metadata,True,mesophile,,"Multiple papers (PMC12613920.1.txt, PMC13118943.1.txt, PMC13168905.1.txt) show optimal or standard incubation conditions at 37°C. Growth at 37°C is the classic indicator for mesophilic organisms, as this temperature range is optimal for human body temperature and many common environmental bacteria. While some papers mention stability across ranges (e.g., 4°C to 37°C), the consistent use of 37°C as the primary culture condition strongly suggests a mesophilic lifestyle.",,True,TMP_results/accessions/WCS69761/library/accession_lit,5,TMP_results/accessions/WCS69761/library/host_lit,10,604.87,end,"[""CreateAccessionLibrary"", ""ClassifyHostMetadata"", ""CreateHostLibrary"", ""FilterRelevantLiterature"", ""FilterRelevantHostLiterature"", ""SUMMARISELITERATURE"", ""ClassifySummary""]","{""CreateAccessionLibrary"": 18.77, ""ClassifyHostMetadata"": 2.01, ""FilterRelevantLiterature"": 63.83, ""FilterRelevantHostLiterature"": 240.24, ""ClassifySummary"": 7.12}",False,TMP_results/accessions/WCS69761/summary/summary.txt,"['40080182.txt', 'PMC12613920.1.txt', 'PMC13118943.1.txt']",3,"['42139344.txt', '42138174.txt', 'PMC13174917.1.txt', '42138380.txt', 'PMC13173768.1.txt', 'PMC13172181.1.txt', '42138325.txt', 'PMC13172537.1.txt', 'PMC13168905.1.txt']",9,
gemma4:e4b,WCS69506,Bacillus phage vB_BsuM-Goe24,"{""uid"": ""2442349761"", ""accession"": ""WCS69506"", ""title"": ""protein RecA [Bacillus phage vB_BsuM-Goe24]"", ""organism"": ""Bacillus phage vB_BsuM-Goe24"", ""taxonId"": 3026983, ""sequence_length"": 403, ""create_date"": ""2023/02/15"", ""update_date"": ""2023/02/15"", ""dbsource"": ""insd"", ""extra"": ""gi|2442349761|gnl|BTU|Goe24_01310|gb|WCS69506.1|"", ""host"": ""Bacillus subtilis"", ""lab_host"": ""Bacillus subtilis delta6"", ""country"": ""Germany"", ""isolation_source"": ""sewage"", ""collection_date"": ""2019""}",Bacillus subtilis,species,The metadata explicitly lists 'host': 'Bacillus subtilis'.,,metadata,True,mesophile,,"Multiple papers (PMC12613920.1.txt, PMC13118943.1.txt, PMC13168905.1.txt) show optimal or standard incubation conditions at 37°C. Growth at 37°C is the classic indicator for mesophilic organisms, as this temperature range is optimal for human body temperature and many common environmental bacteria. While some papers mention stability across ranges (e.g., 4°C to 37°C), the consistent use of 37°C as the primary culture condition strongly suggests a mesophilic lifestyle.",,True,TMP_results/accessions/WCS69506/library/accession_lit,5,TMP_results/accessions/WCS69506/library/host_lit,10,606.87,end,"[""CreateAccessionLibrary"", ""ClassifyHostMetadata"", ""CreateHostLibrary"", ""FilterRelevantLiterature"", ""FilterRelevantHostLiterature"", ""SUMMARISELITERATURE"", ""ClassifySummary""]","{""CreateAccessionLibrary"": 21.05, ""ClassifyHostMetadata"": 2.0, ""FilterRelevantLiterature"": 63.97, ""FilterRelevantHostLiterature"": 240.27, ""ClassifySummary"": 7.13}",False,TMP_results/accessions/WCS69506/summary/summary.txt,"['40080182.txt', 'PMC12613920.1.txt', 'PMC13118943.1.txt']",3,"['42139344.txt', '42138174.txt', 'PMC13174917.1.txt', '42138380.txt', 'PMC13173768.1.txt', 'PMC13172181.1.txt', '42138325.txt', 'PMC13172537.1.txt', 'PMC13168905.1.txt']",9,
gemma4:e4b,WCS69248,Bacillus phage vB_BsuM-Goe20,"{""uid"": ""2442349501"", ""accession"": ""WCS69248"", ""title"": ""protein RecA [Bacillus phage vB_BsuM-Goe20]"", ""organism"": ""Bacillus phage vB_BsuM-Goe20"", ""taxonId"": 3026982, ""sequence_length"": 403, ""create_date"": ""2023/02/15"", ""update_date"": ""2023/02/15"", ""dbsource"": ""insd"", ""extra"": ""gi|2442349501|gnl|BTU|Goe20_01310|gb|WCS69248.1|"", ""host"": ""Bacillus subtilis"", ""lab_host"": ""Bacillus subtilis delta6"", ""country"": ""Germany"", ""isolation_source"": ""sewage"", ""collection_date"": ""2019""}",Bacillus subtilis,species,The metadata explicitly lists 'host': 'Bacillus subtilis'.,,metadata,True,mesophile,,"Several papers provide evidence pointing towards mesophilic conditions. Specifically, PMC12613920.1.txt notes an 'Optimal growth temperature: 37°C' and 'Mesophilic growth: Implied by optimal growth at 37°C'. Similarly, PMC13168905.1.txt describes experiments using 'controlled incubation conditions at 37°C' for gut commensal bacteria. PMC13174917.1.txt also mentions 'Incubation conditions mentioned for microbial assays were 24 hours at 37°C'. While other papers lack temperature data or test enzymes across a wide range (like PMC13172181.1.txt testing up to 60°C), the most frequently and consistently cited physiological condition for the studied microbes is 37°C, which is characteristic of mesophiles.",,True,TMP_results/accessions/WCS69248/library/accession_lit,5,TMP_results/accessions/WCS69248/library/host_lit,10,582.7,end,"[""CreateAccessionLibrary"", ""ClassifyHostMetadata"", ""CreateHostLibrary"", ""FilterRelevantLiterature"", ""FilterRelevantHostLiterature"", ""SUMMARISELITERATURE"", ""ClassifySummary""]","{""CreateAccessionLibrary"": 19.52, ""ClassifyHostMetadata"": 1.97, ""FilterRelevantLiterature"": 64.06, ""FilterRelevantHostLiterature"": 240.12, ""ClassifySummary"": 8.1}",False,TMP_results/accessions/WCS69248/summary/summary.txt,"['40080182.txt', 'PMC12613920.1.txt']",2,"['42139344.txt', '42138174.txt', 'PMC13174917.1.txt', '42138380.txt', 'PMC13173768.1.txt', 'PMC13172181.1.txt', '42138325.txt', 'PMC13172537.1.txt', 'PMC13168905.1.txt']",9,
gemma4:e4b,WCS68993,Bacillus phage vB_BsuM-Goe17,"{""uid"": ""2442349241"", ""accession"": ""WCS68993"", ""title"": ""protein RecA [Bacillus phage vB_BsuM-Goe17]"", ""organism"": ""Bacillus phage vB_BsuM-Goe17"", ""taxonId"": 3026981, ""sequence_length"": 403, ""create_date"": ""2023/02/15"", ""update_date"": ""2023/02/15"", ""dbsource"": ""insd"", ""extra"": ""gi|2442349241|gnl|BTU|Goe17_01340|gb|WCS68993.1|"", ""host"": ""Bacillus subtilis"", ""lab_host"": ""Bacillus subtilis delta6"", ""country"": ""Germany"", ""isolation_source"": ""sewage"", ""collection_date"": ""2019""}",Bacillus subtilis,species,The metadata explicitly lists 'host': 'Bacillus subtilis'.,,metadata,True,mesophile,,"Multiple papers (PMC12613920.1.txt, PMC13118943.1.txt, PMC13168905.1.txt) show optimal or standard incubation conditions at 37°C. Growth at 37°C is the classic indicator for mesophilic organisms, as this temperature range is optimal for human body temperature and many common environmental bacteria. While some papers mention stability across ranges (e.g., 4°C to 37°C), the consistent use of 37°C as the primary culture condition strongly suggests a mesophilic lifestyle.",,True,TMP_results/accessions/WCS68993/library/accession_lit,5,TMP_results/accessions/WCS68993/library/host_lit,10,610.3100000000001,end,"[""CreateAccessionLibrary"", ""ClassifyHostMetadata"", ""CreateHostLibrary"", ""FilterRelevantLiterature"", ""FilterRelevantHostLiterature"", ""SUMMARISELITERATURE"", ""ClassifySummary""]","{""CreateAccessionLibrary"": 23.61, ""ClassifyHostMetadata"": 2.0, ""FilterRelevantLiterature"": 63.81, ""FilterRelevantHostLiterature"": 240.1, ""ClassifySummary"": 7.13}",False,TMP_results/accessions/WCS68993/summary/summary.txt,"['40080182.txt', 'PMC12613920.1.txt', 'PMC13118943.1.txt']",3,"['42139344.txt', '42138174.txt', 'PMC13174917.1.txt', '42138380.txt', 'PMC13173768.1.txt', 'PMC13172181.1.txt', '42138325.txt', 'PMC13172537.1.txt', 'PMC13168905.1.txt']",9,
ERROR,WCS68068,ERROR,ERROR,ERROR,ERROR,ERROR,ERROR,ERROR,ERROR,ERROR,ERROR,ERROR,ERROR,ERROR,ERROR,ERROR,ERROR,ERROR,ERROR,ERROR,ERROR,ERROR,ERROR,ERROR,ERROR,ERROR,ERROR,ERROR,Invalid control character '\t' at: line 1 column 95 (char 94)
ERROR,WCS66854,ERROR,ERROR,ERROR,ERROR,ERROR,ERROR,ERROR,ERROR,ERROR,ERROR,ERROR,ERROR,ERROR,ERROR,ERROR,ERROR,ERROR,ERROR,ERROR,ERROR,ERROR,ERROR,ERROR,ERROR,ERROR,ERROR,ERROR,Invalid control character '\t' at: line 1 column 95 (char 94)
ERROR,YP_010670227,ERROR,ERROR,ERROR,ERROR,ERROR,ERROR,ERROR,ERROR,ERROR,ERROR,ERROR,ERROR,ERROR,ERROR,ERROR,ERROR,ERROR,ERROR,ERROR,ERROR,ERROR,ERROR,ERROR,ERROR,ERROR,ERROR,ERROR,Failed to fetch UID for accession: YP_010670227
gemma4:e4b,YP_010669606,Synechococcus phage S-H9-1,"{""uid"": ""2438097638"", ""accession"": ""YP_010669606"", ""title"": ""recombinase [Synechococcus phage S-H9-1]"", ""organism"": ""Synechococcus phage S-H9-1"", ""taxonId"": 2783674, ""sequence_length"": 338, ""create_date"": ""2023/01/31"", ""update_date"": ""2023/02/08"", ""dbsource"": ""refseq"", ""extra"": ""gi|2438097638|ref|YP_010669606.1|"", ""host"": ""Synechococcus sp. MW02"", ""country"": ""China"", ""collection_date"": ""09-Nov-2019""}",Synechococcus sp. MW02,species,The metadata explicitly states the 'host' as 'Synechococcus sp. MW02'.,,metadata,True,mesophile,,"The majority of the papers report optimal or standard laboratory growth temperatures around 22°C to 25°C (PMC10194205.1, PMC13041748.1, PMC10436341.1, PMC10665884.1, PMC12783734.1), which are characteristic of mesophiles. While one paper (PMC10808157.1) shows evidence of adaptation to low temperatures ($\le 16^{\circ}\text{C}$), suggesting psychrotolerance, the overall pattern across the dataset, especially the consistent use of 22-25°C for culture, points most strongly to a mesophilic classification. The general environmental sources (coastal, estuarine, open ocean) are typical of mesophilic organisms.",,True,TMP_results/accessions/YP_010669606/library/accession_lit,8,TMP_results/accessions/YP_010669606/library/host_lit,5,839.5900000000001,end,"[""CreateAccessionLibrary"", ""ClassifyHostMetadata"", ""CreateHostLibrary"", ""FilterRelevantLiterature"", ""FilterRelevantHostLiterature"", ""SUMMARISELITERATURE"", ""ClassifySummary""]","{""CreateAccessionLibrary"": 27.84, ""ClassifyHostMetadata"": 2.18, ""FilterRelevantLiterature"": 236.44, ""FilterRelevantHostLiterature"": 170.03, ""ClassifySummary"": 8.45}",False,TMP_results/accessions/YP_010669606/summary/summary.txt,"['PMC10194205.1.txt', 'PMC13041748.1.txt', '41930475.txt', '42053500.txt', 'PMC13108922.1.txt', 'PMC12774648.1.txt', '41549294.txt']",7,"['PMC12783734.1.txt', 'PMC10665884.1.txt', 'PMC10436341.1.txt', 'PMC12029665.1.txt', 'PMC10808157.1.txt']",5,
gemma4:e4b,YP_010669337,Synechococcus phage S-H9-2,"{""uid"": ""2438097368"", ""accession"": ""YP_010669337"", ""title"": ""recombinase [Synechococcus phage S-H9-2]"", ""organism"": ""Synechococcus phage S-H9-2"", ""taxonId"": 2783669, ""sequence_length"": 344, ""create_date"": ""2023/01/31"", ""update_date"": ""2023/02/08"", ""dbsource"": ""refseq"", ""extra"": ""gi|2438097368|ref|YP_010669337.1|"", ""host"": ""Synechococcus sp. WH 8102"", ""country"": ""China"", ""collection_date"": ""09-Nov-2019""}",Synechococcus sp. WH 8102,species,The metadata explicitly states the 'host' as 'Synechococcus sp. WH 8102'.,,metadata,True,mesophile,,"Multiple papers report optimal or standard incubation temperatures around 22°C to 30°C (e.g., 25°C in PMC10194205.1.txt and PMC1363776.1.txt; 22°C in PMC4215834.1.txt; 30°C in PMC11358556.1.txt). These temperatures fall squarely within the typical range for mesophiles (generally 20°C to 45°C). While no paper explicitly states 'mesophile,' the consistent use of moderate, ambient laboratory temperatures for optimal growth strongly suggests this classification. The paper PMC11914933.1.txt also notes that the optimum (32°C–35°C) is within a range considered mesophilic for marine cyanobacteria, and the authors themselves frame the results within the context of mesotrophic ocean waters. Therefore, the majority evidence points to mesophilic adaptation.",,True,TMP_results/accessions/YP_010669337/library/accession_lit,3,TMP_results/accessions/YP_010669337/library/host_lit,10,1002.55,end,"[""CreateAccessionLibrary"", ""ClassifyHostMetadata"", ""CreateHostLibrary"", ""FilterRelevantLiterature"", ""FilterRelevantHostLiterature"", ""SUMMARISELITERATURE"", ""ClassifySummary""]","{""CreateAccessionLibrary"": 21.1, ""ClassifyHostMetadata"": 2.32, ""FilterRelevantLiterature"": 132.3, ""FilterRelevantHostLiterature"": 355.25, ""ClassifySummary"": 8.51}",False,TMP_results/accessions/YP_010669337/summary/summary.txt,"['PMC10194205.1.txt', 'PMC10972446.1.txt']",2,"['PMC10194205.1.txt', 'PMC3865332.1.txt', 'PMC11637105.1.txt', 'PMC12684733.1.txt', 'PMC4215834.1.txt', 'PMC11914933.1.txt', 'PMC12016540.1.txt', 'PMC1363776.1.txt', 'PMC11358556.1.txt']",9,
gemma4:e4b,YP_010665831,Cronobacter phage LPCS28,"{""uid"": ""2438093685"", ""accession"": ""YP_010665831"", ""title"": ""recombinase [Cronobacter phage LPCS28]"", ""organism"": ""Cronobacter phage LPCS28"", ""taxonId"": 2924885, ""sequence_length"": 356, ""create_date"": ""2023/01/31"", ""update_date"": ""2023/02/08"", ""dbsource"": ""refseq"", ""extra"": ""gi|2438093685|ref|YP_010665831.1|"", ""host"": ""Cronobacter sakazakii"", ""country"": ""China"", ""collection_date"": ""2021""}",Cronobacter sakazakii,species,The metadata explicitly contains the key 'host' with the value 'Cronobacter sakazakii'.,,metadata,True,mesophile,,"Several papers provide evidence pointing towards mesophilic conditions. Paper PMC12671138.1.txt explicitly states that the 'Optimal growth temperature: 37°C' and 'Mesophilic growth: The optimal growth temperature of 37°C indicates mesophilic growth.' Furthermore, Paper 37689848.txt details incubation conditions at '37 °C' and '23 °C', which are typical mesophilic ranges. Paper 41652740.txt tests activity at 'physiological (37 °C)' and 'ambient conditions (23 °C)'. While some papers lack specific data, the recurring mention of 37°C as an optimal or tested temperature, combined with the general nature of the sources (soil, water, digestive systems), strongly suggests a mesophilic tendency for the organisms discussed across the set of papers. The most direct evidence comes from PMC12671138.1.txt.",,True,TMP_results/accessions/YP_010665831/library/accession_lit,7,TMP_results/accessions/YP_010665831/library/host_lit,9,475.67,end,"[""CreateAccessionLibrary"", ""ClassifyHostMetadata"", ""CreateHostLibrary"", ""FilterRelevantLiterature"", ""FilterRelevantHostLiterature"", ""SUMMARISELITERATURE"", ""ClassifySummary""]","{""CreateAccessionLibrary"": 22.42, ""ClassifyHostMetadata"": 2.14, ""FilterRelevantLiterature"": 80.74, ""FilterRelevantHostLiterature"": 135.31, ""ClassifySummary"": 7.23}",False,TMP_results/accessions/YP_010665831/summary/summary.txt,"['PMC12274912.1.txt', '37689848.txt', '41652740.txt', 'PMC12671138.1.txt']",4,"['PMC13160508.1.txt', 'PMC13114433.1.txt', 'PMC13164342.1.txt', '42116425.txt']",4,
gemma4:e4b,YP_010656630,Synechococcus phage S-SZBM1,"{""uid"": ""2438057709"", ""accession"": ""YP_010656630"", ""title"": ""recombinase [Synechococcus phage S-SZBM1]"", ""organism"": ""Synechococcus phage S-SZBM1"", ""taxonId"": 2926475, ""sequence_length"": 337, ""create_date"": ""2023/01/31"", ""update_date"": ""2023/02/08"", ""dbsource"": ""refseq"", ""extra"": ""gi|2438057709|ref|YP_010656630.1|"", ""host"": ""Synechococcus sp. CB0101"", ""country"": ""China"", ""isolation_source"": ""Shenzhen Bay""}",Synechococcus sp. CB0101,species,The metadata explicitly states the 'host' as 'Synechococcus sp. CB0101'.,,metadata,True,mesophile,,"The majority of the analyzed papers (PMC9964418.1, PMC9146016.1, PMC9927357.1, PMC6715862.1, PMC3886946.1) describe organisms or phages isolated from estuarine or coastal environments. The optimal/tested growth temperatures consistently cluster around 22°C to 30°C. Specifically, PMC9927357.1 notes stability at 30°C and 35°C, consistent with mesophilic conditions, and PMC6715862.1 cites an optimal growth temperature of 25°C. While some papers discuss adaptation to very low or very high temperatures (e.g., deep-sea samples in PMC12654330.1), the most frequently cited and characterized conditions for the majority of the samples point to the moderate temperature range characteristic of mesophiles.",,True,TMP_results/accessions/YP_010656630/library/accession_lit,5,TMP_results/accessions/YP_010656630/library/host_lit,8,945.43,end,"[""CreateAccessionLibrary"", ""ClassifyHostMetadata"", ""CreateHostLibrary"", ""FilterRelevantLiterature"", ""FilterRelevantHostLiterature"", ""SUMMARISELITERATURE"", ""ClassifySummary""]","{""CreateAccessionLibrary"": 34.89, ""ClassifyHostMetadata"": 2.25, ""FilterRelevantLiterature"": 205.02, ""FilterRelevantHostLiterature"": 254.36, ""ClassifySummary"": 10.36}",False,TMP_results/accessions/YP_010656630/summary/summary.txt,"['PMC9964418.1.txt', 'PMC9146016.1.txt', 'PMC9927357.1.txt']",3,"['PMC12654330.1.txt', 'PMC10665897.1.txt', 'PMC12413379.1.txt', 'PMC12838246.1.txt', 'PMC12099654.1.txt', 'PMC9964418.1.txt', 'PMC6715862.1.txt', 'PMC3886946.1.txt']",8,
gemma4:e4b,YP_010651450,Streptomyces phage Coruscant,"{""uid"": ""2438005939"", ""accession"": ""YP_010651450"", ""title"": ""UvsX-like recombinase [Streptomyces phage Coruscant]"", ""organism"": ""Streptomyces phage Coruscant"", ""taxonId"": 2739834, ""sequence_length"": 335, ""create_date"": ""2023/01/31"", ""update_date"": ""2023/02/08"", ""dbsource"": ""refseq"", ""extra"": ""gi|2438005939|ref|YP_010651450.1|"", ""lab_host"": ""Streptomyces venezuelae ATCC 10712"", ""country"": ""Germany"", ""isolation_source"": ""soil""}",Streptomyces venezuelae ATCC 10712,strain,The metadata explicitly lists 'lab_host' as 'Streptomyces venezuelae ATCC 10712'.,,metadata,True,mesophile,,"The majority of the papers (PMC7650747, PMC8402681, PMC11302927, PMC12814521, PMC8788739, PMC12096830, PMC7357120) consistently report or imply an optimal or primary growth temperature around 30°C. Mesophiles are generally defined as organisms that thrive at moderate temperatures, typically between 20°C and 45°C, with 30°C being a very common laboratory standard for such organisms. While some papers test lower temperatures (down to 4°C in PMC13175485), the core growth conditions cited are consistently in the mesophilic range (28°C–30°C).",,True,TMP_results/accessions/YP_010651450/library/accession_lit,6,TMP_results/accessions/YP_010651450/library/host_lit,8,841.61,end,"[""CreateAccessionLibrary"", ""ClassifyHostMetadata"", ""CreateHostLibrary"", ""FilterRelevantLiterature"", ""FilterRelevantHostLiterature"", ""SUMMARISELITERATURE"", ""ClassifySummary""]","{""CreateAccessionLibrary"": 27.38, ""ClassifyHostMetadata"": 2.36, ""FilterRelevantLiterature"": 162.95, ""FilterRelevantHostLiterature"": 219.4, ""ClassifySummary"": 8.84}",False,TMP_results/accessions/YP_010651450/summary/summary.txt,"['PMC7650747.1.txt', 'PMC8402681.1.txt', 'PMC13175485.1.txt', 'PMC11302927.1.txt', 'PMC12197177.1.txt']",5,"['PMC12814521.1.txt', 'PMC8788739.1.txt', 'PMC12096830.1.txt', 'PMC7614929.1.txt', 'PMC11256431.1.txt', 'PMC11906614.1.txt', 'PMC7357120.1.txt']",7,
gemma4:e4b,BBI57387,Escherichia phage KIT01,"{""uid"": ""2438329571"", ""accession"": ""BBI57387"", ""title"": ""RecA-like recombination protein [Escherichia phage KIT01]"", ""organism"": ""Escherichia phage KIT01"", ""taxonId"": 2382092, ""sequence_length"": 390, ""create_date"": ""2023/02/02"", ""update_date"": ""2023/02/02"", ""dbsource"": ""insd"", ""extra"": ""gi|2438329571|dbj|BBI57387.1|"", ""strain"": ""KIT01"", ""host"": ""Escherichia coli"", ""country"": ""Viet Nam:Can Tho"", ""isolation_source"": ""soil from free range chicken farm"", ""collection_date"": ""2015""}",Escherichia coli,species,The metadata explicitly contains the key 'host' with the value 'Escherichia coli'.,,metadata,True,mesophile,,"The first paper (PMC13153029.1.txt) provides the most detailed thermal evidence. It notes an 'Optimal stability range: 4 °C to 50 °C' and 'Stability observed at 4 °C, 28 °C, 37 °C, and 50 °C.' The summary explicitly states: 'The stability profile is consistent with a mesophilic organism, showing notable cold tolerance and moderate heat resistance, but no evidence of thermophilic adaptation was reported.' While other papers mention 37°C (PMC13175332.1.txt) or high temperatures (42139650.txt), the first paper provides the most comprehensive profile pointing towards mesophilic activity with good cold tolerance.",,True,TMP_results/accessions/BBI57387/library/accession_lit,6,TMP_results/accessions/BBI57387/library/host_lit,10,502.15000000000003,end,"[""CreateAccessionLibrary"", ""ClassifyHostMetadata"", ""CreateHostLibrary"", ""FilterRelevantLiterature"", ""FilterRelevantHostLiterature"", ""SUMMARISELITERATURE"", ""ClassifySummary""]","{""CreateAccessionLibrary"": 22.01, ""ClassifyHostMetadata"": 2.05, ""FilterRelevantLiterature"": 133.42, ""FilterRelevantHostLiterature"": 180.33, ""ClassifySummary"": 5.88}",False,TMP_results/accessions/BBI57387/summary/summary.txt,['PMC13153029.1.txt'],1,"['42139236.txt', '42139344.txt', 'PMC13175332.1.txt', '42139650.txt', 'PMC13175347.1.txt']",5,
gemma4:e4b,ARM70861,Escherichia phage phiC120,"{""uid"": ""1188258615"", ""accession"": ""ARM70861"", ""title"": ""RecA-like recombination protein [Escherichia phage phiC120]"", ""organism"": ""Escherichia phage phiC120"", ""taxonId"": 1970776, ""sequence_length"": 390, ""create_date"": ""2017/05/06"", ""update_date"": ""2023/01/30"", ""dbsource"": ""insd"", ""extra"": ""gi|1188258615|gb|ARM70861.1|"", ""host"": ""Escherichia coli O157:H7"", ""country"": ""Mexico"", ""isolation_source"": ""animal feces"", ""collection_date"": ""20-Mar-2010""}",Escherichia coli O157:H7,strain,The metadata explicitly states the 'host' as 'Escherichia coli O157:H7'.,,metadata,True,mesophile,,"The first paper (PMC8022965.1.txt) explicitly states that the phage was propagated and incubated at 37°C. A temperature of 37°C is the standard optimal growth temperature for human pathogens and is characteristic of mesophiles. The other two papers provide no temperature data, making the first paper the sole basis for classification. Since 37°C is the only concrete temperature data point, the organism is inferred to be a mesophile.",,True,TMP_results/accessions/ARM70861/library/accession_lit,1,TMP_results/accessions/ARM70861/library/host_lit,10,286.15999999999997,end,"[""CreateAccessionLibrary"", ""ClassifyHostMetadata"", ""CreateHostLibrary"", ""FilterRelevantLiterature"", ""FilterRelevantHostLiterature"", ""SUMMARISELITERATURE"", ""ClassifySummary""]","{""CreateAccessionLibrary"": 9.14, ""ClassifyHostMetadata"": 2.22, ""FilterRelevantLiterature"": 25.68, ""FilterRelevantHostLiterature"": 185.66, ""ClassifySummary"": 3.77}",False,TMP_results/accessions/ARM70861/summary/summary.txt,['PMC8022965.1.txt'],1,"['42128942.txt', '42126426.txt']",2,
gemma4:e4b,UWI42346,Bacteriophage sp.,"{""uid"": ""2295432478"", ""accession"": ""UWI42346"", ""title"": ""MAG: DNA recombination protein [Bacteriophage sp.]"", ""organism"": ""Bacteriophage sp."", ""taxonId"": 38018, ""sequence_length"": 396, ""create_date"": ""2022/09/11"", ""update_date"": ""2023/01/17"", ""dbsource"": ""insd"", ""extra"": ""gi|2295432478|gb|UWI42346.1|"", ""isolate"": ""4196_63472"", ""host"": ""Homo sapiens"", ""metagenome_source"": ""gut metagenome"", ""country"": ""Japan"", ""isolation_source"": ""feces""}",Homo sapiens,species,The metadata explicitly states 'host': 'Homo sapiens'.,,metadata,True,mesophile,,"The summary for PMC13173640.1.txt states: 'While the optimal stability range appears to be mesophilic (4–20 °C), the phage showed reduced stability at 30 °C.' It also notes that 'The optimal stability range (4–20 °C) suggests mesophilic conditions.' Although the phage was stable at 4°C (cold) and tested up to 30°C (warmer), the explicit conclusion drawn in the summary points to mesophilic conditions as the optimal stability range.",,True,TMP_results/accessions/UWI42346/library/accession_lit,8,TMP_results/accessions/UWI42346/library/host_lit,10,619.5,end,"[""CreateAccessionLibrary"", ""ClassifyHostMetadata"", ""CreateHostLibrary"", ""FilterRelevantLiterature"", ""FilterRelevantHostLiterature"", ""SUMMARISELITERATURE"", ""ClassifySummary""]","{""CreateAccessionLibrary"": 32.23, ""ClassifyHostMetadata"": 1.86, ""FilterRelevantLiterature"": 197.36, ""FilterRelevantHostLiterature"": 116.88, ""ClassifySummary"": 6.03}",False,TMP_results/accessions/UWI42346/summary/summary.txt,"['PMC13173640.1.txt', 'PMC13172421.1.txt', 'PMC13175485.1.txt', 'PMC13175621.1.txt', '42008119.txt']",5,"['PMC13174014.1.txt', 'PMC13175151.1.txt', 'PMC13173872.1.txt', 'PMC13173827.1.txt']",4,
gemma4:e4b,UWI41987,Bacteriophage sp.,"{""uid"": ""2295431984"", ""accession"": ""UWI41987"", ""title"": ""MAG: DNA recombination protein [Bacteriophage sp.]"", ""organism"": ""Bacteriophage sp."", ""taxonId"": 38018, ""sequence_length"": 336, ""create_date"": ""2022/09/11"", ""update_date"": ""2023/01/17"", ""dbsource"": ""insd"", ""extra"": ""gi|2295431984|gb|UWI41987.1|"", ""isolate"": ""4192_116481"", ""host"": ""Homo sapiens"", ""metagenome_source"": ""gut metagenome"", ""country"": ""Japan"", ""isolation_source"": ""feces""}",Homo sapiens,species,The metadata explicitly states 'host': 'Homo sapiens'.,,metadata,True,mesophile,,"The summary for PMC13173640.1.txt states: 'While the optimal stability range appears to be mesophilic (4–20 °C), the phage showed reduced stability at 30 °C.' It also notes that 'The optimal stability range (4–20 °C) suggests mesophilic conditions.' Although the phage was stable at 4°C (cold) and tested up to 30°C (warmer), the explicit conclusion drawn in the summary points to mesophilic conditions as the optimal stability range.",,True,TMP_results/accessions/UWI41987/library/accession_lit,8,TMP_results/accessions/UWI41987/library/host_lit,10,619.9499999999999,end,"[""CreateAccessionLibrary"", ""ClassifyHostMetadata"", ""CreateHostLibrary"", ""FilterRelevantLiterature"", ""FilterRelevantHostLiterature"", ""SUMMARISELITERATURE"", ""ClassifySummary""]","{""CreateAccessionLibrary"": 31.47, ""ClassifyHostMetadata"": 1.91, ""FilterRelevantLiterature"": 198.27, ""FilterRelevantHostLiterature"": 116.44, ""ClassifySummary"": 6.04}",False,TMP_results/accessions/UWI41987/summary/summary.txt,"['PMC13173640.1.txt', 'PMC13172421.1.txt', 'PMC13175485.1.txt', 'PMC13175621.1.txt', '42008119.txt']",5,"['PMC13174014.1.txt', 'PMC13175151.1.txt', 'PMC13173872.1.txt', 'PMC13173827.1.txt']",4,
gemma4:e4b,UWI41736,Bacteriophage sp.,"{""uid"": ""2295431624"", ""accession"": ""UWI41736"", ""title"": ""MAG: DNA recombination protein [Bacteriophage sp.]"", ""organism"": ""Bacteriophage sp."", ""taxonId"": 38018, ""sequence_length"": 383, ""create_date"": ""2022/09/11"", ""update_date"": ""2023/01/17"", ""dbsource"": ""insd"", ""extra"": ""gi|2295431624|gb|UWI41736.1|"", ""isolate"": ""4182_17783"", ""host"": ""Homo sapiens"", ""metagenome_source"": ""gut metagenome"", ""country"": ""Japan"", ""isolation_source"": ""feces""}",Homo sapiens,species,The metadata explicitly states 'host': 'Homo sapiens'.,,metadata,True,mesophile,,"The summary for PMC13173640.1.txt states: 'While the optimal stability range appears to be mesophilic (4–20 °C), the phage showed reduced stability at 30 °C.' It also notes that 'The optimal stability range (4–20 °C) suggests mesophilic conditions.' Although the paper tests a range (4–30 °C), the conclusion drawn from the stability data points towards mesophilic conditions as the optimal range.",,True,TMP_results/accessions/UWI41736/library/accession_lit,8,TMP_results/accessions/UWI41736/library/host_lit,10,616.9100000000001,end,"[""CreateAccessionLibrary"", ""ClassifyHostMetadata"", ""CreateHostLibrary"", ""FilterRelevantLiterature"", ""FilterRelevantHostLiterature"", ""SUMMARISELITERATURE"", ""ClassifySummary""]","{""CreateAccessionLibrary"": 30.16, ""ClassifyHostMetadata"": 1.87, ""FilterRelevantLiterature"": 197.48, ""FilterRelevantHostLiterature"": 116.01, ""ClassifySummary"": 5.95}",False,TMP_results/accessions/UWI41736/summary/summary.txt,"['PMC13173640.1.txt', 'PMC13172421.1.txt', 'PMC13175485.1.txt', 'PMC13175621.1.txt', '42008119.txt']",5,"['PMC13174014.1.txt', 'PMC13175151.1.txt', 'PMC13173872.1.txt', 'PMC13173827.1.txt']",4,
gemma4:e4b,UWI41487,Bacteriophage sp.,"{""uid"": ""2295431164"", ""accession"": ""UWI41487"", ""title"": ""MAG: DNA recombination protein [Bacteriophage sp.]"", ""organism"": ""Bacteriophage sp."", ""taxonId"": 38018, ""sequence_length"": 404, ""create_date"": ""2022/09/11"", ""update_date"": ""2023/01/17"", ""dbsource"": ""insd"", ""extra"": ""gi|2295431164|gb|UWI41487.1|"", ""isolate"": ""4179_18260"", ""host"": ""Homo sapiens"", ""metagenome_source"": ""gut metagenome"", ""country"": ""Japan"", ""isolation_source"": ""feces""}",Homo sapiens,species,The metadata explicitly states 'host': 'Homo sapiens'.,,metadata,True,mesophile,,"The summary for PMC13173640.1.txt states: 'While the optimal stability range appears to be mesophilic (4–20 °C), the phage showed reduced stability at 30 °C.' It also notes that 'The optimal stability range (4–20 °C) suggests mesophilic conditions.' Although the phage was stable at 4°C (cold) and tested up to 30°C (warmer), the explicit conclusion drawn in the summary points to mesophilic conditions as the optimal stability range.",,True,TMP_results/accessions/UWI41487/library/accession_lit,8,TMP_results/accessions/UWI41487/library/host_lit,10,619.3499999999999,end,"[""CreateAccessionLibrary"", ""ClassifyHostMetadata"", ""CreateHostLibrary"", ""FilterRelevantLiterature"", ""FilterRelevantHostLiterature"", ""SUMMARISELITERATURE"", ""ClassifySummary""]","{""CreateAccessionLibrary"": 31.47, ""ClassifyHostMetadata"": 1.89, ""FilterRelevantLiterature"": 198.04, ""FilterRelevantHostLiterature"": 116.42, ""ClassifySummary"": 6.06}",False,TMP_results/accessions/UWI41487/summary/summary.txt,"['PMC13173640.1.txt', 'PMC13172421.1.txt', 'PMC13175485.1.txt', 'PMC13175621.1.txt', '42008119.txt']",5,"['PMC13174014.1.txt', 'PMC13175151.1.txt', 'PMC13173872.1.txt', 'PMC13173827.1.txt']",4,
gemma4:e4b,UWI41211,Bacteriophage sp.,"{""uid"": ""2295430664"", ""accession"": ""UWI41211"", ""title"": ""MAG: DNA recombination protein [Bacteriophage sp.]"", ""organism"": ""Bacteriophage sp."", ""taxonId"": 38018, ""sequence_length"": 383, ""create_date"": ""2022/09/11"", ""update_date"": ""2023/01/17"", ""dbsource"": ""insd"", ""extra"": ""gi|2295430664|gb|UWI41211.1|"", ""isolate"": ""4171_83010"", ""host"": ""Homo sapiens"", ""metagenome_source"": ""gut metagenome"", ""country"": ""Japan"", ""isolation_source"": ""feces""}",Homo sapiens,species,The metadata explicitly states 'host': 'Homo sapiens'.,,metadata,True,mesophile,,"The summary for PMC13173640.1.txt states: 'While the optimal stability range appears to be mesophilic (4–20 °C), the phage showed reduced stability at 30 °C.' It also notes that 'The optimal stability range (4–20 °C) suggests mesophilic conditions.' Although the phage was stable at 4°C (cold) and tested up to 30°C (warmer), the explicit conclusion drawn in the summary points to mesophilic conditions as the optimal stability range.",,True,TMP_results/accessions/UWI41211/library/accession_lit,8,TMP_results/accessions/UWI41211/library/host_lit,10,618.8199999999999,end,"[""CreateAccessionLibrary"", ""ClassifyHostMetadata"", ""CreateHostLibrary"", ""FilterRelevantLiterature"", ""FilterRelevantHostLiterature"", ""SUMMARISELITERATURE"", ""ClassifySummary""]","{""CreateAccessionLibrary"": 29.56, ""ClassifyHostMetadata"": 1.9, ""FilterRelevantLiterature"": 197.98, ""FilterRelevantHostLiterature"": 116.72, ""ClassifySummary"": 6.15}",False,TMP_results/accessions/UWI41211/summary/summary.txt,"['PMC13173640.1.txt', 'PMC13172421.1.txt', 'PMC13175485.1.txt', 'PMC13175621.1.txt', '42008119.txt']",5,"['PMC13174014.1.txt', 'PMC13175151.1.txt', 'PMC13173872.1.txt', 'PMC13173827.1.txt']",4,
gemma4:e4b,UWI38913,Bacteriophage sp.,"{""uid"": ""2295426644"", ""accession"": ""UWI38913"", ""title"": ""MAG: DNA recombination protein [Bacteriophage sp.]"", ""organism"": ""Bacteriophage sp."", ""taxonId"": 38018, ""sequence_length"": 328, ""create_date"": ""2022/09/11"", ""update_date"": ""2023/01/17"", ""dbsource"": ""insd"", ""extra"": ""gi|2295426644|gb|UWI38913.1|"", ""isolate"": ""4127_64203"", ""host"": ""Homo sapiens"", ""metagenome_source"": ""gut metagenome"", ""country"": ""Japan"", ""isolation_source"": ""feces""}",Homo sapiens,species,The metadata explicitly states 'host': 'Homo sapiens'.,,metadata,True,mesophile,,"The summary for PMC13173640.1.txt states: 'While the optimal stability range appears to be mesophilic (4–20 °C), the phage showed reduced stability at 30 °C.' It also notes that 'The optimal stability range (4–20 °C) suggests mesophilic conditions.' Although the phage was stable at 4°C (cold) and tested up to 30°C (warmer), the explicit conclusion drawn in the summary points to mesophilic conditions as the optimal stability range.",,True,TMP_results/accessions/UWI38913/library/accession_lit,8,TMP_results/accessions/UWI38913/library/host_lit,10,621.22,end,"[""CreateAccessionLibrary"", ""ClassifyHostMetadata"", ""CreateHostLibrary"", ""FilterRelevantLiterature"", ""FilterRelevantHostLiterature"", ""SUMMARISELITERATURE"", ""ClassifySummary""]","{""CreateAccessionLibrary"": 33.19, ""ClassifyHostMetadata"": 1.9, ""FilterRelevantLiterature"": 198.12, ""FilterRelevantHostLiterature"": 116.73, ""ClassifySummary"": 6.14}",False,TMP_results/accessions/UWI38913/summary/summary.txt,"['PMC13173640.1.txt', 'PMC13172421.1.txt', 'PMC13175485.1.txt', 'PMC13175621.1.txt', '42008119.txt']",5,"['PMC13174014.1.txt', 'PMC13175151.1.txt', 'PMC13173872.1.txt', 'PMC13173827.1.txt']",4,
gemma4:e4b,UWI37982,Bacteriophage sp.,"{""uid"": ""2295424985"", ""accession"": ""UWI37982"", ""title"": ""MAG: DNA recombination protein [Bacteriophage sp.]"", ""organism"": ""Bacteriophage sp."", ""taxonId"": 38018, ""sequence_length"": 383, ""create_date"": ""2022/09/11"", ""update_date"": ""2023/01/17"", ""dbsource"": ""insd"", ""extra"": ""gi|2295424985|gb|UWI37982.1|"", ""isolate"": ""4064_99857"", ""host"": ""Homo sapiens"", ""metagenome_source"": ""gut metagenome"", ""country"": ""Japan"", ""isolation_source"": ""feces""}",Homo sapiens,species,The metadata explicitly states 'host': 'Homo sapiens'.,,metadata,True,mesophile,,"The summary for PMC13173640.1.txt states: 'While the optimal stability range appears to be mesophilic (4–20 °C), the phage showed reduced stability at 30 °C.' It also notes that 'The optimal stability range (4–20 °C) suggests mesophilic conditions.' Although the phage was stable at 4°C (cold) and tested up to 30°C (warmer), the explicit conclusion drawn in the summary points to mesophilic conditions as the optimal stability range.",,True,TMP_results/accessions/UWI37982/library/accession_lit,8,TMP_results/accessions/UWI37982/library/host_lit,10,618.9799999999999,end,"[""CreateAccessionLibrary"", ""ClassifyHostMetadata"", ""CreateHostLibrary"", ""FilterRelevantLiterature"", ""FilterRelevantHostLiterature"", ""SUMMARISELITERATURE"", ""ClassifySummary""]","{""CreateAccessionLibrary"": 31.0, ""ClassifyHostMetadata"": 1.9, ""FilterRelevantLiterature"": 198.07, ""FilterRelevantHostLiterature"": 116.26, ""ClassifySummary"": 6.14}",False,TMP_results/accessions/UWI37982/summary/summary.txt,"['PMC13173640.1.txt', 'PMC13172421.1.txt', 'PMC13175485.1.txt', 'PMC13175621.1.txt', '42008119.txt']",5,"['PMC13174014.1.txt', 'PMC13175151.1.txt', 'PMC13173872.1.txt', 'PMC13173827.1.txt']",4,
gemma4:e4b,UWI37891,Bacteriophage sp.,"{""uid"": ""2295424802"", ""accession"": ""UWI37891"", ""title"": ""MAG: DNA recombination protein [Bacteriophage sp.]"", ""organism"": ""Bacteriophage sp."", ""taxonId"": 38018, ""sequence_length"": 404, ""create_date"": ""2022/09/11"", ""update_date"": ""2023/01/17"", ""dbsource"": ""insd"", ""extra"": ""gi|2295424802|gb|UWI37891.1|"", ""isolate"": ""4064_96076"", ""host"": ""Homo sapiens"", ""metagenome_source"": ""gut metagenome"", ""country"": ""Japan"", ""isolation_source"": ""feces""}",Homo sapiens,species,The metadata explicitly states 'host': 'Homo sapiens'.,,metadata,True,mesophile,,"The first paper (PMC13173640.1.txt) provides the most comprehensive thermal data. It states that the 'optimal stability range (4–20 °C) suggests mesophilic conditions.' Furthermore, the stability was maintained at 4 °C (cold tolerance) and tested up to 30 °C (higher temperature), but the optimal stability range points towards mesophilic conditions (4–20 °C). The other papers either lack thermal data or point to mixed/extreme environments without a clear consensus for the primary organism/phage being studied in the context of optimal growth.",,True,TMP_results/accessions/UWI37891/library/accession_lit,8,TMP_results/accessions/UWI37891/library/host_lit,10,624.57,end,"[""CreateAccessionLibrary"", ""ClassifyHostMetadata"", ""CreateHostLibrary"", ""FilterRelevantLiterature"", ""FilterRelevantHostLiterature"", ""SUMMARISELITERATURE"", ""ClassifySummary""]","{""CreateAccessionLibrary"": 35.81, ""ClassifyHostMetadata"": 1.9, ""FilterRelevantLiterature"": 197.98, ""FilterRelevantHostLiterature"": 116.76, ""ClassifySummary"": 6.34}",False,TMP_results/accessions/UWI37891/summary/summary.txt,"['PMC13173640.1.txt', 'PMC13172421.1.txt', 'PMC13175485.1.txt', 'PMC13175621.1.txt', '42008119.txt']",5,"['PMC13174014.1.txt', 'PMC13175151.1.txt', 'PMC13173872.1.txt', 'PMC13173827.1.txt']",4,
gemma4:e4b,UWI37731,Bacteriophage sp.,"{""uid"": ""2295424615"", ""accession"": ""UWI37731"", ""title"": ""MAG: DNA recombination protein [Bacteriophage sp.]"", ""organism"": ""Bacteriophage sp."", ""taxonId"": 38018, ""sequence_length"": 328, ""create_date"": ""2022/09/11"", ""update_date"": ""2023/01/17"", ""dbsource"": ""insd"", ""extra"": ""gi|2295424615|gb|UWI37731.1|"", ""isolate"": ""4064_29815"", ""host"": ""Homo sapiens"", ""metagenome_source"": ""gut metagenome"", ""country"": ""Japan"", ""isolation_source"": ""feces""}",Homo sapiens,species,The metadata explicitly states 'host': 'Homo sapiens'.,,metadata,True,mesophile,,"The summary for PMC13173640.1.txt states: 'While the optimal stability range appears to be mesophilic (4–20 °C), the phage showed reduced stability at 30 °C.' It also notes that 'The optimal stability range (4–20 °C) suggests mesophilic conditions.' Although the phage was stable at 4°C (cold) and tested up to 30°C (warmer), the explicit conclusion drawn in the summary points to mesophilic conditions as the optimal stability range.",,True,TMP_results/accessions/UWI37731/library/accession_lit,8,TMP_results/accessions/UWI37731/library/host_lit,10,622.89,end,"[""CreateAccessionLibrary"", ""ClassifyHostMetadata"", ""CreateHostLibrary"", ""FilterRelevantLiterature"", ""FilterRelevantHostLiterature"", ""SUMMARISELITERATURE"", ""ClassifySummary""]","{""CreateAccessionLibrary"": 33.19, ""ClassifyHostMetadata"": 1.9, ""FilterRelevantLiterature"": 198.05, ""FilterRelevantHostLiterature"": 116.5, ""ClassifySummary"": 6.15}",False,TMP_results/accessions/UWI37731/summary/summary.txt,"['PMC13173640.1.txt', 'PMC13172421.1.txt', 'PMC13175485.1.txt', 'PMC13175621.1.txt', '42008119.txt']",5,"['PMC13174014.1.txt', 'PMC13175151.1.txt', 'PMC13173872.1.txt', 'PMC13173827.1.txt']",4,
gemma4:e4b,UWI36644,Bacteriophage sp.,"{""uid"": ""2295422862"", ""accession"": ""UWI36644"", ""title"": ""MAG: DNA recombination protein [Bacteriophage sp.]"", ""organism"": ""Bacteriophage sp."", ""taxonId"": 38018, ""sequence_length"": 382, ""create_date"": ""2022/09/11"", ""update_date"": ""2023/01/17"", ""dbsource"": ""insd"", ""extra"": ""gi|2295422862|gb|UWI36644.1|"", ""isolate"": ""4039_35015"", ""host"": ""Homo sapiens"", ""metagenome_source"": ""gut metagenome"", ""country"": ""Japan"", ""isolation_source"": ""feces""}",Homo sapiens,species,The metadata explicitly states 'host': 'Homo sapiens'.,,metadata,True,mesophile,,"The summary for PMC13173640.1.txt states: 'While the optimal stability range appears to be mesophilic (4–20 °C), the phage showed reduced stability at 30 °C.' It also notes that 'The optimal stability range (4–20 °C) suggests mesophilic conditions.' Although the phage was stable at 4°C (cold) and tested up to 30°C (warmer), the explicit conclusion drawn in the summary points to mesophilic conditions as the optimal stability range.",,True,TMP_results/accessions/UWI36644/library/accession_lit,8,TMP_results/accessions/UWI36644/library/host_lit,10,620.3599999999999,end,"[""CreateAccessionLibrary"", ""ClassifyHostMetadata"", ""CreateHostLibrary"", ""FilterRelevantLiterature"", ""FilterRelevantHostLiterature"", ""SUMMARISELITERATURE"", ""ClassifySummary""]","{""CreateAccessionLibrary"": 30.72, ""ClassifyHostMetadata"": 1.9, ""FilterRelevantLiterature"": 198.36, ""FilterRelevantHostLiterature"": 115.96, ""ClassifySummary"": 6.17}",False,TMP_results/accessions/UWI36644/summary/summary.txt,"['PMC13173640.1.txt', 'PMC13172421.1.txt', 'PMC13175485.1.txt', 'PMC13175621.1.txt', '42008119.txt']",5,"['PMC13174014.1.txt', 'PMC13175151.1.txt', 'PMC13173872.1.txt', 'PMC13173827.1.txt']",4,
gemma4:e4b,UWI32215,Bacteriophage sp.,"{""uid"": ""2295415577"", ""accession"": ""UWI32215"", ""title"": ""MAG: DNA recombination protein [Bacteriophage sp.]"", ""organism"": ""Bacteriophage sp."", ""taxonId"": 38018, ""sequence_length"": 404, ""create_date"": ""2022/09/11"", ""update_date"": ""2023/01/17"", ""dbsource"": ""insd"", ""extra"": ""gi|2295415577|gb|UWI32215.1|"", ""isolate"": ""3932_65447"", ""host"": ""Homo sapiens"", ""metagenome_source"": ""gut metagenome"", ""country"": ""Japan"", ""isolation_source"": ""feces""}",Homo sapiens,species,The metadata explicitly states 'host': 'Homo sapiens'.,,metadata,True,mesophile,,"The summary for PMC13173640.1.txt states: 'While the optimal stability range appears to be mesophilic (4–20 °C), the phage showed reduced stability at 30 °C.' It also notes that 'The optimal stability range (4–20 °C) suggests mesophilic conditions.' Although the phage was stable at 4°C (cold) and tested up to 30°C (warmer), the explicit conclusion drawn in the summary points to mesophilic conditions as the optimal stability range.",,True,TMP_results/accessions/UWI32215/library/accession_lit,8,TMP_results/accessions/UWI32215/library/host_lit,10,621.24,end,"[""CreateAccessionLibrary"", ""ClassifyHostMetadata"", ""CreateHostLibrary"", ""FilterRelevantLiterature"", ""FilterRelevantHostLiterature"", ""SUMMARISELITERATURE"", ""ClassifySummary""]","{""CreateAccessionLibrary"": 32.39, ""ClassifyHostMetadata"": 1.91, ""FilterRelevantLiterature"": 197.85, ""FilterRelevantHostLiterature"": 115.92, ""ClassifySummary"": 6.19}",False,TMP_results/accessions/UWI32215/summary/summary.txt,"['PMC13173640.1.txt', 'PMC13172421.1.txt', 'PMC13175485.1.txt', 'PMC13175621.1.txt', '42008119.txt']",5,"['PMC13174014.1.txt', 'PMC13175151.1.txt', 'PMC13173872.1.txt', 'PMC13173827.1.txt']",4,
ERROR,UWI30082,ERROR,ERROR,ERROR,ERROR,ERROR,ERROR,ERROR,ERROR,ERROR,ERROR,ERROR,ERROR,ERROR,ERROR,ERROR,ERROR,ERROR,ERROR,ERROR,ERROR,ERROR,ERROR,ERROR,ERROR,ERROR,ERROR,ERROR,'NoneType' object is not subscriptable
gemma4:e4b,UWI29292,Bacteriophage sp.,"{""uid"": ""2295410827"", ""accession"": ""UWI29292"", ""title"": ""MAG: DNA recombination protein [Bacteriophage sp.]"", ""organism"": ""Bacteriophage sp."", ""taxonId"": 38018, ""sequence_length"": 404, ""create_date"": ""2022/09/11"", ""update_date"": ""2023/01/17"", ""dbsource"": ""insd"", ""extra"": ""gi|2295410827|gb|UWI29292.1|"", ""isolate"": ""3868_16835"", ""host"": ""Homo sapiens"", ""metagenome_source"": ""gut metagenome"", ""country"": ""Japan"", ""isolation_source"": ""feces""}",Homo sapiens,species,The metadata explicitly states 'host': 'Homo sapiens'.,,metadata,True,mesophile,,"The summary for PMC13173640.1.txt states: 'While the optimal stability range appears to be mesophilic (4–20 °C), the phage showed reduced stability at 30 °C.' It also notes that 'The optimal stability range (4–20 °C) suggests mesophilic conditions.' Although the phage was stable at 4°C (cold) and tested up to 30°C (warmer), the explicit conclusion drawn in the summary points to mesophilic conditions as the optimal stability range.",,True,TMP_results/accessions/UWI29292/library/accession_lit,8,TMP_results/accessions/UWI29292/library/host_lit,10,617.8100000000001,end,"[""CreateAccessionLibrary"", ""ClassifyHostMetadata"", ""CreateHostLibrary"", ""FilterRelevantLiterature"", ""FilterRelevantHostLiterature"", ""SUMMARISELITERATURE"", ""ClassifySummary""]","{""CreateAccessionLibrary"": 30.26, ""ClassifyHostMetadata"": 1.55, ""FilterRelevantLiterature"": 198.2, ""FilterRelevantHostLiterature"": 116.14, ""ClassifySummary"": 6.19}",False,TMP_results/accessions/UWI29292/summary/summary.txt,"['PMC13173640.1.txt', 'PMC13172421.1.txt', 'PMC13175485.1.txt', 'PMC13175621.1.txt', '42008119.txt']",5,"['PMC13174014.1.txt', 'PMC13175151.1.txt', 'PMC13173872.1.txt', 'PMC13173827.1.txt']",4,
gemma4:e4b,UWI27732,Bacteriophage sp.,"{""uid"": ""2295408579"", ""accession"": ""UWI27732"", ""title"": ""MAG: DNA recombination protein [Bacteriophage sp.]"", ""organism"": ""Bacteriophage sp."", ""taxonId"": 38018, ""sequence_length"": 382, ""create_date"": ""2022/09/11"", ""update_date"": ""2023/01/17"", ""dbsource"": ""insd"", ""extra"": ""gi|2295408579|gb|UWI27732.1|"", ""isolate"": ""3835_41545"", ""host"": ""Homo sapiens"", ""metagenome_source"": ""gut metagenome"", ""country"": ""Japan"", ""isolation_source"": ""feces""}",Homo sapiens,species,The metadata explicitly states 'host': 'Homo sapiens'.,,metadata,True,mesophile,,"The summary for PMC13173640.1.txt states: 'While the optimal stability range appears to be mesophilic (4–20 °C), the phage showed reduced stability at 30 °C.' It also notes that 'The optimal stability range (4–20 °C) suggests mesophilic conditions.' Although the phage was stable at 4°C (cold) and tested up to 30°C (warmer), the explicit conclusion drawn in the summary points to mesophilic conditions as the optimal stability range.",,True,TMP_results/accessions/UWI27732/library/accession_lit,8,TMP_results/accessions/UWI27732/library/host_lit,10,617.71,end,"[""CreateAccessionLibrary"", ""ClassifyHostMetadata"", ""CreateHostLibrary"", ""FilterRelevantLiterature"", ""FilterRelevantHostLiterature"", ""SUMMARISELITERATURE"", ""ClassifySummary""]","{""CreateAccessionLibrary"": 30.27, ""ClassifyHostMetadata"": 1.91, ""FilterRelevantLiterature"": 198.18, ""FilterRelevantHostLiterature"": 116.08, ""ClassifySummary"": 6.19}",False,TMP_results/accessions/UWI27732/summary/summary.txt,"['PMC13173640.1.txt', 'PMC13172421.1.txt', 'PMC13175485.1.txt', 'PMC13175621.1.txt', '42008119.txt']",5,"['PMC13174014.1.txt', 'PMC13175151.1.txt', 'PMC13173872.1.txt', 'PMC13173827.1.txt']",4,
gemma4:e4b,UWI26683,Bacteriophage sp.,"{""uid"": ""2295406729"", ""accession"": ""UWI26683"", ""title"": ""MAG: DNA recombination protein [Bacteriophage sp.]"", ""organism"": ""Bacteriophage sp."", ""taxonId"": 38018, ""sequence_length"": 404, ""create_date"": ""2022/09/11"", ""update_date"": ""2023/01/17"", ""dbsource"": ""insd"", ""extra"": ""gi|2295406729|gb|UWI26683.1|"", ""isolate"": ""3806_49660"", ""host"": ""Homo sapiens"", ""metagenome_source"": ""gut metagenome"", ""country"": ""Japan"", ""isolation_source"": ""feces""}",Homo sapiens,species,The metadata explicitly states 'host': 'Homo sapiens'.,,metadata,True,mesophile,,"The summary for PMC13173640.1.txt states: 'While the optimal stability range appears to be mesophilic (4–20 °C), the phage showed reduced stability at 30 °C.' It also notes that 'The optimal stability range (4–20 °C) suggests mesophilic conditions.' Although the phage was stable at 4°C (cold) and tested up to 30°C (warmer), the explicit conclusion drawn in the summary points to mesophilic conditions as the optimal stability range.",,True,TMP_results/accessions/UWI26683/library/accession_lit,8,TMP_results/accessions/UWI26683/library/host_lit,10,616.51,end,"[""CreateAccessionLibrary"", ""ClassifyHostMetadata"", ""CreateHostLibrary"", ""FilterRelevantLiterature"", ""FilterRelevantHostLiterature"", ""SUMMARISELITERATURE"", ""ClassifySummary""]","{""CreateAccessionLibrary"": 30.21, ""ClassifyHostMetadata"": 1.92, ""FilterRelevantLiterature"": 197.83, ""FilterRelevantHostLiterature"": 115.85, ""ClassifySummary"": 6.15}",False,TMP_results/accessions/UWI26683/summary/summary.txt,"['PMC13173640.1.txt', 'PMC13172421.1.txt', 'PMC13175485.1.txt', 'PMC13175621.1.txt', '42008119.txt']",5,"['PMC13174014.1.txt', 'PMC13175151.1.txt', 'PMC13173872.1.txt', 'PMC13173827.1.txt']",4,
gemma4:e4b,UWI26206,Bacteriophage sp.,"{""uid"": ""2295405963"", ""accession"": ""UWI26206"", ""title"": ""MAG: DNA recombination protein [Bacteriophage sp.]"", ""organism"": ""Bacteriophage sp."", ""taxonId"": 38018, ""sequence_length"": 328, ""create_date"": ""2022/09/11"", ""update_date"": ""2023/01/17"", ""dbsource"": ""insd"", ""extra"": ""gi|2295405963|gb|UWI26206.1|"", ""isolate"": ""3798_47424"", ""host"": ""Homo sapiens"", ""metagenome_source"": ""gut metagenome"", ""country"": ""Japan"", ""isolation_source"": ""feces""}",Homo sapiens,species,The metadata explicitly states 'host': 'Homo sapiens'.,,metadata,True,mesophile,,"The summary for PMC13173640.1.txt states: 'While the optimal stability range appears to be mesophilic (4–20 °C), the phage showed reduced stability at 30 °C.' It also notes that 'The optimal stability range (4–20 °C) suggests mesophilic conditions.' Although the phage was stable at 4°C (cold) and tested up to 30°C (warmer), the explicit conclusion drawn in the summary points to mesophilic conditions as the optimal stability range.",,True,TMP_results/accessions/UWI26206/library/accession_lit,8,TMP_results/accessions/UWI26206/library/host_lit,10,617.62,end,"[""CreateAccessionLibrary"", ""ClassifyHostMetadata"", ""CreateHostLibrary"", ""FilterRelevantLiterature"", ""FilterRelevantHostLiterature"", ""SUMMARISELITERATURE"", ""ClassifySummary""]","{""CreateAccessionLibrary"": 30.6, ""ClassifyHostMetadata"": 1.85, ""FilterRelevantLiterature"": 198.05, ""FilterRelevantHostLiterature"": 116.11, ""ClassifySummary"": 6.03}",False,TMP_results/accessions/UWI26206/summary/summary.txt,"['PMC13173640.1.txt', 'PMC13172421.1.txt', 'PMC13175485.1.txt', 'PMC13175621.1.txt', '42008119.txt']",5,"['PMC13174014.1.txt', 'PMC13175151.1.txt', 'PMC13173872.1.txt', 'PMC13173827.1.txt']",4,
gemma4:e4b,UWI24926,Bacteriophage sp.,"{""uid"": ""2295403639"", ""accession"": ""UWI24926"", ""title"": ""MAG: DNA recombination protein [Bacteriophage sp.]"", ""organism"": ""Bacteriophage sp."", ""taxonId"": 38018, ""sequence_length"": 336, ""create_date"": ""2022/09/11"", ""update_date"": ""2023/01/17"", ""dbsource"": ""insd"", ""extra"": ""gi|2295403639|gb|UWI24926.1|"", ""isolate"": ""3777_12510"", ""host"": ""Homo sapiens"", ""metagenome_source"": ""gut metagenome"", ""country"": ""Japan"", ""isolation_source"": ""feces""}",Homo sapiens,species,The metadata explicitly states 'host': 'Homo sapiens'.,,metadata,True,mesophile,,"The summary for PMC13173640.1.txt states: 'While the optimal stability range appears to be mesophilic (4–20 °C), the phage showed reduced stability at 30 °C.' It also notes that 'The optimal stability range (4–20 °C) suggests mesophilic conditions.' Although the phage was stable at 4°C (cold) and tested up to 30°C (warmer), the explicit conclusion drawn in the summary points to mesophilic conditions as the optimal stability range.",,True,TMP_results/accessions/UWI24926/library/accession_lit,8,TMP_results/accessions/UWI24926/library/host_lit,10,618.73,end,"[""CreateAccessionLibrary"", ""ClassifyHostMetadata"", ""CreateHostLibrary"", ""FilterRelevantLiterature"", ""FilterRelevantHostLiterature"", ""SUMMARISELITERATURE"", ""ClassifySummary""]","{""CreateAccessionLibrary"": 30.14, ""ClassifyHostMetadata"": 1.87, ""FilterRelevantLiterature"": 197.88, ""FilterRelevantHostLiterature"": 115.9, ""ClassifySummary"": 6.19}",False,TMP_results/accessions/UWI24926/summary/summary.txt,"['PMC13173640.1.txt', 'PMC13172421.1.txt', 'PMC13175485.1.txt', 'PMC13175621.1.txt', '42008119.txt']",5,"['PMC13174014.1.txt', 'PMC13175151.1.txt', 'PMC13173872.1.txt', 'PMC13173827.1.txt']",4,
gemma4:e4b,UWI23381,Bacteriophage sp.,"{""uid"": ""2295400942"", ""accession"": ""UWI23381"", ""title"": ""MAG: DNA recombination protein [Bacteriophage sp.]"", ""organism"": ""Bacteriophage sp."", ""taxonId"": 38018, ""sequence_length"": 328, ""create_date"": ""2022/09/11"", ""update_date"": ""2023/01/17"", ""dbsource"": ""insd"", ""extra"": ""gi|2295400942|gb|UWI23381.1|"", ""isolate"": ""3746_66842"", ""host"": ""Homo sapiens"", ""metagenome_source"": ""gut metagenome"", ""country"": ""Japan"", ""isolation_source"": ""feces""}",Homo sapiens,species,The metadata explicitly states 'host': 'Homo sapiens'.,,metadata,True,mesophile,,"The summary for PMC13173640.1.txt states: 'While the optimal stability range appears to be mesophilic (4–20 °C), the phage showed reduced stability at 30 °C.' It also notes that 'The optimal stability range (4–20 °C) suggests mesophilic conditions.' Although the phage was stable at 4°C (cold) and tested up to 30°C (warmer), the explicit conclusion drawn in the summary points to mesophilic conditions as the optimal stability range.",,True,TMP_results/accessions/UWI23381/library/accession_lit,8,TMP_results/accessions/UWI23381/library/host_lit,10,622.77,end,"[""CreateAccessionLibrary"", ""ClassifyHostMetadata"", ""CreateHostLibrary"", ""FilterRelevantLiterature"", ""FilterRelevantHostLiterature"", ""SUMMARISELITERATURE"", ""ClassifySummary""]","{""CreateAccessionLibrary"": 34.22, ""ClassifyHostMetadata"": 1.91, ""FilterRelevantLiterature"": 198.08, ""FilterRelevantHostLiterature"": 115.82, ""ClassifySummary"": 6.05}",False,TMP_results/accessions/UWI23381/summary/summary.txt,"['PMC13173640.1.txt', 'PMC13172421.1.txt', 'PMC13175485.1.txt', 'PMC13175621.1.txt', '42008119.txt']",5,"['PMC13174014.1.txt', 'PMC13175151.1.txt', 'PMC13173872.1.txt', 'PMC13173827.1.txt']",4,
gemma4:e4b,UWI21488,Bacteriophage sp.,"{""uid"": ""2295397648"", ""accession"": ""UWI21488"", ""title"": ""MAG: DNA recombination protein [Bacteriophage sp.]"", ""organism"": ""Bacteriophage sp."", ""taxonId"": 38018, ""sequence_length"": 404, ""create_date"": ""2022/09/11"", ""update_date"": ""2023/01/17"", ""dbsource"": ""insd"", ""extra"": ""gi|2295397648|gb|UWI21488.1|"", ""isolate"": ""3716_48682"", ""host"": ""Homo sapiens"", ""metagenome_source"": ""gut metagenome"", ""country"": ""Japan"", ""isolation_source"": ""feces""}",Homo sapiens,species,The metadata explicitly states 'host': 'Homo sapiens'.,,metadata,True,mesophile,,"The summary for PMC13173640.1.txt states: 'While the optimal stability range appears to be mesophilic (4–20 °C), the phage showed reduced stability at 30 °C.' It also notes that 'The optimal stability range (4–20 °C) suggests mesophilic conditions.' Although the phage was stable at 4°C (cold) and tested up to 30°C (warmer), the explicit conclusion drawn in the summary points to mesophilic conditions as the optimal stability range.",,True,TMP_results/accessions/UWI21488/library/accession_lit,8,TMP_results/accessions/UWI21488/library/host_lit,10,624.8599999999999,end,"[""CreateAccessionLibrary"", ""ClassifyHostMetadata"", ""CreateHostLibrary"", ""FilterRelevantLiterature"", ""FilterRelevantHostLiterature"", ""SUMMARISELITERATURE"", ""ClassifySummary""]","{""CreateAccessionLibrary"": 37.39, ""ClassifyHostMetadata"": 1.86, ""FilterRelevantLiterature"": 198.25, ""FilterRelevantHostLiterature"": 116.02, ""ClassifySummary"": 6.18}",False,TMP_results/accessions/UWI21488/summary/summary.txt,"['PMC13173640.1.txt', 'PMC13172421.1.txt', 'PMC13175485.1.txt', 'PMC13175621.1.txt', '42008119.txt']",5,"['PMC13174014.1.txt', 'PMC13175151.1.txt', 'PMC13173872.1.txt', 'PMC13173827.1.txt']",4,
gemma4:e4b,UWI15660,Bacteriophage sp.,"{""uid"": ""2295387015"", ""accession"": ""UWI15660"", ""title"": ""MAG: DNA recombination protein [Bacteriophage sp.]"", ""organism"": ""Bacteriophage sp."", ""taxonId"": 38018, ""sequence_length"": 404, ""create_date"": ""2022/09/11"", ""update_date"": ""2023/01/17"", ""dbsource"": ""insd"", ""extra"": ""gi|2295387015|gb|UWI15660.1|"", ""isolate"": ""3735_11589"", ""host"": ""Homo sapiens"", ""metagenome_source"": ""gut metagenome"", ""country"": ""Japan"", ""isolation_source"": ""feces""}",Homo sapiens,species,The metadata explicitly states 'host': 'Homo sapiens'.,,metadata,True,mesophile,,"The summary for PMC13173640.1.txt states: 'While the optimal stability range appears to be mesophilic (4–20 °C), the phage showed reduced stability at 30 °C.' It also notes that 'The optimal stability range (4–20 °C) suggests mesophilic conditions.' Although the phage was stable at 4°C (cold) and tested up to 30°C (warmer), the explicit conclusion drawn in the summary points to mesophilic conditions as the optimal stability range.",,True,TMP_results/accessions/UWI15660/library/accession_lit,8,TMP_results/accessions/UWI15660/library/host_lit,10,616.1999999999999,end,"[""CreateAccessionLibrary"", ""ClassifyHostMetadata"", ""CreateHostLibrary"", ""FilterRelevantLiterature"", ""FilterRelevantHostLiterature"", ""SUMMARISELITERATURE"", ""ClassifySummary""]","{""CreateAccessionLibrary"": 29.66, ""ClassifyHostMetadata"": 1.9, ""FilterRelevantLiterature"": 198.06, ""FilterRelevantHostLiterature"": 116.01, ""ClassifySummary"": 6.16}",False,TMP_results/accessions/UWI15660/summary/summary.txt,"['PMC13173640.1.txt', 'PMC13172421.1.txt', 'PMC13175485.1.txt', 'PMC13175621.1.txt', '42008119.txt']",5,"['PMC13174014.1.txt', 'PMC13175151.1.txt', 'PMC13173872.1.txt', 'PMC13173827.1.txt']",4,
gemma4:e4b,UWI11542,Bacteriophage sp.,"{""uid"": ""2295370485"", ""accession"": ""UWI11542"", ""title"": ""MAG: DNA recombination protein [Bacteriophage sp.]"", ""organism"": ""Bacteriophage sp."", ""taxonId"": 38018, ""sequence_length"": 389, ""create_date"": ""2022/09/11"", ""update_date"": ""2023/01/17"", ""dbsource"": ""insd"", ""extra"": ""gi|2295370485|gb|UWI11542.1|"", ""isolate"": ""3592_66139"", ""host"": ""Homo sapiens"", ""metagenome_source"": ""gut metagenome"", ""country"": ""Japan"", ""isolation_source"": ""feces""}",Homo sapiens,species,The metadata explicitly states 'host': 'Homo sapiens'.,,metadata,True,mesophile,,"The summary for PMC13173640.1.txt states: 'While the optimal stability range appears to be mesophilic (4–20 °C), the phage showed reduced stability at 30 °C.' It also notes that 'The optimal stability range (4–20 °C) suggests mesophilic conditions.' Although the phage was stable at 4°C (cold) and tested up to 30°C (warmer), the explicit conclusion drawn in the summary points to mesophilic conditions as the optimal stability range.",,True,TMP_results/accessions/UWI11542/library/accession_lit,8,TMP_results/accessions/UWI11542/library/host_lit,10,619.4599999999999,end,"[""CreateAccessionLibrary"", ""ClassifyHostMetadata"", ""CreateHostLibrary"", ""FilterRelevantLiterature"", ""FilterRelevantHostLiterature"", ""SUMMARISELITERATURE"", ""ClassifySummary""]","{""CreateAccessionLibrary"": 32.18, ""ClassifyHostMetadata"": 1.9, ""FilterRelevantLiterature"": 198.01, ""FilterRelevantHostLiterature"": 115.86, ""ClassifySummary"": 6.18}",False,TMP_results/accessions/UWI11542/summary/summary.txt,"['PMC13173640.1.txt', 'PMC13172421.1.txt', 'PMC13175485.1.txt', 'PMC13175621.1.txt', '42008119.txt']",5,"['PMC13174014.1.txt', 'PMC13175151.1.txt', 'PMC13173872.1.txt', 'PMC13173827.1.txt']",4,
ERROR,UWI09827,ERROR,ERROR,ERROR,ERROR,ERROR,ERROR,ERROR,ERROR,ERROR,ERROR,ERROR,ERROR,ERROR,ERROR,ERROR,ERROR,ERROR,ERROR,ERROR,ERROR,ERROR,ERROR,ERROR,ERROR,ERROR,ERROR,ERROR,"HTTPSConnectionPool(host='www.ncbi.nlm.nih.gov', port=443): Max retries exceeded with url: /pmc/utils/idconv/v1.0/?ids=PMC13172421&format=json (Caused by NewConnectionError('<urllib3.connection.HTTPSConnection object at 0x31c2f8690>: Failed to establish a new connection: [Errno 61] Connection refused'))"
ERROR,UWI08431,ERROR,ERROR,ERROR,ERROR,ERROR,ERROR,ERROR,ERROR,ERROR,ERROR,ERROR,ERROR,ERROR,ERROR,ERROR,ERROR,ERROR,ERROR,ERROR,ERROR,ERROR,ERROR,ERROR,ERROR,ERROR,ERROR,ERROR,"HTTPSConnectionPool(host='www.ncbi.nlm.nih.gov', port=443): Max retries exceeded with url: /pmc/utils/idconv/v1.0/?ids=PMC13173640&format=json (Caused by NewConnectionError('<urllib3.connection.HTTPSConnection object at 0x31c2f9090>: Failed to establish a new connection: [Errno 61] Connection refused'))"
ERROR,UWI08126,ERROR,ERROR,ERROR,ERROR,ERROR,ERROR,ERROR,ERROR,ERROR,ERROR,ERROR,ERROR,ERROR,ERROR,ERROR,ERROR,ERROR,ERROR,ERROR,ERROR,ERROR,ERROR,ERROR,ERROR,ERROR,ERROR,ERROR,"HTTPSConnectionPool(host='www.ncbi.nlm.nih.gov', port=443): Max retries exceeded with url: /pmc/utils/idconv/v1.0/?ids=PMC13175621&format=json (Caused by NewConnectionError('<urllib3.connection.HTTPSConnection object at 0x31c2f91d0>: Failed to establish a new connection: [Errno 61] Connection refused'))"
gemma4:e4b,UWI07714,Bacteriophage sp.,"{""uid"": ""2295366597"", ""accession"": ""UWI07714"", ""title"": ""MAG: DNA recombination protein [Bacteriophage sp.]"", ""organism"": ""Bacteriophage sp."", ""taxonId"": 38018, ""sequence_length"": 382, ""create_date"": ""2022/09/11"", ""update_date"": ""2023/01/17"", ""dbsource"": ""insd"", ""extra"": ""gi|2295366597|gb|UWI07714.1|"", ""isolate"": ""3506_23321"", ""host"": ""Homo sapiens"", ""metagenome_source"": ""gut metagenome"", ""country"": ""Japan"", ""isolation_source"": ""feces""}",Homo sapiens,species,The metadata explicitly states 'host': 'Homo sapiens'.,,metadata,True,mesophile,,"The summary for PMC13173640.1.txt explicitly states: 'While the optimal stability range appears to be mesophilic (4–20 °C)...' and notes that 'The optimal stability range (4–20 °C) suggests mesophilic conditions.' Although other papers mention high-temperature sources (hot springs) or test a wide range, the most detailed and conclusive evidence pointing to a specific classification comes from PMC13173640.1.txt, which suggests mesophilic conditions based on optimal stability.",,True,TMP_results/accessions/UWI07714/library/accession_lit,8,TMP_results/accessions/UWI07714/library/host_lit,10,569.05,end,"[""CreateAccessionLibrary"", ""ClassifyHostMetadata"", ""CreateHostLibrary"", ""FilterRelevantLiterature"", ""FilterRelevantHostLiterature"", ""SUMMARISELITERATURE"", ""ClassifySummary""]","{""CreateAccessionLibrary"": 35.35, ""ClassifyHostMetadata"": 1.89, ""FilterRelevantLiterature"": 197.84, ""FilterRelevantHostLiterature"": 92.62, ""ClassifySummary"": 5.74}",False,TMP_results/accessions/UWI07714/summary/summary.txt,"['PMC13173640.1.txt', 'PMC13172421.1.txt', 'PMC13175485.1.txt', 'PMC13175621.1.txt', '42008119.txt']",5,"['PMC13174014.1.txt', 'PMC13175151.1.txt', 'PMC13173827.1.txt']",3,
gemma4:e4b,UWI07163,Bacteriophage sp.,"{""uid"": ""2295366036"", ""accession"": ""UWI07163"", ""title"": ""MAG: DNA recombination protein [Bacteriophage sp.]"", ""organism"": ""Bacteriophage sp."", ""taxonId"": 38018, ""sequence_length"": 336, ""create_date"": ""2022/09/11"", ""update_date"": ""2023/01/17"", ""dbsource"": ""insd"", ""extra"": ""gi|2295366036|gb|UWI07163.1|"", ""isolate"": ""3495_101446"", ""host"": ""Homo sapiens"", ""metagenome_source"": ""gut metagenome"", ""country"": ""Japan"", ""isolation_source"": ""feces""}",Homo sapiens,species,The metadata explicitly states 'host': 'Homo sapiens'.,,metadata,True,mesophile,,"The summary for PMC13173640.1.txt states: 'While the optimal stability range appears to be mesophilic (4–20 °C), the phage showed reduced stability at 30 °C.' It also notes that 'The optimal stability range (4–20 °C) suggests mesophilic conditions.' Although the phage was stable at 4°C (cold) and tested up to 30°C (warmer), the explicit conclusion drawn in the summary points to mesophilic conditions as the optimal stability range.",,True,TMP_results/accessions/UWI07163/library/accession_lit,8,TMP_results/accessions/UWI07163/library/host_lit,10,625.6,end,"[""CreateAccessionLibrary"", ""ClassifyHostMetadata"", ""CreateHostLibrary"", ""FilterRelevantLiterature"", ""FilterRelevantHostLiterature"", ""SUMMARISELITERATURE"", ""ClassifySummary""]","{""CreateAccessionLibrary"": 36.1, ""ClassifyHostMetadata"": 1.86, ""FilterRelevantLiterature"": 198.1, ""FilterRelevantHostLiterature"": 115.77, ""ClassifySummary"": 6.2}",False,TMP_results/accessions/UWI07163/summary/summary.txt,"['PMC13173640.1.txt', 'PMC13172421.1.txt', 'PMC13175485.1.txt', 'PMC13175621.1.txt', '42008119.txt']",5,"['PMC13174014.1.txt', 'PMC13175151.1.txt', 'PMC13173872.1.txt', 'PMC13173827.1.txt']",4,
gemma4:e4b,UWI00314,Bacteriophage sp.,"{""uid"": ""2295359080"", ""accession"": ""UWI00314"", ""title"": ""MAG: DNA recombination protein [Bacteriophage sp.]"", ""organism"": ""Bacteriophage sp."", ""taxonId"": 38018, ""sequence_length"": 382, ""create_date"": ""2022/09/11"", ""update_date"": ""2023/01/17"", ""dbsource"": ""insd"", ""extra"": ""gi|2295359080|gb|UWI00314.1|"", ""isolate"": ""3363_39300"", ""host"": ""Homo sapiens"", ""metagenome_source"": ""gut metagenome"", ""country"": ""Japan"", ""isolation_source"": ""feces""}",Homo sapiens,species,The metadata explicitly states 'host': 'Homo sapiens'.,,metadata,True,mesophile,,"The summary for PMC13173640.1.txt states: 'While the optimal stability range appears to be mesophilic (4–20 °C), the phage showed reduced stability at 30 °C.' It also notes that 'The optimal stability range (4–20 °C) suggests mesophilic conditions.' Although the phage was stable at 4°C (cold) and tested up to 30°C (warmer), the explicit conclusion drawn in the summary points to mesophilic conditions as the optimal stability range.",,True,TMP_results/accessions/UWI00314/library/accession_lit,8,TMP_results/accessions/UWI00314/library/host_lit,10,624.34,end,"[""CreateAccessionLibrary"", ""ClassifyHostMetadata"", ""CreateHostLibrary"", ""FilterRelevantLiterature"", ""FilterRelevantHostLiterature"", ""SUMMARISELITERATURE"", ""ClassifySummary""]","{""CreateAccessionLibrary"": 35.56, ""ClassifyHostMetadata"": 1.91, ""FilterRelevantLiterature"": 197.48, ""FilterRelevantHostLiterature"": 116.04, ""ClassifySummary"": 6.18}",False,TMP_results/accessions/UWI00314/summary/summary.txt,"['PMC13173640.1.txt', 'PMC13172421.1.txt', 'PMC13175485.1.txt', 'PMC13175621.1.txt', '42008119.txt']",5,"['PMC13174014.1.txt', 'PMC13175151.1.txt', 'PMC13173872.1.txt', 'PMC13173827.1.txt']",4,
gemma4:e4b,UWH98425,Bacteriophage sp.,"{""uid"": ""2295356187"", ""accession"": ""UWH98425"", ""title"": ""MAG: DNA recombination protein [Bacteriophage sp.]"", ""organism"": ""Bacteriophage sp."", ""taxonId"": 38018, ""sequence_length"": 383, ""create_date"": ""2022/09/11"", ""update_date"": ""2023/01/17"", ""dbsource"": ""insd"", ""extra"": ""gi|2295356187|gb|UWH98425.1|"", ""isolate"": ""3317_77253"", ""host"": ""Homo sapiens"", ""metagenome_source"": ""gut metagenome"", ""country"": ""Japan"", ""isolation_source"": ""feces""}",Homo sapiens,species,The metadata explicitly states 'host': 'Homo sapiens'.,,metadata,True,mesophile,,"The summary for PMC13173640.1.txt states: 'While the optimal stability range appears to be mesophilic (4–20 °C), the phage showed reduced stability at 30 °C.' It also notes that 'The optimal stability range (4–20 °C) suggests mesophilic conditions.' Although the phage was stable at 4°C (cold) and tested up to 30°C (warmer), the explicit conclusion drawn in the summary points to mesophilic conditions as the optimal stability range.",,True,TMP_results/accessions/UWH98425/library/accession_lit,8,TMP_results/accessions/UWH98425/library/host_lit,10,619.5399999999998,end,"[""CreateAccessionLibrary"", ""ClassifyHostMetadata"", ""CreateHostLibrary"", ""FilterRelevantLiterature"", ""FilterRelevantHostLiterature"", ""SUMMARISELITERATURE"", ""ClassifySummary""]","{""CreateAccessionLibrary"": 30.39, ""ClassifyHostMetadata"": 1.91, ""FilterRelevantLiterature"": 197.89, ""FilterRelevantHostLiterature"": 115.53, ""ClassifySummary"": 6.18}",False,TMP_results/accessions/UWH98425/summary/summary.txt,"['PMC13173640.1.txt', 'PMC13172421.1.txt', 'PMC13175485.1.txt', 'PMC13175621.1.txt', '42008119.txt']",5,"['PMC13174014.1.txt', 'PMC13175151.1.txt', 'PMC13173872.1.txt', 'PMC13173827.1.txt']",4,
gemma4:e4b,UWH97079,Bacteriophage sp.,"{""uid"": ""2295354815"", ""accession"": ""UWH97079"", ""title"": ""MAG: DNA recombination protein [Bacteriophage sp.]"", ""organism"": ""Bacteriophage sp."", ""taxonId"": 38018, ""sequence_length"": 335, ""create_date"": ""2022/09/11"", ""update_date"": ""2023/01/17"", ""dbsource"": ""insd"", ""extra"": ""gi|2295354815|gb|UWH97079.1|"", ""isolate"": ""3273_54741"", ""host"": ""Homo sapiens"", ""metagenome_source"": ""gut metagenome"", ""country"": ""Japan"", ""isolation_source"": ""feces""}",Homo sapiens,species,The metadata explicitly states 'host': 'Homo sapiens'.,,metadata,True,mesophile,,"The summary for PMC13173640.1.txt states: 'While the optimal stability range appears to be mesophilic (4–20 °C), the phage showed reduced stability at 30 °C.' It also notes that 'The optimal stability range (4–20 °C) suggests mesophilic conditions.' Although the phage was stable at 4°C (cold) and tested up to 30°C (warmer), the explicit conclusion drawn in the summary points to mesophilic conditions as the optimal stability range.",,True,TMP_results/accessions/UWH97079/library/accession_lit,8,TMP_results/accessions/UWH97079/library/host_lit,10,618.52,end,"[""CreateAccessionLibrary"", ""ClassifyHostMetadata"", ""CreateHostLibrary"", ""FilterRelevantLiterature"", ""FilterRelevantHostLiterature"", ""SUMMARISELITERATURE"", ""ClassifySummary""]","{""CreateAccessionLibrary"": 31.92, ""ClassifyHostMetadata"": 1.9, ""FilterRelevantLiterature"": 198.29, ""FilterRelevantHostLiterature"": 115.47, ""ClassifySummary"": 6.18}",False,TMP_results/accessions/UWH97079/summary/summary.txt,"['PMC13173640.1.txt', 'PMC13172421.1.txt', 'PMC13175485.1.txt', 'PMC13175621.1.txt', '42008119.txt']",5,"['PMC13174014.1.txt', 'PMC13175151.1.txt', 'PMC13173872.1.txt', 'PMC13173827.1.txt']",4,
gemma4:e4b,UWH91032,Bacteriophage sp.,"{""uid"": ""2295339738"", ""accession"": ""UWH91032"", ""title"": ""MAG: DNA recombination protein [Bacteriophage sp.]"", ""organism"": ""Bacteriophage sp."", ""taxonId"": 38018, ""sequence_length"": 328, ""create_date"": ""2022/09/11"", ""update_date"": ""2023/01/17"", ""dbsource"": ""insd"", ""extra"": ""gi|2295339738|gb|UWH91032.1|"", ""isolate"": ""3276_102241"", ""host"": ""Homo sapiens"", ""metagenome_source"": ""gut metagenome"", ""country"": ""Japan"", ""isolation_source"": ""feces""}",Homo sapiens,species,The metadata explicitly states 'host': 'Homo sapiens'.,,metadata,True,mesophile,,"The summary for PMC13173640.1.txt states: 'While the optimal stability range appears to be mesophilic (4–20 °C), the phage showed reduced stability at 30 °C.' It also notes that 'The optimal stability range (4–20 °C) suggests mesophilic conditions.' Although the phage was stable at 4°C (cold) and tested up to 30°C (warmer), the explicit conclusion drawn in the summary points to mesophilic conditions as the optimal stability range.",,True,TMP_results/accessions/UWH91032/library/accession_lit,8,TMP_results/accessions/UWH91032/library/host_lit,10,627.0799999999999,end,"[""CreateAccessionLibrary"", ""ClassifyHostMetadata"", ""CreateHostLibrary"", ""FilterRelevantLiterature"", ""FilterRelevantHostLiterature"", ""SUMMARISELITERATURE"", ""ClassifySummary""]","{""CreateAccessionLibrary"": 39.92, ""ClassifyHostMetadata"": 1.86, ""FilterRelevantLiterature"": 198.2, ""FilterRelevantHostLiterature"": 116.1, ""ClassifySummary"": 6.17}",False,TMP_results/accessions/UWH91032/summary/summary.txt,"['PMC13173640.1.txt', 'PMC13172421.1.txt', 'PMC13175485.1.txt', 'PMC13175621.1.txt', '42008119.txt']",5,"['PMC13174014.1.txt', 'PMC13175151.1.txt', 'PMC13173872.1.txt', 'PMC13173827.1.txt']",4,
gemma4:e4b,UWG88397,Bacteriophage sp.,"{""uid"": ""2295308215"", ""accession"": ""UWG88397"", ""title"": ""MAG: DNA recombination protein [Bacteriophage sp.]"", ""organism"": ""Bacteriophage sp."", ""taxonId"": 38018, ""sequence_length"": 404, ""create_date"": ""2022/09/11"", ""update_date"": ""2023/01/17"", ""dbsource"": ""insd"", ""extra"": ""gi|2295308215|gb|UWG88397.1|"", ""isolate"": ""3104_71875"", ""host"": ""Homo sapiens"", ""metagenome_source"": ""gut metagenome"", ""country"": ""Japan"", ""isolation_source"": ""feces""}",Homo sapiens,species,The metadata explicitly states 'host': 'Homo sapiens'.,,metadata,True,mesophile,,"The summary for PMC13173640.1.txt states: 'While the optimal stability range appears to be mesophilic (4–20 °C), the phage showed reduced stability at 30 °C.' It also notes that 'The optimal stability range (4–20 °C) suggests mesophilic conditions.' Although the phage was stable at 4°C (cold) and tested up to 30°C (warmer), the explicit conclusion drawn in the summary points to mesophilic conditions as the optimal stability range.",,True,TMP_results/accessions/UWG88397/library/accession_lit,8,TMP_results/accessions/UWG88397/library/host_lit,10,622.53,end,"[""CreateAccessionLibrary"", ""ClassifyHostMetadata"", ""CreateHostLibrary"", ""FilterRelevantLiterature"", ""FilterRelevantHostLiterature"", ""SUMMARISELITERATURE"", ""ClassifySummary""]","{""CreateAccessionLibrary"": 33.86, ""ClassifyHostMetadata"": 1.91, ""FilterRelevantLiterature"": 198.18, ""FilterRelevantHostLiterature"": 116.02, ""ClassifySummary"": 6.18}",False,TMP_results/accessions/UWG88397/summary/summary.txt,"['PMC13173640.1.txt', 'PMC13172421.1.txt', 'PMC13175485.1.txt', 'PMC13175621.1.txt', '42008119.txt']",5,"['PMC13174014.1.txt', 'PMC13175151.1.txt', 'PMC13173872.1.txt', 'PMC13173827.1.txt']",4,
gemma4:e4b,UWG85821,Bacteriophage sp.,"{""uid"": ""2295305608"", ""accession"": ""UWG85821"", ""title"": ""MAG: DNA recombination protein [Bacteriophage sp.]"", ""organism"": ""Bacteriophage sp."", ""taxonId"": 38018, ""sequence_length"": 382, ""create_date"": ""2022/09/11"", ""update_date"": ""2023/01/17"", ""dbsource"": ""insd"", ""extra"": ""gi|2295305608|gb|UWG85821.1|"", ""isolate"": ""3064_17944"", ""host"": ""Homo sapiens"", ""metagenome_source"": ""gut metagenome"", ""country"": ""Japan"", ""isolation_source"": ""feces""}",Homo sapiens,species,The metadata explicitly states 'host': 'Homo sapiens'.,,metadata,True,mesophile,,forced,,True,TMP_results/accessions/UWG85821/library/accession_lit,8,TMP_results/accessions/UWG85821/library/host_lit,10,553.1899999999999,end,"[""CreateAccessionLibrary"", ""ClassifyHostMetadata"", ""CreateHostLibrary"", ""FilterRelevantLiterature"", ""FilterRelevantHostLiterature"", ""SUMMARISELITERATURE"", ""ClassifySummary"", ""ClassifyThermalForced""]","{""CreateAccessionLibrary"": 37.18, ""ClassifyHostMetadata"": 1.89, ""FilterRelevantLiterature"": 165.82, ""FilterRelevantHostLiterature"": 116.13, ""ClassifySummary"": 5.12, ""ClassifyThermalForced"": 4.18}",False,TMP_results/accessions/UWG85821/summary/summary.txt,"['PMC13172421.1.txt', 'PMC13175485.1.txt', 'PMC13175621.1.txt', '42008119.txt']",4,"['PMC13174014.1.txt', 'PMC13175151.1.txt', 'PMC13173872.1.txt', 'PMC13173827.1.txt']",4,
gemma4:e4b,UWG85258,Bacteriophage sp.,"{""uid"": ""2295305036"", ""accession"": ""UWG85258"", ""title"": ""MAG: DNA recombination protein [Bacteriophage sp.]"", ""organism"": ""Bacteriophage sp."", ""taxonId"": 38018, ""sequence_length"": 383, ""create_date"": ""2022/09/11"", ""update_date"": ""2023/01/17"", ""dbsource"": ""insd"", ""extra"": ""gi|2295305036|gb|UWG85258.1|"", ""isolate"": ""3051_54702"", ""host"": ""Homo sapiens"", ""metagenome_source"": ""gut metagenome"", ""country"": ""Japan"", ""isolation_source"": ""feces""}",Homo sapiens,species,The metadata explicitly states 'host': 'Homo sapiens'.,,metadata,True,mesophile,,"The summary for PMC13173640.1.txt states: ""The optimal stability window appears to be between 4 °C and 20 °C, suggesting mesophilic characteristics."" It also notes that ""The study did not report any evidence of thermophilic or psychrophilic adaptation, but rather demonstrated resilience across a moderate temperature gradient, with the stability profile suggesting suitability for ambient environmental storage conditions."" This points strongly towards mesophilic characteristics based on the stability profile across 4–20 °C.",,True,TMP_results/accessions/UWG85258/library/accession_lit,8,TMP_results/accessions/UWG85258/library/host_lit,10,412.9,end,"[""CreateAccessionLibrary"", ""ClassifyHostMetadata"", ""CreateHostLibrary"", ""FilterRelevantLiterature"", ""FilterRelevantHostLiterature"", ""SUMMARISELITERATURE"", ""ClassifySummary""]","{""CreateAccessionLibrary"": 29.45, ""ClassifyHostMetadata"": 1.9, ""FilterRelevantLiterature"": 72.61, ""FilterRelevantHostLiterature"": 115.64, ""ClassifySummary"": 5.33}",False,TMP_results/accessions/UWG85258/summary/summary.txt,"['PMC13173640.1.txt', 'PMC13175485.1.txt', '42008119.txt']",3,"['PMC13174014.1.txt', 'PMC13175151.1.txt', 'PMC13173872.1.txt', 'PMC13173827.1.txt']",4,
gemma4:e4b,UWG85164,Bacteriophage sp.,"{""uid"": ""2295304940"", ""accession"": ""UWG85164"", ""title"": ""MAG: DNA recombination protein [Bacteriophage sp.]"", ""organism"": ""Bacteriophage sp."", ""taxonId"": 38018, ""sequence_length"": 404, ""create_date"": ""2022/09/11"", ""update_date"": ""2023/01/17"", ""dbsource"": ""insd"", ""extra"": ""gi|2295304940|gb|UWG85164.1|"", ""isolate"": ""3050_28583"", ""host"": ""Homo sapiens"", ""metagenome_source"": ""gut metagenome"", ""country"": ""Japan"", ""isolation_source"": ""feces""}",Homo sapiens,species,The metadata explicitly states 'host': 'Homo sapiens'.,,metadata,True,mesophile,,"The summary for PMC13173640.1.txt states: 'While the optimal stability range appears to be mesophilic (4–20 °C), the phage showed reduced stability at 30 °C.' It also notes that 'The optimal stability range (4–20 °C) suggests mesophilic conditions.' Although the phage was stable at 4°C (cold) and tested up to 30°C (warmer), the explicit conclusion drawn in the summary points to mesophilic conditions as the optimal stability range.",,True,TMP_results/accessions/UWG85164/library/accession_lit,8,TMP_results/accessions/UWG85164/library/host_lit,10,622.6400000000001,end,"[""CreateAccessionLibrary"", ""ClassifyHostMetadata"", ""CreateHostLibrary"", ""FilterRelevantLiterature"", ""FilterRelevantHostLiterature"", ""SUMMARISELITERATURE"", ""ClassifySummary""]","{""CreateAccessionLibrary"": 33.06, ""ClassifyHostMetadata"": 1.91, ""FilterRelevantLiterature"": 197.99, ""FilterRelevantHostLiterature"": 115.99, ""ClassifySummary"": 6.19}",False,TMP_results/accessions/UWG85164/summary/summary.txt,"['PMC13173640.1.txt', 'PMC13172421.1.txt', 'PMC13175485.1.txt', 'PMC13175621.1.txt', '42008119.txt']",5,"['PMC13174014.1.txt', 'PMC13175151.1.txt', 'PMC13173872.1.txt', 'PMC13173827.1.txt']",4,
gemma4:e4b,UWG81356,Bacteriophage sp.,"{""uid"": ""2295301075"", ""accession"": ""UWG81356"", ""title"": ""MAG: DNA recombination protein [Bacteriophage sp.]"", ""organism"": ""Bacteriophage sp."", ""taxonId"": 38018, ""sequence_length"": 382, ""create_date"": ""2022/09/11"", ""update_date"": ""2023/01/17"", ""dbsource"": ""insd"", ""extra"": ""gi|2295301075|gb|UWG81356.1|"", ""isolate"": ""2962_67926"", ""host"": ""Homo sapiens"", ""metagenome_source"": ""gut metagenome"", ""country"": ""Japan"", ""isolation_source"": ""feces""}",Homo sapiens,species,The metadata explicitly states 'host': 'Homo sapiens'.,,metadata,True,mesophile,,"The summary for PMC13173640.1.txt states: 'While the optimal stability range appears to be mesophilic (4–20 °C), the phage showed reduced stability at 30 °C.' It also notes that 'The optimal stability range (4–20 °C) suggests mesophilic conditions.' Although the phage was stable at 4°C (cold) and tested up to 30°C (warmer), the explicit conclusion drawn in the summary points to mesophilic conditions as the optimal stability range.",,True,TMP_results/accessions/UWG81356/library/accession_lit,8,TMP_results/accessions/UWG81356/library/host_lit,10,619.06,end,"[""CreateAccessionLibrary"", ""ClassifyHostMetadata"", ""CreateHostLibrary"", ""FilterRelevantLiterature"", ""FilterRelevantHostLiterature"", ""SUMMARISELITERATURE"", ""ClassifySummary""]","{""CreateAccessionLibrary"": 31.25, ""ClassifyHostMetadata"": 1.86, ""FilterRelevantLiterature"": 198.15, ""FilterRelevantHostLiterature"": 115.5, ""ClassifySummary"": 6.18}",False,TMP_results/accessions/UWG81356/summary/summary.txt,"['PMC13173640.1.txt', 'PMC13172421.1.txt', 'PMC13175485.1.txt', 'PMC13175621.1.txt', '42008119.txt']",5,"['PMC13174014.1.txt', 'PMC13175151.1.txt', 'PMC13173872.1.txt', 'PMC13173827.1.txt']",4,
gemma4:e4b,UWG80022,Bacteriophage sp.,"{""uid"": ""2295299721"", ""accession"": ""UWG80022"", ""title"": ""MAG: DNA recombination protein [Bacteriophage sp.]"", ""organism"": ""Bacteriophage sp."", ""taxonId"": 38018, ""sequence_length"": 382, ""create_date"": ""2022/09/11"", ""update_date"": ""2023/01/17"", ""dbsource"": ""insd"", ""extra"": ""gi|2295299721|gb|UWG80022.1|"", ""isolate"": ""2936_100448"", ""host"": ""Homo sapiens"", ""metagenome_source"": ""gut metagenome"", ""country"": ""Japan"", ""isolation_source"": ""feces""}",Homo sapiens,species,The metadata explicitly states 'host': 'Homo sapiens'.,,metadata,True,mesophile,,"The summary for PMC13173640.1.txt states: 'While the optimal stability range appears to be mesophilic (4–20 °C), the phage showed reduced stability at 30 °C.' It also notes that 'The optimal stability range (4–20 °C) suggests mesophilic conditions.' Although the phage was stable at 4°C (cold) and tested up to 30°C (warmer), the explicit conclusion drawn in the summary points to mesophilic conditions as the optimal stability range.",,True,TMP_results/accessions/UWG80022/library/accession_lit,8,TMP_results/accessions/UWG80022/library/host_lit,10,618.4500000000002,end,"[""CreateAccessionLibrary"", ""ClassifyHostMetadata"", ""CreateHostLibrary"", ""FilterRelevantLiterature"", ""FilterRelevantHostLiterature"", ""SUMMARISELITERATURE"", ""ClassifySummary""]","{""CreateAccessionLibrary"": 30.71, ""ClassifyHostMetadata"": 1.91, ""FilterRelevantLiterature"": 198.24, ""FilterRelevantHostLiterature"": 116.09, ""ClassifySummary"": 6.19}",False,TMP_results/accessions/UWG80022/summary/summary.txt,"['PMC13173640.1.txt', 'PMC13172421.1.txt', 'PMC13175485.1.txt', 'PMC13175621.1.txt', '42008119.txt']",5,"['PMC13174014.1.txt', 'PMC13175151.1.txt', 'PMC13173872.1.txt', 'PMC13173827.1.txt']",4,
gemma4:e4b,UWG76100,Bacteriophage sp.,"{""uid"": ""2295291552"", ""accession"": ""UWG76100"", ""title"": ""MAG: DNA recombination protein [Bacteriophage sp.]"", ""organism"": ""Bacteriophage sp."", ""taxonId"": 38018, ""sequence_length"": 382, ""create_date"": ""2022/09/11"", ""update_date"": ""2023/01/17"", ""dbsource"": ""insd"", ""extra"": ""gi|2295291552|gb|UWG76100.1|"", ""isolate"": ""2878_62706"", ""host"": ""Homo sapiens"", ""metagenome_source"": ""gut metagenome"", ""country"": ""Japan"", ""isolation_source"": ""feces""}",Homo sapiens,species,The metadata explicitly states 'host': 'Homo sapiens'.,,metadata,True,mesophile,,"The summary for PMC13173640.1.txt states: 'While the optimal stability range appears to be mesophilic (4–20 °C), the phage showed reduced stability at 30 °C.' It also notes that 'The optimal stability range (4–20 °C) suggests mesophilic conditions.' Although the phage was stable at 4°C (cold) and tested up to 30°C (warmer), the explicit conclusion drawn in the summary points to mesophilic conditions as the optimal stability range.",,True,TMP_results/accessions/UWG76100/library/accession_lit,8,TMP_results/accessions/UWG76100/library/host_lit,10,624.39,end,"[""CreateAccessionLibrary"", ""ClassifyHostMetadata"", ""CreateHostLibrary"", ""FilterRelevantLiterature"", ""FilterRelevantHostLiterature"", ""SUMMARISELITERATURE"", ""ClassifySummary""]","{""CreateAccessionLibrary"": 36.13, ""ClassifyHostMetadata"": 1.9, ""FilterRelevantLiterature"": 198.19, ""FilterRelevantHostLiterature"": 115.66, ""ClassifySummary"": 6.15}",False,TMP_results/accessions/UWG76100/summary/summary.txt,"['PMC13173640.1.txt', 'PMC13172421.1.txt', 'PMC13175485.1.txt', 'PMC13175621.1.txt', '42008119.txt']",5,"['PMC13174014.1.txt', 'PMC13175151.1.txt', 'PMC13173872.1.txt', 'PMC13173827.1.txt']",4,
gemma4:e4b,UWG72394,Bacteriophage sp.,"{""uid"": ""2295287785"", ""accession"": ""UWG72394"", ""title"": ""MAG: DNA recombination protein [Bacteriophage sp.]"", ""organism"": ""Bacteriophage sp."", ""taxonId"": 38018, ""sequence_length"": 328, ""create_date"": ""2022/09/11"", ""update_date"": ""2023/01/17"", ""dbsource"": ""insd"", ""extra"": ""gi|2295287785|gb|UWG72394.1|"", ""isolate"": ""3122_48634"", ""host"": ""Homo sapiens"", ""metagenome_source"": ""gut metagenome"", ""country"": ""Japan"", ""isolation_source"": ""feces""}",Homo sapiens,species,The metadata explicitly states 'host': 'Homo sapiens'.,,metadata,True,mesophile,,"The summary for PMC13173640.1.txt states: 'While the optimal stability range appears to be mesophilic (4–20 °C), the phage showed reduced stability at 30 °C.' It also notes that 'The optimal stability range (4–20 °C) suggests mesophilic conditions.' Although the phage was stable at 4°C (cold) and tested up to 30°C (warmer), the explicit conclusion drawn in the summary points to mesophilic conditions as the optimal stability range.",,True,TMP_results/accessions/UWG72394/library/accession_lit,8,TMP_results/accessions/UWG72394/library/host_lit,10,628.9399999999999,end,"[""CreateAccessionLibrary"", ""ClassifyHostMetadata"", ""CreateHostLibrary"", ""FilterRelevantLiterature"", ""FilterRelevantHostLiterature"", ""SUMMARISELITERATURE"", ""ClassifySummary""]","{""CreateAccessionLibrary"": 40.97, ""ClassifyHostMetadata"": 1.91, ""FilterRelevantLiterature"": 198.03, ""FilterRelevantHostLiterature"": 115.78, ""ClassifySummary"": 6.17}",False,TMP_results/accessions/UWG72394/summary/summary.txt,"['PMC13173640.1.txt', 'PMC13172421.1.txt', 'PMC13175485.1.txt', 'PMC13175621.1.txt', '42008119.txt']",5,"['PMC13174014.1.txt', 'PMC13175151.1.txt', 'PMC13173872.1.txt', 'PMC13173827.1.txt']",4,
gemma4:e4b,UWG67801,Bacteriophage sp.,"{""uid"": ""2295281085"", ""accession"": ""UWG67801"", ""title"": ""MAG: DNA recombination protein [Bacteriophage sp.]"", ""organism"": ""Bacteriophage sp."", ""taxonId"": 38018, ""sequence_length"": 328, ""create_date"": ""2022/09/11"", ""update_date"": ""2023/01/17"", ""dbsource"": ""insd"", ""extra"": ""gi|2295281085|gb|UWG67801.1|"", ""isolate"": ""2876_66751"", ""host"": ""Homo sapiens"", ""metagenome_source"": ""gut metagenome"", ""country"": ""Japan"", ""isolation_source"": ""feces""}",Homo sapiens,species,The metadata explicitly states 'host': 'Homo sapiens'.,,metadata,True,mesophile,,"The summary for PMC13173640.1.txt states: 'While the optimal stability range appears to be mesophilic (4–20 °C), the phage showed reduced stability at 30 °C.' It also notes that 'The optimal stability range (4–20 °C) suggests mesophilic conditions.' Although the phage was stable at 4°C (cold) and tested up to 30°C (warmer), the explicit conclusion drawn in the summary points to mesophilic conditions as the optimal stability range.",,True,TMP_results/accessions/UWG67801/library/accession_lit,8,TMP_results/accessions/UWG67801/library/host_lit,10,620.16,end,"[""CreateAccessionLibrary"", ""ClassifyHostMetadata"", ""CreateHostLibrary"", ""FilterRelevantLiterature"", ""FilterRelevantHostLiterature"", ""SUMMARISELITERATURE"", ""ClassifySummary""]","{""CreateAccessionLibrary"": 33.46, ""ClassifyHostMetadata"": 1.86, ""FilterRelevantLiterature"": 197.87, ""FilterRelevantHostLiterature"": 115.58, ""ClassifySummary"": 6.18}",False,TMP_results/accessions/UWG67801/summary/summary.txt,"['PMC13173640.1.txt', 'PMC13172421.1.txt', 'PMC13175485.1.txt', 'PMC13175621.1.txt', '42008119.txt']",5,"['PMC13174014.1.txt', 'PMC13175151.1.txt', 'PMC13173872.1.txt', 'PMC13173827.1.txt']",4,
gemma4:e4b,UWD76455,Bacteriophage sp.,"{""uid"": ""2294912398"", ""accession"": ""UWD76455"", ""title"": ""MAG: DNA recombination protein [Bacteriophage sp.]"", ""organism"": ""Bacteriophage sp."", ""taxonId"": 38018, ""sequence_length"": 336, ""create_date"": ""2022/09/09"", ""update_date"": ""2023/01/17"", ""dbsource"": ""insd"", ""extra"": ""gi|2294912398|gb|UWD76455.1|"", ""isolate"": ""2098_32707"", ""host"": ""Homo sapiens"", ""metagenome_source"": ""gut metagenome"", ""country"": ""Japan"", ""isolation_source"": ""feces""}",Homo sapiens,species,The metadata explicitly states 'host': 'Homo sapiens'.,,metadata,True,mesophile,,"The summary for PMC13173640.1.txt states: 'While the optimal stability range appears to be mesophilic (4–20 °C), the phage showed reduced stability at 30 °C.' It also notes that 'The optimal stability range (4–20 °C) suggests mesophilic conditions.' Although the phage was stable at 4°C (cold) and tested up to 30°C (warmer), the explicit conclusion drawn in the summary points to mesophilic conditions as the optimal stability range.",,True,TMP_results/accessions/UWD76455/library/accession_lit,8,TMP_results/accessions/UWD76455/library/host_lit,10,620.4399999999999,end,"[""CreateAccessionLibrary"", ""ClassifyHostMetadata"", ""CreateHostLibrary"", ""FilterRelevantLiterature"", ""FilterRelevantHostLiterature"", ""SUMMARISELITERATURE"", ""ClassifySummary""]","{""CreateAccessionLibrary"": 33.9, ""ClassifyHostMetadata"": 1.9, ""FilterRelevantLiterature"": 197.48, ""FilterRelevantHostLiterature"": 115.72, ""ClassifySummary"": 6.18}",False,TMP_results/accessions/UWD76455/summary/summary.txt,"['PMC13173640.1.txt', 'PMC13172421.1.txt', 'PMC13175485.1.txt', 'PMC13175621.1.txt', '42008119.txt']",5,"['PMC13174014.1.txt', 'PMC13175151.1.txt', 'PMC13173872.1.txt', 'PMC13173827.1.txt']",4,
gemma4:e4b,UWD72994,Bacteriophage sp.,"{""uid"": ""2294908887"", ""accession"": ""UWD72994"", ""title"": ""MAG: DNA recombination protein [Bacteriophage sp.]"", ""organism"": ""Bacteriophage sp."", ""taxonId"": 38018, ""sequence_length"": 328, ""create_date"": ""2022/09/09"", ""update_date"": ""2023/01/17"", ""dbsource"": ""insd"", ""extra"": ""gi|2294908887|gb|UWD72994.1|"", ""isolate"": ""2022_42400"", ""host"": ""Homo sapiens"", ""metagenome_source"": ""gut metagenome"", ""country"": ""Japan"", ""isolation_source"": ""feces""}",Homo sapiens,species,The metadata explicitly states 'host': 'Homo sapiens'.,,metadata,True,mesophile,,"The summary for PMC13173640.1.txt states: 'While the optimal stability range appears to be mesophilic (4–20 °C), the phage showed reduced stability at 30 °C.' It also notes that 'The optimal stability range (4–20 °C) suggests mesophilic conditions.' Although the phage was stable at 4°C (cold) and tested up to 30°C (warmer), the explicit conclusion drawn in the summary points to mesophilic conditions as the optimal stability range.",,True,TMP_results/accessions/UWD72994/library/accession_lit,8,TMP_results/accessions/UWD72994/library/host_lit,10,623.39,end,"[""CreateAccessionLibrary"", ""ClassifyHostMetadata"", ""CreateHostLibrary"", ""FilterRelevantLiterature"", ""FilterRelevantHostLiterature"", ""SUMMARISELITERATURE"", ""ClassifySummary""]","{""CreateAccessionLibrary"": 35.43, ""ClassifyHostMetadata"": 1.9, ""FilterRelevantLiterature"": 198.1, ""FilterRelevantHostLiterature"": 115.72, ""ClassifySummary"": 6.18}",False,TMP_results/accessions/UWD72994/summary/summary.txt,"['PMC13173640.1.txt', 'PMC13172421.1.txt', 'PMC13175485.1.txt', 'PMC13175621.1.txt', '42008119.txt']",5,"['PMC13174014.1.txt', 'PMC13175151.1.txt', 'PMC13173872.1.txt', 'PMC13173827.1.txt']",4,
gemma4:e4b,UWD71689,Bacteriophage sp.,"{""uid"": ""2294907564"", ""accession"": ""UWD71689"", ""title"": ""MAG: DNA recombination protein [Bacteriophage sp.]"", ""organism"": ""Bacteriophage sp."", ""taxonId"": 38018, ""sequence_length"": 336, ""create_date"": ""2022/09/09"", ""update_date"": ""2023/01/17"", ""dbsource"": ""insd"", ""extra"": ""gi|2294907564|gb|UWD71689.1|"", ""isolate"": ""1992_105870"", ""host"": ""Homo sapiens"", ""metagenome_source"": ""gut metagenome"", ""country"": ""Japan"", ""isolation_source"": ""feces""}",Homo sapiens,species,The metadata explicitly states 'host': 'Homo sapiens'.,,metadata,True,mesophile,,"The summary for PMC13173640.1.txt states: 'While the optimal stability range appears to be mesophilic (4–20 °C), the phage showed reduced stability at 30 °C.' It also notes that 'The optimal stability range (4–20 °C) suggests mesophilic conditions.' Although the phage was stable at 4°C (cold) and tested up to 30°C (warmer), the explicit conclusion drawn in the summary points to mesophilic conditions as the optimal stability range.",,True,TMP_results/accessions/UWD71689/library/accession_lit,8,TMP_results/accessions/UWD71689/library/host_lit,10,623.93,end,"[""CreateAccessionLibrary"", ""ClassifyHostMetadata"", ""CreateHostLibrary"", ""FilterRelevantLiterature"", ""FilterRelevantHostLiterature"", ""SUMMARISELITERATURE"", ""ClassifySummary""]","{""CreateAccessionLibrary"": 35.73, ""ClassifyHostMetadata"": 1.9, ""FilterRelevantLiterature"": 197.96, ""FilterRelevantHostLiterature"": 115.56, ""ClassifySummary"": 6.06}",False,TMP_results/accessions/UWD71689/summary/summary.txt,"['PMC13173640.1.txt', 'PMC13172421.1.txt', 'PMC13175485.1.txt', 'PMC13175621.1.txt', '42008119.txt']",5,"['PMC13174014.1.txt', 'PMC13175151.1.txt', 'PMC13173872.1.txt', 'PMC13173827.1.txt']",4,
gemma4:e4b,UWD68242,Bacteriophage sp.,"{""uid"": ""2294904065"", ""accession"": ""UWD68242"", ""title"": ""MAG: DNA recombination protein [Bacteriophage sp.]"", ""organism"": ""Bacteriophage sp."", ""taxonId"": 38018, ""sequence_length"": 336, ""create_date"": ""2022/09/09"", ""update_date"": ""2023/01/17"", ""dbsource"": ""insd"", ""extra"": ""gi|2294904065|gb|UWD68242.1|"", ""isolate"": ""1926_56947"", ""host"": ""Homo sapiens"", ""metagenome_source"": ""gut metagenome"", ""country"": ""Japan"", ""isolation_source"": ""feces""}",Homo sapiens,species,The metadata explicitly states 'host': 'Homo sapiens'.,,metadata,True,mesophile,,"The summary for PMC13173640.1.txt states: 'While the optimal stability range appears to be mesophilic (4–20 °C), the phage showed reduced stability at 30 °C.' It also notes that 'The optimal stability range (4–20 °C) suggests mesophilic conditions.' Although the phage was stable at 4°C (cold) and tested up to 30°C (warmer), the explicit conclusion drawn in the summary points to mesophilic conditions as the optimal stability range.",,True,TMP_results/accessions/UWD68242/library/accession_lit,8,TMP_results/accessions/UWD68242/library/host_lit,10,617.86,end,"[""CreateAccessionLibrary"", ""ClassifyHostMetadata"", ""CreateHostLibrary"", ""FilterRelevantLiterature"", ""FilterRelevantHostLiterature"", ""SUMMARISELITERATURE"", ""ClassifySummary""]","{""CreateAccessionLibrary"": 31.77, ""ClassifyHostMetadata"": 1.87, ""FilterRelevantLiterature"": 197.79, ""FilterRelevantHostLiterature"": 115.81, ""ClassifySummary"": 6.12}",False,TMP_results/accessions/UWD68242/summary/summary.txt,"['PMC13173640.1.txt', 'PMC13172421.1.txt', 'PMC13175485.1.txt', 'PMC13175621.1.txt', '42008119.txt']",5,"['PMC13174014.1.txt', 'PMC13175151.1.txt', 'PMC13173872.1.txt', 'PMC13173827.1.txt']",4,
gemma4:e4b,UWD65860,Bacteriophage sp.,"{""uid"": ""2294901648"", ""accession"": ""UWD65860"", ""title"": ""MAG: DNA recombination protein [Bacteriophage sp.]"", ""organism"": ""Bacteriophage sp."", ""taxonId"": 38018, ""sequence_length"": 382, ""create_date"": ""2022/09/09"", ""update_date"": ""2023/01/17"", ""dbsource"": ""insd"", ""extra"": ""gi|2294901648|gb|UWD65860.1|"", ""isolate"": ""PF-P026_58320"", ""host"": ""Homo sapiens"", ""metagenome_source"": ""gut metagenome"", ""country"": ""Japan"", ""isolation_source"": ""feces""}",Homo sapiens,species,The metadata explicitly states 'host': 'Homo sapiens'.,,metadata,True,mesophile,,"The summary for PMC13173640.1.txt states: 'While the optimal stability range appears to be mesophilic (4–20 °C), the phage showed reduced stability at 30 °C.' It also notes that 'The optimal stability range (4–20 °C) suggests mesophilic conditions.' Although the phage was stable at 4°C (cold) and tested up to 30°C (warmer), the explicit conclusion drawn in the summary points to mesophilic conditions as the optimal stability range.",,True,TMP_results/accessions/UWD65860/library/accession_lit,8,TMP_results/accessions/UWD65860/library/host_lit,10,619.0500000000001,end,"[""CreateAccessionLibrary"", ""ClassifyHostMetadata"", ""CreateHostLibrary"", ""FilterRelevantLiterature"", ""FilterRelevantHostLiterature"", ""SUMMARISELITERATURE"", ""ClassifySummary""]","{""CreateAccessionLibrary"": 31.76, ""ClassifyHostMetadata"": 1.89, ""FilterRelevantLiterature"": 197.99, ""FilterRelevantHostLiterature"": 115.7, ""ClassifySummary"": 6.19}",False,TMP_results/accessions/UWD65860/summary/summary.txt,"['PMC13173640.1.txt', 'PMC13172421.1.txt', 'PMC13175485.1.txt', 'PMC13175621.1.txt', '42008119.txt']",5,"['PMC13174014.1.txt', 'PMC13175151.1.txt', 'PMC13173872.1.txt', 'PMC13173827.1.txt']",4,
gemma4:e4b,UWD63872,Bacteriophage sp.,"{""uid"": ""2294899635"", ""accession"": ""UWD63872"", ""title"": ""MAG: DNA recombination protein [Bacteriophage sp.]"", ""organism"": ""Bacteriophage sp."", ""taxonId"": 38018, ""sequence_length"": 383, ""create_date"": ""2022/09/09"", ""update_date"": ""2023/01/17"", ""dbsource"": ""insd"", ""extra"": ""gi|2294899635|gb|UWD63872.1|"", ""isolate"": ""4339_57218"", ""host"": ""Homo sapiens"", ""metagenome_source"": ""gut metagenome"", ""country"": ""Japan"", ""isolation_source"": ""feces""}",Homo sapiens,species,The metadata explicitly states 'host': 'Homo sapiens'.,,metadata,True,mesophile,,"The summary for PMC13173640.1.txt states: 'While the optimal stability range appears to be mesophilic (4–20 °C), the phage showed reduced stability at 30 °C.' It also notes that 'The optimal stability range (4–20 °C) suggests mesophilic conditions.' Although the phage was stable at 4°C (cold) and tested up to 30°C (warmer), the explicit conclusion drawn in the summary points to mesophilic conditions as the optimal stability range.",,True,TMP_results/accessions/UWD63872/library/accession_lit,8,TMP_results/accessions/UWD63872/library/host_lit,10,618.6899999999999,end,"[""CreateAccessionLibrary"", ""ClassifyHostMetadata"", ""CreateHostLibrary"", ""FilterRelevantLiterature"", ""FilterRelevantHostLiterature"", ""SUMMARISELITERATURE"", ""ClassifySummary""]","{""CreateAccessionLibrary"": 31.86, ""ClassifyHostMetadata"": 1.91, ""FilterRelevantLiterature"": 197.81, ""FilterRelevantHostLiterature"": 115.82, ""ClassifySummary"": 6.04}",False,TMP_results/accessions/UWD63872/summary/summary.txt,"['PMC13173640.1.txt', 'PMC13172421.1.txt', 'PMC13175485.1.txt', 'PMC13175621.1.txt', '42008119.txt']",5,"['PMC13174014.1.txt', 'PMC13175151.1.txt', 'PMC13173872.1.txt', 'PMC13173827.1.txt']",4,
gemma4:e4b,UWD63122,Bacteriophage sp.,"{""uid"": ""2294898871"", ""accession"": ""UWD63122"", ""title"": ""MAG: DNA recombination protein [Bacteriophage sp.]"", ""organism"": ""Bacteriophage sp."", ""taxonId"": 38018, ""sequence_length"": 374, ""create_date"": ""2022/09/09"", ""update_date"": ""2023/01/17"", ""dbsource"": ""insd"", ""extra"": ""gi|2294898871|gb|UWD63122.1|"", ""isolate"": ""4323_38673"", ""host"": ""Homo sapiens"", ""metagenome_source"": ""gut metagenome"", ""country"": ""Japan"", ""isolation_source"": ""feces""}",Homo sapiens,species,The metadata explicitly states 'host': 'Homo sapiens'.,,metadata,True,mesophile,,"The summary for PMC13173640.1.txt states: 'While the optimal stability range appears to be mesophilic (4–20 °C), the phage showed reduced stability at 30 °C.' It also notes that 'The optimal stability range (4–20 °C) suggests mesophilic conditions.' Although the phage was stable at 4°C (cold) and tested up to 30°C (warmer), the explicit conclusion drawn in the summary points to mesophilic conditions as the optimal stability range.",,True,TMP_results/accessions/UWD63122/library/accession_lit,8,TMP_results/accessions/UWD63122/library/host_lit,10,619.8100000000001,end,"[""CreateAccessionLibrary"", ""ClassifyHostMetadata"", ""CreateHostLibrary"", ""FilterRelevantLiterature"", ""FilterRelevantHostLiterature"", ""SUMMARISELITERATURE"", ""ClassifySummary""]","{""CreateAccessionLibrary"": 31.68, ""ClassifyHostMetadata"": 1.9, ""FilterRelevantLiterature"": 197.97, ""FilterRelevantHostLiterature"": 115.85, ""ClassifySummary"": 6.15}",False,TMP_results/accessions/UWD63122/summary/summary.txt,"['PMC13173640.1.txt', 'PMC13172421.1.txt', 'PMC13175485.1.txt', 'PMC13175621.1.txt', '42008119.txt']",5,"['PMC13174014.1.txt', 'PMC13175151.1.txt', 'PMC13173872.1.txt', 'PMC13173827.1.txt']",4,
gemma4:e4b,UWD61934,Bacteriophage sp.,"{""uid"": ""2294897665"", ""accession"": ""UWD61934"", ""title"": ""MAG: DNA recombination protein [Bacteriophage sp.]"", ""organism"": ""Bacteriophage sp."", ""taxonId"": 38018, ""sequence_length"": 404, ""create_date"": ""2022/09/09"", ""update_date"": ""2023/01/17"", ""dbsource"": ""insd"", ""extra"": ""gi|2294897665|gb|UWD61934.1|"", ""isolate"": ""4291_72036"", ""host"": ""Homo sapiens"", ""metagenome_source"": ""gut metagenome"", ""country"": ""Japan"", ""isolation_source"": ""feces""}",Homo sapiens,species,The metadata explicitly states 'host': 'Homo sapiens'.,,metadata,True,mesophile,,"The summary for PMC13173640.1.txt states: 'While the optimal stability range appears to be mesophilic (4–20 °C), the phage showed reduced stability at 30 °C.' It also notes that 'The optimal stability range (4–20 °C) suggests mesophilic conditions.' Although the phage was stable at 4°C (cold) and tested up to 30°C (warmer), the explicit conclusion drawn in the summary points to mesophilic conditions as the optimal stability range.",,True,TMP_results/accessions/UWD61934/library/accession_lit,8,TMP_results/accessions/UWD61934/library/host_lit,10,622.0799999999999,end,"[""CreateAccessionLibrary"", ""ClassifyHostMetadata"", ""CreateHostLibrary"", ""FilterRelevantLiterature"", ""FilterRelevantHostLiterature"", ""SUMMARISELITERATURE"", ""ClassifySummary""]","{""CreateAccessionLibrary"": 33.0, ""ClassifyHostMetadata"": 1.9, ""FilterRelevantLiterature"": 198.05, ""FilterRelevantHostLiterature"": 115.8, ""ClassifySummary"": 6.02}",False,TMP_results/accessions/UWD61934/summary/summary.txt,"['PMC13173640.1.txt', 'PMC13172421.1.txt', 'PMC13175485.1.txt', 'PMC13175621.1.txt', '42008119.txt']",5,"['PMC13174014.1.txt', 'PMC13175151.1.txt', 'PMC13173872.1.txt', 'PMC13173827.1.txt']",4,
gemma4:e4b,UWD60996,Bacteriophage sp.,"{""uid"": ""2294896713"", ""accession"": ""UWD60996"", ""title"": ""MAG: DNA recombination protein [Bacteriophage sp.]"", ""organism"": ""Bacteriophage sp."", ""taxonId"": 38018, ""sequence_length"": 404, ""create_date"": ""2022/09/09"", ""update_date"": ""2023/01/17"", ""dbsource"": ""insd"", ""extra"": ""gi|2294896713|gb|UWD60996.1|"", ""isolate"": ""4267_114769"", ""host"": ""Homo sapiens"", ""metagenome_source"": ""gut metagenome"", ""country"": ""Japan"", ""isolation_source"": ""feces""}",Homo sapiens,species,The metadata explicitly states 'host': 'Homo sapiens'.,,metadata,True,mesophile,,"The summary for PMC13173640.1.txt states: 'While the optimal stability range appears to be mesophilic (4–20 °C), the phage showed reduced stability at 30 °C.' It also notes that 'The optimal stability range (4–20 °C) suggests mesophilic conditions.' Although the phage was stable at 4°C (cold) and tested up to 30°C (warmer), the explicit conclusion drawn in the summary points to mesophilic conditions as the optimal stability range.",,True,TMP_results/accessions/UWD60996/library/accession_lit,8,TMP_results/accessions/UWD60996/library/host_lit,10,679.57,end,"[""CreateAccessionLibrary"", ""ClassifyHostMetadata"", ""CreateHostLibrary"", ""FilterRelevantLiterature"", ""FilterRelevantHostLiterature"", ""SUMMARISELITERATURE"", ""ClassifySummary""]","{""CreateAccessionLibrary"": 33.99, ""ClassifyHostMetadata"": 1.86, ""FilterRelevantLiterature"": 197.8, ""FilterRelevantHostLiterature"": 116.0, ""ClassifySummary"": 10.58}",False,TMP_results/accessions/UWD60996/summary/summary.txt,"['PMC13173640.1.txt', 'PMC13172421.1.txt', 'PMC13175485.1.txt', 'PMC13175621.1.txt', '42008119.txt']",5,"['PMC13174014.1.txt', 'PMC13175151.1.txt', 'PMC13173872.1.txt', 'PMC13173827.1.txt']",4,
