accession,full_sequence_hmm_results,PF00154_custom_hmm_results,PF00154_hmm_results,PF21134_custom_hmm_results,PF21134_hmm_results
P32270,0,0,0,0,0
P20315,0,0,0,0,0
UYE93698,0,0,0,0,0
YDI96965,0,0,1,0,0
YDI96730,0,0,1,0,0
YDI94796,0,0,0,0,0
YDI94551,1,1,1,0,0
YDI93881,0,0,0,0,0
YDI88709,1,1,1,1,1
YCJ21993,0,0,0,0,0
YDF88887,0,0,0,0,0
YDF81549,0,0,0,0,0
YDF75915,0,0,0,0,0
YDF71083,0,0,0,0,0
YDF68759,0,0,0,0,0
YDF68054,0,0,0,0,0
YDF61728,0,0,0,0,0
YDD38469,1,1,1,1,1
YDD21067,0,0,1,0,0
BHD21371,0,0,0,0,0
YCZ41734,0,0,0,0,0
QVG64171,1,1,1,0,0
YCR04191,1,1,1,1,1
YCQ84975,0,0,1,0,0
YCQ78089,1,1,1,1,1
YCQ76618,1,1,1,1,1
YCP71262,1,1,1,0,0
P04529,1,1,1,1,1
O21960,0,0,0,0,0
O21959,0,0,0,0,0
O21958,0,0,0,0,0
O21957,0,0,0,0,0
O21956,0,0,0,0,0
O21955,0,0,0,0,0
O21954,0,0,0,0,0
O21953,0,0,0,0,0
O21952,0,0,0,0,0
O21951,0,0,0,0,0
O21950,0,0,0,0,0
O21949,0,0,0,0,0
O21947,0,0,0,0,0
O21948,0,0,0,0,0
Q06728,0,0,0,0,0
Q06727,0,0,0,0,0
Q05279,0,0,0,0,0
P04537,0,0,0,0,0
P03690,0,0,0,0,0
P03034,0,0,0,0,0
P41662,0,0,0,0,0
YCN14603,1,1,1,0,0
YCL39723,1,1,1,1,1
YCL15783,1,1,1,0,1
YCL08720,0,0,0,0,0
YCL00421,1,1,1,0,0
CAO1708119,1,1,1,0,0
CAO1706767,1,1,1,0,0
CAO1704744,1,1,1,0,0
CAO1703685,1,1,1,0,0
CAO1702903,1,1,1,0,0
CAO1702236,1,1,1,0,0
CAO1702439,1,1,1,0,0
YCJ26573,1,1,1,1,1
YCJ26308,1,1,1,1,1
YCJ24104,0,0,0,0,0
YCJ17403,1,1,1,0,0
WIL02624,1,1,1,0,1
WIL02365,1,1,1,0,1
QSM00476,1,1,1,1,1
YCJ05684,0,0,0,0,0
YCB26705,1,1,1,1,1
YCB25778,1,1,1,1,1
YCB16399,0,0,0,0,0
YCB15776,1,1,1,1,1
YCA88998,1,1,1,0,1
XSD99949,0,0,1,0,0
UNA07295,0,0,0,0,0
UNA07220,0,0,0,0,0
UNA07219,0,0,0,0,0
UNA07146,0,0,0,0,0
UMO75465,0,0,0,0,0
UMO75391,0,0,0,0,0
UMO75315,0,0,0,0,0
UMO75314,0,0,0,0,0
YP_012789541,0,0,1,0,0
YP_011997693,0,0,1,0,0
YP_011372491,0,0,1,0,0
YP_013420532,0,0,0,0,0
YP_011951401,0,0,1,0,0
YP_013608840,0,0,1,0,0
YP_013608432,0,0,0,0,0
YP_013608420,0,0,1,0,0
YP_013608043,0,0,1,0,0
YP_011698660,0,0,1,0,0
YP_011697971,0,0,1,0,0
YBX93090,0,0,0,0,0
YBX92995,0,0,0,0,0
YBX92994,0,0,0,0,0
YBX92932,0,0,0,0,0
YP_011697890,0,0,1,0,0
YP_011697448,0,0,1,0,0
YP_011997923,0,0,1,0,0
YP_013608009,0,0,0,0,0
YP_011813357,0,0,0,0,0
YP_011557350,0,0,1,0,0
YP_011749676,0,0,1,0,0
YP_011997239,0,0,1,0,0
YP_011999036,0,0,1,0,0
YP_011561445,0,0,0,0,0
YP_011561051,0,0,0,0,0
YP_011997466,0,0,1,0,0
WLW38346,0,0,0,0,0
WLW38260,0,0,0,0,0
WJJ53936,0,0,0,0,0
WRQ12700,1,1,1,1,1
YBW68348,1,1,1,1,1
YBW02273,1,1,1,1,1
YBW00969,1,1,1,0,0
YP_012540772,0,0,0,0,0
XHQ01490,0,0,0,0,0
XKC24455,1,1,1,0,0
CAO2920117,0,0,0,0,0
UGC96822,1,1,1,0,0
UFJ83350,0,0,1,0,0
YBB95625,0,0,0,0,0
YBB95084,1,1,1,0,0
YAW78710,1,1,1,1,0
YP_011872756,1,1,1,0,0
YP_012053798,0,0,0,0,0
YAS76301,0,0,0,0,0
YP_011925980,1,1,1,0,0
YP_011629296,0,0,1,0,0
YP_011998364,0,0,1,0,0
YP_012164950,0,0,1,0,0
YP_013537867,0,0,0,0,0
YP_012883239,0,0,0,0,0
DBA54971,0,0,0,0,0
UCR81688,1,1,1,1,1
YAA50864,1,1,1,0,0
WNM70829,1,1,1,0,1
YP_013606416,1,1,1,0,0
XZP18110,0,0,0,0,0
XZP17675,1,1,1,1,1
XCZ64124,1,1,1,0,0
XEN39446,1,1,1,1,1
WVQ24142,0,0,0,0,0
WVH13649,0,0,0,0,0
XYY30729,0,0,0,0,0
XYY30630,0,0,0,0,0
XYY30530,0,0,0,0,0
XYY30213,0,0,0,0,0
XYY30183,0,0,0,0,0
XYY30116,0,0,0,0,0
XYS98208,1,1,1,1,1
XYS96790,0,0,0,0,0
XYS95983,0,0,0,0,0
XYS95962,0,0,0,0,0
XYR95885,1,1,1,0,0
XYR95683,1,1,1,0,0
XYR95463,0,0,0,0,0
XYR95405,0,0,0,0,0
XYR92956,0,0,1,0,0
DBB19697,1,0,1,0,0
XYN57435,0,0,0,0,0
XYN56462,0,0,0,0,0
XYN56207,0,0,0,0,0
XYN49717,0,0,0,0,0
XYN47631,0,0,0,0,0
XYM58971,1,1,1,0,0
XYM58736,1,1,1,0,0
XYM57640,1,1,1,0,0
XYM49803,0,0,0,0,0
XYL46262,0,0,0,0,0
XYL45948,0,0,1,0,0
XYL45353,0,0,0,0,0
XYL33160,0,0,0,0,0
XYL03241,0,0,0,0,0
XYL02759,0,0,0,0,0
XYL02174,1,1,1,0,0
XYL02172,0,0,1,0,0
XYH91864,0,0,1,0,0
XYA23701,0,0,0,0,0
XYA23647,0,0,0,0,0
XYA23594,0,0,0,0,0
XXS07581,1,1,1,1,1
XXQ04733,1,1,1,0,0
XSG62366,0,0,0,0,0
XSG62174,0,0,0,0,0
XSG58106,0,0,0,0,0
XSG55654,0,0,0,0,0
XSG53698,0,0,0,0,0
XSG53046,1,1,1,0,0
XXL68479,1,1,1,1,1
XXJ63011,1,1,1,1,1
XXJ62871,1,1,1,1,1
XXJ49601,0,0,0,0,0
XFC52781,0,0,0,0,0
XWX36420,0,0,0,0,0
XWX33057,0,0,1,0,0
XPK43714,0,0,0,0,0
XPK43311,0,0,0,0,0
XPK43213,0,0,0,0,0
XPK43106,0,0,0,0,0
XPK42927,0,0,0,0,0
XPK42727,0,0,0,0,0
XPK42628,0,0,0,0,0
XPK42550,0,0,0,0,0
XPK42493,0,0,0,0,0
XPK42283,0,0,0,0,0
XPK42199,0,0,0,0,0
XPK42125,0,0,0,0,0
XPK42015,0,0,0,0,0
XPK41893,0,0,0,0,0
XPK41701,0,0,0,0,0
XPK41605,0,0,0,0,0
XPK41520,0,0,0,0,0
XPK41089,0,0,0,0,0
XPK41005,0,0,0,0,0
XPK40927,0,0,0,0,0
XPK40877,0,0,0,0,0
XPK40818,0,0,0,0,0
XPK40748,0,0,0,0,0
XPK40493,0,0,0,0,0
XPK40416,0,0,0,0,0
XPK40331,0,0,0,0,0
XPK40221,0,0,0,0,0
XJW10047,0,0,0,0,0
XWJ58874,0,0,0,0,0
P03692,0,0,0,0,0
XSB42554,1,1,1,0,0
XSB41218,0,0,0,0,0
XSB41151,0,0,0,0,0
XSB40883,0,0,0,0,0
XVF94238,0,0,0,0,0
XVB94676,1,1,1,1,1
XVB94007,1,1,1,0,0
XVB83630,0,0,0,0,0
XVB70918,1,1,1,0,0
UZZ64636,0,0,0,0,0
XUU32831,0,0,0,0,0
XUU32566,0,0,0,0,0
XUU32430,0,0,0,0,0
XUU32072,0,0,0,0,0
XAI97635,0,0,0,0,0
XAI97619,0,0,0,0,0
XUQ15771,0,0,0,0,0
XUQ15690,0,0,0,0,0
XUK81887,0,0,0,0,0
XUJ68614,1,1,1,1,1
QWY14387,1,1,1,1,1
XUE01624,0,0,1,0,0
XUE01308,0,0,0,0,0
XTK85464,0,0,0,0,0
XTK85334,0,0,0,0,0
XTJ52881,0,0,0,0,0
XTB82809,0,0,0,0,0
XAN60209,1,1,1,1,1
XSG66970,0,0,0,0,0
XSG66903,0,0,0,0,0
XSG66741,0,0,0,0,0
WZL55984,0,0,0,0,0
XSB40585,0,0,0,0,0
XCH40014,0,0,0,0,0
XCH39940,0,0,0,0,0
XCH39859,0,0,0,0,0
XOE93122,0,0,0,0,0
XRX12314,0,0,0,0,0
XRT76941,1,1,1,0,0
XRQ87699,1,1,0,1,1
XRM24437,1,1,1,0,0
QXP07734,0,0,0,0,0
XRL29252,1,1,1,0,0
XRL29167,1,1,1,0,0
XRL28930,1,1,1,0,0
XRL27768,0,0,0,0,0
XRL27674,0,0,0,0,0
XRJ07346,0,0,0,0,0
XRH82158,0,0,0,0,0
XRH82089,0,0,0,0,0
XRA40432,0,0,0,0,0
XRA40172,0,0,1,0,0
XRA40050,0,0,0,0,0
XRA39991,0,0,0,0,0
XRA13859,0,0,0,0,0
XRA13742,0,0,0,0,0
XRA13615,0,0,0,0,0
XRA13571,0,0,0,0,0
XRA12560,0,0,0,0,0
XQU42776,1,1,1,1,1
XHG74328,0,0,0,0,0
XEN29370,0,0,0,0,0
XQW42333,0,0,0,0,0
XLY78028,0,0,0,0,0
XQU63049,1,1,1,0,0
XQU59788,1,1,1,0,1
XQU59758,0,0,0,0,0
XQU59609,0,0,0,0,0
XQU49848,0,0,0,0,0
XQU49485,1,1,1,1,1
XQQ56648,0,0,0,0,0
XQQ56485,0,0,0,0,0
XQQ56455,0,0,0,0,0
XQQ56363,0,0,0,0,0
XQQ56309,0,0,0,0,0
XQQ56273,0,0,0,0,0
XQQ56171,0,0,0,0,0
XQQ56104,0,0,0,0,0
XQQ52531,0,0,0,0,0
XQQ51888,1,1,1,1,1
XQQ51607,1,1,1,1,1
XQQ51411,1,1,1,1,1
XQQ50854,1,1,1,0,0
XQP12954,0,0,0,0,0
XQP09641,0,0,0,0,0
XQP02554,1,1,1,0,0
XQP02333,1,1,1,0,0
XQO94789,1,1,1,0,1
XAI93829,0,0,0,0,0
XQM40295,0,0,0,0,0
XQM40233,0,0,0,0,0
XQM40170,0,0,0,0,0
XQM39797,0,0,0,0,0
WZC35836,0,0,0,0,0
XPZ16599,0,0,0,0,0
XPZ16532,0,0,0,0,0
XPZ16464,0,0,0,0,0
XPZ16395,0,0,0,0,0
UZS00991,0,0,0,0,0
XQD64840,0,0,0,0,0
XPT11143,0,0,0,0,0
XPT11064,0,0,0,0,0
XMN01836,0,0,0,0,0
XPQ57719,0,0,0,0,0
XPQ50299,0,0,0,0,0
XPQ50108,0,0,0,0,0
XPQ50044,0,0,0,0,0
XPQ49989,0,0,0,0,0
XPQ49926,0,0,0,0,0
XPQ49856,0,0,0,0,0
XPQ49722,0,0,0,0,0
XPQ49685,0,0,0,0,0
XPQ49629,0,0,0,0,0
XPQ49518,0,0,0,0,0
XPQ49439,0,0,0,0,0
XPQ49321,0,0,0,0,0
XPQ49232,0,0,0,0,0
XPQ49179,0,0,0,0,0
XPQ48074,0,0,1,0,0
XPP60222,1,1,1,1,1
XPP59511,0,0,0,0,0
XPP59346,0,0,0,0,0
XPP56688,1,1,1,0,1
XPP56246,0,0,1,0,0
XPP55660,0,0,0,0,0
XPP54856,0,0,0,0,0
XPP54825,0,0,0,0,0
XPP54779,0,0,0,0,0
XPP54507,0,0,0,0,0
XPP54473,0,0,0,0,0
XPP54447,0,0,0,0,0
XPP54393,0,0,0,0,0
XPP54336,0,0,0,0,0
XPP54273,0,0,0,0,0
XPP54248,0,0,0,0,0
XPP54194,0,0,0,0,0
XPP54145,0,0,0,0,0
XPP54095,0,0,0,0,0
ASP46292,0,0,0,0,0
ARB11284,0,0,0,0,0
ARB11234,0,0,0,0,0
XPP61562,0,0,0,0,0
XPP61528,0,0,0,0,0
XNX26171,0,0,0,0,0
XPO97844,1,1,1,1,1
XPO97706,0,0,0,0,0
XPO97422,0,0,0,0,0
XPO97063,0,0,0,0,0
XPO97011,0,0,0,0,0
XPO96913,0,0,0,0,0
XPO96726,0,0,0,0,0
XPO96695,0,0,0,0,0
XPO96422,0,0,0,0,0
XPO96345,0,0,0,0,0
XPO96086,0,0,0,0,0
XPO95924,1,1,1,0,0
WZX06539,0,0,0,0,0
XPN73279,0,0,0,0,0
XPN63053,0,0,0,0,0
XPN62819,1,1,1,1,1
XPN51502,0,0,0,0,0
XPN46660,0,0,0,0,0
XPN46428,0,0,0,0,0
XPN46347,0,0,0,0,0
XPN41428,0,0,0,0,0
XPN40897,1,1,1,0,0
XPN40694,1,1,1,0,0
XCH43488,1,1,1,0,0
XPB69684,0,0,0,0,0
XPB69606,0,0,0,0,0
XPB67158,0,0,0,0,0
XPB67019,0,0,0,0,0
CAM0109437,0,0,0,0,0
CAM0104777,0,0,0,0,0
CAM0104764,0,0,0,0,0
CAM0109426,0,0,0,0,0
CAM0104595,0,0,0,0,0
CAM0103142,0,0,0,0,0
CAM0103265,0,0,0,0,0
CAM0093927,0,0,0,0,0
CAM0092965,0,0,0,0,0
CAM0093765,0,0,0,0,0
CAM0092854,0,0,0,0,0
CAM0092791,0,0,0,0,0
CAM0091782,0,0,0,0,0
CAM0093070,0,0,0,0,0
CAM0092036,0,0,0,0,0
CAM0092489,0,0,0,0,0
CAM0091690,0,0,0,0,0
CAM0092882,0,0,0,0,0
CAM0091963,0,0,0,0,0
CAM0092450,0,0,0,0,0
CAM0091586,0,0,0,0,0
CAM0092512,0,0,0,0,0
CAM0091517,0,0,0,0,0
CAM0092389,0,0,0,0,0
CAM0091335,0,0,0,0,0
CAM0087880,0,0,0,0,0
CAM0086762,0,0,0,0,0
CAM0086726,0,0,0,0,0
CAM0092741,0,0,0,0,0
CAM0087449,0,0,0,0,0
CAM0086356,0,0,0,0,0
CAM0093050,0,0,0,0,0
CAM0087023,0,0,0,0,0
CAM0085978,0,0,0,0,0
CAM0086906,0,0,0,0,0
CAM0085865,0,0,0,0,0
CAM0086595,0,0,0,0,0
CAM0085477,0,0,0,0,0
CAM0086656,0,0,0,0,0
CAM0085394,0,0,0,0,0
CAM0079350,0,0,0,0,0
CAM0078309,0,0,0,0,0
CAM0079453,0,0,0,0,0
CAM0078416,0,0,0,0,0
CAM0078889,0,0,0,0,0
CAM0077992,0,0,0,0,0
CAM0078822,0,0,0,0,0
CAM0078011,0,0,0,0,0
CAM0077755,0,0,0,0,0
CAM0074799,0,0,0,0,0
CAM0073713,0,0,0,0,0
CAM0070331,0,0,0,0,0
CAM0061490,0,0,0,0,0
CAM0060500,0,0,0,0,0
CAM0061647,0,0,0,0,0
CAM0060680,0,0,0,0,0
CAM0059791,0,0,0,0,0
CAM0058576,0,0,0,0,0
CAM0059751,0,0,0,0,0
CAM0058693,0,0,0,0,0
CAM0059694,0,0,0,0,0
CAM0058513,0,0,0,0,0
CAM0063665,0,0,0,0,0
CAM0058442,0,0,0,0,0
CAM0057412,0,0,0,0,0
CAM0058094,0,0,0,0,0
CAM0056925,0,0,0,0,0
CAM0057848,0,0,0,0,0
CAM0056839,0,0,0,0,0
CAM0057257,0,0,0,0,0
CAM0056152,0,0,0,0,0
CAM0061461,0,0,0,0,0
CAM0057830,0,0,0,0,0
CAM0056589,0,0,0,0,0
CAM0062886,0,0,0,0,0
CAM0062218,0,0,0,0,0
CAM0062197,0,0,0,0,0
CAM0056961,0,0,0,0,0
CAM0054546,0,0,0,0,0
CAM0053550,0,0,0,0,0
CAM0054664,0,0,0,0,0
CAM0053618,0,0,0,0,0
CAM0053945,0,0,0,0,0
CAM0052835,0,0,0,0,0
CAM0053223,0,0,0,0,0
CAM0052161,0,0,0,0,0
CAM0053864,0,0,0,0,0
CAM0052940,0,0,0,0,0
CAM0053328,0,0,0,0,0
CAM0052324,0,0,0,0,0
CAM0052510,0,0,0,0,0
CAM0051685,0,0,0,0,0
CAM0052918,0,0,0,0,0
CAM0051920,0,0,0,0,0
CAM0049188,0,0,0,0,0
CAM0043091,0,0,0,0,0
CAM0042037,0,0,0,0,0
CAM0042559,0,0,0,0,0
CAM0041659,0,0,0,0,0
CAM0042651,0,0,0,0,0
CAM0041714,0,0,0,0,0
CAM0041966,0,0,0,0,0
CAM0040831,0,0,0,0,0
CAM0042923,0,0,0,0,0
CAM0041814,0,0,0,0,0
CAM0042552,0,0,0,0,0
CAM0041397,0,0,0,0,0
CAM0041926,0,0,0,0,0
CAM0040987,0,0,0,0,0
CAM0042297,0,0,0,0,0
CAM0041149,0,0,0,0,0
CAM0041917,0,0,0,0,0
CAM0040839,0,0,0,0,0
CAM0041310,0,0,0,0,0
CAM0040118,0,0,0,0,0
CAM0045474,0,0,0,0,0
CAM0045512,0,0,0,0,0
CAM0028988,0,0,0,0,0
CAM0028695,0,0,0,0,0
CAM0035417,0,0,0,0,0
CAM0036901,0,0,0,0,0
CAM0029775,0,0,0,0,0
CAM0028676,0,0,0,0,0
CAM0021284,0,0,0,0,0
CAM0020069,0,0,0,0,0
CAM0021619,0,0,0,0,0
CAM0020406,0,0,0,0,0
CAM0011365,0,0,0,0,0
CAM0010179,0,0,0,0,0
CAM0010165,0,0,0,0,0
CAM0009145,0,0,0,0,0
CAM0009950,0,0,0,0,0
CAM0008848,0,0,0,0,0
CAM0010062,0,0,0,0,0
CAM0009192,0,0,0,0,0
CAM0009055,0,0,0,0,0
CAM0008267,0,0,0,0,0
CAM0008727,0,0,0,0,0
CAM0007520,0,0,0,0,0
CAL9981366,0,0,0,0,0
CAL9980323,0,0,0,0,0
CAL9980962,0,0,0,0,0
CAL9979887,0,0,0,0,0
CAL9980530,0,0,0,0,0
CAL9979693,0,0,0,0,0
CAL9970889,0,0,0,0,0
CAL9969788,0,0,0,0,0
CAL9971192,0,0,0,0,0
CAL9970200,0,0,0,0,0
CAL9970826,0,0,0,0,0
CAL9969774,0,0,0,0,0
CAL9970620,0,0,0,0,0
CAL9969656,0,0,0,0,0
CAL9965632,0,0,0,0,0
CAL9961014,0,0,0,0,0
CAL9960095,0,0,0,0,0
CAL9966429,0,0,0,0,0
CAL9959071,0,0,0,0,0
CAL9965719,0,0,0,0,0
CAL9965698,0,0,0,0,0
CAL9958490,0,0,0,0,0
CAL9961262,0,0,0,0,0
CAL9960057,0,0,0,0,0
CAL9961323,0,0,0,0,0
CAL9960273,0,0,0,0,0
CAL9958463,0,0,0,0,0
CAL9961598,0,0,0,0,0
CAL9960467,0,0,0,0,0
CAL9965691,0,0,0,0,0
CAL9961507,0,0,0,0,0
CAL9960395,0,0,0,0,0
CAL9961126,0,0,0,0,0
CAL9960068,0,0,0,0,0
XOU20988,0,0,0,0,0
XOT88490,0,0,0,0,0
YP_011108823,0,0,0,0,0
YP_011108771,0,0,0,0,0
YP_011108713,0,0,0,0,0
XOT40235,0,0,0,0,0
XOT39798,1,1,1,0,0
XOT37984,0,0,0,0,0
XJP46991,0,0,0,0,0
XOS73725,0,0,0,0,0
XOS72248,0,0,0,0,0
XOS71006,0,0,0,0,0
XOS70336,1,1,1,0,0
XOS70227,0,0,0,0,0
XOS70151,0,0,0,0,0
XOS69996,0,0,0,0,0
XOS69840,1,1,1,0,0
XOS69735,0,0,0,0,0
XOS69093,0,0,0,0,0
XOS68277,0,0,0,0,0
XOS68108,0,0,0,0,0
XOS67895,0,0,0,0,0
XOS67403,0,0,0,0,0
XOS67356,0,0,0,0,0
XOS67127,0,0,0,0,0
XOS67041,0,0,0,0,0
XOS67020,0,0,0,0,0
XOS66747,0,0,0,0,0
XOS66738,0,0,0,0,0
XOS66579,0,0,0,0,0
XOS65941,0,0,0,0,0
XOS65370,1,1,1,0,0
XOS65369,1,1,1,0,0
XOS64850,0,0,0,0,0
XOS64273,0,0,0,0,0
XOS63943,0,0,0,0,0
XOS63707,0,0,0,0,0
XOS63655,0,0,0,0,0
XOS63260,0,0,0,0,0
XOS63005,0,0,0,0,0
XOS62945,0,0,0,0,0
XOS62779,0,0,0,0,0
XOS61832,1,1,1,0,0
XOS61786,0,0,0,0,0
XOS61644,0,0,0,0,0
XOS61487,0,0,0,0,0
XOS61306,0,0,0,0,0
XOS60810,0,0,0,0,0
XOS60468,0,0,0,0,0
XOS60251,0,0,0,0,0
XOS59472,0,0,0,0,0
XOS59471,1,1,1,0,0
XOS59345,0,0,0,0,0
XOS58323,0,0,0,0,0
XOS58064,0,0,0,0,0
XOS57001,1,1,1,0,0
XOS56677,0,0,0,0,0
XOS56450,0,0,0,0,0
XOS56387,0,0,0,0,0
XOS56346,0,0,0,0,0
XOS55587,0,0,0,0,0
XOS55399,0,0,0,0,0
XOS55230,0,0,0,0,0
XOS55164,0,0,0,0,0
XOS54634,0,0,0,0,0
XOS54251,0,0,0,0,0
XOS52958,0,0,0,0,0
XOS52812,0,0,0,0,0
XOS52678,1,1,1,0,0
XOS51285,0,0,0,0,0
XOS49849,0,0,0,0,0
XOS49740,0,0,0,0,0
XOS49370,0,0,0,0,0
XOS49000,0,0,0,0,0
XOS48702,0,0,0,0,0
XOS48175,0,0,0,0,0
XOS47525,0,0,0,0,0
XOS47258,0,0,0,0,0
XOS47054,0,0,0,0,0
XOS46643,0,0,0,0,0
XOS46627,0,0,0,0,0
XOS46481,0,0,0,0,0
XOS45694,0,0,0,0,0
XOS45357,0,0,0,0,0
XOS44562,0,0,0,0,0
XOS43648,0,0,0,0,0
XOS43545,0,0,0,0,0
XOS43344,0,0,0,0,0
XOS43268,0,0,0,0,0
XOS43105,0,0,0,0,0
XOS42944,0,0,0,0,0
XOS41541,0,0,0,0,0
XOS41138,0,0,0,0,0
XOS40969,0,0,0,0,0
XOS40286,0,0,0,0,0
XOS39985,0,0,0,0,0
XOS39312,0,0,0,0,0
XOS39179,0,0,0,0,0
XOS39162,0,0,0,0,0
XOS39141,0,0,0,0,0
XOS38923,0,0,0,0,0
XOS38030,0,0,0,0,0
XOS37905,0,0,0,0,0
XOS37541,0,0,0,0,0
XOS36958,0,0,0,0,0
XOS36795,0,0,0,0,0
XOS35761,0,0,0,0,0
XOS35688,0,0,0,0,0
XOS35578,0,0,0,0,0
XOS35262,0,0,0,0,0
XOS34804,0,0,0,0,0
XOS34479,0,0,0,0,0
XOS34173,0,0,0,0,0
XOS33684,0,0,0,0,0
XOS33369,0,0,0,0,0
XOS33116,0,0,0,0,0
XOS32638,1,1,1,0,0
XOS31043,0,0,0,0,0
XOS28573,1,1,1,0,0
XOS28292,1,1,1,0,0
XOS25815,0,0,0,0,0
XOS25364,1,1,1,0,0
XOS24228,0,0,0,0,0
XOS22228,0,0,0,0,0
XOS21353,0,0,0,0,0
XOS21150,0,0,0,0,0
XOS20859,0,0,0,0,0
XOS20177,0,0,0,0,0
XOS20052,0,0,0,0,0
XOS19349,0,0,0,0,0
XOS19058,0,0,0,0,0
XOS17920,0,0,0,0,0
XOS17677,0,0,0,0,0
XOS17631,0,0,0,0,0
XOS17099,0,0,0,0,0
XOS17036,0,0,0,0,0
XOS13538,0,0,0,0,0
XOS13405,1,1,1,0,0
XOS13038,0,0,0,0,0
XOS12095,0,0,0,0,0
XOS11304,0,0,0,0,0
XOS10815,0,0,0,0,0
XOS10110,1,1,1,0,0
XOS10066,0,0,0,0,0
XOS09967,0,0,0,0,0
XOS09896,0,0,0,0,0
XOS09766,0,0,0,0,0
XOS09082,0,0,0,0,0
XOS08904,0,0,0,0,0
XOS08675,0,0,0,0,0
XOS08265,1,1,1,0,0
XOS07971,0,0,0,0,0
XOS07809,0,0,0,0,0
XOS07492,0,0,0,0,0
XOS06989,0,0,0,0,0
XOS06773,0,0,0,0,0
XOS05408,0,0,0,0,0
XOS05170,0,0,0,0,0
XOS05156,0,0,1,0,0
XOS05066,0,0,0,0,0
XOS03599,0,0,0,0,0
XOS02778,0,0,0,0,0
XOS02691,0,0,0,0,0
XOS02326,0,0,0,0,0
XOS02234,0,0,0,0,0
XOS01833,0,0,0,0,0
XOS01606,0,0,0,0,0
XOS01475,0,0,0,0,0
XOS01144,0,0,0,0,0
XOS01038,0,0,0,0,0
XOS00902,0,0,0,0,0
XOS00534,0,0,0,0,0
XOS00436,0,0,0,0,0
XOS00257,0,0,0,0,0
XOR99742,0,0,0,0,0
XOR99094,0,0,0,0,0
XOR98083,0,0,0,0,0
XOR97908,0,0,0,0,0
XOR97684,0,0,0,0,0
XOR97311,0,0,0,0,0
XOR97276,0,0,0,0,0
XOR96500,0,0,0,0,0
XOR95984,0,0,0,0,0
XOR95897,0,0,0,0,0
XOR95616,0,0,0,0,0
XOR95476,0,0,0,0,0
XOR95411,0,0,0,0,0
XOR95247,0,0,0,0,0
XOR95132,0,0,0,0,0
XOR94225,0,0,0,0,0
XOR94190,0,0,0,0,0
XOR94015,0,0,0,0,0
XOR93751,0,0,0,0,0
XOR93566,0,0,0,0,0
XOR92952,0,0,0,0,0
XOR92561,0,0,0,0,0
XOR92118,0,0,0,0,0
XOR92038,1,1,1,0,0
XOR91955,0,0,0,0,0
XOR91742,0,0,0,0,0
XOR91616,0,0,0,0,0
XOR91179,0,0,0,0,0
XOR91130,0,0,0,0,0
XOR91056,0,0,0,0,0
XOR90835,0,0,0,0,0
XOR90744,0,0,0,0,0
XOR90451,0,0,0,0,0
XOR90310,0,0,0,0,0
XOR89179,0,0,0,0,0
XOR88942,0,0,0,0,0
XOR88823,0,0,0,0,0
XOR88738,0,0,0,0,0
XOR88223,0,0,0,0,0
XOR86581,0,0,0,0,0
XOR86384,0,0,0,0,0
XOR86326,0,0,0,0,0
XOR85920,0,0,0,0,0
XOR85644,0,0,0,0,0
XOR85537,0,0,0,0,0
XOR85385,1,1,1,0,0
XOR85339,0,0,0,0,0
XOR85023,0,0,0,0,0
XOR84856,0,0,1,0,0
XOR84295,0,0,0,0,0
XOR84192,0,0,0,0,0
XOR83761,0,0,0,0,0
XOR83598,0,0,0,0,0
XOR82736,0,0,0,0,0
XOR82044,0,0,0,0,0
XOR80525,0,0,0,0,0
XOR80379,0,0,0,0,0
XOR78747,0,0,0,0,0
XOR78396,0,0,0,0,0
XOR78082,0,0,0,0,0
XOR77605,0,0,0,0,0
XOR77553,0,0,0,0,0
XOR76766,0,0,0,0,0
XOR76747,0,0,0,0,0
XOR76662,0,0,0,0,0
XOR76507,1,1,1,0,0
XOR76298,0,0,0,0,0
XOR76172,0,0,0,0,0
XOR75671,0,0,0,0,0
XOR75323,0,0,0,0,0
XOR75125,0,0,0,0,0
XOR74924,0,0,0,0,0
XOR74694,0,0,0,0,0
XOR74364,0,0,0,0,0
XOR73130,0,0,0,0,0
XOR71808,0,0,0,0,0
XOR71345,0,0,0,0,0
XOR70083,0,0,0,0,0
XOR69809,0,0,0,0,0
XOR69773,0,0,0,0,0
XOR69348,0,0,0,0,0
XOR69238,0,0,0,0,0
XOR69172,0,0,0,0,0
XOR69130,0,0,0,0,0
XOR68685,0,0,0,0,0
XOR68555,0,0,0,0,0
XOR68253,0,0,0,0,0
XOR67841,0,0,0,0,0
XOR67448,0,0,0,0,0
XOR67158,0,0,0,0,0
XOR66688,0,0,0,0,0
XOR65995,0,0,0,0,0
XOR64990,0,0,0,0,0
XOR64472,0,0,0,0,0
XOR64429,0,0,0,0,0
XOR63545,0,0,0,0,0
XOR63526,0,0,0,0,0
XOR63187,0,0,0,0,0
XOR63034,0,0,0,0,0
XOR63028,0,0,0,0,0
XOR60906,0,0,0,0,0
XOR59935,1,1,0,0,0
XOR59669,0,0,1,0,0
XOR59488,0,0,0,0,0
XOR58766,0,0,0,0,0
XOR58246,0,0,0,0,0
XOR57334,0,0,0,0,0
XOR55866,1,1,1,0,0
XOR54927,0,0,0,0,0
XOR54512,0,0,0,0,0
XOR54379,0,0,0,0,0
XOR53770,0,0,0,0,0
XOR53510,0,0,0,0,0
XOR52760,0,0,0,0,0
XOR52513,0,0,0,0,0
XOR52093,0,0,0,0,0
XOR51874,0,0,0,0,0
XOR51638,0,0,0,0,0
XOR51467,0,0,0,0,0
XOR51313,0,0,0,0,0
XOR51251,0,0,0,0,0
XOR51057,0,0,0,0,0
XOR51028,0,0,0,0,0
XOR50939,0,0,0,0,0
XOR50165,0,0,0,0,0
XOR47436,0,0,0,0,0
XOR47264,0,0,0,0,0
XOR47085,0,0,0,0,0
XOR47031,0,0,0,0,0
XOR46943,0,0,0,0,0
XOR46561,0,0,0,0,0
XOR44972,0,0,0,0,0
XOR44879,0,0,0,0,0
XOR44808,0,0,0,0,0
XOR43976,0,0,0,0,0
XOR43780,0,0,0,0,0
XOR43550,0,0,0,0,0
XOR42998,0,0,0,0,0
XOR42631,0,0,0,0,0
XOR42147,0,0,0,0,0
XOR42131,1,1,1,0,0
XOR41991,0,0,1,0,0
XOR40708,0,0,0,0,0
XOR40540,0,0,0,0,0
XOR40197,0,0,0,0,0
XOR39440,0,0,0,0,0
XOR39236,0,0,0,0,0
XOR38827,0,0,0,0,0
XOR38284,0,0,0,0,0
XOR38192,0,0,0,0,0
XOR38141,0,0,0,0,0
XOR36814,0,0,0,0,0
XOR36236,0,0,0,0,0
XOR36053,0,0,0,0,0
XOR35972,0,0,0,0,0
XOR35795,0,0,0,0,0
XOR35770,0,0,0,0,0
XOR35443,0,0,0,0,0
XOR35128,0,0,0,0,0
XOR34618,0,0,0,0,0
XOR33923,0,0,0,0,0
XOR33708,0,0,0,0,0
XOR33184,0,0,0,0,0
XOR32574,0,0,0,0,0
XOR32002,0,0,0,0,0
XOR31923,0,0,0,0,0
XOR30871,0,0,0,0,0
XOR29769,0,0,1,0,0
XOR29570,0,0,1,0,0
XOR28499,1,1,1,0,0
XOR28202,0,0,0,0,0
XOR27538,0,0,0,0,0
XOR27142,0,0,0,0,0
XOR26882,0,0,0,0,0
XOR26601,0,0,0,0,0
XOR25994,0,0,0,0,0
XOR25973,0,0,0,0,0
XOR25822,0,0,0,0,0
XOR25735,0,0,0,0,0
XOR25079,0,0,0,0,0
XOR24870,0,0,0,0,0
XOR24806,0,0,0,0,0
XOR24766,0,0,0,0,0
XOR24180,0,0,0,0,0
XOR24157,0,0,0,0,0
XOR23860,0,0,0,0,0
XOR23626,1,1,1,0,0
XOR23623,0,0,1,0,0
XOR23587,0,0,0,0,0
XOR23327,0,0,0,0,0
XOR23195,0,0,0,0,0
XOR23144,0,0,0,0,0
XOR22859,0,0,0,0,0
XOR22610,0,0,0,0,0
XOR22482,0,0,0,0,0
XOR22232,0,0,0,0,0
XOR21471,0,0,0,0,0
XOR21361,0,0,0,0,0
XOR21200,0,0,0,0,0
XOR21121,0,0,0,0,0
XOR19608,0,0,0,0,0
XOR19507,0,0,0,0,0
XOR19110,0,0,0,0,0
XOR18602,0,0,0,0,0
XOR18454,0,0,0,0,0
XOR18199,0,0,0,0,0
XOR17732,0,0,0,0,0
XOR17395,0,0,0,0,0
XOR17278,1,1,1,0,0
XOR16879,0,0,0,0,0
XOR16444,0,0,0,0,0
XOR16008,0,0,0,0,0
XOR15680,0,0,0,0,0
XOR14749,0,0,0,0,0
XOR12390,0,0,0,0,0
XOR12226,0,0,0,0,0
XOR12127,0,0,0,0,0
XOR10993,0,0,0,0,0
XOR09811,0,0,0,0,0
XOR09288,0,0,0,0,0
XOR09214,0,0,0,0,0
XOR09070,0,0,0,0,0
XOR09003,0,0,0,0,0
XOR08806,0,0,0,0,0
XOR08754,0,0,0,0,0
XOR08563,0,0,0,0,0
XOR08321,0,0,0,0,0
XOR07990,0,0,0,0,0
XOR07218,0,0,0,0,0
XOR07006,0,0,0,0,0
XOR06950,0,0,0,0,0
XOR06429,0,0,0,0,0
XOR06191,0,0,0,0,0
XOR06060,0,0,0,0,0
XOR05409,0,0,0,0,0
XOR04524,0,0,0,0,0
XOR04135,0,0,0,0,0
XOR02712,0,0,0,0,0
XOR02064,0,0,0,0,0
XOR01881,0,0,0,0,0
XOR01253,0,0,0,0,0
XOR01118,1,1,1,0,0
XOR00410,0,0,0,0,0
XOQ99686,0,0,0,0,0
XOQ99457,0,0,0,0,0
XOQ98299,0,0,0,0,0
XOQ96784,0,0,0,0,0
XOQ95805,0,0,0,0,0
XOQ95374,0,0,0,0,0
XOQ94942,1,1,1,0,0
XOQ94595,0,0,0,0,0
XOQ94467,0,0,0,0,0
XOQ94078,0,0,0,0,0
XOQ93494,0,0,0,0,0
XOQ93077,0,0,0,0,0
XOQ93043,0,0,0,0,0
XOQ92758,0,0,0,0,0
XOQ91860,0,0,0,0,0
XOQ91551,0,0,0,0,0
XOQ90751,0,0,0,0,0
XOQ90748,0,0,0,0,0
XOQ90170,0,0,0,0,0
XOQ90014,0,0,0,0,0
XOQ89917,0,0,0,0,0
XOQ89880,0,0,0,0,0
XOQ89742,0,0,0,0,0
XOQ88760,0,0,0,0,0
XOQ88539,0,0,0,0,0
XOQ88377,0,0,0,0,0
XOQ88355,0,0,0,0,0
XOQ88072,0,0,0,0,0
XOQ87793,0,0,0,0,0
XOQ87717,0,0,0,0,0
XOQ87433,0,0,0,0,0
QYC50815,0,0,0,0,0
XGU09002,0,0,0,0,0
XGU08664,0,0,0,0,0
UXE02343,0,0,0,0,0
UXE02285,0,0,0,0,0
UXE02228,0,0,0,0,0
UXE02171,0,0,0,0,0
UXE02116,0,0,0,0,0
UXE02059,0,0,0,0,0
UXE02002,0,0,0,0,0
UXE01945,0,0,0,0,0
UXE01889,0,0,0,0,0
UXE01833,0,0,0,0,0
UXE01779,0,0,0,0,0
UXE01725,0,0,0,0,0
UXE01669,0,0,0,0,0
UXE01616,0,0,0,0,0
UXE01562,0,0,0,0,0
UXE01508,0,0,0,0,0
UXE01453,0,0,0,0,0
UXE01396,0,0,0,0,0
UXE01340,0,0,0,0,0
UXE01284,0,0,0,0,0
UXE01228,0,0,0,0,0
UXE01173,0,0,0,0,0
UXE01118,0,0,0,0,0
UXE01063,0,0,0,0,0
UXE01008,0,0,0,0,0
UXE00952,0,0,0,0,0
UXE00896,0,0,0,0,0
UXE00841,0,0,0,0,0
UXE00785,0,0,0,0,0
UXE00729,0,0,0,0,0
UXE00675,0,0,0,0,0
UXE00622,0,0,0,0,0
UXE00566,0,0,0,0,0
UXE00512,0,0,0,0,0
UXE00456,0,0,0,0,0
UXE00400,0,0,0,0,0
UXE00345,0,0,0,0,0
UXE00291,0,0,0,0,0
UXE00233,0,0,0,0,0
UXE00175,0,0,0,0,0
UXE00119,0,0,0,0,0
UXE00065,0,0,0,0,0
UXE00010,0,0,0,0,0
UXD99955,0,0,0,0,0
UXD99901,0,0,0,0,0
UXD99847,0,0,0,0,0
UXD99792,0,0,0,0,0
UXD99738,0,0,0,0,0
UXD99684,0,0,0,0,0
UXD99630,0,0,0,0,0
UXD99575,0,0,0,0,0
UXD99519,0,0,0,0,0
UXD99462,0,0,0,0,0
UXD99408,0,0,0,0,0
XMT57229,0,0,0,0,0
XLZ15535,0,0,0,0,0
XLZ15433,0,1,0,0,0
XOF08996,0,0,0,0,0
XOF08602,0,0,0,0,0
XOF08548,0,0,0,0,0
XOF05484,1,1,1,0,0
XOF03508,0,0,0,0,0
XOF00632,0,0,0,0,0
XOF00050,0,0,1,0,0
XOE98748,0,0,0,0,0
XOE96625,0,0,0,0,0
XOE95119,1,1,1,0,0
XOE94180,0,0,0,0,0
XOE93268,0,0,0,0,0
XOE90443,0,0,0,0,0
XOE90260,0,0,0,0,0
XOE90122,0,0,0,0,0
XOE89975,0,0,0,0,0
XOE89757,0,0,0,0,0
XOE87686,1,1,1,0,0
XOD43273,0,0,0,0,0
XOD43066,0,0,0,0,0
XOD42788,0,0,0,0,0
XOD42397,0,0,0,0,0
XOD41043,1,1,1,1,1
XOD32956,0,0,1,0,0
XOD32954,1,1,1,0,0
XOD32722,1,1,1,0,0
XOD32333,1,1,1,1,1
XOD32076,1,1,1,1,1
XOD31821,1,1,1,1,1
XOD31540,1,1,1,1,1
XOB77366,1,1,1,0,0
XOB77236,1,1,1,0,0
XCH43194,1,1,1,0,0
XOA07903,1,1,1,1,1
XOA07652,0,0,0,0,0
XOA00350,0,0,0,0,0
XNZ86301,1,1,1,0,0
P35926,0,0,0,0,0
XNY80037,0,0,0,0,0
XNY79842,0,0,0,0,0
P69202,0,0,0,0,0
P04892,0,0,0,0,0
BFL60880,0,0,1,0,0
XNX25772,0,0,0,0,0
XNT20930,0,0,0,0,0
XNT20784,0,0,0,0,0
XNS49220,0,0,0,0,0
XNS49204,0,0,0,0,0
XNS49141,0,0,0,0,0
XNS49082,0,0,0,0,0
XNS48419,0,0,0,0,0
XNS48359,0,0,0,0,0
XNS45096,0,0,0,0,0
XNS45079,0,0,0,0,0
XNS45015,0,0,0,0,0
XNS44092,0,0,0,0,0
XNS43154,0,0,0,0,0
XNS41290,0,0,0,0,0
XNS40749,0,0,0,0,0
XNS40188,0,0,0,0,0
XNS39556,0,0,0,0,0
XNS39327,0,0,0,0,0
XNS39315,0,0,0,0,0
XNS38946,0,0,0,0,0
XNS38718,0,0,0,0,0
XNS38713,0,0,0,0,0
XNS38698,0,0,0,0,0
XNS38344,0,0,0,0,0
XNS38327,0,0,0,0,0
XNS37986,0,0,0,0,0
XNS37968,0,0,0,0,0
XNS37833,0,0,0,0,0
XNS37669,0,0,0,0,0
XNS37510,0,0,0,0,0
XNS37337,0,0,0,0,0
XLQ30668,1,1,1,1,1
XNP04736,0,0,0,0,0
XNO95088,0,0,0,0,0
XNO95075,0,0,0,0,0
WYD67353,0,0,0,0,0
XAI67844,0,0,0,0,0
XAI67795,0,0,0,0,0
XAI67742,0,0,0,0,0
XNL98506,0,0,0,0,0
XNL98457,0,0,0,0,0
XNL96107,0,0,0,0,0
XNL95979,0,0,0,0,0
XNL97984,0,0,0,0,0
XMR90074,1,1,1,1,1
XBS49454,1,1,1,1,1
BFM22914,0,0,1,0,0
XMR01857,1,1,1,1,0
XMR01270,1,1,1,1,1
XMQ95077,1,1,1,0,0
XCG97282,0,0,0,0,0
XMN81908,0,0,0,0,0
XMN70173,0,0,0,0,0
XMN68363,0,0,0,0,0
XMN68248,0,0,0,0,0
XMN68057,0,0,0,0,0
XMN67835,0,0,0,0,0
XMN67737,0,0,0,0,0
XMN67683,0,0,0,0,0
XMN67495,0,0,0,0,0
XMN67407,0,0,0,0,0
XMN67209,0,0,0,0,0
XMN67152,0,0,0,0,0
XMN66860,0,0,0,0,0
XMN66754,0,0,0,0,0
XMN66706,0,0,0,0,0
XMN66660,0,0,0,0,0
XMN66602,0,0,0,0,0
XMN66549,0,0,0,0,0
XMN66345,0,0,0,0,0
XMN66096,0,0,0,0,0
XMN00434,0,0,0,0,0
XMN00379,0,0,0,0,0
XMN00356,0,0,0,0,0
XMN00295,0,0,0,0,0
XMN00272,0,0,0,0,0
XMN00226,0,0,0,0,0
XMN00166,0,0,0,0,0
XMN00126,0,0,0,0,0
XMN00101,0,0,0,0,0
XMN00051,0,0,0,0,0
XMN00020,0,0,0,0,0
XDJ04406,0,0,0,0,0
XLM52595,0,0,0,0,0
XAO34151,0,0,0,0,0
XLZ96171,0,0,1,0,0
QNJ57458,0,0,0,0,0
XLZ24030,0,0,0,0,0
XLZ23593,0,0,0,0,0
XLZ13706,0,0,0,0,0
XLZ12840,0,0,0,0,0
XLY82058,0,0,0,0,0
XDR01266,1,1,1,1,1
XDR01069,0,0,0,0,0
XDQ98743,0,0,0,0,0
WNO25330,1,1,1,0,0
WNO25098,1,1,1,0,0
WAE39405,0,0,0,0,0
URG13903,0,0,0,0,0
XLY78309,0,0,0,0,0
XLY77758,1,1,1,1,1
WGJ78542,1,1,1,0,0
ALJ98503,0,0,0,0,0
ALJ98419,0,0,0,0,0
ALJ98350,0,0,0,0,0
XLV54184,0,0,1,0,0
XLQ98259,0,0,0,0,0
XLQ30224,0,0,0,0,0
XLQ30130,0,0,0,0,0
XLQ30064,0,0,0,0,0
XLQ29693,0,0,0,0,0
XLQ29474,1,1,1,1,1
XLQ29382,0,0,0,0,0
XLQ26557,0,0,0,0,0
XLQ25796,0,0,0,0,0
XLM56194,1,1,1,0,0
XLM52245,0,0,0,0,0
XBA89584,1,1,1,1,1
XLM30350,0,0,0,0,0
XLM30272,0,0,0,0,0
XLM30232,0,0,0,0,0
XLM30194,0,0,0,0,0
XLM30156,0,0,0,0,0
XLM30118,0,0,0,0,0
XLM30077,0,0,0,0,0
XLM30040,0,0,0,0,0
XLM30000,0,0,0,0,0
XLM29962,0,0,0,0,0
XLM29926,0,0,0,0,0
XLM29890,0,0,0,0,0
XLM28285,0,0,0,0,0
XLM27629,0,0,0,0,0
XLM27356,0,0,0,0,0
XLM27243,0,0,0,0,0
XLL26327,0,0,0,0,0
XLL21201,0,0,0,0,0
XLL20700,0,0,0,0,0
XLL20648,0,0,0,0,0
XLL18661,0,0,0,0,0
XLL18380,1,1,1,1,1
XLL17878,0,0,0,0,0
XJP09160,0,0,0,0,0
XLJ73869,0,0,0,0,0
XLG28320,0,0,0,0,0
XLG28237,1,1,1,0,0
XLG27405,0,0,0,0,0
XLG26096,1,1,1,0,0
XLG25807,0,0,0,0,0
XLG25413,1,1,1,0,0
XLG25008,0,0,0,0,0
XLG24782,1,1,1,0,0
XLG24332,0,0,0,0,0
XLG23789,1,1,1,0,0
XLG23610,0,0,0,0,0
XLG23195,0,0,0,0,0
XLE98483,1,1,1,0,0
XLE98270,1,1,1,0,0
XLE98064,1,1,1,0,0
XLE97856,1,1,1,0,0
XKX17587,0,0,0,0,0
XKV17384,0,0,0,0,0
AXY83529,0,0,0,0,0
XAG94916,1,1,1,0,1
XKR75059,0,0,0,0,0
XKQ96194,0,0,0,0,0
XKM46391,0,0,0,0,0
XKI62736,0,0,0,0,0
XKI62627,0,0,0,0,0
XKI62600,0,0,0,0,0
XKI62519,0,0,0,0,0
XKI62482,0,0,0,0,0
XKI62382,0,0,0,0,0
XKI62368,0,0,0,0,0
XKI62292,0,0,0,0,0
XKI62158,0,0,0,0,0
XKI62076,0,0,0,0,0
XKI62060,0,0,0,0,0
XKI61888,0,0,0,0,0
WOZ57531,0,0,0,0,0
WOL30897,0,0,0,0,0
XKC24153,1,1,1,1,1
XKC23894,0,0,0,0,0
XKC23477,0,0,0,0,0
XKC23305,0,0,0,0,0
XKC22556,1,1,1,0,0
XKC22379,0,0,0,0,0
XKC22137,1,1,1,0,0
XKC21993,0,0,0,0,0
XKC21899,0,0,0,0,0
XKC21809,0,0,0,0,0
XKC21293,0,0,0,0,0
XKC21206,0,0,0,0,0
XKC21180,1,1,1,0,0
XKC21035,0,0,0,0,0
XKC20950,0,0,0,0,0
XKC20822,0,0,0,0,0
XKC20595,0,0,1,0,0
XKC20057,0,0,0,0,0
XKC19838,0,0,0,0,0
XKC19126,0,0,0,0,0
XKC18860,1,1,1,0,0
XKC18358,1,1,1,0,0
XKC18248,0,0,0,0,0
XKC19604,0,0,0,0,0
XKB88565,0,0,0,0,0
XAO34377,0,0,0,0,0
XAO34196,0,0,0,0,0
XJU74159,0,0,0,0,0
XEM81941,0,0,0,0,0
XEM81862,0,0,0,0,0
XEM81777,0,0,0,0,0
XEM81696,0,0,0,0,0
AAG59762,0,0,0,0,0
XJP12522,1,1,1,0,0
XJP08863,1,1,1,0,0
XJP08732,0,0,0,0,0
XJP08272,0,0,0,0,0
XJP08086,0,0,0,0,0
WQY99947,0,0,0,0,0
XJJ34899,0,0,0,0,0
XBA90058,0,0,0,0,0
XAO39264,0,0,0,0,0
WYA84207,0,0,0,0,0
XIU00024,0,0,0,0,0
AXA27713,0,0,0,0,0
XIU00075,0,0,0,0,0
XIJ71149,0,0,0,0,0
XIJ71035,0,0,0,0,0
XIJ70622,0,0,0,0,0
XIJ70070,0,0,0,0,0
XIJ69813,0,0,0,0,0
XIJ69730,0,0,0,0,0
XIJ69509,0,0,0,0,0
XIJ69444,0,0,0,0,0
XIJ69378,0,0,0,0,0
XIJ69057,1,1,1,0,0
XIJ68944,0,0,0,0,0
XII43541,0,0,0,0,0
XII43063,0,0,0,0,0
XII37782,0,0,0,0,0
XII34097,0,0,0,0,0
XEN20100,0,0,0,0,0
XGT88974,0,0,0,0,0
XGT88876,0,0,0,0,0
XHY53623,0,0,0,0,0
XHY52941,0,0,0,0,0
XHY52891,0,0,0,0,0
XHY12367,0,0,0,0,0
XHY12284,0,0,0,0,0
XHY09339,0,0,0,0,0
XHY09328,0,0,0,0,0
XHV15718,0,0,0,0,0
XHV14808,0,0,0,0,0
XHV08314,0,0,0,0,0
XHV08224,0,0,0,0,0
XHV08151,0,0,0,0,0
XHO41997,0,0,0,0,0
XFC52572,0,0,0,0,0
XHH74879,1,1,1,1,1
XHH73979,0,0,0,0,0
XHH73923,0,0,1,0,0
XHH73898,0,0,1,0,0
XHH73854,0,0,1,0,0
XHH73842,0,0,0,0,0
XHH73696,0,0,1,0,0
XHH73659,0,0,1,0,0
XHH73514,0,0,1,0,0
XHH73349,0,0,1,0,0
XHH73317,0,0,0,0,0
XHH63285,0,0,0,0,0
XHG84782,0,0,1,0,0
XHG84631,0,0,0,0,0
XHG84404,0,0,0,0,0
XHG83764,0,0,0,0,0
XAO36048,0,0,0,0,0
XAO35850,0,0,0,0,0
XAO35773,0,0,0,0,0
WFD55468,0,0,0,0,0
WFP45989,0,0,0,0,0
XHB26724,0,0,0,0,0
XHB26099,0,0,0,0,0
XHB06919,0,0,0,0,0
XBS46511,0,0,0,0,0
XAI65030,0,0,0,0,0
WVX87167,1,1,1,1,1
XGU09865,0,0,0,0,0
XGU09795,0,0,0,0,0
XGU09750,0,0,0,0,0
XGU09652,0,0,0,0,0
XGU08899,0,0,0,0,0
XGU08019,1,1,1,0,0
XGU07500,1,1,1,0,0
XGU07284,0,0,0,0,0
XGU07204,0,0,0,0,0
XGU07024,0,0,0,0,0
XGU06800,0,0,0,0,0
XGU06507,0,0,0,0,0
XGU06302,1,1,1,0,0
XGU06048,1,1,1,0,0
XGU05139,1,1,1,0,0
XGU02955,0,0,0,0,0
XGU02883,0,0,0,0,0
XGU02747,0,0,0,0,0
XGU02639,0,0,0,0,0
XGU02594,0,0,0,0,0
WXH66011,0,0,0,0,0
UYL22564,1,1,1,1,1
AAP48749,0,0,0,0,0
XFA12759,0,0,0,0,0
XFC51829,0,0,0,0,0
XFC50528,0,0,0,0,0
BDU14451,0,0,0,0,0
BDU13755,0,0,0,0,0
BDU13148,0,0,0,0,0
BDU13039,0,0,0,0,0
BDU12639,0,0,0,0,0
BDU12494,0,0,0,0,0
BDU12270,0,0,0,0,0
BDU11895,0,0,0,0,0
BDU11799,0,0,0,0,0
BDU11672,0,0,0,0,0
WWY66499,0,0,0,0,0
WPH65344,0,0,0,0,0
QPB10109,0,0,0,0,0
XES02326,0,0,0,0,0
XES02277,0,0,0,0,0
XES02221,0,0,0,0,0
XER96462,0,0,0,0,0
AXH67270,1,1,1,0,0
XEN42188,0,0,0,0,0
XEN39818,0,0,0,0,0
XEN38895,0,0,0,0,0
XEN38845,0,0,0,0,0
XEN23461,0,0,0,0,0
XEN23246,0,0,0,0,0
XEN23176,0,0,0,0,0
XEN22765,0,0,0,0,0
XEN22592,0,0,0,0,0
XEN22024,1,1,1,0,0
XEN21839,0,0,0,0,0
XEN21127,0,0,0,0,0
XEN20575,0,0,0,0,0
XEN20417,0,0,0,0,0
XEN20176,0,0,0,0,0
XEN19908,0,0,0,0,0
XEN19743,0,0,0,0,0
XEN19279,0,0,0,0,0
XEN19154,1,1,1,0,0
XEN19018,0,0,0,0,0
XEN18361,0,0,0,0,0
XEN18271,0,0,0,0,0
XEN18182,0,0,0,0,0
XEN18073,0,0,0,0,0
XEN17998,0,0,0,0,0
XEN17931,0,0,0,0,0
XEN17865,1,1,1,0,0
XEN17650,0,0,0,0,0
XEN17448,0,0,0,0,0
XEN17351,1,1,1,0,0
XEN17043,0,0,0,0,0
XEN16945,0,0,0,0,0
XEN16895,0,0,0,0,0
XEN16683,0,0,0,0,0
XEN16623,0,0,0,0,0
XEN16341,0,0,0,0,0
XEN16242,0,0,0,0,0
XEN16042,1,1,1,0,0
XEN14688,1,1,1,0,0
XEN14028,0,0,0,0,0
XEN13287,1,1,1,0,0
XEN12983,0,0,0,0,0
XEN12361,1,1,1,0,0
BFH10232,0,0,0,0,0
XEM82272,0,0,0,0,0
XEM82197,0,0,0,0,0
XEC67564,0,0,0,0,0
XEC67505,0,0,0,0,0
XEC67445,0,0,0,0,0
XEC67382,0,0,0,0,0
XEC67324,0,0,0,0,0
XEC67264,0,0,0,0,0
XAI98137,0,0,0,0,0
XDT02124,0,0,0,0,0
XDQ96444,1,1,1,1,1
XDQ96182,1,1,1,1,1
WNO24027,1,1,1,1,1
XDO61587,0,0,0,0,0
WVW77813,0,0,0,0,0
WVW77735,0,0,0,0,0
WVW77627,0,0,0,0,0
XDN94327,0,0,0,0,0
WNV45510,0,0,0,0,0
XDJ26111,0,0,0,0,0
XDJ15110,0,0,1,0,0
XDJ04097,0,0,0,0,0
XDJ03295,1,1,1,1,1
XDJ02632,0,0,0,0,0
XDJ02333,0,0,0,0,0
XDJ02269,0,0,0,0,0
XDJ01727,0,0,0,0,0
XDJ01609,0,0,0,0,0
XDJ01539,0,0,0,0,0
XDJ01296,0,0,0,0,0
XDJ01213,0,0,0,0,0
XDJ01122,0,0,0,0,0
XDJ01046,0,0,0,0,0
XDJ00455,0,0,0,0,0
XDJ00286,1,1,1,1,1
XDI97733,0,0,0,0,0
XDI97023,0,0,0,0,0
XDI97022,0,0,0,0,0
XDI96518,0,0,0,0,0
WZC35932,0,0,0,0,0
XDG31042,1,1,1,1,1
XDG30776,0,0,0,0,0
XDG30754,0,0,0,0,0
XDG30291,0,0,0,0,0
WVM05005,0,0,0,0,0
XDI97897,0,0,0,0,0
XDC48542,0,0,0,0,0
XDC03161,0,0,0,0,0
XDC03010,0,0,0,0,0
WNX97749,1,1,1,0,0
XCZ89596,0,0,0,0,0
XCZ60173,0,0,1,0,0
XCW88497,0,0,0,0,0
XAO53183,0,0,1,0,0
XAO53067,0,0,1,0,0
XAO52951,0,0,1,0,0
XAO52835,0,0,1,0,0
XAO52719,0,0,1,0,0
XAO52604,0,0,1,0,0
XCP74194,0,0,0,0,0
XCP74080,0,0,0,0,0
XCP72985,0,0,0,0,0
WAK43740,0,0,0,0,0
XCO41345,0,0,0,0,0
XCO41289,0,0,0,0,0
XCO41063,0,0,0,0,0
XCO41006,0,0,0,0,0
XCO40356,0,0,0,0,0
XCO40066,0,0,0,0,0
XCO40013,0,0,0,0,0
XCO39788,0,0,0,0,0
XCO39612,0,0,0,0,0
XCO39554,0,0,0,0,0
XCO39497,0,0,0,0,0
XCO39211,0,0,0,0,0
XCO39157,0,0,0,0,0
XCO39103,0,0,0,0,0
XCO39046,0,0,0,0,0
XCO38930,0,0,0,0,0
XCO38875,0,0,0,0,0
XCO38594,0,0,0,0,0
XCO38537,0,0,0,0,0
XCO38480,0,0,0,0,0
XCO38423,0,0,0,0,0
XCO38083,0,0,0,0,0
XCO37368,0,0,0,0,0
XCO36539,0,0,0,0,0
XCO36480,0,0,0,0,0
XCO36420,0,0,0,0,0
XCO36056,0,0,0,0,0
XCO35816,0,0,1,0,0
XCN28352,0,1,0,0,0
XCN26630,0,0,0,0,0
WWY66100,0,0,0,0,0
WWY65956,0,0,0,0,0
WZW73058,1,1,1,1,1
WJE88621,0,0,0,0,0
WJE88336,0,0,0,0,0
WDQ45472,0,0,0,0,0
XCI78042,0,0,0,0,0
XCI68037,0,0,0,0,0
XCI67968,0,0,0,0,0
XCI67732,0,0,0,0,0
XCI67275,0,0,0,0,0
XCI67158,0,0,0,0,0
XCI66121,0,0,1,0,0
DBA55240,0,0,0,0,0
DBA55196,0,0,0,0,0
DBA55152,0,0,0,0,0
DBA55109,0,0,0,0,0
DBA55059,0,0,0,0,0
DBA55016,0,0,0,0,0
DBA54921,0,0,0,0,0
XCH44376,0,0,0,0,0
XCH44284,0,0,0,0,0
XCH44193,0,0,0,0,0
XCH44107,0,0,0,0,0
XCH43337,1,1,1,0,0
XCH42954,0,0,0,0,0
XCH42869,0,0,0,0,0
XCH42700,0,0,0,0,0
XCH42409,0,0,1,0,0
XCH40521,0,0,0,0,0
XCH40317,0,0,0,0,0
XCH40106,0,0,0,0,0
XCH39551,0,0,0,0,0
XCH39502,0,0,0,0,0
XCH39433,0,0,0,0,0
XCG99197,0,0,1,0,0
XCG97044,0,0,0,0,0
XCG96998,0,0,0,0,0
XCG96955,0,0,0,0,0
XCG96391,0,0,0,0,0
XCG96347,0,0,0,0,0
XCG96261,0,0,0,0,0
XCG96218,0,0,0,0,0
XCG96092,0,0,0,0,0
XCG96049,0,0,0,0,0
XCG96005,0,0,0,0,0
XCD29397,0,0,0,0,0
XCD29368,0,0,0,0,0
XCD29115,0,0,1,0,0
WZX13339,0,0,0,0,0
WZP32212,0,0,0,0,0
XCD09771,0,0,0,0,0
XCD09008,0,0,0,0,0
XCD08841,0,0,0,0,0
XCD08763,0,0,0,0,0
XCD07438,0,0,0,0,0
XCD05760,0,0,0,0,0
XCD05092,0,0,0,0,0
XCD05073,0,0,1,0,0
WWY65478,0,0,0,0,0
XBW78005,0,0,0,0,0
XBW52450,0,0,0,0,0
WYD65233,0,0,0,0,0
XBS49926,0,0,0,0,0
XBS35401,0,0,0,0,0
BFM94432,0,0,0,0,0
BFM94189,0,0,0,0,0
BFM93886,0,0,0,0,0
BFM93642,0,0,0,0,0
BFM93338,0,0,0,0,0
WNM73345,1,1,1,0,0
XAI71116,1,1,1,0,1
XAI70068,1,1,1,0,0
WWY66316,0,0,0,0,0
AXY83862,0,0,0,0,0
AXY83825,0,0,0,0,0
AXY83788,0,0,0,0,0
AXY83752,0,0,0,0,0
AXY83714,0,0,0,0,0
AXY83677,0,0,0,0,0
AXY83639,0,0,0,0,0
AXY83601,0,0,0,0,0
AXY83565,0,0,0,0,0
XAO34940,1,1,1,0,0
XAW31898,0,0,0,0,0
XAW31845,0,0,0,0,0
ATW69819,0,0,0,0,0
ATW69765,0,0,0,0,0
ATW69711,0,0,0,0,0
ATW69656,0,0,0,0,0
ATW69602,0,0,0,0,0
ATW69545,0,0,0,0,0
ATW69491,0,0,0,0,0
ASR76038,0,0,0,0,0
XAV38279,1,1,1,1,1
WVX91621,0,0,1,0,0
XAO35483,0,0,0,0,0
XAO35259,0,0,1,0,0
XAM99542,0,0,0,0,0
WWZ74794,0,0,0,0,0
WPJ20895,1,1,1,1,1
XAI96872,0,0,0,0,0
XAI96809,0,0,0,0,0
XAI96299,0,0,0,0,0
XAI96294,0,0,0,0,0
XAI95602,0,0,0,0,0
XAG95464,0,0,0,0,0
XAG93834,0,0,0,0,0
WZX10766,0,0,0,0,0
WZX06288,1,1,1,1,1
WZX06023,1,1,1,1,1
WZX02835,0,0,0,0,0
WZL56152,1,1,1,0,0
WCD56290,0,0,0,0,0
WCA46355,0,0,0,0,0
QDH50412,0,0,0,0,0
WZL04597,0,0,0,0,0
WZK93392,1,1,1,0,0
WZH62434,0,0,0,0,0
WLW36665,0,0,0,0,0
WZE64652,1,1,1,1,1
WZB39575,1,1,1,0,0
WPJ56242,1,1,1,1,1
WPJ52625,1,1,1,1,1
WPJ51230,1,1,1,1,1
WPJ50052,1,1,1,1,0
WPJ49804,1,1,1,1,1
WPJ49532,1,1,1,1,1
WPJ48896,1,1,1,1,1
WPJ48449,1,1,1,1,1
WPJ48172,1,1,1,1,1
WPJ47821,1,1,1,1,1
WPJ47352,1,1,1,1,1
WYV99728,0,0,0,0,0
WYV99387,0,0,0,0,0
WYV99216,0,0,0,0,0
WYV99046,0,0,0,0,0
WYV71579,0,0,0,0,0
WYN33742,0,0,0,0,0
WFG37334,0,0,0,0,0
WFG37143,0,0,0,0,0
WYM31493,0,0,0,0,0
DBA51532,0,0,0,0,0
DBA51091,0,0,0,0,0
DBA47716,0,0,0,0,0
WYD63227,0,0,0,0,0
WYD62122,0,0,0,0,0
WYC17952,1,1,1,0,0
WYC17825,0,0,0,0,0
WYA83804,0,0,0,0,0
WYA78350,0,0,0,0,0
WYA77488,0,0,0,0,0
WXX18295,0,0,0,0,0
WXX09774,0,0,0,0,0
WXX03052,0,0,1,0,0
WXX03048,1,1,1,0,0
WXW92973,1,1,1,0,0
WXW92576,1,1,1,0,0
WJZ70038,0,0,0,0,0
WPZ98929,0,0,0,0,0
WPH64647,0,0,0,0,0
WXH47263,0,0,0,0,0
WXH47035,0,0,0,0,0
WXH47033,0,0,0,0,0
WXH46522,0,0,0,0,0
WXH46520,0,0,0,0,0
UAV84775,0,0,0,0,0
ADW95217,0,0,0,0,0
WJN66850,0,0,0,0,0
WOZ53685,0,0,0,0,0
WOZ53398,0,0,0,0,0
WWT49612,1,1,1,1,1
WWT49528,0,0,0,0,0
WWT49225,0,0,0,0,0
WWT40039,0,0,0,0,0
WWT39338,1,1,1,0,0
WWT37644,0,0,0,0,0
WWT37579,0,0,0,0,0
WWT37515,0,0,0,0,0
WWS25222,1,1,1,1,1
WWS24773,1,1,1,1,1
WWS24499,1,1,1,1,1
WWS24067,1,1,1,1,1
WWS23726,1,1,1,1,1
WWS23646,1,1,1,1,1
WWS23156,1,1,1,1,1
WWS23024,0,0,1,0,0
WWQ72209,0,0,0,0,0
WWQ71916,0,0,0,0,0
WWQ71183,0,0,0,0,0
WWQ70836,0,0,1,0,0
BFG81868,0,0,0,0,0
WWQ02227,0,0,0,0,0
WWQ02147,1,1,1,0,0
WWP52119,1,1,1,1,1
WWP17719,0,0,0,0,0
WWD13668,0,0,0,0,0
WWD12491,0,0,0,0,0
WRQ05368,0,0,0,0,0
WWO62326,0,0,0,0,0
AFD02779,1,1,1,0,0
WEU69081,0,0,0,0,0
WWE96976,0,0,0,0,0
WWE96862,1,1,1,1,1
WWE96570,0,0,0,0,0
WWE96475,0,0,0,0,0
WPK41687,0,0,1,0,0
WPK41462,0,0,1,0,0
WPK41295,0,0,1,0,0
WPK41084,0,0,1,0,0
CAK9121845,0,0,0,0,0
CAK9121839,0,0,0,0,0
AEJ92952,0,0,0,0,0
WVX98315,1,1,1,1,1
WVX93361,0,0,0,0,0
WVX93288,0,0,0,0,0
WVX93282,0,0,0,0,0
WVX93220,0,0,0,0,0
WVX93214,0,0,0,0,0
WVX93130,0,0,0,0,0
WVX91297,0,0,1,0,0
WVX91039,0,0,0,0,0
WVX88961,1,1,1,0,0
WVX88151,0,0,0,0,0
WVX87840,0,0,0,0,0
WVX87645,0,0,0,0,0
WVW37873,0,0,0,0,0
WVW37572,0,0,0,0,0
WVW36975,1,1,1,0,0
WFG77602,0,0,0,0,0
QNM37864,0,0,0,0,0
WEU75013,0,0,0,0,0
WVS24534,0,0,0,0,0
WVS24098,0,0,0,0,0
WVS23700,0,0,0,0,0
WVR18332,0,0,0,0,0
WVP99778,0,0,0,0,0
WVP82737,1,1,1,0,1
ASJ79579,0,0,0,0,0
WLJ70793,0,0,0,0,0
WNV47410,1,1,1,1,1
WVH07259,0,0,0,0,0
WVH07116,0,0,0,0,0
WPJ67653,1,1,1,1,1
AHY26549,1,1,1,0,0
WRQ09045,0,0,0,0,0
WRQ08867,1,1,1,0,0
WRQ08727,0,0,0,0,0
WRQ08203,0,0,0,0,0
WPJ69840,0,0,0,0,0
WPJ69710,0,0,0,0,0
WPJ69545,0,0,0,0,0
ATN93429,0,0,0,0,0
WKV20483,0,0,0,0,0
UYE95321,1,1,1,1,1
WIT26513,0,0,0,0,0
UES35872,0,0,0,0,0
WRW10465,0,0,0,0,0
WGL32759,0,0,0,0,0
WAV88307,0,0,0,0,0
WRN92663,0,0,0,0,0
WKW87281,0,0,0,0,0
UJD21260,0,0,0,0,0
UJD21167,0,0,0,0,0
UJD20997,0,0,0,0,0
UJD20904,0,0,0,0,0
QXN73046,0,0,0,0,0
QWY80554,0,0,0,0,0
QWY80453,0,0,0,0,0
QWY80152,0,0,0,0,0
QJD50272,0,0,0,0,0
QGH78757,0,0,0,0,0
QGH78072,0,0,0,0,0
QFG04547,0,0,0,0,0
QBP32011,0,0,0,0,0
QBP30547,0,0,0,0,0
ASZ74743,1,1,1,0,0
AOZ61306,0,0,0,0,0
QPX72035,0,0,0,0,0
UVD33062,0,0,0,0,0
WQZ26465,0,0,0,0,0
WQZ01290,0,0,0,0,0
WQZ01008,1,1,1,1,1
WQY99571,0,0,0,0,0
WQY91226,0,0,0,0,0
WCD43754,1,1,1,1,1
WCD43576,1,1,1,1,1
WCD43549,0,0,0,0,0
WCD42877,0,0,0,0,0
WEU69452,0,0,0,0,0
UNI77169,0,0,0,0,0
QXJ36726,1,1,1,0,0
WBF81398,0,0,0,0,0
WBF80976,0,0,0,0,0
BDI54455,0,0,0,0,0
BDI54382,0,0,0,0,0
WQN07663,0,0,0,0,0
WQN07582,0,0,0,0,0
WQN07024,1,1,1,1,1
WQN06870,0,0,0,0,0
WQJ52942,1,1,1,0,0
WQJ51594,1,1,1,0,0
WPK41779,0,0,0,0,0
WPK42038,0,0,0,0,0
WPF69938,0,0,0,0,0
WMM91784,0,0,0,0,0
WPH57780,0,0,0,0,0
WPF71428,0,0,0,0,0
WQA18362,0,0,0,0,0
CAK6624514,1,1,1,1,1
QRW43459,0,0,0,0,0
UNY50563,0,0,0,0,0
UNY50482,0,0,0,0,0
UNY50411,0,0,0,0,0
UYD60058,1,1,1,1,1
UYD59387,1,1,1,1,1
WNV45964,0,0,0,0,0
WPK42298,0,0,0,0,0
WPK42008,0,0,0,0,0
WPK38562,0,0,0,0,0
WPK38118,0,0,0,0,0
WPK37843,0,0,0,0,0
WPK37709,0,0,0,0,0
WPK37349,0,0,0,0,0
WPK33125,0,0,0,0,0
WPK33056,0,0,0,0,0
WPK30751,0,0,0,0,0
WPK18152,1,1,1,1,1
WPK17718,1,1,1,0,0
WPJ72144,1,1,1,1,1
WPJ71756,1,1,1,1,1
WPJ71755,0,0,0,0,0
WPJ71487,1,1,1,1,1
WPJ71486,0,0,0,0,0
WPJ71219,1,1,1,1,1
WPJ71218,0,0,0,0,0
WPJ70693,1,1,1,1,1
WPJ70692,0,0,0,0,0
WPJ70647,0,0,0,0,0
WPJ70471,1,1,1,1,1
WPJ70370,0,0,0,0,0
WPJ70271,0,0,0,0,0
WPJ70189,0,0,0,0,0
WPJ69057,0,0,0,0,0
WPJ21291,1,1,1,1,1
WPJ20632,0,0,0,0,0
WPH67458,0,0,0,0,0
WPH67316,0,0,1,0,0
WPH65160,0,0,0,0,0
WPH64711,0,0,0,0,0
WPH61066,0,0,0,0,0
WPH60355,1,1,1,0,0
WPH58923,1,1,1,0,0
WPH58814,0,0,0,0,0
WPH58729,0,0,0,0,0
WPH58639,0,0,0,0,0
WPH58411,1,1,1,0,0
WPH58212,1,1,1,0,0
WPH58110,0,0,0,0,0
BEU75481,1,1,1,0,0
BEU75324,0,0,1,0,0
BEU75322,0,0,1,0,0
WMU08004,1,1,1,0,0
WAX23347,1,1,1,0,0
WPD58321,0,0,0,0,0
WNM51361,0,0,1,0,0
WNM51357,0,0,0,0,0
WNM51104,0,0,1,0,0
WNM51101,0,0,0,0,0
WNM50664,0,0,0,0,0
WNM50662,0,0,1,0,0
WNM50416,0,0,1,0,0
WMI31754,1,1,1,0,0
WAB58352,0,0,0,0,0
WAB58120,0,0,0,0,0
WAB57943,0,0,0,0,0
WAB57833,0,0,0,0,0
WAB57717,0,0,0,0,0
WAB57429,0,0,0,0,0
WAB57310,0,0,0,0,0
WAB57173,0,0,0,0,0
WAB56918,0,0,0,0,0
WAB56804,0,0,0,0,0
WMM95776,0,0,0,0,0
WMM95679,0,0,0,0,0
WMM95584,0,0,0,0,0
WMM95424,0,0,0,0,0
WMM95366,0,0,0,0,0
WMM95104,0,0,0,0,0
WMM94999,0,0,0,0,0
WMM94944,0,0,0,0,0
WOZ56556,1,1,1,1,1
WOZ17414,1,1,1,0,0
WOZ15075,0,0,0,0,0
P14819,0,0,0,0,0
WBF79411,0,0,0,0,0
UZV40368,0,0,0,0,0
WNN95826,0,0,0,0,0
WJN65000,0,0,1,0,0
WJN64897,0,0,0,0,0
WJN64831,0,0,1,0,0
WJN64721,0,0,1,0,0
WJN64493,0,0,0,0,0
WJN64354,0,0,1,0,0
WJN64288,0,0,0,0,0
WJN64238,0,0,0,0,0
WJN64133,0,0,0,0,0
WJN64055,0,0,0,0,0
WJN64005,0,0,0,0,0
WJN63899,0,0,0,0,0
WJN63832,0,0,0,0,0
WJN63737,0,0,0,0,0
WJN63673,0,0,0,0,0
QOC59539,0,0,0,0,0
WOL31373,0,0,1,0,0
WOL24921,1,1,1,1,1
WOL24489,0,0,1,0,0
QEG11013,1,1,1,1,1
WOF01167,1,1,1,1,1
WNY15177,0,0,0,0,0
UGL60418,0,0,0,0,0
UGL60147,1,1,1,0,1
BES79918,0,0,0,0,0
WNV47852,0,0,0,0,0
WNV46102,0,0,0,0,0
WNV45487,0,0,0,0,0
WNT48295,0,0,0,0,0
WNT45508,0,0,0,0,0
WNT45320,0,0,0,0,0
WNT45203,0,0,0,0,0
WNT44866,0,0,0,0,0
WNT44282,0,0,0,0,0
WNV48912,0,0,0,0,0
WNV48544,0,0,0,0,0
WNO29881,1,1,1,0,0
WNO28554,1,1,1,0,0
WNO28305,0,0,0,0,0
WNO28078,1,1,1,0,0
WNO27726,0,0,0,0,0
WNO27273,0,0,0,0,0
WNO26762,0,0,0,0,0
WNO26555,0,0,0,0,0
WNO26192,1,1,1,0,0
WNO25796,0,0,0,0,0
WNN96154,0,0,0,0,0
WNN96063,0,0,0,0,0
WNN95917,0,0,0,0,0
WNN95781,0,0,0,0,0
WNN95444,1,1,1,0,0
WNN95233,0,0,0,0,0
WNN94946,1,1,1,0,0
WNN94651,0,0,1,0,0
WNN94472,0,0,0,0,0
WNN94196,0,0,0,0,0
WNN94099,0,0,0,0,0
WNN93927,0,0,0,0,0
WNN93833,0,0,0,0,0
WNM75684,0,0,0,0,0
WNM75588,0,0,0,0,0
WNM75502,0,0,0,0,0
WNM75178,0,0,0,0,0
WNM75078,0,0,0,0,0
WNM74744,1,1,1,0,0
WNM74375,0,0,0,0,0
WNM74238,0,0,0,0,0
WNM73949,1,1,1,0,0
WNM73673,1,1,1,0,0
WNM72963,1,1,1,0,0
WNM72694,0,0,0,0,0
WNM72354,0,0,0,0,0
WNM72190,0,0,0,0,0
WNM70659,0,0,1,0,0
WNM68186,0,0,0,0,0
WNM68090,0,0,0,0,0
WNM68004,0,0,0,0,0
WNM67123,1,1,1,0,0
WNM66796,0,0,0,0,0
WNM66725,0,0,0,0,0
WNM65277,0,0,0,0,0
WNL63457,0,0,0,0,0
WNL50962,1,1,1,0,0
WNL49442,0,0,0,0,0
WNL49145,0,0,0,0,0
WNA13670,0,0,1,0,0
WMX18885,0,0,0,0,0
WMX18684,0,0,0,0,0
QWM91131,0,0,0,0,0
QWM90999,0,0,0,0,0
QWM90716,0,0,0,0,0
QWM91441,0,0,0,0,0
QWM91339,0,0,0,0,0
QWM91259,0,0,0,0,0
QWM91030,0,0,0,0,0
QWM90888,0,0,0,0,0
QWM90798,0,0,0,0,0
QOR60026,0,0,0,0,0
QOR59977,0,0,0,0,0
QOR57931,0,0,0,0,0
QOR57907,0,0,0,0,0
QOR57844,0,0,0,0,0
QOR57821,0,0,0,0,0
QOR57759,0,0,0,0,0
QOR57734,0,0,0,0,0
QOR57641,0,0,0,0,0
QOR57617,0,0,0,0,0
QOR57563,0,0,0,0,0
QOR57496,0,0,0,0,0
QOR57445,0,0,0,0,0
QOR57415,0,0,0,0,0
QOR57342,0,0,0,0,0
QOR57314,0,0,0,0,0
QOR57189,0,0,0,0,0
QOR57171,0,0,0,0,0
QOR57019,0,0,0,0,0
QOR56939,0,0,0,0,0
QOR56874,0,0,0,0,0
QOR56737,0,0,0,0,0
QOR56714,0,0,0,0,0
O64257,0,0,0,0,0
CAJ1887602,0,0,0,0,0
CAJ1762137,0,0,0,0,0
WMU95541,0,0,0,0,0
WMT83758,0,0,0,0,0
WMT83706,0,0,0,0,0
WMT83654,0,0,0,0,0
WHM53021,0,0,0,0,0
WDS51879,1,1,1,0,0
USL85923,1,1,1,1,1
WMI37014,0,0,0,0,0
WMI36893,0,0,0,0,0
WMI36703,0,0,0,0,0
WMI34761,0,0,0,0,0
WMI34556,0,0,0,0,0
WMI33697,1,0,1,0,0
WMI33460,0,0,1,0,0
WMI33358,0,0,0,0,0
WAB10541,0,0,0,0,0
WAB10252,0,0,0,0,0
WAB09919,0,0,0,0,0
WAB09651,0,0,0,0,0
WAB09387,0,0,0,0,0
WAB08822,0,0,0,0,0
WAA19949,0,0,0,0,0
UYL86985,0,0,0,0,0
UYE90086,0,0,0,0,0
UXE05484,0,0,0,0,0
UXE05112,0,0,0,0,0
UXE04061,0,0,0,0,0
UXE03772,0,0,0,0,0
UXE03379,0,0,0,0,0
UXE03138,0,0,0,0,0
UVK64370,0,0,0,0,0
UVK64283,0,0,0,0,0
UVK64190,0,0,0,0,0
UVK64115,0,0,0,0,0
UVK63360,0,0,0,0,0
UVK62977,0,0,0,0,0
UVK61175,1,1,1,0,0
UVK60931,1,1,1,0,0
UVK60615,0,0,0,0,0
UVK59985,1,1,1,0,0
UVK59788,0,0,0,0,0
UVK59189,0,0,0,0,0
UVK58818,0,0,0,0,0
UVG34600,0,0,0,0,0
UVF60931,0,0,0,0,0
UVD40589,0,0,0,0,0
UVD39823,0,0,0,0,0
UVD39658,0,0,0,0,0
UUG69633,0,0,0,0,0
UUG69396,0,0,1,0,0
UTN93060,0,0,1,0,0
UTN92835,1,1,1,0,0
UTN92319,0,0,1,0,0
UTN91884,0,0,0,0,0
UTN91429,0,0,0,0,0
USL89191,0,0,0,0,0
USL89053,0,0,0,0,0
USH44781,0,0,0,0,0
USH44423,0,0,0,0,0
URQ04679,0,0,1,0,0
URQ04592,0,0,0,0,0
URP22461,0,0,0,0,0
URM88015,0,0,0,0,0
UQS94640,0,0,0,0,0
UOW93514,1,1,1,0,0
UOW92712,0,0,0,0,0
UOK18128,0,0,0,0,0
UMO76276,1,1,1,0,0
UMO76181,0,0,0,0,0
UJQ86983,0,0,0,0,0
UJQ86392,0,0,0,0,0
UJQ86134,0,0,0,0,0
UJE15529,0,0,0,0,0
UIW13385,0,0,0,0,0
UGL63081,1,1,1,0,0
UGL61788,0,0,0,0,0
UEM46630,0,0,0,0,0
UDL16167,0,0,0,0,0
UDG78837,0,0,0,0,0
UAW09324,0,0,0,0,0
UAW08938,0,0,0,0,0
UAW08724,0,0,0,0,0
UAW08223,0,0,0,0,0
UAJ16575,0,0,0,0,0
UAJ16397,0,0,0,0,0
UAJ15567,0,0,0,0,0
UAJ15329,1,1,1,0,0
QZE11660,0,0,1,0,0
QZE11430,0,0,1,0,0
QZE11203,0,0,1,0,0
QZE10969,0,0,0,0,0
QZE10508,1,1,1,0,0
QZD99160,0,0,0,0,0
QZD98724,0,0,0,0,0
QZD98248,0,0,0,0,0
QZD97044,0,0,0,0,0
QZD96955,1,1,1,0,0
QYW07426,0,0,0,0,0
QYW01588,0,0,0,0,0
QYW01269,0,0,0,0,0
QYC54757,1,1,1,0,0
QYC54075,0,0,0,0,0
QXO14821,0,0,0,0,0
QXO13900,0,0,0,0,0
QXO13345,0,0,0,0,0
QXN74767,0,0,0,0,0
QXN74538,0,0,0,0,0
QXN74264,0,0,0,0,0
QXN74097,0,0,0,0,0
QXN73901,0,0,0,0,0
QXN73627,0,0,0,0,0
QXN73161,0,0,0,0,0
QXN72944,0,0,0,0,0
QWY82807,0,0,0,0,0
QWY82553,0,0,0,0,0
QWY82046,0,0,0,0,0
QWY81366,0,0,0,0,0
QWY81078,0,0,0,0,0
QWY79606,0,0,0,0,0
QWT29955,0,0,1,0,0
QWT29749,0,0,0,0,0
QWS69799,0,0,0,0,0
QWS69637,0,0,0,0,0
QWS69555,0,0,0,0,0
QWS69344,0,0,0,0,0
QWS69257,0,0,0,0,0
QWS68163,0,0,0,0,0
QWS67857,0,0,0,0,0
QUE25745,0,0,0,0,0
QTF81489,0,0,0,0,0
QRI45771,1,1,1,0,0
QRI45208,0,0,0,0,0
QRI44882,0,0,0,0,0
QQV93051,0,0,0,0,0
QQV92856,0,0,0,0,0
QQV92432,0,0,1,0,0
QQO39957,0,0,0,0,0
QQO39751,0,0,1,0,0
QQM15298,0,0,0,0,0
QQM15140,0,0,0,0,0
QPX61992,0,0,0,0,0
QPL14851,1,1,1,0,0
QPL14269,0,0,0,0,0
QPL13722,1,1,1,0,0
QOP66842,0,0,0,0,0
QOP66450,0,0,0,0,0
QOP66115,0,0,0,0,0
QOP65935,0,0,0,0,0
QOP65705,0,0,0,0,0
QOP65502,0,0,0,0,0
QOI67463,0,0,1,0,0
QOI67112,0,0,0,0,0
QOC58403,0,0,0,0,0
QOC56826,0,0,0,0,0
QOC55825,0,0,0,0,0
QNO12793,0,0,0,0,0
QNN99168,0,0,1,0,0
QNL30918,0,0,0,0,0
QNL30421,0,0,0,0,0
QNL29916,0,0,0,0,0
QNJ59704,0,0,0,0,0
QNJ58192,0,0,0,0,0
QNJ57016,0,0,0,0,0
QNJ56633,0,0,0,0,0
QNJ55883,0,0,0,0,0
QNJ55768,0,0,0,0,0
QLF84945,0,0,0,0,0
QLF84780,1,1,1,0,0
QLF84634,0,0,0,0,0
QLF84476,0,0,0,0,0
QLF84018,0,0,0,0,0
QLF83584,1,1,1,0,0
QLF83578,0,0,0,0,0
QLF83337,1,1,1,0,0
QLF82813,0,0,0,0,0
QKY80133,0,0,0,0,0
QKY79879,0,0,0,0,0
QKY78859,0,0,0,0,0
QKW95537,0,0,0,0,0
QKO03157,0,0,0,0,0
QKO02974,0,0,0,0,0
QKO02724,0,0,0,0,0
QKO02600,0,0,0,0,0
QKO02539,0,0,0,0,0
QKO02459,0,0,0,0,0
QKN87852,0,0,0,0,0
QJD53541,0,0,0,0,0
QJD53295,0,0,0,0,0
QJD53187,0,0,0,0,0
QJD52719,0,0,0,0,0
QJD52625,0,0,0,0,0
QJD52533,0,0,0,0,0
QJD52451,0,0,0,0,0
QJD52275,0,0,0,0,0
QJD52195,0,0,0,0,0
QJD52116,0,0,0,0,0
QJD52038,0,0,0,0,0
QJD51951,0,0,0,0,0
QJD51859,0,0,0,0,0
QJD50830,1,1,1,0,0
QJD50602,0,0,0,0,0
QJD50181,0,0,0,0,0
QJD49850,0,0,0,0,0
QIQ63651,0,0,0,0,0
QIQ63554,1,1,1,0,0
QIQ63238,1,1,1,0,0
QIQ62950,1,0,1,0,0
QIQ62589,0,0,0,0,0
QIN94618,1,1,1,0,0
QIN94053,1,1,1,0,0
QIN93790,0,0,0,0,0
QIG61662,0,0,0,0,0
QIG59078,0,0,0,0,0
QIG58365,1,1,1,0,0
QHJ86576,0,0,0,0,0
QHB41244,0,0,0,0,0
QHB38423,0,0,0,0,0
QHB38333,0,0,0,0,0
QHB38092,0,0,0,0,0
QHB38001,0,0,0,0,0
QHB37727,0,0,0,0,0
QHB37682,0,0,0,0,0
QHB37637,0,0,0,0,0
QHB37592,0,0,0,0,0
QHB37546,0,0,0,0,0
QHB37123,0,0,0,0,0
QHB36970,0,0,0,0,0
QHB36821,0,0,0,0,0
QHB36684,0,0,0,0,0
QHB36570,0,0,0,0,0
QGZ16865,0,0,0,0,0
QGZ16482,0,0,0,0,0
QGZ13673,0,0,0,0,0
QGZ13579,0,0,0,0,0
QGJ97344,0,0,0,0,0
QGJ97116,0,0,0,0,0
QGJ95931,0,0,0,0,0
QGJ95422,1,1,1,0,0
QGJ94940,1,1,1,0,0
QGJ94833,0,0,0,0,0
QGJ94737,0,0,0,0,0
QGJ94644,1,1,1,0,0
QGJ93781,0,0,0,0,0
QGJ92854,0,0,0,0,0
QGJ91677,0,0,0,0,0
QGJ91552,0,0,0,0,0
QGJ91361,0,0,0,0,0
QGJ90966,0,0,0,0,0
QGJ90762,0,0,0,0,0
QGJ90670,0,0,0,0,0
QGJ90591,0,0,0,0,0
QGJ90501,0,0,0,0,0
QGJ90212,0,0,0,0,0
QGJ89860,0,0,0,0,0
QGJ89768,0,0,0,0,0
QGJ89376,0,0,0,0,0
QGJ89297,0,0,0,0,0
QGJ89206,0,0,0,0,0
QGJ89016,0,0,0,0,0
QGJ88824,0,0,0,0,0
QGJ88721,0,0,0,0,0
QGJ88547,0,0,0,0,0
QGJ88344,0,0,0,0,0
QGJ87954,0,0,0,0,0
QGJ87869,0,0,0,0,0
QGJ87793,0,0,0,0,0
QGH80538,0,0,0,0,0
QGH80255,0,0,0,0,0
QGH79746,0,0,0,0,0
QGH79394,0,0,1,0,0
QGH75693,0,0,0,0,0
QGH73927,0,0,0,0,0
QGH75492,0,0,0,0,0
QGH75405,0,0,0,0,0
QGH75081,0,0,0,0,0
QFP98205,1,1,1,0,0
QFP97398,1,1,1,0,0
QFP97286,1,1,1,0,0
QFP96759,0,0,0,0,0
QFP95730,0,0,0,0,0
QFP95547,0,0,0,0,0
QFP95307,0,0,0,0,0
QFP95202,0,0,0,0,0
QFP95141,0,0,0,0,0
QFP94558,0,0,0,0,0
QFG14978,0,0,0,0,0
QFG13178,0,0,0,0,0
QFG12999,0,0,0,0,0
QFG12569,0,0,0,0,0
QFG12448,0,0,0,0,0
QFG11868,0,0,0,0,0
QFG11584,0,0,0,0,0
QFG10703,0,0,0,0,0
QFG10430,0,0,0,0,0
QFG09515,0,0,0,0,0
QFG08851,0,0,0,0,0
QFG08648,0,0,0,0,0
QFG08032,0,0,0,0,0
QFG07946,0,0,0,0,0
QFG07867,0,0,1,0,0
QFG05045,0,0,0,0,0
QFG04642,0,0,0,0,0
QEQ94068,0,0,0,0,0
QEA11522,0,0,0,0,0
QEA11347,0,0,0,0,0
QDP45368,0,0,0,0,0
QDP44929,0,0,0,0,0
QDP44798,0,0,0,0,0
QDP44649,0,0,0,0,0
QDP44344,0,0,0,0,0
QDM57795,0,0,0,0,0
QDM57650,0,0,0,0,0
QDM57270,0,0,0,0,0
QDM56645,0,0,0,0,0
QDM56251,0,0,0,0,0
QDM55727,0,0,0,0,0
QDK03967,0,0,0,0,0
QDK03760,0,0,0,0,0
QDK03506,0,0,0,0,0
QDK03400,0,0,0,0,0
QDK03205,0,0,0,0,0
QDK03146,0,0,0,0,0
QDK02522,0,0,0,0,0
QDK02173,1,1,1,0,0
QDK01842,1,1,1,0,0
QDH93022,0,0,0,0,0
QDH91983,1,1,1,0,0
QDH91796,1,1,1,0,0
QDH85085,0,0,0,0,0
QDH47882,0,0,0,0,0
QDF20173,0,0,0,0,0
QDF18872,1,1,1,0,0
QDF18640,1,1,1,0,0
QDF18460,0,0,0,0,0
QDF17732,1,1,1,0,0
QDF17065,0,0,0,0,0
QDF16145,0,0,0,0,0
QDF15851,0,0,0,0,0
QDB74215,0,0,0,0,0
QCW22800,0,0,0,0,0
QCW22712,0,0,0,0,0
QCW22063,0,0,0,0,0
QCG77388,0,0,0,0,0
QCG76918,0,0,0,0,0
QCG78076,1,1,1,0,0
QCG76828,0,0,0,0,0
QBZ72346,1,1,1,0,0
QBP32540,0,0,0,0,0
QBP32445,0,0,0,0,0
QBP32364,0,0,0,0,0
QBP32274,0,0,0,0,0
QBP32181,0,0,0,0,0
QBP32092,0,0,0,0,0
QBP31449,0,0,0,0,0
QBP31357,0,0,0,0,0
QBP31269,0,0,0,0,0
QBP31084,0,0,0,0,0
QBP29967,0,0,0,0,0
QBP29528,0,0,0,0,0
QBP29445,0,0,0,0,0
QBP29352,0,0,0,0,0
QBP29263,0,0,0,0,0
QBP28969,0,0,0,0,0
QBP28815,0,0,0,0,0
QBP28728,0,0,0,0,0
QBJ05014,1,1,1,0,0
QBJ04871,0,0,0,0,0
QBJ01153,0,0,0,0,0
QBJ00254,0,0,0,0,0
QBJ00095,0,0,0,0,0
QBI99867,0,0,0,0,0
QBI99513,0,0,0,0,0
QBI99446,0,0,0,0,0
QBI99333,0,0,0,0,0
QBI99093,0,0,0,0,0
QBI98768,0,0,0,0,0
QBI98528,0,0,0,0,0
QBI98436,0,0,0,0,0
QBI98236,0,0,0,0,0
QBI97895,0,0,0,0,0
QBI97812,0,0,0,0,0
QBI97591,0,0,0,0,0
QBI97220,0,0,0,0,0
QBI97033,0,0,0,0,0
QBI96947,0,0,0,0,0
QBI96669,0,0,0,0,0
QBI96571,0,0,0,0,0
QBI96386,0,0,0,0,0
QAY17852,0,0,0,0,0
QAY17716,0,0,0,0,0
QAY17503,0,0,0,0,0
QAY17310,0,0,0,0,0
QAY17238,0,0,0,0,0
QAY16605,1,1,1,0,0
QAY15940,0,0,0,0,0
QAY15859,0,0,0,0,0
QAY15778,0,0,0,0,0
QAY15694,0,0,0,0,0
QAY14237,0,0,0,0,0
QAY13590,0,0,0,0,0
QAY13275,0,0,0,0,0
QAY12960,0,0,0,0,0
QAY10675,0,0,0,0,0
QAY10586,0,0,0,0,0
QAY08636,0,0,0,0,0
QAY07375,0,0,0,0,0
QAY07054,0,0,0,0,0
QAY06970,0,0,0,0,0
QAY06644,1,1,1,0,0
QAY06206,0,0,0,0,0
QAY05707,0,0,0,0,0
QAY05392,0,0,0,0,0
QAY05299,1,1,1,0,0
QAY04361,0,0,0,0,0
QAY03932,0,0,0,0,0
QAY03843,0,0,0,0,0
QAY03761,0,0,0,0,0
QAY03609,0,0,0,0,0
QAY03174,0,0,0,0,0
QAY03081,0,0,0,0,0
QAY02994,0,0,0,0,0
QAX95488,0,0,0,0,0
QAX93223,0,0,0,0,0
AZV00861,0,0,0,0,0
AZV00628,0,0,0,0,0
AZV00556,0,0,0,0,0
AZU97143,0,0,1,0,0
AZS12964,0,0,0,0,0
AZS12038,0,0,0,0,0
AZS11949,0,0,0,0,0
AZS11675,0,0,0,0,0
AZS08267,0,0,0,0,0
AZS07482,0,0,0,0,0
AZF98377,0,0,0,0,0
AZF98229,0,0,0,0,0
AZF97251,0,0,0,0,0
AZF96838,0,0,0,0,0
AZF93960,0,0,0,0,0
AZF93545,0,0,0,0,0
AZF93453,0,0,0,0,0
AYR03443,0,0,0,0,0
AYR01440,1,1,1,0,0
AYR00228,1,1,1,0,0
AYR00046,0,0,0,0,0
AYQ99795,1,1,1,0,0
AYQ99288,1,1,1,0,0
AYQ99101,1,1,1,0,0
AYD87188,0,0,0,0,0
AYD87093,0,0,0,0,0
AYD87007,0,0,0,0,0
AYD86618,0,0,0,0,0
AYD86343,0,0,0,0,0
AYD84885,0,0,0,0,0
AYD83829,1,1,1,0,0
AYD81038,0,0,0,0,0
AYB70922,1,1,1,0,0
AYB70325,1,1,1,0,0
AYB70816,0,0,0,0,0
AYB69991,0,0,0,0,0
AYB69626,0,0,0,0,0
AXY85932,1,1,1,0,0
AXQ65234,0,0,0,0,0
AXQ64981,0,0,0,0,0
AXQ64317,0,0,0,0,0
AXQ64236,0,0,0,0,0
AXQ63711,1,1,1,0,0
AXQ63582,0,0,0,0,0
AXQ63335,0,0,1,0,0
AXQ63157,0,0,0,0,0
AXQ62549,0,0,0,0,0
AXQ62361,0,0,0,0,0
AXQ61904,0,0,0,0,0
AXQ61794,0,0,0,0,0
AXQ61698,0,0,0,0,0
AXQ61092,0,0,0,0,0
AXQ60917,1,1,1,0,0
AXQ52994,0,0,0,0,0
AXQ52895,0,0,0,0,0
AXQ52838,0,0,0,0,0
AXQ52372,0,0,0,0,0
AXQ52141,0,0,0,0,0
AXQ51976,0,0,0,0,0
AXQ51342,0,0,0,0,0
AXN54000,1,1,1,0,0
AXN53133,0,0,0,0,0
AXN53041,0,0,0,0,0
AXH70241,0,0,0,0,0
AXH69396,0,0,0,0,0
AXH68777,0,0,1,0,0
AXH68586,1,1,1,0,0
AXH68084,0,0,0,0,0
AXH67989,0,0,0,0,0
AXH67673,0,0,0,0,0
AXH66009,0,0,0,0,0
AXH65773,1,1,1,0,0
AXH65522,1,1,1,0,0
AXH65306,0,0,0,0,0
AXH48931,0,0,0,0,0
AXH48839,0,0,0,0,0
AXH48743,1,1,1,0,0
AXH48292,1,1,1,0,0
AXH47962,0,0,0,0,0
AXH47872,0,0,0,0,0
AXH47658,1,1,1,0,0
AXH47525,0,0,0,0,0
AXH50892,1,1,1,0,0
AXH50746,0,0,0,0,0
AXH50647,1,1,1,0,0
AXH50437,0,0,0,0,0
AXH49926,1,1,1,0,0
AXH49618,0,0,0,0,0
AXH49528,0,0,0,0,0
AXH49442,0,0,0,0,0
AXH49207,0,0,1,0,0
AXH49130,0,0,0,0,0
AXH47001,0,0,0,0,0
AXH46803,0,0,0,0,0
AXH46198,0,0,0,0,0
AXH45634,0,0,0,0,0
AXH45455,0,0,0,0,0
AXH45234,0,0,0,0,0
AXH45012,0,0,0,0,0
AXH44845,0,0,0,0,0
AXH44695,0,0,0,0,0
AXH44524,0,0,0,0,0
AXH44116,0,0,0,0,0
AXH43662,0,0,0,0,0
AXG66182,0,0,1,0,0
AXF51862,0,0,0,0,0
AXF51781,0,0,0,0,0
AXC38217,0,0,0,0,0
AXC37834,1,1,1,0,0
AXC37690,0,0,0,0,0
AXC37493,1,1,1,0,0
AXC36077,0,0,0,0,0
AXC35960,1,1,1,0,0
AXC35923,0,0,0,0,0
AXC35175,0,0,0,0,0
AXC35080,0,0,0,0,0
AXC33792,0,0,0,0,0
AXC33707,0,0,0,0,0
AXC33622,0,0,0,0,0
AXC33526,0,0,0,0,0
AXC33426,0,0,0,0,0
AXC33336,0,0,0,0,0
AXC33249,0,0,0,0,0
AWY10033,1,1,1,0,0
AWY07602,0,0,0,0,0
AWY07537,0,0,1,0,0
AWY07455,0,0,0,0,0
AWY07372,0,0,1,0,0
AWY07292,0,0,1,0,0
AWY03890,0,0,0,0,0
AWY03678,0,0,0,0,0
AWY03596,0,0,0,0,0
AWY03501,0,0,0,0,0
AWN07762,0,0,0,0,0
AWN07630,0,0,0,0,0
AWN07554,0,0,0,0,0
AWN07479,0,0,0,0,0
AWN07404,0,0,0,0,0
AWN07330,0,0,0,0,0
AWN07254,0,0,0,0,0
AWN06077,0,0,0,0,0
AWN05834,0,0,0,0,0
AWN05742,0,0,0,0,0
AWN05266,0,0,0,0,0
AWN04789,0,0,0,0,0
AWN04449,1,1,1,0,0
AWN03942,1,1,1,0,0
AWN02576,0,0,0,0,0
AWN02489,0,0,0,0,0
AWN02396,0,0,0,0,0
AWH14213,0,0,0,0,0
AWH13961,0,0,0,0,0
AWH13586,0,0,0,0,0
AWD93426,0,0,0,0,0
AVR77477,0,0,0,0,0
AVR77016,0,0,0,0,0
AVR76926,0,0,0,0,0
AVR76837,0,0,0,0,0
AVR76453,0,0,0,0,0
AVR76367,0,0,0,0,0
AVR57138,0,0,0,0,0
AVR57049,0,0,0,0,0
AVP43066,0,0,0,0,0
AVP42981,0,0,0,0,0
AVP42897,1,1,1,0,0
AVP42552,0,0,0,0,0
AVP42224,0,0,0,0,0
AVP42016,0,0,0,0,0
AVP41914,0,0,0,0,0
AVP41826,0,0,0,0,0
AVO25765,0,0,0,0,0
AVO25670,0,0,0,0,0
AVO25487,0,0,0,0,0
AVO25013,1,1,1,0,0
AVO23590,1,1,1,0,0
AVO23464,0,0,0,0,0
AVO22518,0,0,0,0,0
AVO22459,0,0,0,0,0
AVO22379,0,0,0,0,0
AVO22104,0,0,0,0,0
AVO21668,0,0,0,0,0
AVJ51570,0,0,0,0,0
AVJ51416,0,0,0,0,0
AVJ51325,0,0,0,0,0
AVJ51114,0,0,0,0,0
AVJ50811,0,0,0,0,0
AVJ50442,0,0,0,0,0
AVJ49869,0,0,0,0,0
AVJ49714,0,0,0,0,0
AVJ49625,0,0,0,0,0
AVJ49529,0,0,0,0,0
AVJ49170,0,0,0,0,0
AVJ48689,1,1,1,0,0
AVJ48458,1,1,1,0,0
AVI04780,1,1,1,0,0
AVI04571,1,1,1,0,0
AVI04405,0,0,0,0,0
AVI04318,0,0,0,0,0
AVI04177,0,0,0,0,0
AVI04008,1,1,1,0,0
AVI03870,0,0,0,0,0
AVI03777,0,0,0,0,0
AVI03601,0,0,0,0,0
AVI03488,1,1,1,0,0
AVI03350,1,1,1,0,0
AVE00417,0,0,0,0,0
AVE00261,0,0,0,0,0
AVE00152,1,1,1,0,0
AVD99262,1,1,1,0,0
AUX83058,0,0,0,0,0
AUX82447,0,0,0,0,0
AUX82360,0,0,0,0,0
AUX82089,0,0,0,0,0
AUX81807,0,0,0,0,0
AUV60564,0,0,0,0,0
AUG87222,0,0,0,0,0
ATW60933,0,0,0,0,0
ATW60665,0,0,0,0,0
ATW60363,0,0,0,0,0
ATW60199,0,0,0,0,0
ATW59847,0,0,0,0,0
ATW59758,0,0,0,0,0
ATW59665,1,1,1,0,0
ATW61312,0,0,0,0,0
ATS92985,0,0,0,0,0
ATS92718,1,1,1,0,0
ASZ74919,0,0,1,0,0
ATN92677,1,1,1,0,0
ATN92533,1,1,1,0,0
ATN92301,0,0,0,0,0
ATN92101,1,1,1,0,0
ATN91973,0,0,0,0,0
ATN91912,0,0,0,0,0
ATN91718,1,1,1,0,0
ATN91152,1,1,1,0,0
ATN90928,0,0,0,0,0
ATN90356,0,0,0,0,0
ATN90312,0,0,0,0,0
ATN89859,0,0,0,0,0
ATN89492,0,0,0,0,0
ATN89403,0,0,0,0,0
ATN89212,1,1,1,0,0
ATN89084,0,0,0,0,0
ATN88956,0,0,0,0,0
ATN88456,0,0,0,0,0
ATN88133,0,0,0,0,0
ATN87983,0,0,0,0,0
ATN87857,1,1,1,0,0
ATN87403,1,1,1,0,0
ATN87130,0,0,0,0,0
ATN87067,0,0,0,0,0
ATN94050,1,1,1,0,0
ATI18977,0,0,0,0,0
ATI18898,0,0,0,0,0
ATI18819,0,0,0,0,0
ATI18737,0,0,0,0,0
ATI18657,0,0,0,0,0
ATE85439,0,0,0,0,0
ATE85366,0,0,0,0,0
ATE85290,0,0,0,0,0
ATE85215,0,0,0,0,0
ATE85141,0,0,0,0,0
ATE85064,0,0,0,0,0
ATE84989,0,0,0,0,0
ATE84914,0,0,0,0,0
ATE84803,0,0,0,0,0
ASZ75498,0,0,0,0,0
ASZ75408,0,0,0,0,0
ASZ75233,0,0,0,0,0
ASZ74541,0,0,0,0,0
ASZ74216,0,0,0,0,0
ASZ74032,0,0,0,0,0
ASZ73953,0,0,0,0,0
ASZ73834,0,0,0,0,0
ASZ73696,0,0,0,0,0
ASZ73599,1,1,1,0,0
ASZ73053,0,0,0,0,0
ASZ72859,0,0,0,0,0
ASW31626,0,0,0,0,0
ASW31407,0,0,0,0,0
ASW31322,0,0,0,0,0
ASR86704,0,0,0,0,0
ASR86519,0,0,0,0,0
ASR86256,0,0,0,0,0
ASR86167,0,0,0,0,0
ASR77174,0,0,0,0,0
ASR75805,0,0,0,0,0
ASM62485,0,0,0,0,0
ASJ79779,0,0,0,0,0
ASJ79660,0,0,0,0,0
ARQ94628,0,0,0,0,0
ARM70654,0,0,0,0,0
AQY55738,0,0,0,0,0
AQY55733,0,0,0,0,0
AQY55656,0,0,0,0,0
AQY55651,0,0,0,0,0
AQY55479,0,0,0,0,0
AQT28465,0,0,0,0,0
AQT28241,0,0,0,0,0
AQP31057,0,0,0,0,0
AQP30833,1,1,1,0,0
APU02925,1,1,1,0,0
APQ42415,0,0,0,0,0
APQ42076,0,0,0,0,0
APQ41849,0,0,0,0,0
APM00185,0,0,0,0,0
APM00097,0,0,0,0,0
APM00009,0,0,0,0,0
APL99920,0,0,0,0,0
APL99832,0,0,0,0,0
APL99744,0,0,0,0,0
APL99656,0,0,0,0,0
APL99569,0,0,0,0,0
APD17757,0,0,0,0,0
APD17670,0,0,0,0,0
APD17581,0,0,0,0,0
APD17494,0,0,0,0,0
APD17410,0,0,0,0,0
APD17325,0,0,0,0,0
APD17211,1,1,1,0,0
APC46187,0,0,0,0,0
APC44243,0,0,0,0,0
APC44151,0,0,0,0,0
APC44061,1,1,1,0,0
APC43561,0,0,0,0,0
APC43471,0,0,0,0,0
APC43384,0,0,0,0,0
APC43214,0,0,0,0,0
APC43118,0,0,0,0,0
AOZ64837,0,0,0,0,0
AOZ64101,0,0,0,0,0
AOZ64011,0,0,0,0,0
AOZ63694,1,1,1,0,0
AOZ63534,1,1,1,0,0
AOZ62873,0,0,0,0,0
AOY12164,0,0,0,0,0
AOY12023,0,0,0,0,0
AOT27841,0,0,0,0,0
AOT27748,0,0,0,0,0
AOT27656,0,0,0,0,0
AOT27569,0,0,0,0,0
AOT27484,0,0,0,0,0
AOT26186,0,0,0,0,0
AOT26046,0,0,0,0,0
AOT25627,0,0,0,0,0
AOT25566,0,0,0,0,0
AOT25422,0,0,0,0,0
AOT24987,0,0,0,0,0
AOT24806,0,0,0,0,0
AOT24719,0,0,0,0,0
AOT24213,0,0,0,0,0
AOT23995,1,1,1,0,0
AOQ29401,0,0,0,0,0
AOQ29028,0,0,0,0,0
AOQ28185,0,0,0,0,0
AOQ28085,0,0,0,0,0
AOQ27990,0,0,0,0,0
AOQ27901,0,0,0,0,0
AOQ27802,0,0,0,0,0
AOQ27612,0,0,0,0,0
AOQ27127,0,0,0,0,0
AOQ27012,0,0,0,0,0
AOQ26969,0,0,0,0,0
AON96953,1,1,1,0,0
AOE44787,0,0,0,0,0
AOE44684,0,0,0,0,0
AOE44486,0,0,0,0,0
ANU79569,0,0,0,0,0
ANU79480,0,0,0,0,0
ANU79399,0,0,0,0,0
ANU79312,0,0,0,0,0
ANU79049,0,0,0,0,0
ANU78961,0,0,0,0,0
ANT42258,0,0,0,0,0
ANT42032,0,0,0,0,0
ANT41841,0,0,0,0,0
ANT41041,0,0,0,0,0
ANA87210,0,0,0,0,0
ANA87108,0,0,0,0,0
ANA87012,0,0,0,0,0
ANA85679,0,0,0,0,0
ANA85600,0,0,0,0,0
AMW64419,0,0,0,0,0
AMW64326,0,0,0,0,0
AMW64233,0,0,0,0,0
AMW64146,0,0,0,0,0
AMW64053,0,0,0,0,0
AMW63966,0,0,0,0,0
AMS01916,1,1,1,0,0
AMS01682,0,0,0,0,0
AMS01439,0,0,0,0,0
AMS01056,0,0,0,0,0
AMS00966,0,0,0,0,0
AMS00869,0,0,0,0,0
AMQ66904,0,0,0,0,0
AMQ66804,0,0,0,0,0
AMO44032,0,0,0,0,0
AMO43939,0,0,0,0,0
AMO43840,0,0,0,0,0
AMO43744,0,0,0,0,0
AMD43061,0,0,0,0,0
AMB18558,0,0,0,0,0
ALY10854,0,0,0,0,0
ALY10604,0,0,0,0,0
ALY09309,0,0,0,0,0
ALY07781,0,0,0,0,0
ALO79752,0,0,0,0,0
ALM02325,0,0,0,0,0
ALK87035,0,0,0,0,0
ALH46913,0,0,0,0,0
ALH46827,0,0,0,0,0
ALH46349,0,0,0,0,0
ALF51270,1,1,1,0,0
ALF51044,1,1,1,0,0
ALF02655,0,0,0,0,0
ALF02213,0,0,0,0,0
ALF01121,0,0,0,0,0
ALF01034,0,0,0,0,0
ALF00939,0,0,0,0,0
ALA46429,0,0,0,0,0
ALA11957,0,0,0,0,0
ALA11866,0,0,0,0,0
ALA11697,0,0,0,0,0
ALA07882,0,0,0,0,0
ALA06340,1,1,1,0,0
ALA06208,0,0,0,0,0
AKY03866,0,0,0,0,0
AKY03791,0,0,0,0,0
AKY03719,0,0,0,0,0
AKY03643,0,0,0,0,0
AKY03568,0,0,0,0,0
AKY03492,0,0,0,0,0
AKY03417,0,0,0,0,0
AKY03345,0,0,0,0,0
AKY02473,1,1,1,0,0
AKU45458,0,0,0,0,0
AKU44934,0,0,0,0,0
AKU42551,1,1,1,0,0
AKQ08113,1,1,1,0,0
AKQ07970,1,1,1,0,0
AKQ07645,0,0,0,0,0
AKG94855,0,0,0,0,0
AKG94746,1,1,1,0,0
AKF15146,1,1,1,0,0
AKF14829,0,0,0,0,0
AKF14235,0,0,0,0,0
AJD82567,0,0,0,0,0
AJD82485,0,0,0,0,0
AJA43637,0,0,0,0,0
AJA43545,0,0,0,0,0
AJA43457,0,0,0,0,0
AJA43277,0,0,0,0,0
AJA43081,0,0,0,0,0
AJA41943,0,0,0,0,0
AJA41852,0,0,0,0,0
AIY32501,0,0,0,0,0
AIY32226,0,0,0,0,0
AIX12858,1,1,1,0,0
AIW02961,0,0,0,0,0
AIW02454,0,0,0,0,0
AIT13542,0,0,0,0,0
AIT13384,0,0,0,0,0
AIT13207,0,0,0,0,0
AIT13102,0,0,0,0,0
AIS74146,0,0,0,0,0
AIS73830,0,0,0,0,0
AIS73738,0,0,0,0,0
AIS73643,0,0,0,0,0
AIM51209,0,0,0,0,0
AIM51119,0,0,0,0,0
AIM50023,0,0,0,0,0
AIK69356,0,0,0,0,0
AIK69098,0,0,0,0,0
AIK69018,0,0,0,0,0
AIK67784,0,0,0,0,0
AIK67674,0,0,0,0,0
AIK67463,0,0,0,0,0
AID58928,0,0,0,0,0
AID18260,1,1,1,0,0
AHZ95144,0,0,0,0,0
AHY27130,0,0,0,0,0
AHY27039,0,0,0,0,0
AHN84481,0,0,0,0,0
AHN84384,0,0,0,0,0
AHK12120,0,0,0,0,0
AHJ88720,0,0,0,0,0
AHG24289,0,0,0,0,0
AHG24197,0,0,0,0,0
AHG24108,0,0,0,0,0
AHG23853,0,0,0,0,0
AHG23679,0,0,0,0,0
AHG23589,0,0,0,0,0
AHB32062,1,1,1,0,0
AHB31841,0,0,0,0,0
AHB31577,1,1,1,0,0
AHB31429,1,1,1,0,0
AHB31283,1,1,1,0,0
AHB31137,1,1,1,0,0
AHB30066,0,0,0,0,0
AHB29964,0,0,0,0,0
AHB29862,0,0,0,0,0
AHB29763,0,0,0,0,0
AGV99902,1,1,1,0,0
AGV99664,1,1,1,0,0
AGU92269,0,0,0,0,0
AGT20593,0,0,0,0,0
AGT14319,0,0,0,0,0
AGT14220,1,1,1,0,0
AGT13857,0,0,0,0,0
AGT13788,1,1,1,0,0
AGT13336,0,0,0,0,0
AGT13242,1,1,1,0,0
AGT12577,0,0,0,0,0
AGT12267,0,0,0,0,0
AGT11851,0,0,0,0,0
AGS82749,0,0,0,0,0
AGS82442,0,0,0,0,0
AGR48954,1,1,1,0,0
AGR46482,0,0,0,0,0
AGM61586,0,0,0,0,0
AGM14029,1,1,1,0,0
AGM13861,1,1,1,0,0
AGM13650,1,1,1,0,0
AGM13479,1,1,1,0,0
AGM13140,1,1,1,0,0
AGM12854,1,1,1,0,0
AGM12212,0,0,0,0,0
AGM12134,0,0,0,0,0
AGM12058,0,0,0,0,0
AGK87992,0,0,0,0,0
AGK87804,1,1,1,0,0
AGK87803,0,0,0,0,0
AGK87543,0,0,0,0,0
AGK87352,0,0,0,0,0
AGK87265,0,0,0,0,0
AGK87180,0,0,0,0,0
AFU62089,0,0,0,0,0
AFU20766,0,0,0,0,0
AFU20687,0,0,0,0,0
AFU20598,0,0,0,0,0
AFU20514,0,0,0,0,0
AFT97947,0,0,0,0,0
AFT97901,0,0,0,0,0
AFT97856,0,0,0,0,0
AFT97809,0,0,0,0,0
AFT97764,0,0,0,0,0
AFT97717,0,0,0,0,0
AFT97672,0,0,0,0,0
AFT97627,0,0,0,0,0
AFT97580,0,0,0,0,0
AFT97534,0,0,0,0,0
AFT97488,0,0,0,0,0
AFQ97370,0,0,0,0,0
AFO10900,0,0,0,0,0
AFN37670,0,0,0,0,0
AFM54965,0,0,0,0,0
AFL48077,0,0,0,0,0
AFL47875,0,0,0,0,0
AFL46668,0,0,0,0,0
AFF28358,0,0,0,0,0
AER50302,0,0,0,0,0
AER49996,0,0,0,0,0
AER49904,0,0,0,0,0
AER48777,0,0,0,0,0
AER48351,0,0,0,0,0
AER48257,0,0,0,0,0
AER48155,0,0,0,0,0
AER47993,0,0,0,0,0
AER26456,0,0,0,0,0
AER26006,1,1,1,0,0
AER25773,1,1,1,0,0
AEO94507,0,0,0,0,0
AEO94307,0,0,0,0,0
AEN79801,1,1,1,0,0
AEM91704,0,0,0,0,0
AEM05924,0,0,0,0,0
AEL98128,1,1,1,0,0
AEL97853,0,0,0,0,0
AEL21854,1,1,1,0,0
AEL21712,1,1,1,0,0
AEL20165,0,0,0,0,0
AEL19898,0,0,0,0,0
AEL19812,0,0,0,0,0
AEL17893,0,0,0,0,0
AEL17799,0,0,0,0,0
AEK10555,0,0,0,0,0
AEK10363,0,0,0,0,0
AEK10182,1,1,1,0,0
AEK09784,0,0,0,0,0
AEK09529,0,0,0,0,0
AEK09356,0,0,0,0,0
AEK09261,0,0,0,0,0
AEK08965,1,1,1,0,0
AEK08715,0,0,0,0,0
AEK08511,0,0,0,0,0
AEK08415,1,1,1,0,0
AEK08205,0,0,0,0,0
AEK07727,0,0,0,0,0
AEK07428,0,0,0,0,0
AEK07342,0,0,0,0,0
AEK06970,1,1,1,0,0
AEK06655,1,1,1,0,0
AEJ95455,0,0,0,0,0
AEJ95164,0,0,0,0,0
AEJ95067,0,0,0,0,0
AEJ94543,0,0,0,0,0
AEJ93732,0,0,0,0,0
AEJ93635,0,0,0,0,0
AEJ93540,0,0,0,0,0
AEJ93450,0,0,0,0,0
AEJ93364,0,0,0,0,0
AEJ92632,1,1,1,0,0
AEJ92492,1,1,1,0,0
AEJ92367,0,0,0,0,0
AEJ92196,0,0,0,0,0
AEJ92051,0,0,0,0,0
AEJ91970,0,0,0,0,0
AEF57367,0,0,0,0,0
ADL71323,0,0,0,0,0
ADB93761,0,0,0,0,0
ADA83793,0,0,0,0,0
ACU42048,1,1,1,0,0
ACU41813,0,0,0,0,0
ACH62961,0,0,0,0,0
ACH62850,1,1,1,0,0
ACH62162,1,1,1,0,0
ACF34283,1,1,1,0,0
ACF33929,1,1,1,0,0
ACE80170,0,0,0,0,0
ACE80078,0,0,0,0,0
ACE79991,0,0,0,0,0
ACE79897,0,0,0,0,0
ACE79812,0,0,0,0,0
ABE67390,0,0,0,0,0
ABD58090,1,1,1,0,0
AAR89782,0,0,0,0,0
AAR89700,0,0,0,0,0
AAN12795,0,0,0,0,0
AAN07992,0,0,0,0,0
AAN01818,0,0,0,0,0
AAN01729,1,1,1,0,0
AAC18520,0,0,0,0,0
WLY86624,1,1,1,1,1
WLY86237,1,1,1,1,1
WLY86150,1,1,1,1,1
WLY85931,1,1,1,1,1
WLY85643,0,0,0,0,0
WMI32699,0,0,0,0,0
UNA01904,1,1,1,1,1
WLW41392,0,0,0,0,0
WLW41085,0,0,0,0,0
WLW40590,0,0,0,0,0
WLW38985,0,0,0,0,0
WLW38948,0,0,0,0,0
WLW38910,0,0,0,0,0
WLW38872,0,0,0,0,0
WLW38834,0,0,0,0,0
WLW38796,0,0,0,0,0
WLW38758,0,0,0,0,0
WLW38720,0,0,0,0,0
WLW38682,0,0,0,0,0
WLW38644,0,0,0,0,0
WLW38586,0,0,0,0,0
WLW38513,0,0,0,0,0
WLW38396,0,0,0,0,0
WLW37256,1,1,1,0,0
WLW37101,1,1,1,0,0
WLW36780,1,1,1,0,0
WKW87387,0,0,0,0,0
UUG68540,0,0,0,0,0
BAF36099,1,1,1,0,0
BAF36098,0,0,0,0,0
WLV27408,0,0,0,0,0
WGH49956,0,0,0,0,0
WGH49847,1,1,1,0,0
WGH49652,1,1,1,0,0
WLJ69887,0,0,0,0,0
WLJ26246,0,0,0,0,0
WLJ26188,0,0,0,0,0
WLJ25922,0,0,0,0,0
WLJ25866,0,0,0,0,0
WLJ25823,0,0,0,0,0
WLJ25709,0,0,0,0,0
WLJ25679,0,0,0,0,0
WLI71662,1,1,1,1,1
QGH77281,0,0,0,0,0
WLI92419,0,0,0,0,0
UXO93971,0,0,0,0,0
UHD87220,1,1,1,0,0
WKW88921,0,0,0,0,0
WKW86935,0,0,0,0,0
WKW86917,0,0,0,0,0
WKW86767,0,0,1,0,0
WKW85124,0,0,0,0,0
WKW85039,0,0,0,0,0
WKW84938,0,0,0,0,0
WKW84854,0,0,0,0,0
WBM23547,1,1,1,1,1
WJJ60664,0,0,0,0,0
WJJ60621,0,0,0,0,0
WJJ60529,0,0,0,0,0
WCZ56951,0,0,0,0,0
WCZ56887,0,0,0,0,0
WCZ56819,0,0,0,0,0
WCZ56764,0,0,0,0,0
WCZ56695,0,0,0,0,0
WCZ56631,0,0,0,0,0
WCZ56566,0,0,0,0,0
WCZ56499,0,0,0,0,0
WCZ56433,0,0,0,0,0
UUW39491,0,0,0,0,0
USL85419,0,0,0,0,0
UIS65459,0,0,0,0,0
WKW35318,0,0,0,0,0
WKW35199,0,0,0,0,0
WKV32846,1,1,1,0,0
WKV24221,0,0,0,0,0
WKV22974,1,1,1,1,1
WKV22771,0,0,0,0,0
WKV22133,0,0,0,0,0
WKV17130,0,0,0,0,0
WKV16795,0,0,0,0,0
WKM80407,1,1,1,1,1
WKK95812,1,1,1,1,1
WKK67889,0,0,0,0,0
WKN59823,1,1,1,1,1
WKC57522,0,0,0,0,0
WIC89862,0,0,0,0,0
WIC89591,0,0,0,0,0
WIC89204,0,0,0,0,0
WIC89017,0,0,0,0,0
WIC88965,0,0,0,0,0
WKC56069,0,0,1,0,0
WKB10190,0,0,0,0,0
CBZ42216,1,1,1,0,0
WJZ70188,1,1,1,0,0
WIW76963,0,0,0,0,0
WJZ48734,0,0,1,0,0
WJZ48606,0,0,0,0,0
WJZ48367,1,1,1,0,0
WJZ44411,1,1,1,0,0
WJZ23536,1,1,1,0,0
UZO33091,0,0,0,0,0
WJN63446,0,0,0,0,0
WJN63368,0,0,0,0,0
WJN63289,0,0,0,0,0
WJN63212,0,0,0,0,0
WJN63132,0,0,0,0,0
WJN63051,0,0,0,0,0
WJN62968,0,0,0,0,0
WJN62891,0,0,0,0,0
WJN62815,0,0,0,0,0
WJN62736,0,0,0,0,0
WJN62659,0,0,0,0,0
WJN62579,0,0,0,0,0
WIC41683,0,0,0,0,0
WFP47249,0,0,0,0,0
AYJ75996,1,1,1,0,0
AYJ75770,1,1,1,0,0
AYJ75370,1,1,1,0,0
AYJ75223,1,1,1,0,0
AYJ74142,1,1,1,0,0
WJJ60574,0,0,0,0,0
WJJ60464,0,0,0,0,0
WJJ60422,0,0,0,0,0
WJJ60371,0,0,0,0,0
WJJ60319,0,0,0,0,0
WJJ60285,0,0,0,0,0
WJJ60230,0,0,0,0,0
WJJ60182,0,0,0,0,0
WJJ60124,0,0,0,0,0
WJJ60086,0,0,0,0,0
WJJ60034,0,0,0,0,0
WJJ59924,0,0,0,0,0
WJJ59786,0,0,0,0,0
WJJ59738,0,0,0,0,0
WJJ59688,0,0,0,0,0
WJJ59649,0,0,0,0,0
WJJ59589,0,0,0,0,0
WJJ59533,0,0,0,0,0
WJJ59481,0,0,0,0,0
WJJ59360,0,0,0,0,0
WJJ58378,0,0,0,0,0
WJJ57361,0,0,0,0,0
WJJ57102,1,1,1,1,1
WJJ56649,0,0,0,0,0
WJJ56493,0,0,0,0,0
WJJ55742,0,0,0,0,0
WJJ54504,0,0,0,0,0
WJJ54340,0,0,0,0,0
WJJ54226,0,0,0,0,0
WJJ54027,1,1,1,1,1
WJE87915,1,1,1,1,1
WJJ57740,1,1,0,0,0
WJJ57688,1,1,0,0,0
AET72752,1,1,1,0,0
WIW36319,0,0,0,0,0
WIV79041,0,0,0,0,0
WIT94176,0,0,0,0,0
CAI9889052,0,0,0,0,0
CAI8690827,0,0,0,0,0
CAI9888935,0,0,0,0,0
DBA08604,0,0,0,0,0
WIL79648,0,0,1,0,0
WIL79476,0,0,0,0,0
WIL79295,0,0,1,0,0
WIL78720,0,0,0,0,0
WIL78539,0,0,1,0,0
WIL78233,0,0,0,0,0
WBF77874,0,0,0,0,0
UGO47028,1,1,1,1,1
QPX74464,1,1,1,0,1
WIL01946,0,0,0,0,0
WIL01900,1,1,1,1,1
WIL01222,0,0,0,0,0
WIF20584,0,0,0,0,0
WID30595,0,0,0,0,0
WIC40169,0,0,0,0,0
WIC39252,0,0,0,0,0
BEI45467,0,0,0,0,0
UYE98248,0,0,0,0,0
UYE98120,0,0,0,0,0
CAI9752491,0,1,1,0,0
CAI9752148,0,0,0,0,0
CAI9751023,0,0,0,0,0
CAI9750378,0,0,0,0,0
UZZ63980,0,0,0,0,0
UVK85876,0,0,0,0,0
UVK85834,0,0,0,0,0
WHS68334,0,0,0,0,0
WBL99177,1,1,1,0,1
WHS68438,0,0,0,0,0
WHM49643,0,0,0,0,0
WGL34766,0,0,0,0,0
BEH89596,0,0,0,0,0
BEH89071,0,0,0,0,0
BEH86311,0,0,0,0,0
BEH84602,0,0,0,0,0
BEH84511,0,0,0,0,0
BEH83344,0,0,0,0,0
YP_010845318,0,0,0,0,0
YP_010845256,0,0,0,0,0
YP_010845169,0,0,0,0,0
YP_010845066,0,0,0,0,0
YP_010844984,0,0,0,0,0
YP_010844941,0,0,0,0,0
YP_010844835,0,0,0,0,0
YP_010844774,0,0,0,0,0
YP_010844701,0,0,0,0,0
YP_010844617,0,0,0,0,0
YP_010844537,0,0,0,0,0
YP_010844481,0,0,0,0,0
YP_010844397,0,0,0,0,0
YP_010844330,0,0,0,0,0
WGV38296,0,0,0,0,0
YP_010844166,0,0,0,0,0
YP_010843849,0,0,0,0,0
QIW90405,1,1,1,1,1
WEM33337,1,1,1,1,1
YP_010842524,0,0,0,0,0
YP_010842456,0,0,0,0,0
WAX26375,0,0,0,0,0
WAX26251,0,0,0,0,0
YP_009784588,1,1,1,0,0
YP_009784362,1,1,1,0,0
YP_009782850,0,0,1,0,0
YP_009782660,0,0,1,0,0
YP_009782420,0,0,1,0,0
YP_009782175,0,0,1,0,0
YP_009781996,1,1,1,0,0
YP_009781764,1,1,1,0,0
YP_009781533,1,1,1,0,0
YP_009781300,1,1,1,0,0
YP_009781067,1,1,1,0,0
YP_009780853,1,1,1,0,0
YP_009780622,1,1,1,0,0
YP_009098288,0,0,1,0,0
YP_008240121,1,1,1,0,0
YP_010781416,0,0,0,0,0
YP_010780138,0,0,0,0,0
YP_010774559,0,0,0,0,0
YP_010774491,0,0,0,0,0
YP_010774434,0,0,0,0,0
WGL39711,1,1,1,0,0
WGL32927,0,0,0,0,0
WGL32417,0,0,0,0,0
UPT53388,0,0,0,0,0
UPT53089,0,0,0,0,0
YP_010773250,0,0,0,0,0
YP_010773168,0,0,0,0,0
YP_010772984,0,0,0,0,0
YP_010772108,1,1,0,0,0
YP_010771383,0,0,0,0,0
YP_010771377,0,0,0,0,0
YP_010771346,0,0,0,0,0
WGH28595,1,1,1,0,0
WGH28457,0,0,1,0,0
WGH28284,0,0,0,0,0
WGH21489,0,0,0,0,0
WGH20265,0,0,0,0,0
WGH19872,1,1,1,0,0
WGH15429,0,0,0,0,0
YP_010768415,0,0,0,0,0
YP_010768238,0,0,0,0,0
YP_010768065,0,0,0,0,0
YP_010767896,0,0,0,0,0
YP_010767721,0,0,0,0,0
YP_010767546,0,0,0,0,0
YP_010767371,0,0,0,0,0
YP_010767201,0,0,0,0,0
YP_010767031,0,0,0,0,0
YP_010766840,0,0,0,0,0
YP_010766658,0,0,0,0,0
YP_010766479,0,0,0,0,0
YP_010766258,0,0,0,0,0
YP_010766108,0,0,0,0,0
YP_010765968,0,0,0,0,0
YP_010765901,0,0,0,0,0
YP_010765836,0,0,0,0,0
YP_010765824,0,0,0,0,0
YP_010765737,0,0,0,0,0
WGG26156,1,1,1,1,1
YP_010765551,0,0,0,0,0
YP_010765353,0,0,0,0,0
YP_010765166,0,0,0,0,0
YP_010764989,0,0,0,0,0
YP_010764922,0,0,0,0,0
YP_010764731,0,0,0,0,0
YP_010764486,0,0,0,0,0
YP_010764299,0,0,0,0,0
YP_010764168,0,0,0,0,0
YP_010763912,0,0,0,0,0
YP_010763748,0,0,0,0,0
YP_010763701,0,0,0,0,0
YP_010763498,0,0,0,0,0
YP_010763179,0,0,0,0,0
YP_010763094,0,0,0,0,0
YP_010762988,0,0,0,0,0
YP_010762775,0,0,0,0,0
YP_010762508,0,0,0,0,0
YP_010762407,0,0,0,0,0
YP_010762250,0,0,0,0,0
YP_010762047,0,0,0,0,0
YP_010761870,0,0,0,0,0
YP_010761705,0,0,0,0,0
YP_010755454,0,0,0,0,0
YP_010754372,0,0,0,0,0
YP_010754300,0,0,0,0,0
YP_010749722,0,0,0,0,0
YP_010749648,0,0,0,0,0
YP_010749550,0,0,0,0,0
YP_010749496,0,0,0,0,0
YP_010749415,0,0,0,0,0
YP_010749296,0,0,0,0,0
YP_010749236,0,0,0,0,0
YP_010749175,0,0,0,0,0
YP_010749105,0,0,0,0,0
YP_010749031,0,0,0,0,0
YP_010748953,0,0,0,0,0
YP_010748894,0,0,0,0,0
QJD54724,0,0,0,0,0
QJD54710,0,0,0,0,0
WGA02305,1,1,1,0,0
WFZ78530,0,0,0,0,0
YP_010667622,0,0,0,0,0
YP_010761291,0,0,0,0,0
UNA02537,0,0,0,0,0
UKL15122,0,0,0,0,0
UOL47702,0,0,0,0,0
WFG54154,0,0,0,0,0
WFG37853,0,0,0,0,0
WFG33786,0,0,1,0,0
WCF59031,0,0,0,0,0
WFD55407,0,0,0,0,0
YP_010582120,0,0,0,0,0
YP_010748823,0,0,0,0,0
YP_010748822,0,0,0,0,0
YP_010748766,0,0,0,0,0
YP_010748765,0,0,0,0,0
YP_010748710,0,0,0,0,0
YP_010748709,0,0,0,0,0
YP_010748624,0,0,0,0,0
YP_010748556,0,0,0,0,0
YP_010748499,0,0,0,0,0
YP_010748424,0,0,0,0,0
YP_010748360,0,0,0,0,0
YP_010748313,0,0,0,0,0
YP_010748226,0,0,0,0,0
YP_010748205,0,0,0,0,0
YP_010748109,0,0,0,0,0
YP_010748049,0,0,0,0,0
YP_010748017,0,0,0,0,0
YP_010747975,0,0,0,0,0
YP_010747974,0,0,0,0,0
YP_010747874,0,0,0,0,0
YP_010747791,0,0,0,0,0
YP_010747790,0,0,0,0,0
YP_010747724,0,0,0,0,0
YP_010747723,0,0,0,0,0
YP_010747648,0,0,0,0,0
YP_010747581,0,0,0,0,0
YP_010747512,0,0,0,0,0
YP_010747428,0,0,0,0,0
YP_010747399,0,0,0,0,0
YP_010747323,0,0,0,0,0
YP_010747267,0,0,0,0,0
YP_010747169,0,0,0,0,0
YP_010747148,0,0,0,0,0
YP_010747031,0,0,0,0,0
YP_010747020,0,0,0,0,0
YP_010746929,0,0,0,0,0
YP_010746890,0,0,0,0,0
YP_010746783,0,0,0,0,0
YP_010746729,0,0,0,0,0
YP_010746680,0,0,0,0,0
YP_010746628,0,0,0,0,0
YP_010746563,0,0,0,0,0
YP_010746541,0,0,0,0,0
YP_010746484,0,0,0,0,0
YP_010746437,0,0,0,0,0
YP_010746436,0,0,0,0,0
YP_010746367,0,0,0,0,0
YP_010746307,0,0,0,0,0
YP_010746250,0,0,0,0,0
YP_010746177,0,0,0,0,0
YP_010746116,0,0,0,0,0
YP_010746071,0,0,0,0,0
YP_010746070,0,0,0,0,0
YP_010746011,0,0,0,0,0
YP_010746010,0,0,0,0,0
YP_010745950,0,0,0,0,0
YP_010745949,0,0,0,0,0
YP_010745885,0,0,0,0,0
YP_010745884,0,0,0,0,0
YP_010745784,0,0,0,0,0
YP_010745698,0,0,0,0,0
YP_010742590,0,0,0,0,0
YP_010742532,0,0,0,0,0
YP_010742448,0,0,0,0,0
YP_010742376,0,0,0,0,0
YP_010742311,0,0,0,0,0
YP_010742261,0,0,0,0,0
YP_010742212,0,0,0,0,0
YP_010742166,0,0,0,0,0
YP_010742089,0,0,0,0,0
YP_010742042,0,0,0,0,0
YP_010741978,0,0,0,0,0
YP_010741904,0,0,0,0,0
YP_010741844,0,0,0,0,0
YP_010741771,0,0,0,0,0
YP_010741679,0,0,0,0,0
YP_010741645,0,0,0,0,0
YP_010741613,0,0,0,0,0
YP_010741542,0,0,0,0,0
YP_010741486,0,0,0,0,0
YP_010741421,0,0,0,0,0
YP_010741352,0,0,0,0,0
YP_010741288,0,0,0,0,0
YP_010741224,0,0,0,0,0
YP_010741173,0,0,0,0,0
YP_010741110,0,0,0,0,0
YP_010741019,0,0,0,0,0
YP_010740978,0,0,0,0,0
YP_010740921,0,0,0,0,0
YP_010740850,0,0,0,0,0
YP_010740757,0,0,0,0,0
YP_010740720,0,0,0,0,0
YP_010740646,0,0,0,0,0
YP_010740557,0,0,0,0,0
YP_010740486,0,0,0,0,0
YP_010740461,0,0,0,0,0
YP_010740397,0,0,0,0,0
YP_010740336,0,0,0,0,0
YP_010740240,0,0,0,0,0
YP_010738100,0,0,0,0,0
WEW53698,1,1,1,0,0
CAI3971355,0,0,0,0,0
CAI3971366,0,0,0,0,0
YP_010731644,0,0,0,0,0
YP_010731579,0,0,0,0,0
WEU80570,0,0,0,0,0
WEU80514,0,0,0,0,0
WEU80406,0,0,0,0,0
WEU80350,0,0,0,0,0
WEU80293,0,0,0,0,0
WEU80237,0,0,0,0,0
WEU80183,0,0,0,0,0
WEU70066,0,0,0,0,0
WEU68261,0,0,0,0,0
WEU68227,0,0,0,0,0
WEU68073,0,0,0,0,0
WEU68064,0,0,0,0,0
WEU67818,1,1,1,1,1
WEU67342,0,1,1,0,0
UZT48368,0,0,0,0,0
UZT48313,0,0,0,0,0
UZT48252,0,0,0,0,0
YP_010719912,0,0,0,0,0
YP_010719508,0,0,0,0,0
WES10093,0,0,0,0,0
WEM33629,0,0,0,0,0
WEM32726,0,0,0,0,0
WEM05612,0,0,0,0,0
WEM05512,0,0,0,0,0
UCW43479,0,0,0,0,0
WDQ27557,0,0,0,0,0
WDS61206,1,1,1,0,0
WDS60946,1,1,1,0,0
WDS51751,0,0,0,0,0
WDS50973,0,0,0,0,0
UYE95121,1,1,1,1,1
UXY92557,0,0,0,0,0
WDQ26312,1,1,1,1,1
WBF04993,0,0,0,0,0
BCV06808,0,0,0,0,0
BCV06584,0,0,0,0,0
BCV05671,0,0,0,0,0
BCV04678,1,1,1,0,0
BCV01212,1,1,1,0,0
BCV00617,1,1,1,0,0
BCU99354,1,1,1,0,0
WCZ58244,0,0,0,0,0
WCS70008,1,1,1,0,0
WCS69761,1,1,1,0,0
WCS69506,1,1,1,0,0
WCS69248,1,1,1,0,0
WCS68993,1,1,1,0,0
WCS68068,1,1,1,0,0
WCS66913,0,0,0,0,0
WCS66854,1,1,1,1,1
WCO82079,0,0,1,0,0
YP_010681610,0,0,0,0,0
YP_010680492,0,0,0,0,0
YP_010678554,0,0,0,0,0
YP_010677230,0,0,0,0,0
YP_010676516,0,0,0,0,0
YP_010676407,0,0,0,0,0
YP_010676198,0,0,0,0,0
YP_010676094,0,0,0,0,0
YP_010675785,0,0,0,0,0
YP_010675749,1,1,1,0,0
YP_010675622,1,1,1,0,0
YP_010675400,0,0,0,0,0
YP_010674523,0,0,0,0,0
YP_010674395,0,0,0,0,0
YP_010674262,0,0,0,0,0
YP_010674141,0,0,0,0,0
YP_010673983,0,0,0,0,0
YP_010673860,0,0,0,0,0
YP_010673731,0,0,0,0,0
YP_010673608,0,0,0,0,0
YP_010673512,0,0,0,0,0
YP_010673367,0,0,0,0,0
YP_010673242,0,0,0,0,0
YP_010673104,0,0,0,0,0
YP_010672957,0,0,0,0,0
YP_010672867,0,0,0,0,0
YP_010672740,0,0,0,0,0
YP_010672572,0,0,0,0,0
YP_010672449,0,0,0,0,0
YP_010672332,0,0,0,0,0
YP_010672214,0,0,0,0,0
YP_010672047,0,0,0,0,0
YP_010671934,0,0,0,0,0
YP_010671548,0,0,0,0,0
YP_010670227,1,1,1,0,0
YP_010669606,1,1,1,0,0
YP_010669337,1,1,1,0,0
YP_010667400,1,1,0,0,0
YP_010667145,0,0,0,0,0
YP_010665831,1,1,1,1,1
YP_010665420,0,0,0,0,0
YP_010665335,0,0,0,0,0
YP_010664544,0,0,0,0,0
YP_010664096,0,0,0,0,0
YP_010664016,0,0,0,0,0
YP_010663481,0,0,0,0,0
YP_010663409,0,0,0,0,0
YP_010663338,0,0,0,0,0
YP_010663317,0,0,0,0,0
YP_010663263,0,0,0,0,0
YP_010663197,0,0,0,0,0
YP_010663126,0,0,0,0,0
YP_010663050,0,0,0,0,0
YP_010663030,0,0,0,0,0
YP_010662767,1,1,1,0,1
YP_010662632,1,1,0,0,1
YP_010662016,1,1,1,0,1
YP_010661767,1,1,0,1,1
YP_010661513,1,1,0,1,1
YP_010661260,1,1,0,1,1
YP_010656728,0,0,0,0,0
YP_010656630,1,1,1,0,0
YP_010655676,0,0,1,0,0
YP_010655572,0,0,0,0,0
YP_010655559,0,0,0,0,0
YP_010651450,1,1,1,0,0
YP_010649883,0,0,1,0,0
YP_010648845,0,0,0,0,0
YP_010648468,0,0,0,0,0
YP_010597927,0,0,0,0,0
YP_010597858,0,0,0,0,0
YP_010597789,0,0,0,0,0
YP_010597666,0,0,0,0,0
YP_010597585,0,0,0,0,0
YP_010597534,0,0,0,0,0
YP_010597435,0,0,0,0,0
YP_010597358,0,0,0,0,0
YP_010597328,0,0,0,0,0
URA07082,0,0,0,0,0
UKH48096,0,0,0,0,0
UKH47830,0,0,0,0,0
UKH47761,0,0,1,0,0
BBI57387,1,1,1,1,1
WCD56996,0,0,0,0,0
UXQ90428,0,0,0,0,0
YP_010303039,0,0,1,0,0
WAX22737,0,0,0,0,0
ARM70861,1,1,1,1,1
WBY54220,0,0,0,0,0
WBY54131,0,0,0,0,0
WBY54002,0,0,0,0,0
WBY53828,0,0,0,0,0
WBY53745,0,0,0,0,0
WBY53660,0,0,0,0,0
WBY53530,0,0,0,0,0
WBY53402,0,0,0,0,0
WBC28324,0,0,0,0,0
UIS44244,0,0,0,0,0
UIS44177,0,0,0,0,0
UFZ20900,0,0,0,0,0
BCV05060,0,0,0,0,0
BCV03674,0,0,0,0,0
BCU93864,1,1,1,0,0
CAI6013068,0,0,1,0,0
WBU87582,0,0,0,0,0
UAW07640,0,0,0,0,0
UWI42441,1,1,1,0,0
UWI42346,1,1,1,0,0
UWI42263,1,0,1,0,0
UWI42046,0,0,0,0,0
UWI41987,1,1,1,0,0
UWI41736,1,1,1,0,0
UWI41487,1,1,1,0,0
UWI41211,1,1,1,0,0
UWI41125,0,0,0,0,0
UWI40246,0,0,0,0,0
UWI39738,0,0,0,0,0
UWI39536,0,0,0,0,0
UWI39023,0,0,0,0,0
UWI38913,1,1,1,0,0
UWI37982,1,1,1,0,0
UWI37891,1,1,1,0,0
UWI37731,1,1,1,0,0
UWI37517,0,0,0,0,0
UWI36871,0,0,0,0,0
UWI36644,1,1,1,0,0
UWI36223,1,1,1,0,0
UWI36222,0,0,0,0,0
UWI34709,0,0,1,0,0
UWI33497,0,0,0,0,0
UWI33402,0,0,0,0,0
UWI32924,0,0,0,0,0
UWI32215,1,1,1,0,0
UWI31270,0,0,0,0,0
UWI30777,0,0,0,0,0
UWI30218,0,0,0,0,0
UWI30082,1,1,1,1,1
UWI29292,1,1,1,0,0
UWI29128,0,0,0,0,0
UWI29006,0,0,0,0,0
UWI28887,1,1,1,0,0
UWI28580,0,0,0,0,0
UWI27732,1,1,1,0,0
UWI26683,1,1,1,0,0
UWI26206,1,1,1,0,0
UWI24926,1,1,1,0,0
UWI23381,1,1,1,0,0
UWI22452,0,0,0,0,0
UWI22275,0,0,0,0,0
UWI21488,1,1,1,0,0
UWI21211,0,0,0,0,0
UWI20821,0,0,0,0,0
UWI18251,1,1,1,0,0
UWI17490,0,0,0,0,0
UWI15660,1,1,1,0,0
UWI15193,0,0,1,0,0
UWI13810,0,0,0,0,0
UWI13695,0,0,0,0,0
UWI13490,0,0,0,0,0
UWI12036,0,0,0,0,0
UWI11850,1,1,1,0,0
UWI11542,1,1,1,0,0
UWI11317,0,0,0,0,0
UWI11103,0,0,0,0,0
UWI09927,0,0,1,0,0
UWI09827,1,1,1,0,0
UWI09616,0,0,0,0,0
UWI08952,0,0,0,0,0
UWI08431,1,1,1,0,0
UWI08126,1,1,1,0,0
UWI07957,0,0,0,0,0
UWI07714,1,1,1,0,0
UWI07163,1,1,1,0,0
UWI04704,0,0,0,0,0
UWI04424,1,1,1,0,0
UWI04391,0,0,0,0,0
UWI03216,0,0,0,0,0
UWI01811,0,0,0,0,0
UWI00938,0,0,0,0,0
UWI00314,1,1,1,0,0
UWH99798,0,0,0,0,0
UWH99736,0,0,0,0,0
UWH99720,0,0,0,0,0
UWH98425,1,1,1,0,0
UWH98356,0,0,0,0,0
UWH98306,1,1,1,0,0
UWH97961,0,0,0,0,0
UWH97589,0,0,0,0,0
UWH97079,1,1,1,0,0
UWH96889,0,0,0,0,0
UWH96368,0,0,0,0,0
UWH96355,1,1,1,0,0
UWH96099,0,0,0,0,0
UWH95474,0,0,0,0,0
UWH92110,0,0,0,0,0
UWH91579,0,0,0,0,0
UWH91032,1,1,1,0,0
UWG94647,0,0,0,0,0
UWG94176,1,1,1,0,0
UWG94028,0,0,0,0,0
UWG93489,0,0,0,0,0
UWG93336,0,0,0,0,0
UWG93012,0,0,0,0,0
UWG92036,0,0,1,0,0
UWG91136,0,0,0,0,0
UWG91072,0,0,0,0,0
UWG90869,0,0,0,0,0
UWG89589,0,0,0,0,0
UWG88397,1,1,1,0,0
UWG87619,0,0,0,0,0
UWG87425,0,0,0,0,0
UWG85923,1,1,1,0,0
UWG85821,1,1,1,0,0
UWG85258,1,1,1,0,0
UWG85164,1,1,1,0,0
UWG84503,0,0,0,0,0
UWG84062,0,0,0,0,0
UWG83932,0,0,0,0,0
UWG83587,0,0,0,0,0
UWG82489,0,0,1,0,0
UWG81356,1,1,1,0,0
UWG80181,0,0,0,0,0
UWG80022,1,1,1,0,0
UWG78450,0,0,0,0,0
UWG76100,1,1,1,0,0
UWG75311,0,0,0,0,0
UWG74909,0,0,0,0,0
UWG74758,0,0,0,0,0
UWG74028,0,0,0,0,0
UWG72756,0,0,1,0,0
UWG72394,1,1,1,0,0
UWG70616,0,0,0,0,0
UWG69745,0,0,0,0,0
UWG68966,0,0,0,0,0
UWG68177,1,1,1,0,0
UWG67801,1,1,1,0,0
UWD77355,0,0,0,0,0
UWD76945,0,0,1,0,0
UWD76455,1,1,1,0,0
UWD75239,0,0,0,0,0
UWD74943,0,0,0,0,0
UWD74511,0,0,0,0,0
UWD73746,0,0,0,0,0
UWD73542,0,0,0,0,0
UWD73440,0,0,0,0,0
UWD73199,0,0,0,0,0
UWD72994,1,1,1,0,0
UWD72265,0,0,0,0,0
UWD71689,1,1,1,0,0
UWD71629,0,0,0,0,0
UWD71068,0,0,0,0,0
UWD70899,0,0,0,0,0
UWD70485,0,0,0,0,0
UWD69317,0,0,1,0,0
UWD69110,1,1,1,0,0
UWD68852,0,0,0,0,0
UWD68242,1,1,1,0,0
UWD67664,0,0,0,0,0
UWD66893,0,0,0,0,0
UWD65860,1,1,1,0,0
UWD65541,0,0,0,0,0
UWD65185,1,1,1,0,0
UWD63872,1,1,1,0,0
UWD63254,0,0,0,0,0
UWD63122,1,1,1,0,0
UWD61934,1,1,1,0,0
UWD61369,0,0,0,0,0
UWD61238,0,0,0,0,0
UWD61222,0,0,0,0,0
UWD60996,1,1,1,0,0
UWD60599,1,1,1,0,0
UWD59959,0,0,0,0,0
UWD59538,1,1,1,0,0
UWD58912,0,0,0,0,0
UWD55309,1,1,1,0,0
UWD55009,0,0,0,0,0
UWD54686,0,0,0,0,0
UWD54023,1,1,1,0,0
UWD51995,0,0,0,0,0
UWD51317,0,0,0,0,0
WBM89958,0,0,0,0,0
WBM89830,0,0,0,0,0
WBM89663,0,0,0,0,0
WBM58936,1,1,1,1,1
UVD39726,0,0,0,0,0
YP_010359346,0,0,0,0,0
YP_010358868,0,0,0,0,0
YP_010358677,0,0,0,0,0
YP_010510071,0,0,0,0,0
YP_010509939,0,0,0,0,0
YP_010509656,0,0,0,0,0
YP_010509570,0,0,0,0,0
YP_010357540,0,0,1,0,0
YP_010357352,1,1,1,0,0
YP_010357154,1,1,1,0,0
YP_010298979,0,0,0,0,0
YP_010114417,0,0,1,0,0
YP_010111818,0,0,0,0,0
YP_010111512,0,0,0,0,0
YP_010110875,0,0,0,0,0
YP_010110618,0,0,0,0,0
YP_010110596,0,0,0,0,0
YP_010110240,0,0,0,0,0
YP_010110145,0,0,0,0,0
YP_010105367,0,0,0,0,0
YP_010104848,1,1,1,0,0
YP_010103975,1,1,1,0,0
YP_010081536,0,0,0,0,0
YP_010081498,0,0,0,0,0
YP_010081462,0,0,0,0,0
YP_010081428,0,0,0,0,0
YP_010081389,0,0,0,0,0
YP_010081353,0,0,0,0,0
YP_010081318,0,0,0,0,0
YP_010081280,0,0,0,0,0
YP_010081244,0,0,0,0,0
YP_010081200,0,0,0,0,0
YP_010081160,0,0,0,0,0
YP_010081125,0,0,0,0,0
YP_010081084,0,0,0,0,0
YP_010080671,0,0,0,0,0
YP_010074718,1,1,1,1,1
YP_010074246,1,1,1,1,1
YP_010073980,1,1,1,1,1
YP_010071786,1,1,1,1,1
YP_010071083,1,1,1,1,1
YP_010068837,1,1,1,1,1
YP_010064490,0,0,0,0,0
YP_010056286,0,0,0,0,0
YP_010056061,0,0,0,0,0
YP_010055985,0,0,0,0,0
YP_010054923,0,0,0,0,0
YP_010054840,0,0,0,0,0
YP_010054751,0,0,0,0,0
YP_010050273,0,0,1,0,0
YP_010049900,0,0,1,0,0
YP_010038000,0,0,0,0,0
YP_009987367,0,0,0,0,0
YP_009987032,0,0,0,0,0
YP_009986978,0,0,0,0,0
YP_009986914,0,0,0,0,0
YP_009986494,0,0,0,0,0
YP_009986322,0,0,0,0,0
YP_009986081,0,0,0,0,0
YP_009985821,0,0,0,0,0
YP_009985354,0,0,0,0,0
YP_009985145,0,0,0,0,0
YP_009949207,0,0,0,0,0
YP_009910085,0,0,0,0,0
YP_009910020,0,0,0,0,0
YP_009909947,0,0,0,0,0
YP_009909879,0,0,0,0,0
YP_009909744,0,0,0,0,0
YP_009909734,0,0,0,0,0
YP_009909687,0,0,0,0,0
YP_009909617,0,0,0,0,0
YP_009889461,1,1,1,1,1
YP_009889258,1,1,1,0,1
YP_009889058,1,1,1,0,1
YP_009888850,1,1,1,0,1
YP_009888648,1,1,1,0,1
YP_009888443,1,1,1,0,1
YP_009888240,1,1,1,0,1
YP_009887835,1,1,1,0,1
YP_009887651,1,1,1,0,1
YP_009887458,1,1,1,0,1
YP_009885865,0,0,0,0,0
YP_009885809,0,0,0,0,0
YP_009885749,0,0,0,0,0
YP_009885631,0,0,0,0,0
YP_009885580,0,0,0,0,0
YP_009885535,0,0,0,0,0
YP_009885481,0,0,0,0,0
YP_009885024,0,0,0,0,0
YP_009884971,0,0,0,0,0
YP_009884923,0,0,0,0,0
YP_009884644,1,1,1,1,1
YP_009884095,0,0,0,0,0
YP_009883756,1,1,1,1,1
YP_009883330,0,0,0,0,0
YP_009859606,0,0,0,0,0
YP_009859367,0,0,0,0,0
YP_009859058,0,0,0,0,0
YP_009857505,0,0,0,0,0
YP_009856032,1,1,1,1,1
YP_009855615,0,0,0,0,0
YP_009854404,0,0,0,0,0
YP_009854194,1,1,1,0,0
YP_009851565,0,0,0,0,0
YP_009851516,0,0,0,0,0
YP_009851016,0,0,0,0,0
YP_009850742,1,1,1,1,1
YP_009834260,0,0,0,0,0
YP_009823179,0,0,0,0,0
YP_009822761,0,0,0,0,0
YP_009822616,0,0,0,0,0
YP_009811050,0,0,0,0,0
YP_009811004,0,0,0,0,0
YP_009807347,0,0,0,0,0
YP_009801452,0,0,0,0,0
YP_009801407,0,0,0,0,0
YP_009801364,0,0,0,0,0
YP_009801322,0,0,0,0,0
YP_009796076,0,0,0,0,0
YP_009795384,0,0,0,0,0
YP_009793756,0,0,0,0,0
YP_009790508,0,0,0,0,0
YP_009790458,0,0,0,0,0
YP_009786419,0,0,0,0,0
YP_009779568,1,1,1,0,0
YP_009779353,1,1,1,0,0
YP_009779142,1,1,1,0,0
YP_009778891,1,1,1,0,0
YP_009778613,1,1,1,0,0
YP_009778325,1,1,1,0,0
YP_009778146,0,0,0,0,0
YP_009778058,0,0,0,0,0
YP_009778050,0,0,0,0,0
YP_009777981,0,0,0,0,0
YP_009777881,0,0,0,0,0
YP_009777854,0,0,0,0,0
YP_009777811,0,0,0,0,0
YP_009777783,0,0,0,0,0
YP_009777642,0,0,0,0,0
YP_009777614,0,0,0,0,0
YP_009638929,0,0,0,0,0
YP_009617284,0,0,0,0,0
YP_009594818,1,1,1,1,1
YP_009591806,0,0,0,0,0
YP_009042145,0,0,0,0,0
YP_009208078,0,0,0,0,0
YP_009015710,1,1,1,0,0
YP_008550166,0,0,0,0,0
YP_007237363,1,1,1,1,1
YP_007236364,0,0,0,0,0
YP_007005559,0,0,1,0,0
YP_006990402,0,0,0,0,0
YP_006201980,0,0,0,0,0
YP_006201751,0,0,0,0,0
YP_006201638,0,0,0,0,0
YP_006201581,0,0,0,0,0
YP_006201134,0,0,0,0,0
YP_006201133,0,0,0,0,0
YP_005087005,0,0,0,0,0
YP_004956966,1,1,1,0,0
YP_004421719,1,1,1,0,0
YP_004300858,1,1,1,1,1
YP_004300647,1,1,1,1,1
YP_003858336,1,1,1,1,1
YP_003127177,0,0,0,0,0
YP_003127334,0,0,0,0,0
YP_003127229,0,0,0,0,0
YP_002854376,1,1,1,1,1
YP_002302518,0,0,0,0,0
YP_002004035,0,0,0,0,0
YP_001686773,0,0,0,0,0
YP_001671820,0,0,0,0,0
YP_001468521,1,1,1,0,0
YP_001469087,0,0,0,0,0
YP_001285433,0,0,0,0,0
YP_001039870,0,0,0,0,0
YP_803126,0,0,0,0,0
YP_802982,1,1,1,1,1
YP_764302,0,0,0,0,0
YP_654107,0,0,0,0,0
YP_424979,0,0,0,0,0
YP_240570,0,0,0,0,0
YP_240112,0,0,0,0,0
YP_240035,0,0,0,0,0
YP_239205,0,0,0,0,0
YP_239013,1,1,1,1,1
YP_214194,0,0,0,0,0
YP_164688,1,1,1,0,0
YP_164276,0,0,0,0,0
YP_024964,0,0,0,0,0
NP_958701,0,0,0,0,0
NP_958095,0,0,0,0,0
NP_944207,0,0,0,0,0
NP_944133,0,0,0,0,0
NP_944026,0,0,0,0,0
NP_943894,1,1,1,1,1
NP_932570,0,0,0,0,0
NP_775217,0,0,0,0,0
NP_720299,0,0,0,0,0
NP_620347,0,0,0,0,0
NP_570328,0,0,0,0,0
NP_049799,0,0,0,0,0
NP_049656,1,1,1,1,1
NP_064752,0,0,0,0,0
NP_059606,0,0,0,0,0
NP_037735,0,0,0,0,0
NP_052293,0,0,0,0,0
NP_052292,0,0,0,0,0
NP_052291,0,0,0,0,0
NP_052290,0,0,0,0,0
NP_049856,0,0,0,0,0
NP_047168,0,0,0,0,0
NP_044989,0,0,0,0,0
NP_042326,0,0,0,0,0
YP_010582812,0,0,0,0,0
YP_010582719,0,0,0,0,0
YP_010582664,0,0,0,0,0
YP_010582630,0,0,0,0,0
YP_010582552,0,0,0,0,0
YP_010582444,0,0,0,0,0
YP_010582384,0,0,0,0,0
YP_010582332,0,0,0,0,0
YP_010582237,0,0,0,0,0
YP_010582191,0,0,0,0,0
YP_010103459,1,1,1,0,0
YP_010101504,1,1,1,0,0
YP_010100625,1,1,1,1,1
YP_010100140,1,1,1,1,1
YP_010097317,1,1,1,1,1
YP_010096010,1,1,1,1,1
YP_010095309,1,1,1,0,0
YP_010094912,1,1,1,1,1
YP_010094381,1,1,1,1,1
YP_010093088,1,1,1,1,1
YP_010092886,0,0,0,0,0
YP_010092771,1,1,1,1,1
YP_010091903,1,1,0,1,1
YP_010083203,0,0,0,0,0
YP_010082193,0,0,0,0,0
YP_010080782,0,0,0,0,0
YP_010080746,0,0,0,0,0
YP_010080709,0,0,0,0,0
YP_010080635,0,0,0,0,0
YP_010080598,0,0,0,0,0
YP_010080559,0,0,0,0,0
YP_010080524,0,0,0,0,0
YP_010080489,0,0,0,0,0
YP_010080210,0,0,0,0,0
YP_010076514,1,1,1,1,1
YP_010075206,1,1,1,1,1
YP_010073689,1,1,1,1,1
YP_010073411,1,1,1,1,1
YP_010072984,1,1,1,1,1
YP_010071519,1,1,1,1,1
YP_010069607,1,1,1,1,1
YP_010069064,1,1,1,1,1
YP_010068278,1,1,1,1,1
YP_010061943,0,0,0,0,0
YP_010054601,0,0,0,0,0
YP_010054218,0,0,0,0,0
YP_010053163,0,0,0,0,0
YP_010053051,0,0,0,0,0
YP_010052863,0,0,0,0,0
YP_010050840,0,0,0,0,0
YP_010050516,0,0,1,0,0
YP_010050455,0,0,1,0,0
YP_010050086,0,0,1,0,0
YP_009984869,0,0,0,0,0
YP_009984683,0,0,0,0,0
YP_009984523,0,0,0,0,0
YP_009950964,0,0,0,0,0
YP_009949145,0,0,0,0,0
YP_009908736,0,0,0,0,0
YP_009908671,0,0,0,0,0
YP_009908612,0,0,0,0,0
YP_009907822,0,0,0,0,0
YP_009904621,0,0,1,0,0
YP_009903627,0,0,1,0,0
YP_009882750,1,1,1,1,1
YP_009882705,0,0,0,0,0
YP_009882682,0,0,0,0,0
YP_009882609,0,0,0,0,0
YP_009882501,0,0,0,0,0
YP_009882469,0,0,0,0,0
YP_009882421,0,0,0,0,0
YP_009882366,0,0,0,0,0
YP_009881357,1,1,1,0,1
YP_009881158,1,1,1,0,1
YP_009880395,0,0,0,0,0
YP_009880227,1,1,1,0,1
YP_009879789,1,1,1,0,1
YP_009879297,0,0,0,0,0
YP_009879242,0,0,0,0,0
YP_009879190,0,0,0,0,0
YP_009879137,0,0,0,0,0
YP_009879082,0,0,0,0,0
YP_009879027,0,0,0,0,0
YP_009878974,0,0,0,0,0
YP_009878920,0,0,0,0,0
YP_009878866,0,0,0,0,0
YP_009878814,0,0,0,0,0
YP_009878765,0,0,0,0,0
YP_009878716,0,0,0,0,0
YP_009878664,0,0,0,0,0
YP_009878610,0,0,0,0,0
YP_009878558,0,0,0,0,0
YP_009878510,0,0,0,0,0
YP_009878462,0,0,0,0,0
YP_009878407,0,0,0,0,0
YP_009878355,0,0,0,0,0
YP_009878304,0,0,0,0,0
YP_009878245,0,0,0,0,0
YP_009878190,0,0,0,0,0
YP_009878130,0,0,0,0,0
YP_009878071,0,0,0,0,0
YP_009878020,0,0,0,0,0
YP_009877965,0,0,0,0,0
YP_009877913,0,0,0,0,0
YP_009877863,0,0,0,0,0
YP_009876908,1,1,1,0,1
YP_009850512,0,0,0,0,0
YP_009847557,0,0,0,0,0
YP_009847475,0,0,0,0,0
YP_009847267,0,0,0,0,0
YP_009847021,0,0,0,0,0
YP_009846870,0,0,1,0,0
YP_009846637,0,0,0,0,0
YP_009846404,0,0,1,0,0
YP_009846185,0,0,0,0,0
YP_009845935,0,0,0,0,0
YP_009845849,0,0,0,0,0
YP_009844326,1,1,1,0,0
YP_009844103,1,1,1,0,0
YP_009843983,1,1,1,0,0
YP_009843797,0,0,0,0,0
YP_009842204,0,0,0,0,0
YP_009842026,1,1,1,1,1
YP_009840256,1,1,1,0,0
YP_009840008,1,1,1,0,0
YP_009839522,1,1,1,0,0
YP_009838939,0,0,0,0,0
YP_009838801,0,0,0,0,0
YP_009838799,0,0,0,0,0
YP_009838730,0,0,0,0,0
YP_009838728,0,0,0,0,0
YP_009838667,0,0,0,0,0
YP_009838222,1,1,1,0,1
YP_009836513,0,0,0,0,0
YP_009836508,0,0,0,0,0
YP_009836443,0,0,0,0,0
YP_009836438,0,0,0,0,0
YP_009836296,0,0,0,0,0
YP_009836232,0,0,0,0,0
YP_009836096,0,0,0,0,0
YP_009835907,0,0,0,0,0
YP_009833757,0,0,0,0,0
YP_009824084,0,0,0,0,0
YP_009824002,0,0,0,0,0
YP_009823844,0,0,0,0,0
YP_009823040,0,0,0,0,0
YP_009822900,0,0,0,0,0
YP_009821878,0,0,0,0,0
YP_009821820,0,0,0,0,0
YP_009821654,0,0,0,0,0
YP_009821355,0,0,0,0,0
YP_009821242,0,0,0,0,0
YP_009820971,0,0,0,0,0
YP_009820213,0,0,0,0,0
YP_009820166,0,0,0,0,0
YP_009820054,0,0,0,0,0
YP_009818863,0,0,0,0,0
YP_009818480,0,0,0,0,0
YP_009818271,0,0,0,0,0
YP_009818179,1,1,1,0,0
YP_009818013,0,0,0,0,0
YP_009817992,0,0,0,0,0
YP_009817971,0,0,0,0,0
YP_009817007,0,0,0,0,0
YP_009816946,0,0,0,0,0
YP_009816586,0,0,0,0,0
YP_009816338,0,0,0,0,0
YP_009816183,0,0,0,0,0
YP_009816092,1,1,1,0,0
YP_009814455,1,1,1,0,0
YP_009814285,1,1,1,0,0
YP_009814083,0,0,0,0,0
YP_009813824,0,0,0,0,0
YP_009813780,0,0,0,0,0
YP_009813667,0,0,1,0,0
YP_009812863,0,0,0,0,0
YP_009812678,0,0,0,0,0
YP_009812376,0,0,0,0,0
YP_009812333,0,0,0,0,0
YP_009812053,0,0,0,0,0
YP_009812002,0,0,0,0,0
YP_009811890,0,0,0,0,0
YP_009811671,0,0,1,0,0
YP_009811338,0,0,1,0,0
YP_009811086,0,0,0,0,0
YP_009807483,0,0,0,0,0
YP_009806728,0,0,0,0,0
YP_009806227,0,0,0,0,0
YP_009804765,0,0,0,0,0
YP_009804622,0,0,0,0,0
YP_009804000,0,0,0,0,0
YP_009803425,0,0,0,0,0
YP_009803094,0,0,0,0,0
YP_009802493,0,0,0,0,0
YP_009802386,0,0,0,0,0
YP_009802129,0,0,0,0,0
YP_009801811,0,0,0,0,0
YP_009801611,0,0,0,0,0
YP_009801182,0,0,0,0,0
YP_009801128,0,0,0,0,0
YP_009801080,0,0,0,0,0
YP_009800946,0,0,0,0,0
YP_009800651,0,0,0,0,0
YP_009800605,0,0,0,0,0
YP_009800560,0,0,0,0,0
YP_009800513,0,0,0,0,0
YP_009799994,0,0,1,0,0
YP_009799731,0,0,0,0,0
YP_009799575,0,0,1,0,0
YP_009799399,0,0,0,0,0
YP_009799397,0,0,0,0,0
YP_009799355,0,0,0,0,0
YP_009799194,0,0,0,0,0
YP_009799142,0,0,0,0,0
YP_009799096,0,0,0,0,0
YP_009799043,0,0,0,0,0
YP_009798539,0,0,0,0,0
YP_009798416,1,1,1,0,0
YP_009798018,0,0,0,0,0
YP_009797987,0,0,0,0,0
YP_009797841,0,0,0,0,0
YP_009797620,0,0,0,0,0
YP_009797271,0,0,0,0,0
YP_009797259,0,0,0,0,0
YP_009796993,0,0,0,0,0
YP_009796680,0,0,0,0,0
YP_009796504,1,1,1,1,1
YP_009796288,1,1,1,1,1
YP_009795818,0,0,0,0,0
YP_009795760,0,0,0,0,0
YP_009795344,0,0,0,0,0
YP_009795179,0,0,0,0,0
YP_009792791,0,0,0,0,0
YP_009791762,0,0,0,0,0
YP_009791716,0,0,0,0,0
YP_009791671,0,0,0,0,0
YP_009791320,1,1,1,0,0
YP_009624285,0,0,0,0,0
YP_009624230,0,0,0,0,0
YP_009624172,0,0,0,0,0
YP_009623197,0,0,0,0,0
YP_009623134,0,0,0,0,0
YP_009623070,0,0,0,0,0
YP_009622909,0,0,0,0,0
YP_009622505,0,0,0,0,0
YP_009622434,0,0,0,0,0
YP_009622452,0,0,0,0,0
YP_009621891,0,1,0,0,0
YP_009621666,0,0,0,0,0
YP_009621540,0,0,0,0,0
YP_009620736,1,1,1,0,0
YP_009620130,0,0,0,0,0
YP_009619249,1,1,1,1,1
YP_009618855,1,1,1,1,1
YP_009618756,0,0,0,0,0
YP_009618622,0,0,0,0,0
YP_009613261,0,0,0,0,0
YP_009612709,0,0,0,0,0
YP_009611521,1,1,1,0,0
YP_009611294,1,1,1,0,0
YP_009611074,1,1,1,0,0
UTQ78233,0,0,0,0,0
YP_010092184,1,1,1,1,1
YP_010090394,1,1,1,0,0
YP_010088908,0,0,0,0,0
YP_010088816,1,1,1,0,0
YP_010083945,0,0,0,0,0
YP_010062628,0,0,0,0,0
YP_010056137,0,0,0,0,0
YP_010050396,0,0,1,0,0
YP_010050027,0,0,1,0,0
YP_009966350,0,0,0,0,0
YP_009966328,0,0,0,0,0
YP_009914764,0,0,0,0,0
YP_009908574,0,0,0,0,0
YP_009907899,0,0,0,0,0
YP_009876592,1,1,1,0,1
YP_009876381,0,0,0,0,0
YP_009876148,0,0,0,0,0
YP_009875902,0,0,0,0,0
YP_009875849,0,0,0,0,0
YP_009875790,0,0,0,0,0
YP_009875740,0,0,0,0,0
YP_009875680,0,0,0,0,0
YP_009832760,0,0,0,0,0
YP_009831805,1,1,1,0,0
YP_009842096,0,0,0,0,0
YP_009802330,0,0,0,0,0
YP_009793710,0,0,0,0,0
YP_009792419,1,1,0,0,0
YP_009790873,0,0,0,0,0
YP_009790802,0,0,0,0,0
YP_009790769,0,0,0,0,0
YP_009790699,0,0,0,0,0
YP_009790633,0,0,0,0,0
YP_009790322,0,0,0,0,0
YP_009789880,0,0,0,0,0
YP_009789644,0,0,1,0,0
YP_009789139,0,0,0,0,0
YP_009789099,0,0,0,0,0
YP_009789068,0,0,0,0,0
YP_009788981,0,0,0,0,0
YP_009788829,0,0,0,0,0
YP_009788766,0,0,0,0,0
YP_009788721,0,0,0,0,0
YP_009788614,0,0,0,0,0
YP_009788573,0,0,0,0,0
YP_009788528,0,0,0,0,0
YP_009788054,0,0,0,0,0
YP_009787973,0,0,0,0,0
YP_009787939,0,0,0,0,0
YP_009787523,0,0,0,0,0
YP_009787471,0,0,0,0,0
YP_009787415,0,0,0,0,0
YP_009787275,0,0,0,0,0
YP_009787169,0,0,0,0,0
YP_009786936,0,0,0,0,0
YP_009786864,0,0,0,0,0
YP_009786814,0,0,0,0,0
YP_009786764,0,0,0,0,0
YP_009786641,0,0,0,0,0
YP_009786141,0,0,0,0,0
YP_009785876,0,0,0,0,0
YP_009617146,0,0,0,0,0
YP_009616782,0,0,0,0,0
YP_009610853,1,1,1,0,0
YP_009610622,1,1,1,0,0
YP_009609359,1,1,1,1,1
YP_009609077,0,0,0,0,0
YP_009606258,0,1,0,0,0
YP_009605937,0,1,0,0,0
YP_009605617,0,1,0,0,0
YP_009605298,0,1,0,0,0
YP_009604727,0,0,0,0,0
YP_009602426,0,0,1,0,0
YP_009601990,1,1,1,1,1
YP_009600303,0,0,0,0,0
YP_009598752,0,0,0,0,0
YP_009598152,0,0,0,0,0
YP_009597943,0,0,0,0,0
YP_009597225,1,1,1,0,0
YP_009595919,1,1,1,0,0
YP_009595894,0,0,0,0,0
YP_009595419,0,0,1,0,0
YP_009595193,0,0,0,0,0
YP_009594457,1,1,1,0,0
YP_009345457,0,0,0,0,0
YP_009280152,0,0,0,0,0
YP_009324496,0,0,0,0,0
YP_009322840,0,0,0,0,0
YP_009325312,0,0,0,0,0
YP_009325147,1,1,1,0,0
YP_009324958,0,0,0,0,0
YP_009324655,0,0,0,0,0
YP_009324322,1,1,1,0,0
YP_009321437,1,1,1,0,0
YP_009320595,1,1,1,0,0
YP_009304525,0,0,0,0,0
YP_009302482,1,1,1,0,0
YP_009301498,0,0,0,0,0
YP_009301481,0,0,0,0,0
YP_009285448,1,1,1,0,0
YP_009293526,0,0,0,0,0
YP_009293454,1,1,1,0,1
YP_009292302,0,0,0,0,0
YP_009291549,0,0,0,0,0
YP_009291494,0,0,0,0,0
YP_009291139,0,0,0,0,0
YP_009290182,0,0,0,0,0
YP_009290040,1,1,1,0,0
YP_009289988,0,0,0,0,0
YP_009289315,0,0,0,0,0
YP_009289313,0,0,0,0,0
YP_009288285,0,0,0,0,0
YP_009288179,0,0,0,0,0
YP_009287656,0,0,0,0,0
YP_009287197,0,0,0,0,0
YP_009287058,1,0,1,0,0
YP_009286787,0,0,0,0,0
YP_009286648,0,0,0,0,0
YP_009286646,0,0,0,0,0
YP_009285859,0,0,0,0,0
YP_009285575,1,1,1,1,1
YP_009283754,0,0,0,0,0
YP_009282574,1,0,1,0,0
YP_009281381,1,1,1,1,1
YP_009281134,0,0,1,0,0
YP_009280982,1,0,1,0,0
YP_009279750,0,0,0,0,0
YP_009279749,0,0,0,0,0
YP_009279682,0,0,0,0,0
YP_009278849,0,0,0,0,0
YP_009278593,0,0,0,0,0
YP_009277796,0,0,0,0,0
YP_009291439,0,0,0,0,0
YP_009286400,1,1,1,1,1
YP_009282128,1,1,1,0,0
YP_009277854,0,0,0,0,0
YP_009292488,0,0,0,0,0
YP_009292487,0,0,0,0,0
YP_009282990,1,1,1,0,0
YP_009278198,1,0,1,0,0
YP_009292928,0,0,0,0,0
YP_009291756,1,0,1,0,0
YP_009290856,0,0,0,0,0
YP_009276515,0,0,0,0,0
YP_009276497,0,0,0,0,0
YP_009276030,0,0,0,0,0
YP_009275044,0,0,0,0,0
YP_009273858,0,0,0,0,0
YP_009275335,1,1,1,0,0
YP_009274663,0,0,0,0,0
YP_009273733,0,0,0,0,0
YP_009238697,0,0,0,0,0
YP_009191376,0,0,0,0,0
YP_009187968,0,0,0,0,0
WBF78200,0,0,0,0,0
WBF77509,0,0,0,0,0
WBF77431,0,0,0,0,0
WBF77303,0,0,0,0,0
WBF77103,0,0,0,0,0
WBF70050,0,0,0,0,0
WBF69777,0,0,0,0,0
WBF69730,0,0,0,0,0
WBF69609,0,0,0,0,0
WBF54169,0,0,0,0,0
YP_010355759,1,1,1,0,0
YP_010355540,1,1,1,0,0
YP_010355315,1,1,1,0,0
YP_010088440,1,1,1,1,1
YP_010088327,0,0,0,0,0
YP_010083340,0,0,0,0,0
YP_010082377,0,0,0,0,0
YP_010082286,0,0,0,0,0
YP_010077879,1,1,1,1,1
YP_010066840,0,0,0,0,0
YP_010066716,1,1,1,1,1
YP_010066379,0,0,0,0,0
YP_010066255,1,1,1,1,1
YP_010066094,1,1,1,1,1
YP_010065982,0,0,0,0,0
YP_009966429,0,0,0,0,0
YP_009948691,0,0,0,0,0
YP_009909365,0,0,0,0,0
YP_009909288,0,0,0,0,0
YP_009909211,0,0,0,0,0
YP_009909190,0,0,0,0,0
YP_009908376,0,0,0,0,0
YP_009900275,0,0,0,0,0
YP_009875470,0,0,0,0,0
YP_009875417,0,0,0,0,0
YP_009875368,0,0,0,0,0
YP_009875306,0,0,0,0,0
YP_009875248,0,0,0,0,0
YP_009875193,0,0,0,0,0
YP_009875135,0,0,0,0,0
YP_009875080,0,0,0,0,0
YP_009875026,0,0,0,0,0
YP_009874966,0,0,0,0,0
YP_009874909,0,0,0,0,0
YP_009874855,0,0,0,0,0
YP_009874799,0,0,0,0,0
YP_009874743,0,0,0,0,0
YP_009874689,0,0,0,0,0
YP_009874638,0,0,0,0,0
YP_009874586,0,0,0,0,0
YP_009874535,0,0,0,0,0
YP_009874482,0,0,0,0,0
YP_009874427,0,0,0,0,0
YP_009874293,0,0,0,0,0
YP_009874233,0,0,0,0,0
YP_009874177,0,0,0,0,0
YP_009824164,0,0,0,0,0
YP_009822248,0,0,0,0,0
YP_009822224,0,0,0,0,0
YP_009808003,0,0,0,0,0
YP_009807967,0,0,0,0,0
YP_009807956,0,0,0,0,0
YP_009807903,0,0,0,0,0
YP_009807512,0,0,0,0,0
YP_009806443,0,0,0,0,0
YP_009806433,1,1,1,0,0
YP_009799293,0,0,0,0,0
YP_009799241,0,0,0,0,0
YP_009793089,0,0,0,0,0
YP_009793088,0,0,0,0,0
YP_009785643,0,0,0,0,0
YP_009785362,0,0,0,0,0
YP_009785190,0,0,0,0,0
YP_009785079,0,0,0,0,0
YP_009784767,0,0,0,0,0
YP_009784730,0,0,0,0,0
YP_009784258,0,0,0,0,0
YP_009783923,0,0,0,0,0
YP_009783876,0,0,0,0,0
YP_009783297,1,1,1,0,0
YP_009779999,1,1,1,0,0
YP_424935,0,0,0,0,0
YP_424934,0,0,0,0,0
YP_009639016,0,0,0,0,0
YP_009625811,1,1,1,0,0
YP_009624854,0,0,0,0,0
YP_009623508,0,0,0,0,0
YP_009617960,0,0,0,0,0
YP_009617217,0,0,0,0,0
YP_009613880,0,0,0,0,0
YP_009608646,0,0,0,0,0
YP_009608600,0,0,0,0,0
YP_009607233,1,1,1,1,1
YP_009606952,1,1,1,1,1
YP_009606878,0,0,0,0,0
YP_009606733,0,0,1,0,0
YP_009606637,0,0,0,0,0
YP_009603794,0,0,0,0,0
YP_009603748,0,0,0,0,0
YP_009603701,0,0,0,0,0
YP_009603657,0,0,0,0,0
YP_009603600,0,0,0,0,0
YP_009601143,1,1,1,1,1
YP_009600397,0,0,0,0,0
YP_009598665,1,1,1,0,0
YP_009597369,0,0,0,0,0
YP_009597319,0,0,0,0,0
YP_009594048,0,0,1,0,0
YP_009593544,0,0,1,0,0
YP_009593442,0,0,0,0,0
YP_009593439,0,0,0,0,0
YP_009592688,1,1,1,0,0
YP_009592114,0,0,0,0,0
YP_009352312,1,1,1,0,0
YP_009321653,1,1,1,0,0
YP_009302259,1,1,1,0,0
YP_009304430,0,0,0,0,0
YP_009303666,0,0,0,0,0
YP_009301664,1,1,1,0,0
YP_009292068,0,0,0,0,0
YP_009288355,0,0,0,0,0
YP_009284146,1,1,1,0,0
YP_009278011,0,0,0,0,0
YP_009279853,0,0,0,0,0
YP_009277907,0,0,0,0,0
YP_009287369,0,0,0,0,0
YP_009275845,0,0,1,0,0
YP_009273570,1,1,1,0,0
YP_009275732,0,0,0,0,0
YP_009224793,0,0,0,0,0
YP_009222963,0,0,0,0,0
YP_009222667,0,0,0,0,0
YP_009226650,0,0,0,0,0
YP_009226196,0,0,0,0,0
YP_009225812,1,1,1,0,0
YP_009222594,0,0,0,0,0
YP_009222201,0,0,0,0,0
YP_009221595,0,0,1,0,0
YP_009221490,0,0,0,0,0
YP_009221669,0,0,0,0,0
YP_009218156,1,1,1,0,0
YP_009205668,0,0,0,0,0
YP_009203755,1,1,1,1,1
YP_009196357,0,0,0,0,0
YP_009220233,0,0,0,0,0
YP_009219655,0,0,0,0,0
YP_009219495,0,0,0,0,0
YP_009218695,1,1,1,1,1
YP_009217894,0,0,0,0,0
YP_009217692,1,1,1,0,0
YP_009217254,0,0,0,0,0
YP_009215473,0,0,0,0,0
YP_009214907,0,0,0,0,0
YP_009214528,0,0,1,0,0
YP_009213881,1,1,1,1,1
YP_009213815,0,0,0,0,0
YP_009213662,1,1,1,0,0
YP_009212273,1,1,1,1,1
YP_009211461,1,1,1,1,1
YP_009210956,0,0,0,0,0
YP_009210815,0,0,0,0,0
YP_009210553,0,0,0,0,0
YP_009209789,1,1,1,1,1
YP_009209360,0,0,0,0,0
YP_009209200,1,1,0,0,0
YP_009208242,0,0,0,0,0
YP_009208131,0,0,0,0,0
YP_009207222,1,1,1,1,1
YP_009206061,0,0,0,0,0
YP_009205735,1,1,1,1,1
YP_009205628,0,0,0,0,0
YP_009205002,0,0,0,0,0
YP_009204344,0,0,0,0,0
YP_009203422,0,0,0,0,0
YP_009203235,0,0,0,0,0
YP_009203232,0,0,0,0,0
YP_009202771,1,1,1,1,1
YP_009201357,1,1,1,1,1
YP_009200842,0,0,0,0,0
YP_009200606,0,0,0,0,0
YP_009200575,0,0,0,0,0
YP_009200040,0,0,0,0,0
YP_009199302,0,0,0,0,0
YP_009198645,0,0,0,0,0
YP_009198322,0,0,0,0,0
YP_009196633,1,1,1,1,1
YP_009196171,0,0,0,0,0
YP_009196167,0,0,0,0,0
YP_009194281,1,1,1,1,1
YP_009177278,0,0,0,0,0
YP_009191554,0,0,0,0,0
YP_009191407,0,0,0,0,0
YP_009189053,0,0,0,0,0
YP_009187626,0,0,0,0,0
YP_009191817,0,0,0,0,0
YP_009191660,0,0,0,0,0
YP_009191490,0,0,0,0,0
YP_009190972,0,0,0,0,0
YP_009190537,0,0,0,0,0
YP_009190197,1,1,1,1,1
YP_009189393,1,1,0,1,1
YP_009188251,1,1,1,0,0
YP_009188049,0,0,0,0,0
YP_009187346,0,0,0,0,0
YP_009187286,0,0,0,0,0
YP_009186991,0,0,0,0,0
YP_009180919,0,0,0,0,0
YP_009177441,0,0,1,0,0
YP_009168874,0,0,0,0,0
YP_009168824,0,0,0,0,0
YP_009168430,0,0,0,0,0
YP_009168122,0,0,0,0,0
YP_009168107,0,0,0,0,0
YP_009167750,0,0,0,0,0
YP_009160311,0,0,0,0,0
YP_009160266,0,0,0,0,0
YP_009160176,0,0,0,0,0
YP_009160131,0,0,0,0,0
YP_009160087,0,0,0,0,0
YP_009160040,0,0,0,0,0
YP_009159996,0,0,0,0,0
YP_009159950,0,0,0,0,0
YP_009159906,0,0,0,0,0
YP_009159860,0,0,0,0,0
YP_009152927,0,0,0,0,0
YP_009152739,0,0,0,0,0
YP_009152694,0,0,0,0,0
YP_009152638,1,1,0,0,0
YP_009152623,0,0,0,0,0
YP_009152439,0,0,0,0,0
YP_009152394,0,0,0,0,0
YP_009152295,0,0,0,0,0
YP_009152088,0,0,0,0,0
YP_009152036,1,1,0,0,0
YP_009151887,0,0,0,0,0
YP_009151551,0,0,0,0,0
YP_009151411,0,0,0,0,0
YP_009151232,0,0,0,0,0
YP_009150276,0,0,0,0,0
YP_009150144,0,0,0,0,0
YP_009149947,0,0,0,0,0
YP_009149731,1,1,1,0,0
YP_009149169,1,1,1,0,0
YP_009148489,1,1,1,1,1
YP_009148349,0,0,0,0,0
YP_009148304,0,0,0,0,0
YP_009147494,0,0,0,0,0
YP_009147369,0,0,0,0,0
YP_009147257,0,0,0,0,0
YP_009146926,0,0,0,0,0
YP_009146811,1,1,1,0,0
YP_009146476,1,1,1,1,1
YP_009146344,0,0,0,0,0
YP_009153907,0,0,0,0,0
YP_009153642,1,1,1,1,1
YP_009153591,0,0,0,0,0
YP_009153282,0,0,0,0,0
YP_009153237,0,0,0,0,0
YP_009153113,0,0,0,0,0
YP_009152477,0,0,0,0,0
YP_009151437,0,0,0,0,0
YP_009151325,0,0,0,0,0
YP_009148870,0,0,0,0,0
YP_009147549,1,1,1,1,1
YP_009146399,0,0,0,0,0
YP_009146384,0,0,0,0,0
YP_009151690,1,1,1,0,0
YP_009151072,1,1,1,0,0
YP_009145847,0,0,0,0,0
YP_009145802,0,0,0,0,0
YP_009145617,0,0,0,0,0
YP_009145674,0,0,0,0,0
YP_009142942,1,1,1,1,1
YP_009140927,1,1,1,0,0
YP_009140289,1,1,1,1,1
YP_009134387,1,1,1,0,0
YP_009133716,1,1,1,0,0
YP_009134139,1,1,1,0,0
YP_009126662,0,0,0,0,0
YP_009125597,0,0,0,0,0
YP_009124501,0,0,0,0,0
YP_009118861,0,0,0,0,0
YP_009118708,1,1,1,1,1
YP_009113193,0,0,0,0,0
YP_009111211,0,0,0,0,0
YP_009110721,0,0,0,0,0
YP_009012493,0,0,0,0,0
YP_009103061,0,0,0,0,0
YP_009100585,1,1,1,1,1
YP_009099032,1,1,0,1,1
YP_009103520,0,0,0,0,0
YP_009103396,0,0,0,0,0
YP_009103177,0,0,0,0,0
YP_009103128,0,0,0,0,0
YP_009102812,0,0,0,0,0
YP_009102757,0,0,0,0,0
YP_009101601,1,1,1,1,1
YP_009100962,0,0,0,0,0
YP_009100492,0,0,0,0,0
YP_009100078,0,0,0,0,0
YP_009056630,1,1,1,1,1
YP_009056385,1,1,1,0,0
YP_009056260,0,0,0,0,0
YP_009055328,0,0,0,0,0
YP_009044611,1,1,1,0,0
YP_009044270,0,0,0,0,0
YP_009043249,0,0,0,0,0
YP_009042949,1,1,1,0,0
YP_009042315,0,0,0,0,0
YP_009005129,0,0,0,0,0
YP_009037081,1,1,1,0,0
YP_009035699,1,1,1,0,0
YP_009035372,1,1,1,0,0
YP_009035180,0,0,0,0,0
YP_009037462,1,1,1,1,1
YP_009032348,0,0,0,0,0
YP_009031422,1,1,1,0,0
YP_009031119,0,0,1,0,0
YP_009030649,1,1,1,1,1
YP_009030086,1,1,1,1,1
YP_009030363,1,1,1,0,1
YP_009021802,0,0,0,0,0
YP_009021708,0,0,0,0,0
YP_009018142,0,0,0,0,0
YP_009017750,0,0,0,0,0
YP_009016227,0,0,0,0,0
YP_009015046,0,0,0,0,0
YP_009014838,0,0,0,0,0
YP_009014837,0,0,0,0,0
YP_009011567,0,0,0,0,0
YP_009011443,1,1,1,1,1
YP_009009900,0,0,0,0,0
YP_009009809,0,0,0,0,0
YP_009009116,0,0,0,0,0
YP_009008857,0,0,0,0,0
YP_009008772,0,0,0,0,0
YP_009008281,1,1,1,0,0
YP_009008013,1,1,1,0,0
YP_009005301,1,1,1,1,1
YP_009004677,0,0,0,0,0
YP_009010227,0,0,0,0,0
YP_009009967,0,0,0,0,0
YP_009007814,0,0,0,0,0
YP_009007155,0,0,0,0,0
YP_009007154,0,0,0,0,0
YP_009006302,1,1,1,1,1
YP_009004179,0,0,0,0,0
YP_009004178,0,0,0,0,0
YP_009003226,1,1,1,0,0
YP_009003214,0,0,0,0,0
YP_008772027,0,0,0,0,0
YP_008770385,1,1,1,0,0
YP_008873151,0,0,0,0,0
YP_008859265,0,0,0,0,0
YP_008858073,0,0,0,0,0
YP_008857829,0,0,0,0,0
YP_008857684,0,0,0,0,0
YP_008857228,0,0,0,0,0
YP_008857094,0,0,0,0,0
YP_008856926,0,0,0,0,0
YP_008770114,0,0,0,0,0
YP_008767216,0,0,0,0,0
YP_008767143,0,0,0,0,0
YP_008767046,0,0,0,0,0
YP_008766901,0,0,0,0,0
YP_008766734,0,0,0,0,0
YP_008531939,0,0,0,0,0
YP_008531895,0,0,0,0,0
YP_008531849,0,0,0,0,0
YP_008531758,0,0,0,0,0
YP_008531713,0,0,0,0,0
YP_008531668,0,0,0,0,0
YP_008531623,0,0,0,0,0
YP_008531577,0,0,0,0,0
YP_008531192,1,1,1,0,0
YP_008530457,0,0,1,0,0
YP_008433301,0,0,0,0,0
YP_008320370,0,0,0,0,0
YP_008320131,0,0,0,0,0
YP_008318248,0,0,0,0,0
YP_008318192,0,0,0,0,0
YP_008318140,0,0,0,0,0
YP_008318086,0,0,0,0,0
YP_008241584,1,1,1,0,0
YP_008240675,1,1,1,0,0
YP_008318395,0,0,0,0,0
YP_008239761,0,0,0,0,0
YP_008239760,0,0,0,0,0
YP_008239613,0,0,0,0,0
YP_008130262,0,0,0,0,0
YP_008129993,1,1,1,0,0
YP_008126154,0,0,0,0,0
YP_008125207,1,1,1,1,1
YP_008061201,1,1,1,0,0
YP_008060562,1,1,1,1,1
YP_008060223,0,0,0,0,0
YP_008058853,0,0,0,0,0
YP_008058336,0,0,0,0,0
YP_008051088,0,0,0,0,0
YP_006907071,0,0,0,0,0
YP_007877893,1,1,1,0,0
YP_007877692,1,1,1,0,0
YP_007877677,0,0,0,0,0
YP_007877450,0,0,0,0,0
YP_007877241,0,0,0,0,0
YP_007869980,0,0,0,0,0
YP_007869899,0,0,0,0,0
YP_007677477,0,0,0,0,0
YP_007676800,1,1,1,0,0
YP_007677317,1,1,1,0,0
YP_007676895,0,0,0,0,0
YP_007676472,0,0,0,0,0
YP_007676361,0,0,0,0,0
YP_007675871,0,0,0,0,0
YP_007675626,1,1,1,0,0
YP_007675086,1,1,1,0,0
YP_007674466,1,1,1,0,0
YP_007673932,1,1,1,0,0
YP_007673691,0,0,0,0,0
YP_007673566,0,0,0,0,0
YP_007673437,1,1,1,0,0
YP_007673070,1,1,1,0,0
YP_007517990,1,1,1,0,0
YP_007517823,0,0,0,0,0
YP_007517775,0,0,0,0,0
YP_007348675,1,1,1,1,1
YP_007348558,0,0,0,0,0
YP_007392485,0,0,0,0,0
YP_007349132,1,1,1,1,1
YP_007111421,0,0,0,0,0
YP_007111398,0,0,0,0,0
YP_007238148,0,0,0,0,0
YP_007237628,0,0,1,0,0
YP_007237534,0,0,0,0,0
YP_007236917,0,0,0,0,0
YP_007236500,0,0,0,0,0
YP_007183247,0,0,0,0,0
YP_007151772,0,0,0,0,0
YP_007151717,0,0,0,0,0
YP_007151649,0,0,0,0,0
YP_007112653,0,0,0,0,0
YP_007112583,0,0,0,0,0
YP_007112522,0,0,0,0,0
YP_007112454,0,0,0,0,0
YP_007112443,0,0,0,0,0
YP_007112441,0,0,0,0,0
YP_007112395,0,0,0,0,0
YP_007112349,0,0,0,0,0
YP_007112160,0,0,0,0,0
YP_007112095,0,0,0,0,0
YP_007112080,0,0,0,0,0
YP_007111993,0,0,0,0,0
YP_007111923,1,1,1,0,0
YP_007111820,0,0,0,0,0
YP_007111752,0,0,0,0,0
YP_007111729,0,0,0,0,0
YP_007111680,0,0,0,0,0
YP_007111616,0,0,0,0,0
YP_007111509,0,0,0,0,0
YP_007011028,0,0,0,0,0
YP_007010947,0,0,0,0,0
YP_007010654,0,0,0,0,0
YP_007010530,0,0,0,0,0
YP_007010496,0,0,0,0,0
YP_007010273,1,1,1,1,1
YP_007008023,1,1,1,0,1
YP_007007269,1,1,1,1,0
YP_007006919,0,0,0,0,0
YP_007006381,0,0,0,0,0
YP_007005899,0,0,1,0,0
YP_007005669,0,0,1,0,0
YP_007005442,0,0,0,0,0
YP_007005441,0,0,0,0,0
YP_007004784,1,1,1,1,1
YP_007004699,0,0,0,0,0
YP_007004426,1,1,1,1,1
YP_007004310,0,0,0,0,0
YP_007004137,1,1,1,1,1
YP_007003506,0,0,0,0,0
YP_007003452,1,1,1,0,0
YP_007003114,0,0,0,0,0
YP_007001670,1,1,0,0,0
YP_007001669,1,1,0,0,0
YP_007001447,0,0,0,0,0
YP_006990218,0,0,0,0,0
YP_006987775,0,0,0,0,0
YP_006987718,0,0,0,0,0
YP_006987377,1,1,1,1,1
YP_006987093,0,0,0,0,0
YP_006986592,1,1,1,1,1
YP_006986313,1,1,1,1,1
YP_006908064,1,1,1,0,0
YP_006908924,0,0,0,0,0
YP_006906849,0,0,0,0,0
YP_006906692,1,1,1,0,0
YP_006906212,0,0,0,0,0
YP_006382489,0,0,0,0,0
YP_006560906,0,0,0,0,0
YP_006560861,0,0,0,0,0
YP_006560595,0,0,0,0,0
YP_006489262,0,0,0,0,0
YP_006383859,0,0,0,0,0
YP_006383608,0,0,0,0,0
YP_006383092,0,0,0,0,0
YP_006382707,0,0,1,0,0
YP_006383733,0,0,0,0,0
YP_006382988,0,0,0,0,0
YP_005098109,0,0,0,0,0
YP_005098381,0,0,0,0,0
YP_005087313,0,0,0,0,0
YP_005087448,0,0,0,0,0
YP_004957682,0,0,0,0,0
YP_004958173,0,0,0,0,0
YP_004957616,0,0,1,0,0
YP_004957482,0,0,0,0,0
YP_004893820,0,0,0,0,0
YP_004934484,1,1,1,0,0
YP_004934641,0,0,0,0,0
YP_004782459,0,0,0,0,0
YP_004782219,1,1,1,0,0
YP_004678817,0,0,0,0,0
YP_004678739,0,0,0,0,0
YP_004508574,1,1,1,0,0
YP_004421767,0,0,0,0,0
YP_004414943,1,1,1,1,1
YP_004414784,0,0,0,0,0
YP_004414738,0,0,0,0,0
YP_004327071,0,0,1,0,0
YP_004306795,0,0,0,0,0
YP_004301304,0,0,0,0,0
YP_004327242,0,0,0,0,0
YP_004325007,1,1,1,0,0
YP_004324773,1,1,1,0,0
YP_004324526,1,1,1,0,0
YP_004324287,0,0,0,0,0
YP_004324241,1,1,1,0,0
YP_004323997,1,1,1,0,0
YP_004323779,1,1,1,0,0
YP_004323792,0,0,0,0,0
YP_004323524,1,1,1,0,0
YP_004323321,0,0,0,0,0
YP_004323311,1,1,1,0,0
YP_004323072,1,1,1,0,0
YP_004322838,1,1,1,0,0
YP_004322579,1,1,1,0,0
YP_004322308,1,1,1,0,0
YP_004306334,0,0,0,0,0
YP_004300553,0,0,0,0,0
YP_004286202,0,0,0,0,0
YP_004251261,0,0,0,0,0
YP_004251220,0,0,0,0,0
YP_004250998,0,0,0,0,0
YP_004250979,0,0,0,0,0
YP_004063729,1,1,1,1,1
YP_004009896,1,1,1,1,1
YP_004009435,1,1,1,1,1
YP_003969562,0,0,1,0,0
YP_003934669,1,1,1,1,1
YP_003856864,1,1,1,0,0
YP_003734188,1,1,1,1,1
YP_003580063,0,0,0,0,0
YP_003358542,1,1,1,1,1
YP_003359088,1,1,1,0,1
YP_003347534,0,0,0,0,0
YP_003347912,0,0,0,0,0
YP_003344983,0,0,0,0,0
YP_003127280,0,0,0,0,0
YP_003097304,1,1,1,0,0
YP_003090259,0,0,0,0,0
YP_002922891,0,0,0,0,0
YP_002922386,1,1,1,1,1
YP_002922097,1,1,1,1,1
YP_002533506,0,0,0,0,0
YP_002456118,0,0,1,0,0
YP_002455814,0,0,0,0,0
YP_002333582,0,0,0,0,0
YP_002284393,0,0,0,0,0
YP_002274230,0,0,0,0,0
YP_002274210,0,0,0,0,0
YP_002274162,0,0,0,0,0
YP_002267976,0,0,0,0,0
YP_002224648,1,1,1,0,0
YP_002224426,1,1,1,0,0
YP_002224868,1,1,1,0,0
YP_002117694,0,0,0,0,0
YP_002048644,0,0,0,0,0
YP_002003727,0,0,0,0,0
YP_002003329,0,0,0,0,0
YP_002003328,0,0,0,0,0
YP_002003807,0,0,0,0,0
YP_002003806,0,0,0,0,0
YP_002003953,0,0,0,0,0
YP_002003952,0,0,0,0,0
YP_002003758,0,0,0,0,0
YP_002003469,0,0,0,0,0
YP_001956960,0,0,0,0,0
YP_001949765,0,0,0,0,0
YP_001949764,0,0,0,0,0
YP_001671897,0,0,0,0,0
YP_001595166,1,1,1,1,1
YP_001595430,0,0,0,0,0
YP_001469368,1,1,1,1,1
YP_001449322,0,0,0,0,0
YP_001429755,1,1,1,0,0
YP_001294604,0,0,0,0,0
YP_001285833,0,0,0,0,0
YP_001285610,0,0,0,0,0
YP_001272554,0,0,0,0,0
YP_001272543,0,0,0,0,0
YP_001272519,0,0,0,0,0
YP_001210282,0,0,0,0,0
YP_001110815,0,0,0,0,0
YP_001039642,0,0,0,0,0
YP_918997,0,0,0,0,0
YP_918996,0,0,0,0,0
YP_874025,1,1,1,0,0
YP_764356,0,0,0,0,0
YP_717845,1,1,1,0,0
YP_579193,0,0,0,0,0
YP_516211,0,0,0,0,0
YP_249580,0,0,0,0,0
YP_338107,0,0,0,0,0
YP_239823,0,0,0,0,0
YP_224193,0,0,0,0,0
YP_224104,0,0,0,0,0
YP_224056,0,0,0,0,0
YP_214708,1,1,1,0,0
YP_214417,1,1,1,0,0
YP_195169,1,1,1,0,0
YP_164400,0,0,0,0,0
YP_006616,0,0,0,0,0
YP_006602,0,0,0,0,0
NP_943752,0,0,0,0,0
NP_892101,0,0,0,0,0
NP_859366,0,0,0,0,0
NP_859200,0,0,0,0,0
NP_848279,0,0,0,0,0
NP_813761,0,0,0,0,0
NP_758899,0,0,0,0,0
NP_543063,0,0,0,0,0
NP_112053,0,0,0,0,0
NP_052088,0,0,0,0,0
NP_052087,0,0,0,0,0
NP_046933,0,0,0,0,0
YP_010067123,0,0,0,0,0
YP_010067068,0,0,0,0,0
YP_010066924,1,1,1,1,1
YP_009914482,0,0,0,0,0
YP_009874125,0,0,0,0,0
YP_009792945,0,0,0,0,0
YP_009167854,1,1,1,1,1
YP_009167411,1,1,1,1,1
YP_007947952,0,0,0,0,0
YP_009102247,1,1,1,1,1
YP_009098427,1,1,1,1,1
YP_006907407,1,1,1,0,0
YP_002853997,1,1,1,1,1
YP_002308398,0,0,0,0,0
YP_002117659,0,0,0,0,0
NP_944967,0,0,0,0,0
NP_899256,1,1,1,1,1
NP_891744,0,0,0,0,0
NP_891595,1,1,1,1,1
NP_861937,0,0,0,0,0
NP_861890,0,0,0,0,0
NP_861734,1,1,1,1,1
NP_680505,0,0,0,0,0
NP_599066,0,0,0,0,0
NP_203431,0,0,0,0,0
NP_077580,0,0,0,0,0
NP_050522,0,0,0,0,0
WBC28739,0,0,0,0,0
QXO05949,1,1,1,0,0
QQV87800,1,1,1,0,0
QPB10307,0,0,0,0,0
QVQ56274,0,0,0,0,0
UOX38067,0,0,0,0,0
UMO77125,0,0,0,0,0
WAX24951,0,0,0,0,0
WAX24774,0,0,0,0,0
WAX24330,0,0,0,0,0
WAX23782,0,0,0,0,0
WAX22921,1,1,1,0,0
WAX18181,0,0,0,0,0
WAX16750,0,0,0,0,0
WAX16707,0,0,0,0,0
WAX15077,0,0,0,0,0
WAX14641,0,0,0,0,0
WAX14364,0,0,0,0,0
WAX14208,0,0,0,0,0
WAX13854,1,1,1,1,1
WAX13579,1,1,1,1,1
WAX13330,1,1,1,1,1
WAX13230,1,1,1,1,1
WAX12761,1,1,1,1,1
WAX12286,1,1,1,0,0
WAX12233,1,1,1,0,0
WAX12180,1,1,1,0,0
WAX12086,1,1,1,0,0
WAX08851,0,1,1,0,0
WAX05191,1,0,1,0,0
WAX05088,1,0,1,0,0
WAW44440,0,0,0,0,0
WAW44411,0,0,0,0,0
WAW11402,0,0,0,0,0
WAY16748,1,1,1,0,0
UNI73479,0,0,0,0,0
UKM17328,0,0,0,0,0
WAS28534,1,1,1,0,0
QNJ57282,0,0,0,0,0
WAO25463,0,0,0,0,0
WAK45415,0,0,0,0,0
WAK44955,0,0,0,0,0
WAK44914,0,0,0,0,0
WAK44052,0,0,0,0,0
WAK44051,1,1,1,1,1
WAK43511,0,0,0,0,0
CAH1234458,1,1,1,0,0
CAH1234734,0,0,0,0,0
CAH1189534,0,0,0,0,0
UIW12529,0,0,0,0,0
WAE77217,1,1,1,1,1
WAB25193,1,1,1,0,0
WAB25015,1,1,1,0,0
WAB09818,0,0,0,0,0
WAB09022,0,0,0,0,0
WAB08926,0,0,0,0,0
WAA20080,1,1,1,0,0
WAA19891,1,1,1,0,0
WAA19696,0,0,0,0,0
UZZ63883,0,0,0,0,0
UZZ63822,0,0,1,0,0
APD20292,1,1,1,0,0
WAB24379,0,0,0,0,0
WAB24302,0,0,0,0,0
WAB24225,0,0,0,0,0
WAB24148,0,0,0,0,0
WAB24071,0,0,0,0,0
URE76711,0,0,0,0,0
UIS31721,0,0,0,0,0
UIS31530,0,0,0,0,0
UZV42280,0,0,0,0,0
UZV40656,0,0,0,0,0
UZV39517,0,0,0,0,0
UUV46826,0,0,0,0,0
UUV46305,0,0,0,0,0
USN17891,0,0,0,0,0
UZT50330,0,0,0,0,0
UZT29487,0,0,0,0,0
UQS95185,0,0,0,0,0
UQS95005,0,0,0,0,0
UZO33445,1,1,1,1,1
UZN24330,0,0,0,0,0
UZN24256,0,0,0,0,0
UZN24001,0,0,0,0,0
UZG81474,0,0,1,0,0
QOC54156,0,0,0,0,0
UJJ74682,1,1,1,0,0
BAN78387,1,1,1,1,1
UYM28686,1,1,1,1,1
UYL94154,0,0,0,0,0
UYL93721,0,0,0,0,0
UYL93381,0,0,0,0,0
UYL93305,0,0,0,0,0
UYL93227,0,0,0,0,0
UYL87456,0,0,0,0,0
UYL87442,0,0,0,0,0
UYL85114,0,0,0,0,0
UYL84799,0,0,0,0,0
UYL83195,0,0,0,0,0
UXQ88839,1,1,1,0,0
UUU45411,0,0,0,0,0
UYL05959,1,1,1,1,1
UYL05822,0,0,0,0,0
UYL05785,1,1,1,1,1
UYL05000,1,1,1,0,0
UYL04815,0,0,0,0,0
UYL04393,0,0,0,0,0
UYE98703,1,1,1,1,1
UYE91763,0,0,0,0,0
UYE91745,0,0,0,0,0
UYE90998,0,0,0,0,0
UYE90158,0,0,0,0,0
UYE89976,0,0,0,0,0
UYB05367,0,0,0,0,0
UYB05304,0,0,0,0,0
UYB05261,0,0,0,0,0
UYB05217,0,0,0,0,0
UYB05149,0,0,0,0,0
UYB05112,0,0,0,0,0
UYB05047,0,0,0,0,0
UYA99097,0,0,0,0,0
UYA98908,0,0,0,0,0
UYA58209,0,0,0,0,0
UYA57670,1,1,1,0,0
UXY92499,0,0,0,0,0
UTQ80050,0,0,0,0,0
UXQ84734,0,0,0,0,0
UWV16654,0,0,0,0,0
UWV19637,1,1,1,0,0
UNA01039,0,0,1,0,0
UXR28913,1,1,1,0,0
UXQ90474,0,0,0,0,0
UXQ89123,0,0,0,0,0
UXQ88735,0,0,0,0,0
UXQ84875,0,0,0,0,0
UUW39914,0,0,0,0,0
URY98912,0,0,0,0,0
URY98865,0,0,0,0,0
URY98818,0,0,0,0,0
UCR90956,1,1,1,0,1
UXL91175,0,0,0,0,0
UNA00878,0,0,0,0,0
UXE05748,0,0,0,0,0
UXE03301,0,0,0,0,0
UXE02909,0,0,1,0,0
UXD79538,1,1,1,1,1
UXD79301,0,0,0,0,0
QXM18777,0,0,0,0,0
UWV20396,0,0,1,0,0
QYW06597,0,0,0,0,0
UWG30902,1,1,1,0,0
UWG29637,0,0,0,0,0
UWG28160,1,1,1,0,0
UWG27813,0,0,0,0,0
UWG27559,1,1,1,0,0
UWG26830,0,0,0,0,0
UWG25587,0,0,0,0,0
UWG22170,0,0,0,0,0
UWG20603,0,0,0,0,0
UWG19964,1,1,1,0,0
UWG19292,0,0,0,0,0
UWG19261,1,1,1,0,0
UWG19187,1,1,1,0,0
UWG18507,1,1,1,0,0
UWG17694,1,1,1,0,0
UWG17071,0,0,0,0,0
UWG16612,0,0,0,0,0
UWG15962,0,0,0,0,0
UWG14628,0,0,0,0,0
UWG14228,0,0,0,0,0
UWG13353,1,1,1,0,0
UWG12747,1,1,1,0,0
UWG12438,1,1,1,0,0
UWG10212,0,0,0,0,0
UWG09855,0,0,0,0,0
UWG09663,0,0,0,0,0
UWG09164,1,1,1,0,0
UWG08882,0,0,0,0,0
UWG06620,0,0,0,0,0
UWG03791,0,0,1,0,0
UWG02034,0,0,0,0,0
UWG01351,0,0,0,0,0
UWG00420,0,0,0,0,0
UWF99028,1,1,1,0,0
UWF98687,0,0,0,0,0
UWF97332,0,0,0,0,0
UWF96296,0,0,0,0,0
UWF95454,0,0,0,0,0
UWF95006,1,1,1,0,0
UWF93719,1,1,1,0,0
UWF93290,0,0,0,0,0
UWF92465,0,0,0,0,0
UWF91489,1,1,1,0,0
UWF90705,1,1,1,0,0
UWF90498,0,0,0,0,0
UWF90477,0,0,0,0,0
UWF90421,1,1,1,0,0
UWF89295,0,0,0,0,0
UWF86991,0,0,0,0,0
UWF86463,1,1,1,0,0
UWF84999,0,0,0,0,0
UWF84457,1,1,1,0,0
UWF83816,0,0,0,0,0
UWF83085,0,0,0,0,0
UWF81907,0,0,0,0,0
UVX32050,0,0,0,0,0
UVX32011,0,0,0,0,0
UVX31919,0,0,0,0,0
UVX31893,0,0,0,0,0
UVX31369,0,0,0,0,0
UVX31267,0,0,0,0,0
UVX31198,0,0,0,0,0
UVX30858,0,0,0,0,0
UVX30522,0,0,0,0,0
UVX30083,0,0,0,0,0
UVX29798,0,0,0,0,0
UVX29741,0,0,0,0,0
UVX29320,0,0,0,0,0
UNA05399,0,0,0,0,0
UNA05447,0,0,0,0,0
UNA05332,0,0,0,0,0
UNA05199,0,0,0,0,0
UNA05057,0,0,0,0,0
UNA03965,0,0,0,0,0
UNA03645,0,0,0,0,0
UNA03324,0,0,0,0,0
UNA03003,0,0,0,0,0
UNA02683,0,0,0,0,0
UVY68666,0,0,0,0,0
UVY68112,0,0,0,0,0
UVY67291,0,0,0,0,0
UVY66940,0,0,0,0,0
UVY66610,0,0,0,0,0
UVY66437,0,0,0,0,0
UVY65071,0,0,0,0,0
UVY64690,0,0,0,0,0
UVY64625,0,0,0,0,0
UVY64505,0,0,0,0,0
UVY64073,0,0,0,0,0
UVY63720,1,1,1,0,0
UVY63513,0,0,0,0,0
UVY61224,1,1,1,0,0
UVY61144,0,0,0,0,0
UVY61018,0,0,0,0,0
UVY60119,1,1,1,0,0
UVY58950,1,1,1,0,0
UVY58779,0,0,0,0,0
UVY58109,0,0,0,0,0
UVY57885,0,0,0,0,0
UVY56197,0,0,0,0,0
UVY56183,0,0,0,0,0
UVY55541,1,1,0,0,0
UVY55075,0,0,0,0,0
UVY54260,0,0,0,0,0
UVY53938,0,0,0,0,0
UVY53599,0,0,0,0,0
UVY52485,0,0,0,0,0
UVY52011,0,0,0,0,0
UVY49350,0,0,0,0,0
UVY47793,1,1,1,0,0
UVY47365,0,0,0,0,0
UVY47080,0,0,0,0,0
UVY46972,0,0,0,0,0
UVY46475,0,0,0,0,0
UVY45978,0,0,0,0,0
UVY45357,1,1,1,0,0
UVY20493,0,0,0,0,0
UVY19832,0,0,0,0,0
UVY19332,0,0,0,0,0
UVY18899,1,1,1,0,0
UVY18385,1,1,1,0,0
UVY17748,0,0,0,0,0
UVY17506,0,0,0,0,0
UVY17320,0,0,0,0,0
UVY15741,0,0,0,0,0
UVY15589,0,0,1,0,0
UVY15481,1,1,1,0,0
UVY15353,0,0,0,0,0
UVY15131,1,1,1,0,0
UVY14769,1,1,1,0,0
UVY14638,0,0,0,0,0
UVY14264,1,1,1,0,0
UVY14207,0,0,0,0,0
UVY13414,1,1,1,0,0
UVY13251,0,0,0,0,0
UVY13048,1,1,1,0,0
UVY12890,0,0,0,0,0
UVY12648,0,0,0,0,0
UVY10328,1,1,1,0,0
UVY09653,0,0,0,0,0
UVY08936,0,0,0,0,0
UVY08827,0,0,0,0,0
UVY08722,0,0,0,0,0
UVY07842,0,0,0,0,0
UVY06199,0,0,0,0,0
UVY05769,0,0,0,0,0
UVY05347,0,0,0,0,0
UVY03738,0,0,1,0,0
UVY00272,0,0,0,0,0
UVX97391,1,1,1,0,0
UVX97068,0,0,0,0,0
UVX96314,0,0,0,0,0
UVX96291,0,0,0,0,0
UVY44691,0,0,0,0,0
UVY43922,0,0,0,0,0
UVY43318,0,0,0,0,0
UVY41795,1,1,1,0,0
UVY40172,0,0,0,0,0
UVY39217,0,0,0,0,0
UVY38449,0,0,0,0,0
UVY38435,0,0,0,0,0
UVY36367,0,0,0,0,0
UVY34477,1,1,1,0,0
UVY34288,0,0,0,0,0
UVY33917,1,1,1,0,0
UVY33753,0,0,0,0,0
UVY33641,0,0,0,0,0
UVY32893,1,1,1,0,0
UVY32459,1,1,1,0,0
UVY28423,1,1,1,0,0
UVY25117,0,0,0,0,0
UVY22966,0,0,0,0,0
UVY21795,0,0,0,0,0
UVY20709,0,0,0,0,0
UVX94050,1,1,1,0,0
UVX93068,1,1,1,0,0
UVX91529,0,0,0,0,0
UVX91288,1,1,1,0,0
UVX90902,0,0,0,0,0
UVX90407,0,0,0,0,0
UVX90380,1,1,1,0,0
UVX89615,1,1,1,0,0
UVX88473,1,1,1,0,0
UVX88133,1,1,1,0,0
UVX87975,1,1,1,0,0
UVX86913,1,1,1,0,0
UVX86710,0,0,0,0,0
UVX85844,1,1,1,0,0
UVX85100,1,1,1,0,0
UVX84758,1,1,1,0,0
UVX83625,1,1,1,0,0
UVX82947,1,1,1,0,0
UVX82715,1,1,1,0,0
UVX82387,1,1,1,0,0
UVX81625,1,1,1,0,0
UVX81488,1,1,1,0,0
UVX81406,0,0,0,0,0
UVX81304,0,0,0,0,0
UVX80980,0,0,0,0,0
UVX79929,0,0,0,0,0
UVX79773,0,0,0,0,0
UVX79599,1,1,1,0,0
UVX77971,0,0,0,0,0
UVX77453,1,1,1,0,0
UVX76680,0,0,0,0,0
UVX76460,0,0,0,0,0
UVX76459,0,0,0,0,0
UVX75514,0,0,0,0,0
UVX73066,1,1,1,0,0
UVX71904,1,1,1,0,0
UVX71756,0,0,0,0,0
UVX70802,1,1,1,0,0
UVX67711,0,0,0,0,0
UVX67260,1,1,1,0,0
UVX66292,1,1,1,1,1
UVX66073,0,0,0,0,0
UVX66058,1,1,1,0,0
UVX65675,0,0,0,0,0
UVX65261,0,0,0,0,0
UVX62838,0,0,0,0,0
UVX62703,1,0,1,0,0
UVX62563,0,0,0,0,0
UVX62181,1,1,1,0,0
UVX61781,1,1,1,0,0
UVX61364,0,0,0,0,0
UVX61315,1,1,1,0,0
UVX61110,0,0,0,0,0
UVX60619,1,1,1,1,1
UVX59538,0,0,0,0,0
UVX59487,1,1,0,0,0
UVX59103,1,1,1,0,0
UVX58638,1,1,1,0,0
UVX57582,1,1,1,0,0
UVX57079,1,1,1,0,0
UVX56690,0,0,0,0,0
UVX55046,1,1,1,0,0
UVX54867,0,0,0,0,0
UVX54857,0,0,0,0,0
UVX54331,0,0,0,0,0
UVX54104,0,0,0,0,0
UVX54050,0,0,0,0,0
UVX53427,0,0,0,0,0
UVX53294,0,1,1,0,0
UVX53099,1,1,1,0,0
UVX52822,0,0,0,0,0
UVX51288,1,1,1,0,0
UVX50463,0,0,0,0,0
UVX49700,1,1,1,0,0
UVX49549,1,1,1,0,0
UVX48884,1,0,1,0,0
UVX48724,0,0,1,0,0
UVX48383,1,1,1,0,0
UVX46944,0,0,0,0,0
UVX46683,1,1,1,0,0
UVX45782,1,1,1,0,0
UVX44794,0,0,0,0,0
UVX44584,0,0,1,0,0
UVX44246,0,0,0,0,0
UVX43670,1,1,1,0,0
UVX43110,0,0,0,0,0
UVX42389,1,1,1,0,0
UVX42358,1,1,1,0,0
UVX41577,0,0,0,0,0
UVX40923,1,1,1,0,0
UVX40683,1,1,1,0,0
UVX39340,1,1,1,0,0
UVX38931,1,1,1,0,0
UVX38526,1,1,1,0,0
UVX37522,0,0,0,0,0
UVX37415,0,0,0,0,0
UVX37155,0,0,0,0,0
UVX37099,0,0,0,0,0
UVX35817,1,1,1,0,0
UVX33557,0,0,0,0,0
UVX32701,0,0,0,0,0
UVX32266,1,1,1,0,0
UVN10946,0,0,0,0,0
UVN10865,0,0,0,0,0
UVN10173,1,1,1,0,0
UVN10046,0,0,0,0,0
UVN09722,0,0,0,0,0
UVN09693,1,1,1,0,0
UVN08655,0,0,1,0,0
UVN07869,1,1,1,0,0
UVN07576,1,1,1,0,0
UVN07316,1,1,1,0,0
UVN07047,1,1,1,0,0
UVN04780,0,0,0,0,0
UVN04257,0,0,0,0,0
UVN04232,1,1,1,0,0
UVN02982,1,1,1,0,0
UVN02914,0,0,0,0,0
UVN02251,0,0,0,0,0
UVN00093,0,0,1,0,0
UVM99981,1,1,1,0,0
UVM99916,0,0,0,0,0
UVM99806,1,1,1,0,0
UVM99463,1,1,1,0,0
UVM99079,1,1,1,0,0
UVM98911,0,0,0,0,0
UVM98789,1,1,1,0,0
UVM98451,1,1,1,0,0
UVM97532,1,0,1,0,0
UVM97428,1,1,1,0,0
UVM97273,1,1,1,0,0
UVM95698,0,0,1,0,0
UVM95116,0,0,0,0,0
UVM94664,0,0,0,0,0
UVM94013,0,0,0,0,0
UVM91411,0,0,0,0,0
UVM90785,0,0,0,0,0
UVM90450,0,0,0,0,0
UVM90394,1,1,1,0,0
UVM90009,0,0,0,0,0
UVM89076,1,1,1,0,0
UVM87339,0,0,0,0,0
UVM87152,1,1,1,0,0
UVM86990,0,0,0,0,0
UVM86381,1,1,1,0,0
UVM86324,0,0,0,0,0
UVM86125,0,0,0,0,0
UVM83836,0,0,0,0,0
UVM82866,0,0,0,0,0
UVM82853,0,0,0,0,0
UVM82614,1,1,1,0,0
UVM82513,0,0,0,0,0
UVM82094,0,0,0,0,0
UVM80877,0,0,0,0,0
UVM80389,0,0,0,0,0
UVT31341,0,0,0,0,0
UVN13776,0,0,0,0,0
UVN13109,0,0,0,0,0
UVK80589,0,0,0,0,0
UVK63954,0,0,0,0,0
UVK62701,0,0,0,0,0
UVK62638,0,0,0,0,0
UVK62222,1,1,1,0,0
UVK62099,0,0,0,0,0
UVK62081,0,0,0,0,0
UVK61916,1,1,1,0,0
UVK60210,0,0,0,0,0
UVK59626,0,0,0,0,0
UVK59250,0,0,0,0,0
QPI18135,0,0,0,0,0
QPI17989,1,1,1,1,1
UVD32418,1,1,1,1,1
UTY64278,1,1,1,1,1
UVG35423,0,0,0,0,0
UVG35146,0,0,0,0,0
UVG34439,0,0,0,0,0
UVG34330,0,0,0,0,0
UVG34020,0,0,0,0,0
UVG33913,0,0,0,0,0
UVG33817,0,0,0,0,0
UVF61500,1,1,1,0,0
UVF09799,0,0,0,0,0
URQ08958,1,1,1,0,1
URQ08855,1,1,1,0,1
UQS92958,1,1,1,0,1
UVD42779,0,0,1,0,0
UVD42344,0,0,1,0,0
UVD42336,0,0,1,0,0
UVD41770,0,0,0,0,0
UVD39932,1,1,1,0,0
UVD36729,1,1,1,1,1
UVD32678,0,0,0,0,0
UVD32041,0,0,0,0,0
UEP19687,0,0,0,0,0
QYC51163,1,1,1,1,1
UUV44863,0,0,0,0,0
UUV44449,1,1,1,0,0
UUV44313,0,0,0,0,0
UUV44150,0,0,0,0,0
UUV43887,0,0,0,0,0
UUV43823,1,1,1,0,0
UUV43582,0,0,0,0,0
UUT41047,0,0,0,0,0
UUT40676,0,0,0,0,0
UTQ72529,0,0,0,0,0
UTQ72471,0,0,0,0,0
UOL50940,0,0,0,0,0
UUJ74847,0,0,0,0,0
UUJ74485,0,0,0,0,0
UUG68398,0,0,0,0,0
UUG68208,0,0,0,0,0
UUG67334,1,1,1,1,1
UUG67061,1,1,1,1,1
UUG66722,0,0,0,0,0
UUG66299,0,0,0,0,0
UUB20377,0,0,0,0,0
ULF50174,0,0,0,0,0
ULF50134,0,0,0,0,0
ULF50096,0,0,0,0,0
ULF50057,0,0,0,0,0
ULF50017,0,0,0,0,0
ULF49978,0,0,0,0,0
ULF49942,0,0,0,0,0
ULF49902,0,0,0,0,0
ULF49862,0,0,0,0,0
ULF49823,0,0,0,0,0
ULF49785,0,0,0,0,0
ULF49745,0,0,0,0,0
ULF49705,0,0,0,0,0
ULF49665,0,0,0,0,0
ULF49626,0,0,0,0,0
ULF49590,0,0,0,0,0
ULF49554,0,0,0,0,0
ULF49514,0,0,0,0,0
UUB18462,0,0,0,0,0
URX37655,0,0,0,0,0
UTV61202,0,0,0,0,0
UTV61120,0,0,0,0,0
UTV60978,0,0,0,0,0
UTV60864,0,0,0,0,0
UTS53940,1,1,1,1,1
UTQ80313,0,0,0,0,0
UTQ80312,1,1,1,1,1
UTQ79983,0,0,0,0,0
UTQ79978,1,1,1,0,0
UTQ79643,0,0,0,0,0
UTQ79362,1,1,1,1,1
UTQ78152,0,0,0,0,0
UTQ78120,0,0,0,0,0
UTQ78058,0,0,0,0,0
UTQ77367,0,0,0,0,0
UTQ72806,1,1,1,0,0
CAH9016950,0,0,0,0,0
CAH9016292,0,0,0,0,0
CAH9015533,0,0,0,0,0
CAH9015473,0,0,0,0,0
CAH9013566,0,0,0,0,0
CAH9013502,0,0,0,0,0
CAH9013331,0,0,0,0,0
CAH9013487,0,0,0,0,0
CAH9012524,0,0,0,0,0
CAH9012536,0,0,0,0,0
CAH9012479,0,0,0,0,0
CAH9013474,0,0,0,0,0
CAH9013339,0,0,0,0,0
CAH9013433,0,0,0,0,0
CAH9012336,0,0,0,0,0
CAH9012246,0,0,0,0,0
CAH9012771,0,0,0,0,0
CAH9012578,0,0,0,0,0
UTN93485,0,0,0,0,0
USS70619,0,0,0,0,0
UTI75156,0,0,0,0,0
QQV87990,0,0,0,0,0
UTC26040,0,0,0,0,0
UTC25273,0,0,0,0,0
URQ03592,1,1,1,1,1
URQ03201,1,1,1,1,1
USZ62954,1,1,1,0,0
UNY42281,0,0,0,0,0
CAH1070023,0,0,0,0,0
CAH1086861,1,1,1,0,0
CAH1086502,0,0,0,0,0
CAH1088876,0,0,0,0,0
CAH1090765,0,0,0,0,0
CAH1096128,0,0,0,0,0
CAH1096238,0,0,0,0,0
CAH1096860,0,0,0,0,0
CAH6419759,0,0,0,0,0
CAH7774721,0,0,0,0,0
CAH7774584,0,0,0,0,0
CAH1069553,0,0,0,0,0
USN16607,0,0,0,0,0
USN16764,0,0,0,0,0
USM81400,1,1,1,1,1
USM81329,0,0,0,0,0
USM81181,0,0,0,0,0
USL94565,0,0,0,0,0
USL89712,0,0,0,0,0
USL89615,0,0,0,0,0
USL89118,0,0,0,0,0
USL86260,0,0,0,0,0
USL86008,1,1,1,1,1
USL85527,1,1,1,1,1
CAH6634770,1,0,0,0,0
CAH6634769,1,1,1,1,1
CAH6635157,0,0,0,0,0
CAH6634560,0,0,0,0,0
QXG07595,0,0,0,0,0
USL84599,0,0,1,0,0
USL83937,1,1,1,1,1
USL83700,1,1,1,1,1
USH46044,0,0,0,0,0
USH45871,0,0,0,0,0
USH44955,0,0,0,0,0
USH44621,0,0,0,0,0
URQ03899,0,0,0,0,0
URY12820,0,0,0,0,0
URY12719,0,0,0,0,0
URY12477,0,0,0,0,0
URY12315,0,0,0,0,0
URY11055,0,0,0,0,0
URY11011,0,0,0,0,0
URY10968,0,0,0,0,0
URY10914,0,0,0,0,0
URY10877,0,0,0,0,0
URY10710,0,0,0,0,0
URY10667,0,0,0,0,0
URX66094,1,1,1,1,1
URX65903,1,1,1,1,1
URY99504,0,0,0,0,0
URY99454,0,0,0,0,0
URY99314,0,0,0,0,0
URY99260,0,0,0,0,0
URY99209,0,0,0,0,0
QXP45267,0,0,0,0,0
URQ04950,0,0,0,0,0
URQ04884,0,0,0,0,0
URQ02906,0,0,0,0,0
URP75114,0,0,0,0,0
URP75059,0,0,0,0,0
URO83509,0,0,0,0,0
URN71210,0,0,0,0,0
URN71152,0,0,0,0,0
URM87611,1,1,1,0,0
URM87382,0,0,0,0,0
URM86658,1,1,1,0,0
UPW36278,0,0,0,0,0
URC22852,0,0,0,0,0
URC22334,0,0,0,0,0
URG18124,0,0,0,0,0
URG17923,1,1,1,1,1
URG17654,0,0,0,0,0
URG17558,0,0,0,0,0
URG14352,0,0,0,0,0
URG13603,1,1,1,1,1
URC25414,0,0,0,0,0
URC17890,0,0,0,0,0
URC17329,0,0,0,0,0
URC16923,0,0,0,0,0
QRI46076,1,1,1,0,0
QQO39650,0,0,0,0,0
QQO39578,0,0,0,0,0
QQO39471,0,0,0,0,0
QQO39249,0,0,0,0,0
QNO12504,1,1,1,0,0
QNN98330,1,1,1,0,0
QGJ96272,1,1,1,0,0
QGJ94096,1,1,1,0,0
QGJ91925,1,1,1,0,0
QGH79854,1,1,1,0,0
QGH78970,1,1,1,0,0
QGH78273,1,1,1,0,0
QGH74328,1,1,1,0,0
QFP95984,0,0,0,0,0
QFG10500,0,0,0,0,0
QDF17256,1,1,1,0,0
QBP32715,0,0,0,0,0
QBP31169,0,0,0,0,0
QAY12736,1,1,1,0,0
QAY08746,1,1,1,0,0
QAX95819,1,1,1,0,0
AZS06616,0,0,0,0,0
AXH66591,1,1,1,0,0
AVR56966,0,0,0,0,0
AVP43155,0,0,0,0,0
AVO21361,0,0,0,0,0
ASR76514,1,1,1,0,0
ASN73160,1,1,1,0,0
AKU45373,0,0,0,0,0
URC10548,0,0,0,0,0
URC10446,0,0,0,0,0
URC10038,0,0,0,0,0
URC09958,0,0,0,0,0
URC09804,0,0,0,0,0
URC09716,0,0,0,0,0
URC09515,0,0,0,0,0
URC09485,0,0,0,0,0
URC09314,0,0,0,0,0
URC09161,0,0,0,0,0
URC08978,0,0,0,0,0
URC08883,0,0,0,0,0
URC08778,0,0,0,0,0
URC08659,0,0,0,0,0
UKL14966,1,1,1,0,0
UIS24627,1,1,1,0,0
UQK57911,0,0,0,0,0
UQK57849,0,0,0,0,0
UOL49350,0,0,0,0,0
UPW40291,0,0,0,0,0
UPW39815,0,0,0,0,0
UPW39655,0,0,0,0,0
UPW39583,0,0,0,0,0
UPW39181,0,0,0,0,0
UPW38870,0,0,0,0,0
UPW38658,0,0,0,0,0
UPW38148,0,0,0,0,0
UPW37659,0,0,0,0,0
UPW37456,0,0,0,0,0
UPW36125,1,1,1,1,1
UPW35749,0,0,0,0,0
UPW35216,0,0,0,0,0
UFD98275,0,0,1,0,0
UCW44412,0,0,0,0,0
UCW44319,0,0,0,0,0
QIA28551,1,1,1,0,0
UPU15759,1,1,1,0,1
UGC97229,1,1,1,0,0
BCV07341,1,1,1,0,0
BCV04928,0,0,0,0,0
BCV04456,0,0,0,0,0
BCV04273,0,0,0,0,0
BCV01681,0,0,0,0,0
BCV00195,0,0,0,0,0
BCU99574,0,0,0,0,0
BCU99557,1,1,1,0,0
BCU98749,1,1,1,0,0
BCU98466,1,1,0,0,0
BCU98330,1,1,0,0,0
BCU97102,1,1,1,0,0
BCU96896,1,1,1,0,0
BCU96745,1,1,0,0,0
BCU96367,1,1,1,0,0
BCU95771,0,0,1,0,0
BCU95423,1,1,1,0,0
BCU95422,1,1,1,0,0
BCU93598,1,1,1,0,0
UPU15559,0,0,0,0,0
UPO63114,0,0,0,0,0
UPO42282,0,0,0,0,0
UOL51076,0,0,0,0,0
UAW58475,1,1,1,1,1
UAW58409,0,0,0,0,0
UAW58301,0,0,0,0,0
UAW58082,0,0,0,0,0
UAW57955,0,0,0,0,0
QKE56529,1,1,1,0,0
UOX40041,0,0,0,0,0
UOX39969,1,1,1,0,0
UFK26850,0,0,0,0,0
UFK26801,0,0,0,0,0
UOW93129,0,0,0,0,0
UOW92818,0,0,0,0,0
UOW66370,0,0,0,0,0
QVD49395,0,0,0,0,0
UOL51478,1,1,1,1,1
UOK18394,0,0,0,0,0
UOL48414,0,0,0,0,0
UOL48320,0,0,0,0,0
UOK17891,0,0,0,0,0
UOK17642,1,1,1,1,1
UKH48963,1,1,1,1,1
UOF82879,0,0,0,0,0
UOF82805,0,0,0,0,0
UOF82139,0,0,0,0,0
UOF81931,0,0,0,0,0
UOF81855,0,0,0,0,0
UOF81704,0,0,0,0,0
UOF81376,0,0,0,0,0
UOF81316,0,0,0,0,0
UOF81171,0,0,0,0,0
UOF80704,0,0,0,0,0
UOF80535,0,0,1,0,0
UOF80532,1,1,1,0,0
UOF79981,0,0,0,0,0
UOF79939,0,0,0,0,0
UOF79831,0,0,0,0,0
UOF79339,0,0,0,0,0
UOF78582,0,0,0,0,0
UOF77403,0,0,0,0,0
UOF77233,0,0,0,0,0
UOF76981,0,0,0,0,0
UOF76897,0,0,0,0,0
QZI93874,1,1,1,1,1
QZI93613,1,1,1,1,1
QZI93343,1,1,1,1,1
UNY50244,0,0,0,0,0
UNY42544,0,0,1,0,0
UNY41906,0,0,0,0,0
UNY40324,0,0,0,0,0
UNY39839,1,1,1,0,0
UEN68455,0,0,0,0,0
QVV97223,0,0,0,0,0
ACZ55500,0,0,0,0,0
AOO19504,1,1,1,0,0
AOO19291,1,1,1,0,0
AOO19082,1,1,1,0,0
AOO18864,1,1,1,0,0
AOO18439,1,1,1,0,0
AOO18225,1,1,1,0,0
AOO18013,1,1,1,0,0
AOO17797,1,1,1,0,0
AOO17367,1,1,1,0,0
AOO17152,1,1,1,0,0
AOO16936,1,1,1,0,0
AOO16721,1,1,1,0,0
AOO16290,1,1,1,0,0
AOO16071,1,1,1,0,0
AOO15649,1,1,1,0,0
AOO15431,1,1,1,0,0
AOO15222,1,1,1,0,0
QJT70282,0,0,0,0,0
UNI72783,1,1,1,1,1
UNI71896,0,0,0,0,0
UNI71137,0,0,0,0,0
BDH16503,0,0,1,0,0
UNI71239,1,1,1,0,1
ULG01231,0,0,0,0,0
UNA05795,0,0,0,0,0
UNA05665,0,0,0,0,0
UNA05517,0,0,0,0,0
UNA00809,1,1,1,0,0
UMW88014,0,0,0,0,0
UMW87884,0,0,0,0,0
UMO77051,0,0,0,0,0
UMO76472,0,0,0,0,0
UMO76097,0,0,0,0,0
UMM62521,0,0,0,0,0
UMM62480,0,0,0,0,0
QSM00810,0,0,0,0,0
UJJ74426,1,1,1,1,1
ULF50505,1,1,1,1,1
ULG01851,0,0,0,0,0
ULG01605,0,0,0,0,0
ULG01415,0,0,0,0,0
ULG01074,0,0,0,0,0
ULF49385,1,0,1,0,0
ULF48595,0,0,0,0,0
ULF48501,0,0,0,0,0
QYC95397,0,0,0,0,0
UKZ10982,0,0,0,0,0
UKS71362,0,0,0,0,0
UKM53923,0,0,0,0,0
UKM36403,0,0,0,0,0
UKM35941,0,0,0,0,0
UKM17109,0,0,0,0,0
UKL14706,0,0,0,0,0
UJQ71152,0,0,0,0,0
UJQ71110,0,0,0,0,0
QZB89685,1,1,1,1,1
QZB85687,0,0,0,0,0
QZB85649,0,0,0,0,0
QZB85612,0,0,0,0,0
QZB85574,0,0,0,0,0
QZB85538,0,0,0,0,0
QZB85462,0,0,0,0,0
QZB85387,0,0,0,0,0
QZB85349,0,0,0,0,0
QZB85312,0,0,0,0,0
QZB85275,0,0,0,0,0
QZB85237,0,0,0,0,0
QZB85087,0,0,0,0,0
QZB85051,0,0,0,0,0
QZB85014,0,0,0,0,0
QZB84940,0,0,0,0,0
QZB84754,0,0,0,0,0
QZB84607,0,0,0,0,0
QZB84530,0,0,0,0,0
QZB84415,0,0,0,0,0
QZB83649,0,0,0,0,0
UKH49695,0,0,0,0,0
UKH49301,0,0,0,0,0
UKH49226,0,0,0,0,0
UKH48537,0,0,0,0,0
UKH48252,1,1,1,0,0
CAD5241578,1,1,1,1,1
CAD5241838,1,1,1,1,1
CAD5241288,1,1,1,1,1
CAD5241893,1,1,1,1,1
CAD5242979,1,1,1,1,1
CAD5241258,1,1,1,1,1
CAD5242997,1,1,1,1,1
CAD5242033,1,1,1,1,1
CAD5240909,1,1,1,1,1
CAD5240781,1,1,1,1,1
CAD5240622,1,1,1,1,1
QZI85717,1,1,1,0,0
UJQ87968,0,0,0,0,0
UJQ87835,0,0,0,0,0
UJQ86655,0,0,0,0,0
UJQ86453,0,0,0,0,0
UJQ86228,0,0,0,0,0
UJQ86210,0,0,0,0,0
UJQ87269,0,0,0,0,0
UJQ87441,0,0,0,0,0
UJP29989,0,0,0,0,0
QVW28744,0,0,0,0,0
UJH95855,0,0,0,0,0
UJH95786,0,0,0,0,0
UJD20802,0,0,0,0,0
UJD20785,0,0,0,0,0
UJD18061,0,0,0,0,0
UJD05803,1,1,1,1,1
UJD05624,1,1,1,1,1
UJD04854,1,1,1,1,1
UIW12931,0,0,0,0,0
UIW12815,0,0,0,0,0
UIW11695,0,0,0,0,0
UIW11156,0,0,0,0,0
UIW11045,0,0,0,0,0
UIU47018,0,0,1,0,0
UIU27986,1,1,1,1,1
UIU27719,1,1,1,1,1
UIU27292,1,1,1,1,1
UIU27019,1,1,1,1,1
UIS73850,0,0,0,0,0
BCO16337,1,1,1,0,0
UIS74032,0,0,0,0,0
UIO58113,1,1,1,1,1
QXN68760,0,0,0,0,0
QXN68748,1,1,1,0,0
QXN68728,0,0,0,0,0
UAW59195,0,1,0,0,0
AZB66549,0,0,0,0,0
UAJ16887,0,0,0,0,0
UAJ16886,0,0,0,0,0
UHX60367,0,0,0,0,0
UHX60314,0,0,0,0,0
UHX60262,0,0,0,0,0
UHS65470,0,0,0,0,0
UHS65080,0,0,0,0,0
QYA57176,0,0,0,0,0
QQM14230,0,0,0,0,0
UCR80859,0,0,0,0,0
QMP18513,0,0,1,0,0
UHQ62588,0,0,0,0,0
QQO91377,0,0,0,0,0
QQO91301,0,0,0,0,0
QQO91132,0,0,0,0,0
QQM13720,0,0,0,0,0
UGO51931,0,0,0,0,0
UGV23797,0,0,0,0,0
UGV22859,1,1,1,1,1
UGV20066,0,0,0,0,0
CAH0499427,0,0,1,0,0
CAE6408078,0,0,0,0,0
CAD7712137,1,1,1,1,1
CAD5160405,0,0,0,0,0
CAD2070380,0,0,0,0,0
UGO57059,0,0,0,0,0
UGO56309,0,0,1,0,0
UGO55391,1,1,1,1,1
UGO54900,0,0,0,0,0
UGO54349,0,0,0,0,0
UGO53194,1,1,1,1,1
UGO50463,1,1,1,0,0
UGO48377,1,1,1,1,1
UGO47555,0,0,0,0,0
UGO47392,1,1,1,1,1
UGL63482,0,0,0,0,0
UGL62700,0,0,0,0,0
UGL62133,0,0,0,0,0
UGL61306,0,0,0,0,0
UGL61075,0,0,0,0,0
UGC97917,0,0,0,0,0
UGC97329,0,0,0,0,0
QEG11453,1,1,1,1,1
QKN88627,0,0,0,0,0
QXN73993,0,0,0,0,0
QXN73975,0,0,0,0,0
QXN73464,0,0,0,0,0
QWY84933,0,0,0,0,0
QWY82483,0,0,0,0,0
QWY82465,0,0,0,0,0
QUE26023,0,0,0,0,0
QUE25618,0,0,0,0,0
QUE25363,0,0,0,0,0
QRI45983,0,0,0,0,0
QOP65316,0,0,0,0,0
QOP64430,0,0,0,0,0
QOI67818,1,1,1,0,0
QNO12881,0,0,0,0,0
QNL30037,0,0,0,0,0
QNJ59490,0,0,0,0,0
QNJ59421,0,0,0,0,0
QNJ58607,1,1,1,0,0
QNJ57649,0,0,0,0,0
QNJ55982,0,0,0,0,0
QNJ55571,0,0,0,0,0
QKY79547,0,0,0,0,0
QKY78606,0,0,0,0,0
QKO02824,0,0,0,0,0
QGZ17466,0,0,0,0,0
QGZ16745,0,0,0,0,0
QGJ96838,0,0,0,0,0
QGJ96008,0,0,0,0,0
QGJ94522,0,0,0,0,0
QGH76686,0,0,0,0,0
QGH75924,0,0,0,0,0
QED12295,0,0,0,0,0
QED11887,0,0,0,0,0
QDP44534,1,1,1,0,0
QDP43894,0,0,0,0,0
QDM57965,0,0,0,0,0
QDM56336,0,0,0,0,0
QDM56317,0,0,0,0,0
QDH47788,0,0,0,0,0
QCW22390,0,0,0,0,0
QCO93833,0,0,0,0,0
QBZ71869,1,1,1,0,0
AZS11812,0,0,0,0,0
AZS07954,1,1,1,0,0
AZF97879,1,1,1,0,0
AYD81937,1,1,1,0,0
AXH45158,0,0,0,0,0
AXH44274,0,0,1,0,0
AXH44030,0,0,1,0,0
AXH43968,0,0,1,0,0
AXF51632,0,0,0,0,0
AWY05243,0,0,0,0,0
AWY05226,0,0,0,0,0
AUX82539,0,0,0,0,0
ATW58975,0,0,1,0,0
ATN91457,1,1,1,0,0
ATN90140,1,1,1,0,0
ATN88372,1,1,1,0,0
ATN87628,1,1,1,0,0
ASZ74355,0,0,1,0,0
ASR83835,0,0,1,0,0
ASR83489,0,0,1,0,0
ASR83424,0,0,1,0,0
ASR83278,0,0,0,0,0
AOZ63301,1,1,1,0,0
AOZ63062,1,1,1,0,0
AOT24134,0,0,1,0,0
AOT24071,0,0,0,0,0
AOQ28315,0,0,1,0,0
AOQ28255,0,0,1,0,0
AKF14984,0,0,0,0,0
QXV76821,0,0,0,0,0
QVV20300,0,0,0,0,0
QVV20298,0,0,0,0,0
QVV20096,0,0,0,0,0
QVV20094,0,0,0,0,0
QVV19907,0,0,0,0,0
QVV19839,0,0,0,0,0
QVV19509,0,0,0,0,0
QVV19438,0,0,0,0,0
UFK27401,1,1,1,1,1
UFK27161,1,1,1,1,1
UFK26544,0,0,0,0,0
UFK26407,0,0,0,0,0
UFD98376,0,0,1,0,0
UEW68668,0,0,0,0,0
UES35526,0,0,0,0,0
BCZ75881,0,0,0,0,0
UEP18961,0,0,0,0,0
UEP18848,0,0,0,0,0
QXV84154,0,0,1,0,0
QXV83781,0,0,0,0,0
QXV82814,0,0,1,0,0
QXV81743,0,0,0,0,0
QXV81390,0,0,0,0,0
QXV81197,0,0,1,0,0
QXV80974,0,0,1,0,0
QXV80876,0,0,0,0,0
QXV80652,0,0,0,0,0
QXV79861,0,0,1,0,0
QXV78418,0,0,0,0,0
QXV78173,0,0,0,0,0
QXV76641,0,0,1,0,0
UEM46871,1,1,1,0,0
UEM46760,0,0,0,0,0
QZI84987,1,1,1,1,1
QZI84721,1,1,1,1,1
QZI84606,0,0,0,0,0
QZI84539,0,0,0,0,0
QZI84513,0,0,0,0,0
QZI84452,0,0,0,0,0
QZI84391,0,0,0,0,0
QZI84330,0,0,0,0,0
QZI81234,0,0,0,0,0
QZI79905,0,0,0,0,0
QZI79846,0,0,0,0,0
QZI79786,0,0,0,0,0
QZI79723,0,0,0,0,0
QZI79630,0,0,0,0,0
QZI79571,0,0,0,0,0
QZI79059,0,0,0,0,0
QZI78639,0,0,0,0,0
QZI78613,0,0,0,0,0
QZI78467,0,0,0,0,0
QZI78429,0,0,0,0,0
QZD97395,1,1,1,0,0
UDW09778,0,0,0,0,0
QXM18594,0,0,0,0,0
AOT26826,0,0,0,0,0
UDO47352,0,0,0,0,0
QBX06081,1,1,1,1,1
UCJ01397,0,0,0,0,0
QVW29194,1,1,1,1,1
UDL15446,0,0,0,0,0
UCR91364,0,0,0,0,0
AEM91786,1,1,1,0,1
UDG78990,0,0,0,0,0
UCW44069,1,1,1,0,0
UCS82760,0,0,0,0,0
UCR92417,1,1,1,0,1
UCR92253,0,0,0,0,0
UCR92099,0,0,0,0,0
UCR92063,0,0,0,0,0
UCR91821,0,0,0,0,0
UCR91764,0,0,0,0,0
UCR91742,0,0,0,0,0
UCR91181,0,0,0,0,0
UCR90929,0,0,0,0,0
UCR81089,0,0,0,0,0
UCR75175,1,1,1,1,1
UCR74691,0,0,0,0,0
UCR74441,0,0,0,0,0
UCJ01252,0,0,0,0,0
UCR96573,0,0,0,0,0
UBU95718,0,0,0,0,0
QVW54230,1,1,1,1,1
ALO79557,1,1,1,0,0
QWY13748,1,1,1,1,1
QLF85719,0,0,0,0,0
QNJ54531,0,0,0,0,0
QNJ54480,0,0,0,0,0
QNJ54422,0,0,0,0,0
QNJ54364,0,0,0,0,0
QLF85853,0,0,0,0,0
UAW06980,0,0,0,0,0
UAW01068,0,0,0,0,0
UAV90070,0,0,0,0,0
UAV89974,0,0,0,0,0
UAV89846,0,0,0,0,0
UAV89798,0,0,0,0,0
UAV89575,0,0,0,0,0
UAV89526,0,0,0,0,0
UAV89477,0,0,0,0,0
UAV89427,0,0,0,0,0
UAV89377,0,0,0,0,0
UAV89328,0,0,0,0,0
UAV86077,1,1,1,0,0
QWY14647,0,0,0,0,0
UAT28102,0,0,0,0,0
QYC52577,0,0,0,0,0
UAJ17085,1,1,1,0,0
QFR58643,0,0,0,0,0
QWY83620,0,0,0,0,0
QWY83283,0,0,0,0,0
QWY83044,1,1,1,0,0
QZX43702,0,0,0,0,0
QYA57447,0,0,0,0,0
QYA57248,0,0,0,0,0
QZI94965,1,1,1,0,0
QZI94744,1,1,1,0,0
QZI94522,1,1,1,0,0
QZI94298,1,1,1,0,0
QZI93116,0,0,0,0,0
QZI93062,0,0,0,0,0
QZI93015,0,0,0,0,0
QZI93006,0,0,0,0,0
QZI92975,0,0,0,0,0
QZI92966,0,0,0,0,0
QZI92840,0,0,0,0,0
QZI92787,0,0,0,0,0
QZI92549,0,0,0,0,0
QZI92540,0,0,0,0,0
QZI92321,0,0,0,0,0
QZI92240,0,0,0,0,0
QZI92197,0,0,0,0,0
QZI89962,0,0,0,0,0
QZI87434,1,1,1,1,1
QZI87061,0,0,0,0,0
QZI86866,0,0,0,0,0
QZI86754,0,0,0,0,0
QZI86538,0,0,0,0,0
QZI86485,0,0,0,0,0
QZI86447,0,0,0,0,0
QZI86388,0,0,0,0,0
QZI86308,0,0,0,0,0
QZI86239,0,0,0,0,0
QZI86191,0,0,0,0,0
QZI86112,0,0,0,0,0
QZE51104,0,0,0,0,0
QZE11103,0,0,0,0,0
QZE11031,0,0,0,0,0
QZE10737,0,0,0,0,0
QZE10321,0,0,0,0,0
BDA97015,0,0,0,0,0
QZD98622,0,0,0,0,0
QZD98021,0,0,0,0,0
QZD96810,1,1,1,0,0
QXO10441,0,0,0,0,0
QZD26305,0,0,0,0,0
QZD26171,0,0,0,0,0
QZA71335,0,0,0,0,0
QZA71226,0,0,0,0,0
QZA71186,0,0,0,0,0
QYW07954,0,0,0,0,0
QYW07882,0,0,0,0,0
QYW07611,0,0,0,0,0
QYW07321,0,0,0,0,0
QYW07219,0,0,0,0,0
QYW06141,0,0,0,0,0
QYW05971,1,1,1,0,0
QYW02370,0,0,0,0,0
QYW01495,0,0,0,0,0
QYU43899,0,0,0,0,0
QVW05218,0,0,0,0,0
QNI21312,0,0,0,0,0
QYC97338,0,0,0,0,0
QYC97002,0,0,0,0,0
QYC55146,0,0,0,0,0
QYC53052,0,0,0,0,0
QYC52396,0,0,0,0,0
QYC52346,0,0,0,0,0
QXN70802,1,1,1,0,0
QXV72988,0,0,0,0,0
QXV72569,0,0,0,0,0
QVV96865,0,0,0,0,0
QQV88647,0,0,0,0,0
QQV88589,0,0,0,0,0
QXV74642,0,0,0,0,0
QXV74178,0,0,1,0,0
QXV73890,0,0,1,0,0
QXO14728,0,0,0,0,0
QXO14506,0,0,0,0,0
QXO13623,0,0,0,0,0
QXN72670,1,1,1,0,0
QXN72548,1,1,1,0,0
QXN71878,0,0,0,0,0
QXN71609,0,0,0,0,0
QXN71440,0,0,0,0,0
QXN71208,0,0,0,0,0
QXN70997,0,0,0,0,0
QXN70928,0,0,0,0,0
CAG7581408,1,1,1,0,0
QXL90440,0,0,0,0,0
QXN76661,0,0,0,0,0
QXN70878,0,0,0,0,0
QXN67211,0,0,0,0,0
QXN67055,0,0,0,0,0
QXN66966,0,0,0,0,0
QXN74673,1,1,1,0,0
QXH32892,0,0,0,0,0
QLF82902,1,1,1,1,1
QXF95227,0,0,0,0,0
DAY83443,0,0,0,0,0
DAY83244,0,0,0,0,0
DAY82797,0,0,0,0,0
DAY82119,0,0,0,0,0
DAY81988,0,0,0,0,0
DAY81629,0,0,0,0,0
DAY81596,0,0,0,0,0
DAY80811,0,0,0,0,0
DAY80392,0,0,0,0,0
DAY79874,0,0,0,0,0
DAY79608,0,0,0,0,0
DAY79482,0,0,0,0,0
DAY79262,0,0,0,0,0
DAY78966,0,0,0,0,0
DAY78859,0,0,0,0,0
DAY78682,0,0,0,0,0
DAY78459,0,0,0,0,0
DAY78246,0,0,0,0,0
DAY78189,0,0,0,0,0
DAY78073,0,0,0,0,0
DAY77943,0,0,0,0,0
DAY77905,0,0,0,0,0
DAY77776,0,0,0,0,0
DAY77432,1,1,1,0,0
DAY77339,0,0,0,0,0
DAY77229,0,0,0,0,0
DAY77111,0,0,0,0,0
DAY76305,0,0,0,0,0
DAY76003,0,0,0,0,0
DAY75695,0,0,0,0,0
DAY75465,1,1,1,0,0
DAY75340,0,0,0,0,0
DAY75274,0,0,0,0,0
DAY75218,0,0,0,0,0
DAY75079,0,0,0,0,0
DAY74451,1,1,1,0,0
DAY74295,0,0,0,0,0
DAY74027,0,0,0,0,0
DAY74014,0,0,0,0,0
DAY73950,0,0,0,0,0
DAY73612,0,0,0,0,0
DAY72812,1,1,1,0,0
DAY72618,0,0,0,0,0
DAY72418,0,0,0,0,0
DAY72337,0,0,0,0,0
DAY72052,0,0,0,0,0
DAY71653,0,0,0,0,0
DAY71482,0,0,0,0,0
DAY71429,0,0,0,0,0
DAY71234,0,0,0,0,0
DAY70949,1,1,1,0,0
DAY70762,0,0,0,0,0
DAY70414,0,0,0,0,0
DAY69883,0,0,0,0,0
DAY69676,0,0,0,0,0
DAY69537,0,0,0,0,0
DAY69463,0,0,0,0,0
DAY69449,0,0,0,0,0
DAY69044,0,0,1,0,0
DAY68705,0,0,0,0,0
DAY68642,0,0,0,0,0
DAY68524,0,0,0,0,0
DAY67607,0,0,0,0,0
DAY67510,0,0,0,0,0
DAY67151,1,1,1,0,0
DAY67149,0,0,0,0,0
DAY65732,0,0,0,0,0
DAY65543,0,0,0,0,0
DAY65300,0,0,0,0,0
DAY65017,0,0,0,0,0
DAY64321,0,0,0,0,0
DAY64286,0,0,0,0,0
DAY64076,0,0,1,0,0
DAY64062,0,0,0,0,0
DAY63612,0,0,0,0,0
DAY63551,0,0,0,0,0
DAY62876,0,0,0,0,0
DAY62329,0,0,1,0,0
DAY62007,0,0,0,0,0
DAY61788,0,0,0,0,0
DAY61564,1,1,1,0,0
DAY61350,0,0,0,0,0
DAY61092,0,0,0,0,0
DAY60809,0,0,0,0,0
DAY60761,0,0,0,0,0
DAY60697,0,0,0,0,0
DAY60223,0,0,0,0,0
DAY59836,0,0,0,0,0
DAY59654,0,0,0,0,0
DAY59493,0,0,0,0,0
DAY59414,0,0,0,0,0
DAY59293,1,1,1,0,0
DAY59194,0,0,0,0,0
DAY57904,0,0,0,0,0
DAY56642,0,0,0,0,0
DAY56511,1,1,1,0,0
DAY56275,0,0,0,0,0
DAY55533,0,0,0,0,0
DAY55094,0,0,0,0,0
DAY55015,0,0,0,0,0
DAY54928,0,0,0,0,0
DAY54671,0,0,0,0,0
DAY53978,0,0,0,0,0
DAY53873,1,1,1,0,0
DAY53408,0,0,0,0,0
DAY52499,1,1,1,0,0
DAY51261,0,0,0,0,0
DAY50928,0,0,0,0,0
DAY50706,0,0,0,0,0
DAY50395,0,0,0,0,0
DAY50301,0,0,0,0,0
DAY49971,0,0,0,0,0
DAY49851,0,0,0,0,0
DAY49728,0,0,0,0,0
DAY49510,0,0,0,0,0
DAY48832,0,0,0,0,0
DAY48568,0,0,0,0,0
DAY47094,0,0,0,0,0
DAY46629,0,0,0,0,0
DAY46519,1,1,1,0,0
DAY46248,0,0,0,0,0
DAZ85049,0,0,0,0,0
DAZ84823,1,1,1,0,0
DAZ83495,0,0,0,0,0
DAZ82568,0,0,0,0,0
DAZ82481,0,0,0,0,0
DAZ81980,0,0,0,0,0
DAZ81735,0,0,0,0,0
DAZ81626,0,0,0,0,0
DAZ81576,0,0,0,0,0
DAZ81496,1,1,1,0,0
DAZ81209,0,0,0,0,0
DAZ80462,0,0,0,0,0
DAZ79467,0,0,0,0,0
DAZ79131,0,0,0,0,0
DAZ79043,0,0,0,0,0
DAZ78428,0,0,1,0,0
DAZ77470,0,0,0,0,0
DAZ75829,1,1,1,0,0
DAZ75188,1,1,1,0,0
DAZ74294,0,0,0,0,0
DAZ73851,0,1,0,0,0
DAZ73325,0,0,0,0,0
DAZ73037,0,0,0,0,0
DAZ73033,0,0,0,0,0
DAZ72616,0,0,0,0,0
DAZ70751,0,0,0,0,0
DAZ70372,0,0,0,0,0
DAZ70245,0,0,0,0,0
DAZ70149,0,0,0,0,0
DAZ69856,0,0,0,0,0
DAZ69370,0,0,0,0,0
DAZ68712,0,0,1,0,0
DAZ68672,0,0,0,0,0
DAZ68544,0,0,0,0,0
DAZ68334,0,0,0,0,0
DAZ68095,0,0,0,0,0
DAZ67574,0,0,0,0,0
DAZ67467,0,0,0,0,0
DAZ67001,0,0,0,0,0
DAZ66918,0,0,0,0,0
DAZ66913,0,0,0,0,0
DAZ66015,0,0,0,0,0
DAZ65821,0,0,0,0,0
DAZ65323,0,0,0,0,0
DAZ65246,0,0,0,0,0
DAZ64866,0,0,0,0,0
DAZ64708,0,0,0,0,0
DAZ64504,0,0,0,0,0
DAZ64463,0,0,0,0,0
DAZ64240,0,0,0,0,0
DAZ63628,0,0,0,0,0
DAZ63049,0,0,0,0,0
DAZ62908,0,0,0,0,0
DAZ62510,0,0,0,0,0
DAZ62170,0,0,0,0,0
DAZ62134,0,0,0,0,0
DAZ61220,0,0,0,0,0
DAZ61003,0,0,0,0,0
DAZ61000,0,0,0,0,0
DAZ60524,0,0,0,0,0
DAZ60047,0,0,0,0,0
DAZ59894,0,0,0,0,0
DAZ59715,0,0,0,0,0
DAZ59351,0,0,0,0,0
DAZ58425,0,0,0,0,0
DAZ57826,0,0,0,0,0
DAZ56645,0,0,0,0,0
DAZ55706,0,0,0,0,0
DAZ55675,0,0,0,0,0
DAZ55463,0,0,0,0,0
DAZ54883,0,0,0,0,0
DAZ54848,0,0,0,0,0
DAZ54240,0,0,0,0,0
DAZ54239,0,0,0,0,0
DAZ53973,0,0,0,0,0
DAZ53860,0,0,0,0,0
DAZ53703,0,0,0,0,0
DAZ53563,0,0,0,0,0
DAZ53314,0,0,0,0,0
DAZ52984,0,0,0,0,0
DAZ52486,0,0,0,0,0
DAZ52252,1,1,1,0,0
DAZ52031,0,0,0,0,0
DAZ51087,0,0,0,0,0
DAZ50277,0,0,0,0,0
DAZ49938,0,0,0,0,0
DAZ49729,0,0,0,0,0
DAZ49701,0,0,0,0,0
DAZ49563,0,0,0,0,0
DAZ49481,0,0,0,0,0
DAZ49356,0,0,0,0,0
DAZ48714,1,1,1,0,0
DAZ47715,0,0,0,0,0
DAZ47587,0,0,0,0,0
DAZ47507,0,0,0,0,0
DAZ47446,0,0,0,0,0
DAZ47327,0,0,0,0,0
DAZ47044,0,0,0,0,0
DAZ46989,0,0,0,0,0
DAZ46542,0,0,0,0,0
DAZ46432,0,0,0,0,0
DAZ45257,0,0,0,0,0
DAZ45200,0,0,0,0,0
DAZ44950,0,0,0,0,0
DAZ44576,1,1,1,0,0
DAZ44514,0,0,0,0,0
DAZ43506,0,0,0,0,0
DAZ43299,0,0,0,0,0
DAZ43147,0,0,0,0,0
DAZ43129,0,0,0,0,0
DAZ41939,0,0,0,0,0
DAZ41565,0,0,1,0,0
DAZ40779,0,0,0,0,0
DAZ40461,0,0,0,0,0
DAZ40264,0,0,0,0,0
DAZ39928,0,0,0,0,0
DAZ39919,0,0,0,0,0
DAZ39608,0,0,0,0,0
DAZ39383,0,0,0,0,0
DAZ39268,0,0,0,0,0
DAZ38160,0,0,0,0,0
DAZ37933,0,0,0,0,0
DAZ36789,0,0,0,0,0
DAZ36785,0,0,0,0,0
DAZ36675,0,0,0,0,0
DAZ36342,0,0,0,0,0
DAZ35986,0,0,0,0,0
DAZ35844,0,0,0,0,0
DAZ35699,0,0,0,0,0
DAZ35590,0,0,0,0,0
DAZ35478,0,0,0,0,0
DAZ34553,0,0,0,0,0
DAZ34242,0,0,0,0,0
DAZ33726,0,0,0,0,0
DAZ33360,1,1,1,0,0
DAZ32976,0,0,0,0,0
DAZ32931,0,0,0,0,0
DAZ32729,0,0,0,0,0
DAZ32484,0,0,0,0,0
DAZ32328,0,0,0,0,0
DAZ32313,1,1,1,0,0
DAZ32291,0,0,0,0,0
DAZ31962,0,0,0,0,0
DAZ31864,0,0,0,0,0
DAZ31426,0,0,0,0,0
DAZ30466,0,0,0,0,0
DAZ30299,0,0,0,0,0
DAZ30099,0,0,0,0,0
DAZ29194,0,0,0,0,0
DAZ28675,0,0,0,0,0
DAZ28520,0,0,0,0,0
DAZ28083,0,0,0,0,0
DAZ27989,0,0,0,0,0
DAZ27725,0,0,0,0,0
DAZ27481,0,0,0,0,0
DAZ27201,0,0,0,0,0
DAZ27126,1,1,1,0,0
DAZ26821,0,0,0,0,0
DAZ26741,0,0,0,0,0
DAZ26722,0,0,0,0,0
DAZ26541,0,0,0,0,0
DAZ26326,0,0,0,0,0
DAZ25052,0,0,0,0,0
DAZ24941,0,0,0,0,0
DAZ24882,0,0,0,0,0
DAZ24805,0,0,0,0,0
DAZ24628,0,0,0,0,0
DAZ24511,0,0,0,0,0
DAZ24127,0,1,1,0,0
DAZ23447,0,0,0,0,0
DAZ22696,0,0,0,0,0
DAZ22155,0,0,0,0,0
DAZ21539,0,0,0,0,0
DAZ21020,0,0,0,0,0
DAZ20563,0,0,0,0,0
DAZ20474,0,0,0,0,0
DAZ20351,0,0,0,0,0
DAZ19672,0,0,0,0,0
DAZ19422,0,0,0,0,0
DAZ19310,1,1,1,0,0
DAZ19053,0,0,0,0,0
DAZ18093,0,0,1,0,0
DAZ18047,0,0,0,0,0
DAZ17681,0,0,0,0,0
DAZ17594,0,0,0,0,0
DAZ17591,0,0,0,0,0
DAZ17270,0,0,0,0,0
DAZ17033,0,0,0,0,0
DAZ16980,0,0,0,0,0
DAZ16684,0,0,0,0,0
DAZ16460,0,0,0,0,0
DAZ16313,0,0,0,0,0
DAZ15784,0,0,0,0,0
DAZ15641,1,1,1,0,0
DAZ14105,0,0,1,0,0
DAZ13002,0,0,0,0,0
DAZ12751,0,0,0,0,0
DAZ12612,0,0,1,0,0
DAZ12336,0,0,0,0,0
DAZ11271,1,1,1,0,0
DAZ10849,0,0,0,0,0
DAZ10019,0,0,0,0,0
DAZ09749,0,0,0,0,0
DAZ09646,0,0,0,0,0
DAZ09331,0,0,0,0,0
DAZ09152,1,1,0,0,0
DAZ09135,0,0,0,0,0
DAZ08918,0,0,0,0,0
DAZ08498,0,0,0,0,0
DAZ07950,0,0,0,0,0
DAZ07835,0,0,0,0,0
DAZ07813,0,0,0,0,0
DAZ07550,0,0,0,0,0
DAZ07209,0,0,0,0,0
DAZ06745,0,0,0,0,0
DAZ06583,0,0,0,0,0
DAZ06129,0,0,0,0,0
DAZ05185,0,0,1,0,0
DAZ04542,0,0,0,0,0
DAZ04447,0,0,0,0,0
DAZ04374,0,0,0,0,0
DAZ03676,0,0,0,0,0
DAZ03220,0,0,0,0,0
DAZ03166,0,0,0,0,0
DAZ03162,0,0,0,0,0
DAZ02406,0,0,0,0,0
DAZ02341,0,0,0,0,0
DAZ01824,0,0,0,0,0
DAZ01198,0,0,0,0,0
DAZ00461,0,0,0,0,0
DAZ00132,0,0,0,0,0
DAY99754,0,0,0,0,0
DAY99510,0,0,0,0,0
DAY99449,0,0,0,0,0
DAY98043,0,0,0,0,0
DAY98026,0,0,0,0,0
DAY97991,0,0,0,0,0
DAY97948,0,0,0,0,0
DAY97352,0,0,0,0,0
DAY97249,0,0,0,0,0
DAY96791,0,0,0,0,0
DAY96334,0,0,0,0,0
DAY96040,0,0,0,0,0
DAY95917,0,0,0,0,0
DAY94456,0,0,0,0,0
DAY93810,0,0,1,0,0
DAY92618,0,0,0,0,0
DAY92161,0,0,0,0,0
DAY91785,0,0,0,0,0
DAY91577,0,0,0,0,0
DAY91359,0,0,0,0,0
DAY91167,0,0,0,0,0
DAY91101,0,0,0,0,0
DAY90008,0,0,0,0,0
DAY89897,0,0,0,0,0
DAY89761,0,0,0,0,0
DAY89622,0,0,0,0,0
DAY89524,0,0,0,0,0
DAY88354,0,0,0,0,0
DAY88136,0,0,0,0,0
DAY87789,0,0,0,0,0
DAY87413,0,0,0,0,0
DAY87314,0,0,0,0,0
DAY87237,0,0,0,0,0
DAY87222,0,0,0,0,0
DAY87059,1,1,1,0,0
DAY86789,1,0,1,0,0
DAY86612,0,0,0,0,0
DAY86396,1,1,1,0,0
DAY85786,0,0,0,0,0
DAY84999,1,1,1,0,0
DAY83844,0,0,0,0,0
DAW27880,0,0,0,0,0
DAW27631,0,0,0,0,0
DAW27530,0,0,0,0,0
DAW27491,0,0,0,0,0
DAW27388,0,0,0,0,0
DAW27348,0,0,0,0,0
DAW27120,0,0,0,0,0
DAW26556,0,0,0,0,0
DAW26057,0,0,0,0,0
DAW25998,0,0,0,0,0
DAW25893,0,0,0,0,0
DAW25835,0,0,0,0,0
DAW25551,0,0,0,0,0
DAW25501,0,0,0,0,0
DAW25441,0,0,0,0,0
DAW25332,0,0,0,0,0
DAW24794,0,0,0,0,0
DAW24725,0,0,0,0,0
DAW24192,0,0,0,0,0
DAW23988,0,0,0,0,0
DAW23614,0,0,0,0,0
DAW23160,0,0,0,0,0
DAY45479,1,1,1,0,0
DAY45273,0,0,0,0,0
DAY44467,0,0,0,0,0
DAY44317,0,0,0,0,0
DAY43921,0,0,1,0,0
DAY43307,0,0,0,0,0
DAY42972,0,0,0,0,0
DAY41817,0,0,0,0,0
DAY40793,1,1,1,0,0
DAY40504,0,0,0,0,0
DAY40328,0,0,0,0,0
DAY40020,0,0,0,0,0
DAY39967,0,0,0,0,0
DAY39517,0,1,0,0,0
DAY38963,1,1,1,0,0
DAY38388,1,1,1,0,0
DAY38235,0,0,0,0,0
DAY37868,0,0,0,0,0
DAY37808,0,0,0,0,0
DAY37585,0,0,0,0,0
DAY36370,1,1,1,0,0
DAY36290,0,0,0,0,0
DAY34804,1,1,1,0,0
DAY34444,0,0,0,0,0
DAY33716,0,0,0,0,0
DAY33306,0,0,0,0,0
DAY32834,0,0,0,0,0
DAY31590,0,0,0,0,0
DAY31410,0,0,0,0,0
DAY31148,1,1,1,0,0
DAY31073,0,0,0,0,0
DAY30063,1,1,1,0,0
DAY29916,0,0,0,0,0
DAY29912,0,0,0,0,0
DAY29617,0,0,0,0,0
DAY29332,0,0,0,0,0
DAY29080,0,0,0,0,0
DAY29006,0,0,0,0,0
DAY28977,0,0,0,0,0
DAY27957,0,0,0,0,0
DAY27247,0,0,0,0,0
DAY27180,0,0,0,0,0
DAY27132,0,0,0,0,0
DAY26502,0,0,0,0,0
DAY26245,0,0,0,0,0
DAY26198,0,0,0,0,0
DAY25650,0,0,0,0,0
DAY25387,0,0,0,0,0
DAY25252,0,0,0,0,0
DAY24997,0,0,0,0,0
DAY24398,0,0,0,0,0
DAY22960,1,1,0,0,0
DAY22917,0,0,0,0,0
DAY22577,1,1,1,0,0
DAY22289,0,0,0,0,0
DAY22265,0,0,0,0,0
DAY22222,0,0,0,0,0
DAY20221,0,0,0,0,0
DAY19935,0,0,0,0,0
DAY19932,0,0,0,0,0
DAY19625,0,0,0,0,0
DAY19487,0,0,0,0,0
DAY17942,0,0,0,0,0
DAY17317,0,0,0,0,0
DAY17219,0,0,0,0,0
DAY16898,0,0,0,0,0
DAY16345,0,0,0,0,0
DAY16135,0,0,0,0,0
DAY15910,0,0,0,0,0
DAY15353,0,0,0,0,0
DAY14317,0,0,0,0,0
DAY13770,0,0,0,0,0
DAY13190,0,0,0,0,0
DAY12494,0,0,0,0,0
DAY11698,0,0,0,0,0
DAY11637,0,0,0,0,0
DAY11630,0,0,0,0,0
DAY10885,0,0,0,0,0
DAY10141,0,0,0,0,0
DAY09157,0,0,0,0,0
DAY09099,0,0,0,0,0
DAY08710,0,0,0,0,0
DAY08634,0,0,0,0,0
DAY08628,0,0,0,0,0
DAY07466,0,0,0,0,0
DAY07365,0,0,0,0,0
DAY06837,0,0,0,0,0
DAY06038,0,0,0,0,0
DAY05631,0,0,0,0,0
DAY05462,1,1,1,0,0
DAY04573,0,0,0,0,0
DAY04448,0,0,0,0,0
DAY04149,0,0,0,0,0
DAY03334,0,0,0,0,0
DAY03049,0,0,0,0,0
DAY02971,0,0,0,0,0
DAY02644,0,0,0,0,0
DAY02553,0,0,0,0,0
DAY02306,0,0,0,0,0
DAY02245,0,0,0,0,0
DAY02091,0,0,0,0,0
DAY01890,0,0,0,0,0
DAY01624,0,0,0,0,0
DAY01457,0,0,0,0,0
DAY01417,0,0,0,0,0
DAY01310,0,0,0,0,0
DAY01134,0,0,0,0,0
DAY00433,0,0,0,0,0
DAX99658,0,0,0,0,0
DAX99479,0,0,0,0,0
DAX99418,0,0,0,0,0
DAX99040,0,0,0,0,0
DAX98700,0,0,0,0,0
DAX98673,0,0,0,0,0
DAX98414,0,0,0,0,0
DAX98289,0,0,0,0,0
DAX98136,0,0,0,0,0
DAX97459,0,0,0,0,0
DAX97441,0,0,0,0,0
DAX97397,0,0,1,0,0
DAX97387,0,0,0,0,0
DAX96939,0,0,0,0,0
DAX96570,0,0,0,0,0
DAX96486,0,0,0,0,0
DAX96256,0,0,0,0,0
DAX95382,0,0,0,0,0
DAX94760,0,0,0,0,0
DAX94721,0,0,0,0,0
DAX94373,0,0,0,0,0
DAX94008,0,0,0,0,0
DAX93677,0,0,0,0,0
DAX93668,0,0,0,0,0
DAX93245,1,1,1,0,0
DAX92923,0,0,0,0,0
DAX92699,0,0,0,0,0
DAX92616,0,0,0,0,0
DAX91971,0,0,0,0,0
DAX91253,0,0,0,0,0
DAX90888,0,0,0,0,0
DAX90641,0,0,0,0,0
DAX89354,0,0,0,0,0
DAX89304,0,0,0,0,0
DAX89106,0,0,0,0,0
DAX88722,0,0,0,0,0
DAX88541,0,0,0,0,0
DAX88351,0,0,0,0,0
DAX88197,0,0,0,0,0
DAX88052,0,0,0,0,0
DAX87494,0,0,0,0,0
DAX85860,0,0,0,0,0
DAX84754,0,0,0,0,0
DAX83829,0,0,0,0,0
DAX83568,0,0,0,0,0
DAX83288,0,0,0,0,0
DAX82890,0,0,0,0,0
DAX81935,0,0,0,0,0
DAX81641,1,1,1,0,0
DAX80904,1,1,1,0,0
DAX80645,0,0,0,0,0
DAX79148,0,0,0,0,0
DAX78921,0,0,0,0,0
DAX78569,0,0,0,0,0
DAX78307,0,0,0,0,0
DAX78011,0,0,0,0,0
DAX77220,1,0,0,0,0
DAX76654,0,0,0,0,0
DAX75986,0,0,0,0,0
DAX75945,0,0,0,0,0
DAX75736,0,0,0,0,0
DAX75616,0,0,0,0,0
DAX75615,0,0,1,0,0
DAX75357,0,0,0,0,0
DAX75282,0,0,0,0,0
DAX75126,0,0,0,0,0
DAX74323,0,0,0,0,0
DAX73924,0,0,0,0,0
DAX73860,0,0,0,0,0
DAX73646,0,0,0,0,0
DAX73602,0,0,0,0,0
DAX73492,0,0,0,0,0
DAX73490,0,0,0,0,0
DAX73238,0,0,0,0,0
DAX72797,1,1,1,0,0
DAX72441,0,0,0,0,0
DAX72323,0,0,0,0,0
DAX72321,1,1,1,0,0
DAX72050,0,0,0,0,0
DAX70668,0,0,0,0,0
DAX70260,0,0,0,0,0
DAX68996,0,0,0,0,0
DAX68524,0,0,0,0,0
DAX68460,0,0,0,0,0
DAX68343,0,0,0,0,0
DAX68221,1,1,1,1,0
DAX67241,0,0,0,0,0
DAX66477,0,0,0,0,0
DAX66122,0,0,0,0,0
DAX66046,0,0,0,0,0
DAX65882,1,1,1,0,0
DAX64865,0,0,0,0,0
DAX64684,0,0,0,0,0
DAX64431,0,0,0,0,0
DAX64427,0,0,0,0,0
DAX64165,0,1,0,0,0
DAX63895,0,0,0,0,0
DAX63712,0,0,1,0,0
DAX63564,0,0,0,0,0
DAX63296,0,0,0,0,0
DAX63203,0,0,0,0,0
DAX63039,0,0,0,0,0
DAX62769,1,1,1,0,0
DAX62636,0,0,0,0,0
DAX62382,0,0,0,0,0
DAX62242,0,0,0,0,0
DAX62239,0,0,0,0,0
DAX61843,0,0,0,0,0
DAX61534,0,1,1,0,0
DAX61430,0,0,0,0,0
DAX61426,0,0,0,0,0
DAX61326,0,0,0,0,0
DAX60515,0,0,0,0,0
DAX60300,0,0,0,0,0
DAX60297,0,0,0,0,0
DAX59451,0,0,0,0,0
DAX59189,1,1,1,0,0
DAX59072,1,1,1,0,0
DAX58906,0,0,0,0,0
DAX58589,1,0,0,0,0
DAX58122,0,0,0,0,0
DAX56511,0,0,0,0,0
DAX55964,0,0,0,0,0
DAX55871,0,0,0,0,0
DAX55282,0,0,0,0,0
DAX55062,0,0,0,0,0
DAX55020,0,0,0,0,0
DAX54374,0,0,0,0,0
DAX54371,0,0,0,0,0
DAX53870,0,0,0,0,0
DAX53556,0,0,0,0,0
DAX53478,0,0,0,0,0
DAX53415,0,0,0,0,0
DAX52925,0,0,0,0,0
DAX52162,0,0,0,0,0
DAX52109,0,0,0,0,0
DAX52105,0,0,0,0,0
DAX52069,0,0,0,0,0
DAX50370,0,0,0,0,0
DAX50351,0,0,0,0,0
DAX50194,0,0,0,0,0
DAX49850,0,0,0,0,0
DAX49831,0,0,0,0,0
DAX49251,1,1,1,0,0
DAX48827,0,0,0,0,0
DAX48377,1,1,1,0,0
DAX47285,1,1,1,0,0
DAX46894,0,0,0,0,0
DAX46672,0,0,0,0,0
DAX46533,0,0,0,0,0
DAX45764,0,0,0,0,0
DAX45378,0,0,0,0,0
DAX45303,0,0,0,0,0
DAX45227,0,0,0,0,0
DAX45201,0,0,0,0,0
DAX45188,0,0,0,0,0
DAX45187,0,0,0,0,0
DAX44981,0,0,0,0,0
DAX44943,0,0,0,0,0
DAX44439,0,0,0,0,0
DAX42939,0,0,0,0,0
DAX42287,0,0,0,0,0
DAX42174,0,0,0,0,0
DAX41688,1,1,0,0,0
DAX41586,0,0,0,0,0
DAX41324,0,0,0,0,0
DAX40989,0,0,0,0,0
DAX40983,0,0,0,0,0
DAX39758,0,0,0,0,0
DAX39562,1,0,1,0,0
DAX39186,0,0,0,0,0
DAX39182,0,0,0,0,0
DAX38938,0,0,0,0,0
DAX38820,0,0,1,0,0
DAX38788,0,0,0,0,0
DAX37616,0,0,0,0,0
DAX36911,0,0,0,0,0
DAX36774,0,0,0,0,0
DAX36447,0,0,0,0,0
DAX36057,0,0,0,0,0
DAX35624,0,0,0,0,0
DAX35616,0,0,0,0,0
DAX35222,0,0,0,0,0
DAX35050,0,0,1,0,0
DAX34894,0,0,0,0,0
DAX34000,0,0,0,0,0
DAX33942,0,0,0,0,0
DAX33066,0,0,0,0,0
DAX33063,0,0,0,0,0
DAX32925,0,0,0,0,0
DAX32492,0,0,0,0,0
DAX31935,0,0,0,0,0
DAX31437,0,0,0,0,0
DAX31207,0,0,0,0,0
DAX30017,0,0,0,0,0
DAX29509,0,0,0,0,0
DAX29329,0,0,0,0,0
DAX28644,0,0,0,0,0
DAX28395,0,0,0,0,0
DAX28249,0,0,0,0,0
DAX28034,0,0,0,0,0
DAX27060,0,0,0,0,0
DAX26269,0,0,0,0,0
DAX26184,0,0,0,0,0
DAX25668,0,0,0,0,0
DAX25667,0,0,0,0,0
DAX25219,0,0,0,0,0
DAX24078,0,0,0,0,0
DAX23555,0,0,0,0,0
DAX22815,0,0,0,0,0
DAX22757,0,0,0,0,0
DAX22753,0,0,0,0,0
DAX21974,0,0,0,0,0
DAX21779,0,0,0,0,0
DAX21459,0,0,0,0,0
DAX21352,0,0,0,0,0
DAX20872,0,0,0,0,0
DAX18710,0,0,0,0,0
DAX18581,0,0,0,0,0
DAX18577,0,0,0,0,0
DAX18299,0,0,0,0,0
DAX18154,1,1,1,0,0
DAX17399,0,0,0,0,0
DAX17218,0,0,1,0,0
DAX16275,0,0,0,0,0
DAX16176,0,0,0,0,0
DAX15020,0,0,0,0,0
DAX14357,0,0,0,0,0
DAX13978,0,0,0,0,0
DAX12948,0,0,0,0,0
DAX12110,0,0,0,0,0
DAX12106,0,0,0,0,0
DAX11460,0,0,0,0,0
DAX10863,0,0,0,0,0
DAX10702,0,0,0,0,0
DAX10684,0,0,0,0,0
DAX10244,0,0,0,0,0
DAX10147,0,0,0,0,0
DAX09720,0,0,0,0,0
DAX09637,0,0,0,0,0
DAX09279,0,0,0,0,0
DAX06888,0,0,0,0,0
DAX06602,0,0,0,0,0
DAX05588,0,0,0,0,0
DAX04991,0,0,0,0,0
DAX04809,0,0,0,0,0
DAX04505,0,0,0,0,0
DAX04399,0,0,0,0,0
DAX04170,0,0,0,0,0
DAX03272,0,0,0,0,0
DAX01529,0,0,0,0,0
DAX01323,0,0,0,0,0
DAX01051,1,1,1,0,0
DAW99938,0,0,0,0,0
DAW99605,0,0,0,0,0
DAW98673,0,0,0,0,0
DAW97732,0,0,0,0,0
DAW97657,0,0,0,0,0
DAW96888,0,0,0,0,0
DAW96709,0,0,0,0,0
DAW96633,0,0,0,0,0
DAW96193,0,0,0,0,0
DAW95738,1,1,1,0,0
DAW95560,0,0,0,0,0
DAW94952,0,0,0,0,0
DAW94031,0,0,0,0,0
DAW94005,0,0,0,0,0
DAW93840,0,0,1,0,0
DAW93802,0,0,0,0,0
DAW93766,0,0,0,0,0
DAW93212,1,1,1,0,0
DAW93039,0,0,0,0,0
DAW93035,0,0,0,0,0
DAW92375,1,0,1,0,0
DAW91838,0,0,0,0,0
DAW91235,1,1,1,0,0
DAW91219,0,0,0,0,0
DAW90396,1,1,1,0,0
DAW89497,0,0,0,0,0
DAW89296,0,0,0,0,0
DAW89011,0,0,0,0,0
DAW88564,0,0,0,0,0
DAW88191,0,0,0,0,0
DAW88085,0,0,0,0,0
DAW87828,0,0,0,0,0
DAW87534,0,0,0,0,0
DAW87161,1,1,1,0,0
DAW86435,0,0,0,0,0
DAW85301,0,0,0,0,0
DAW84899,1,1,1,0,0
DAW84385,0,0,0,0,0
DAW83906,0,0,0,0,0
DAW22420,0,0,0,0,0
DAW22399,0,0,0,0,0
DAW22351,0,0,0,0,0
DAW21493,0,0,0,0,0
DAW21241,0,0,0,0,0
DAW21202,0,0,0,0,0
DAW20783,0,0,0,0,0
DAW20712,0,0,0,0,0
DAW20537,0,0,0,0,0
DAW20305,0,0,0,0,0
DAW18200,0,0,0,0,0
DAW17585,0,0,0,0,0
DAW17581,0,0,0,0,0
DAW16990,0,0,1,0,0
DAW15249,0,0,0,0,0
DAW15245,0,0,0,0,0
DAW14899,0,0,0,0,0
DAW14164,0,0,0,0,0
DAW14090,0,0,0,0,0
DAW13571,0,0,0,0,0
DAW12927,0,0,0,0,0
DAW12674,0,0,0,0,0
DAW12389,0,0,0,0,0
DAW11887,0,0,1,0,0
DAW11680,0,0,0,0,0
DAW11500,0,0,0,0,0
DAW11451,0,0,0,0,0
DAW11363,0,0,0,0,0
DAW10874,1,1,1,0,0
DAW10080,0,0,0,0,0
DAW10030,0,0,0,0,0
DAW09784,0,0,0,0,0
DAW09437,0,0,0,0,0
DAW09254,0,0,0,0,0
DAW09221,0,0,0,0,0
DAW08986,0,0,0,0,0
DAW08796,0,0,0,0,0
DAW08084,0,0,0,0,0
DAW07459,0,0,0,0,0
DAW07383,0,0,0,0,0
DAW07070,1,1,1,0,0
DAW06976,0,0,0,0,0
DAW05595,0,0,0,0,0
DAW05296,0,0,0,0,0
DAW04979,0,0,0,0,0
DAW04747,1,1,1,0,0
DAW04193,0,0,0,0,0
DAW04056,0,0,0,0,0
DAW03775,0,0,0,0,0
DAW03198,1,1,1,0,0
DAW01987,0,0,0,0,0
DAW01584,1,1,1,1,0
DAW00521,0,0,0,0,0
DAW00518,1,1,1,0,0
DAV99736,0,0,0,0,0
DAV99396,0,0,0,0,0
DAV99147,0,0,0,0,0
DAV98301,0,0,0,0,0
DAV97870,0,0,0,0,0
DAV97079,0,0,0,0,0
DAV96954,0,0,0,0,0
DAV96770,0,0,0,0,0
DAV96646,0,0,0,0,0
DAV96164,0,0,0,0,0
DAV96112,0,0,0,0,0
DAV95820,1,1,1,0,0
DAV95782,0,0,0,0,0
DAV95572,0,0,0,0,0
DAV94993,0,0,0,0,0
DAV94489,0,0,0,0,0
DAV94317,0,0,0,0,0
DAV94086,0,0,0,0,0
DAV93851,0,0,0,0,0
DAV93459,1,1,1,0,0
DAV92577,0,0,0,0,0
DAV92302,0,0,0,0,0
DAV92210,0,0,0,0,0
DAV91828,0,0,0,0,0
DAV91823,1,1,1,0,0
DAV91460,0,0,1,0,0
DAV90378,0,0,0,0,0
DAV90091,0,0,0,0,0
DAV89925,0,0,0,0,0
DAV89786,1,1,1,1,0
DAV89588,0,0,0,0,0
DAV89530,0,0,0,0,0
DAV89481,0,0,0,0,0
DAV89400,0,0,0,0,0
DAV89038,0,0,0,0,0
DAV88790,0,0,1,0,0
DAV88789,1,1,1,0,0
DAV87748,0,0,0,0,0
DAV87509,0,0,0,0,0
DAV87372,0,0,0,0,0
DAV87353,0,0,0,0,0
DAV87092,0,0,0,0,0
DAV86912,0,0,0,0,0
DAV86773,0,0,0,0,0
DAV86124,0,0,0,0,0
DAV86058,0,0,0,0,0
DAV85969,0,0,0,0,0
DAV85820,0,0,0,0,0
DAV85059,0,0,0,0,0
DAV84912,0,0,0,0,0
DAV84201,0,0,0,0,0
DAV83023,0,0,0,0,0
DAV82878,0,0,0,0,0
DAV82636,0,0,0,0,0
DAV82161,0,0,0,0,0
DAV81598,0,0,0,0,0
DAV81434,0,0,0,0,0
DAV81392,0,0,0,0,0
DAV80965,0,0,0,0,0
DAV80061,0,0,0,0,0
DAV80020,0,0,0,0,0
DAV80014,0,0,0,0,0
DAV79939,0,0,0,0,0
DAV79692,0,0,0,0,0
DAV79356,0,0,0,0,0
DAV78860,0,0,0,0,0
DAV78799,0,0,0,0,0
DAV78713,0,0,0,0,0
DAV78555,0,0,0,0,0
DAV78497,0,0,0,0,0
DAV78269,0,0,0,0,0
DAV77750,0,0,0,0,0
DAV77222,1,1,1,0,0
DAV76678,0,0,0,0,0
DAV76557,0,0,0,0,0
DAV75691,0,0,0,0,0
DAV75677,0,0,0,0,0
DAV75473,0,0,0,0,0
DAV75445,0,0,0,0,0
DAV75042,0,0,0,0,0
DAV73757,0,0,0,0,0
DAV72846,0,0,0,0,0
DAV72824,0,0,0,0,0
DAV72735,0,0,0,0,0
DAV71994,1,1,1,0,0
DAV71145,1,1,1,0,0
DAV70960,0,0,0,0,0
DAV70827,0,0,0,0,0
DAV70222,0,0,0,0,0
DAV69970,0,0,0,0,0
DAV69595,0,0,0,0,0
DAV69392,0,0,0,0,0
DAV68700,1,1,1,0,0
DAV68571,0,0,0,0,0
DAV68040,0,0,0,0,0
DAV67672,1,1,1,0,0
DAV67156,0,0,0,0,0
DAV66721,0,0,0,0,0
DAV66399,0,0,0,0,0
DAV66142,0,0,0,0,0
DAV65827,0,0,0,0,0
DAV65335,0,0,0,0,0
DAV65268,0,0,0,0,0
DAV64351,0,0,0,0,0
DAV63764,0,0,0,0,0
DAV63677,0,0,0,0,0
DAV63456,0,0,0,0,0
DAV62887,0,0,0,0,0
DAV62600,1,1,1,0,0
DAV61650,0,0,0,0,0
DAV61489,1,1,1,0,0
DAV59395,1,1,1,0,0
DAV58892,0,0,0,0,0
DAV58630,0,0,0,0,0
DAV58545,0,0,0,0,0
DAV58106,1,1,1,0,0
DAV57977,1,1,1,0,0
DAV57550,0,0,0,0,0
DAV57315,0,0,0,0,0
DAV56838,0,0,0,0,0
DAV56753,0,0,0,0,0
DAV56692,0,0,0,0,0
DAV56310,0,0,0,0,0
DAV55153,0,0,0,0,0
DAV54383,0,0,0,0,0
DAV54323,0,0,1,0,0
DAV54244,0,0,0,0,0
DAV53722,0,0,0,0,0
DAV52344,0,0,0,0,0
DAV52183,0,0,0,0,0
DAV52031,0,0,0,0,0
DAV51760,0,0,0,0,0
DAV51659,0,0,0,0,0
DAV51622,0,0,0,0,0
DAV51553,0,0,0,0,0
DAV50906,0,0,0,0,0
DAV50435,0,0,0,0,0
DAV50174,0,0,0,0,0
DAV50117,0,0,0,0,0
DAV50083,0,0,0,0,0
DAV49864,0,0,1,0,0
DAV49528,0,0,0,0,0
DAV48797,0,0,0,0,0
DAV48161,0,0,0,0,0
DAV48066,0,0,0,0,0
DAV47737,0,0,0,0,0
DAV47470,1,1,1,0,0
DAV46535,0,0,0,0,0
DAV45895,0,0,0,0,0
DAV45435,1,1,1,0,0
DAV44537,0,0,0,0,0
DAV44317,0,0,0,0,0
DAV43566,1,1,1,0,0
DAV41905,0,0,1,0,0
DAV41694,1,1,1,0,0
DAV41479,0,0,0,0,0
DAV40513,0,0,0,0,0
DAV38911,0,0,0,0,0
DAV38756,0,1,1,0,0
DAV38426,0,0,1,0,0
DAV38000,0,0,0,0,0
DAV37504,0,0,0,0,0
DAV36838,0,0,0,0,0
DAV36514,0,0,0,0,0
DAV36369,0,0,0,0,0
DAV36067,0,0,0,0,0
DAV35873,0,0,0,0,0
DAV33333,0,0,0,0,0
DAV33209,0,0,0,0,0
DAV32619,1,1,1,0,0
DAV31608,0,0,0,0,0
DAV31492,0,0,0,0,0
DAV31017,0,1,1,0,0
DAV30924,0,0,0,0,0
DAV30598,0,0,0,0,0
DAV30247,1,1,1,0,0
DAV29852,0,0,0,0,0
DAV29708,0,0,0,0,0
DAV29372,0,0,0,0,0
DAV29269,0,0,0,0,0
DAV29221,0,0,0,0,0
DAV29041,0,0,0,0,0
DAV28828,1,1,1,0,0
DAV28702,0,0,0,0,0
DAW81901,0,0,0,0,0
DAW81809,0,0,0,0,0
DAW81752,1,1,1,0,0
DAW81393,0,0,0,0,0
DAW80262,0,0,0,0,0
DAW80215,0,0,0,0,0
DAW80048,0,0,0,0,0
DAW79441,1,1,1,0,0
DAW78818,0,0,0,0,0
DAW78813,0,0,0,0,0
DAW78659,0,0,0,0,0
DAW78316,0,0,0,0,0
DAW78067,0,0,0,0,0
DAW76485,0,0,0,0,0
DAW76401,1,1,1,0,0
DAW75681,0,0,0,0,0
DAW75580,0,0,0,0,0
DAW75074,1,1,1,0,0
DAW74784,0,0,1,0,0
DAW74036,0,0,0,0,0
DAW72989,0,0,0,0,0
DAW72645,0,0,0,0,0
DAW71985,0,0,0,0,0
DAW71923,0,0,0,0,0
DAW71613,0,0,0,0,0
DAW71025,0,0,0,0,0
DAW69798,0,0,0,0,0
DAW69745,0,0,0,0,0
DAW69655,0,0,0,0,0
DAW69553,0,0,0,0,0
DAW69508,0,0,0,0,0
DAW69334,0,0,0,0,0
DAW68908,0,0,0,0,0
DAW68348,1,1,1,0,0
DAW66475,0,0,0,0,0
DAW66375,1,1,1,0,0
DAW66194,0,0,0,0,0
DAW65751,0,0,0,0,0
DAW65600,0,0,0,0,0
DAW65420,0,0,0,0,0
DAW65272,0,0,0,0,0
DAW65196,0,0,0,0,0
DAW64887,0,0,0,0,0
DAW64814,0,0,0,0,0
DAW64540,1,1,1,0,0
DAW63729,0,0,0,0,0
DAW60757,0,0,0,0,0
DAW60429,0,0,0,0,0
DAW59985,0,0,0,0,0
DAW58790,0,0,0,0,0
DAW58638,0,0,0,0,0
DAW58210,0,0,0,0,0
DAW58098,0,0,0,0,0
DAW57497,0,0,0,0,0
DAW57054,0,0,0,0,0
DAW57047,0,0,0,0,0
DAW56943,0,0,0,0,0
DAW56659,0,0,0,0,0
DAW56537,0,0,0,0,0
DAW55566,0,1,1,0,0
DAW55529,0,0,0,0,0
DAW53832,0,0,0,0,0
DAW52653,0,0,0,0,0
DAW51482,0,0,0,0,0
DAW51099,0,0,0,0,0
DAW50368,0,0,0,0,0
DAW50365,0,0,0,0,0
DAW50226,0,0,0,0,0
DAW49998,0,0,0,0,0
DAW49723,0,0,0,0,0
DAW48563,0,0,0,0,0
DAW48005,1,1,1,0,0
DAW47966,0,0,0,0,0
DAW47659,0,0,0,0,0
DAW47494,0,0,0,0,0
DAW47321,0,0,0,0,0
DAW46887,0,0,0,0,0
DAW46329,0,0,0,0,0
DAW45700,0,0,0,0,0
DAW44232,0,0,0,0,0
DAW43500,1,1,1,0,0
DAW42703,0,0,0,0,0
DAW42615,0,0,0,0,0
DAW41554,1,1,1,0,0
DAW41437,0,0,0,0,0
DAW41013,0,0,0,0,0
DAW40679,0,0,0,0,0
DAW39929,0,0,0,0,0
DAW39571,1,1,1,0,0
DAW39315,0,0,0,0,0
DAW39256,0,0,0,0,0
DAW39058,0,0,1,0,0
DAW38409,1,1,1,0,0
DAW38222,0,0,0,0,0
DAW37751,0,0,0,0,0
DAW37291,0,0,0,0,0
DAW36901,0,0,0,0,0
DAW36037,0,0,0,0,0
DAW35508,0,0,0,0,0
DAW35360,0,0,0,0,0
DAW34536,0,0,0,0,0
DAW34065,1,1,1,0,0
DAW34043,0,0,0,0,0
DAW34035,0,0,0,0,0
DAW33060,0,0,0,0,0
DAW32821,0,0,0,0,0
DAW32492,0,0,0,0,0
DAW32325,0,0,0,0,0
DAW32220,0,0,0,0,0
DAW31459,0,0,0,0,0
DAW31455,0,0,0,0,0
DAW31381,0,0,0,0,0
DAW30300,0,0,0,0,0
DAW29717,0,0,0,0,0
DAW29348,0,0,0,0,0
DAW29284,0,0,0,0,0
QWY84476,0,0,0,0,0
DAS45542,0,0,0,0,0
DAS44677,1,1,1,0,0
DAS44624,0,0,0,0,0
DAS44361,0,0,0,0,0
DAS43994,1,0,0,0,0
DAS43802,1,1,1,0,0
DAS43685,0,0,0,0,0
DAS42905,0,0,0,0,0
DAS42263,0,0,0,0,0
DAS41376,1,1,1,0,0
DAS41323,0,0,0,0,0
DAS41322,0,0,1,0,0
DAS41321,0,0,1,0,0
DAS41094,0,0,0,0,0
DAS40973,0,0,0,0,0
DAS40649,0,0,0,0,0
DAS40633,0,0,0,0,0
DAS40549,0,0,0,0,0
DAS39381,0,0,0,0,0
DAS38952,0,0,0,0,0
DAS38851,0,0,0,0,0
DAS38507,0,0,0,0,0
DAS38432,0,0,0,0,0
DAS37993,0,0,0,0,0
DAS37567,0,0,0,0,0
DAS37393,0,0,0,0,0
DAS36885,0,0,0,0,0
DAS36792,0,0,0,0,0
DAS36789,1,1,1,0,0
DAS36535,0,0,0,0,0
DAS36531,0,0,0,0,0
DAS36368,0,0,0,0,0
DAS36235,1,1,1,0,0
DAS36222,0,0,0,0,0
DAS35708,0,0,0,0,0
DAS35623,0,0,0,0,0
DAS34737,0,0,0,0,0
DAS33008,0,0,0,0,0
DAS32802,0,0,0,0,0
DAS32488,1,1,1,0,0
DAS31602,0,0,0,0,0
DAS31240,0,0,0,0,0
DAS31236,0,0,0,0,0
DAS31179,0,0,0,0,0
DAS31089,0,0,1,0,0
DAS29941,0,0,0,0,0
DAS28657,0,0,0,0,0
DAS28547,0,0,0,0,0
DAS27655,0,0,0,0,0
DAS27652,0,0,0,0,0
DAS27252,0,0,0,0,0
DAS26878,1,1,1,0,0
DAS26747,0,0,0,0,0
DAS26672,0,0,0,0,0
DAS26473,0,0,0,0,0
DAS25424,1,1,1,0,0
DAS25279,0,0,0,0,0
DAS24611,0,0,0,0,0
DAS22842,0,0,0,0,0
DAS22407,0,0,0,0,0
DAS21790,0,0,0,0,0
DAS21527,0,0,0,0,0
DAS20651,0,0,0,0,0
DAS20315,0,0,0,0,0
DAS20267,0,0,0,0,0
DAS20191,0,0,0,0,0
DAS20011,0,0,0,0,0
DAS19821,0,0,0,0,0
DAS19690,0,0,0,0,0
DAS19009,0,0,0,0,0
DAS18908,0,0,0,0,0
DAS18313,0,0,0,0,0
DAS17961,0,0,0,0,0
DAS17830,0,0,0,0,0
DAS17652,0,0,0,0,0
DAS17335,0,0,0,0,0
DAS16946,0,0,0,0,0
DAS16842,0,0,0,0,0
DAS16665,0,0,0,0,0
DAS16572,0,0,0,0,0
DAS15861,0,0,0,0,0
DAS15803,0,0,0,0,0
DAS14901,0,0,0,0,0
DAS14468,0,0,0,0,0
DAS13985,0,0,0,0,0
DAS13746,0,0,0,0,0
DAS12089,1,1,1,0,0
DAS11636,0,0,0,0,0
DAS11251,0,0,0,0,0
DAS10844,0,0,0,0,0
DAS10839,0,0,0,0,0
DAS10568,0,0,0,0,0
DAS10390,1,1,1,0,0
DAS09369,0,0,0,0,0
DAS09187,0,0,0,0,0
DAS09059,0,0,0,0,0
DAS08259,1,1,1,0,0
DAS07794,0,0,1,0,0
DAS07744,0,0,0,0,0
DAS07376,0,0,0,0,0
DAS07257,0,0,0,0,0
DAS06609,0,0,0,0,0
DAS05606,1,1,1,0,0
DAS04643,0,0,0,0,0
DAS04520,0,0,0,0,0
DAS03834,0,0,0,0,0
DAS02451,1,0,1,0,0
DAS02360,0,0,0,0,0
DAS02270,0,0,0,0,0
DAS02109,0,0,0,0,0
DAS00682,0,0,0,0,0
DAS00055,1,1,1,0,0
DAR99889,0,0,0,0,0
DAR99289,0,0,1,0,0
DAR99208,0,0,0,0,0
DAR98519,0,0,0,0,0
DAR98369,0,0,0,0,0
DAR98339,0,0,0,0,0
DAR98286,0,0,0,0,0
DAR97840,0,0,0,0,0
DAR97428,0,0,0,0,0
DAR95438,1,1,1,0,0
DAR95104,1,1,1,0,0
DAR94579,0,0,0,0,0
DAR94359,0,0,0,0,0
DAR93414,0,0,0,0,0
DAR93260,0,0,0,0,0
DAR93028,0,0,0,0,0
DAR92926,0,0,0,0,0
DAR92486,0,0,0,0,0
DAR91692,0,0,0,0,0
DAR89166,1,1,0,0,0
DAR88897,0,0,0,0,0
DAR88040,0,0,0,0,0
DAR87980,0,0,0,0,0
DAR87537,0,0,0,0,0
DAR87153,1,1,1,1,0
DAR86930,0,0,0,0,0
DAR86719,1,1,1,0,0
DAR86658,0,0,0,0,0
DAR86443,0,0,0,0,0
DAR86100,0,0,0,0,0
DAR86001,0,0,0,0,0
DAR85364,0,0,0,0,0
DAR84235,0,0,0,0,0
DAR83751,0,0,0,0,0
DAR83746,0,0,0,0,0
DAR83606,0,0,0,0,0
DAR83046,0,0,0,0,0
DAR82247,0,0,0,0,0
DAR81867,0,0,0,0,0
DAR81388,0,0,0,0,0
DAR81277,0,0,0,0,0
DAR81186,0,0,0,0,0
DAR80226,0,0,0,0,0
DAR80123,0,0,0,0,0
DAR79605,0,0,0,0,0
DAR79546,0,0,0,0,0
DAR79464,0,0,0,0,0
DAR79271,0,0,0,0,0
DAR79147,0,0,0,0,0
DAR78843,0,0,0,0,0
DAR77737,0,0,0,0,0
DAR77368,0,0,0,0,0
DAR77232,0,0,0,0,0
DAR76241,0,0,0,0,0
DAR76100,0,0,0,0,0
DAR75627,0,0,0,0,0
DAR75502,0,0,0,0,0
DAR74943,0,0,0,0,0
DAR74732,0,0,0,0,0
DAR74631,1,1,0,0,0
DAR74043,0,0,0,0,0
DAR73997,0,0,0,0,0
DAR73964,0,0,0,0,0
DAR73200,0,0,0,0,0
DAR73106,0,0,0,0,0
DAR73050,1,1,1,0,0
DAR72191,0,0,0,0,0
DAR72177,0,0,0,0,0
DAR72070,0,0,0,0,0
DAR71561,0,0,0,0,0
DAR71278,0,0,0,0,0
DAR71211,0,0,0,0,0
DAR70893,0,0,0,0,0
DAR70773,0,0,0,0,0
DAR70651,0,0,0,0,0
DAR69318,0,0,0,0,0
DAR68109,0,0,0,0,0
DAR67918,0,0,0,0,0
DAR67471,0,0,0,0,0
DAR67170,0,0,0,0,0
DAR66902,1,1,1,0,0
DAR66809,0,0,0,0,0
DAR66517,0,0,0,0,0
DAR66363,0,0,0,0,0
DAR65846,0,0,0,0,0
DAR65711,0,0,0,0,0
DAR65622,1,1,1,0,0
DAR65089,1,0,1,0,0
DAR64944,0,0,0,0,0
DAR64661,1,1,1,0,0
DAR64567,0,0,0,0,0
DAR64445,0,0,1,0,0
DAR64112,1,1,1,0,0
DAR63811,0,0,0,0,0
DAR63009,0,0,0,0,0
DAR63007,1,1,1,0,0
DAT24332,0,0,0,0,0
DAT23260,0,0,0,0,0
DAT22674,0,0,0,0,0
DAT22419,0,0,0,0,0
DAT21609,0,0,0,0,0
DAT21319,0,0,0,0,0
DAT21266,0,0,0,0,0
DAT21262,0,0,0,0,0
DAT21170,0,0,0,0,0
DAT20799,0,0,0,0,0
DAT20521,0,0,0,0,0
DAT20515,0,0,1,0,0
DAT20514,0,0,1,0,0
DAT20513,0,0,1,0,0
DAT19330,0,0,0,0,0
DAT18839,0,0,0,0,0
DAT16786,0,0,0,0,0
DAT16652,0,0,0,0,0
DAT16304,0,0,0,0,0
DAT15572,0,0,1,0,0
DAT15359,0,0,0,0,0
DAT14559,0,0,0,0,0
DAT14085,0,0,0,0,0
DAT13554,1,0,1,0,0
DAT13551,0,0,0,0,0
DAT13179,0,0,0,0,0
DAT12794,0,0,0,0,0
DAT12027,0,0,0,0,0
DAT11970,0,0,0,0,0
DAT10907,0,0,0,0,0
DAT10795,1,1,1,0,0
DAT10327,0,0,0,0,0
DAT09812,0,0,0,0,0
DAT09428,0,0,0,0,0
DAT09033,0,0,0,0,0
DAT07171,1,1,1,0,0
DAT07122,0,0,0,0,0
DAT06161,0,0,1,0,0
DAT05973,1,1,1,0,0
DAT04985,0,0,0,0,0
DAT04926,1,1,1,0,0
DAT04456,0,0,0,0,0
DAT03673,0,0,0,0,0
DAT03559,0,0,0,0,0
DAT03367,1,1,1,0,0
DAT03316,0,0,0,0,0
DAT02536,0,0,0,0,0
DAT01976,0,0,0,0,0
DAT01745,0,0,0,0,0
DAT00246,0,0,0,0,0
DAS99709,0,0,0,0,0
DAS99362,0,0,0,0,0
DAS98366,0,0,0,0,0
DAS97854,1,1,1,0,0
DAS97850,0,0,0,0,0
DAS97789,0,0,0,0,0
DAS97079,0,0,0,0,0
DAS96418,1,1,1,0,0
DAS96087,0,0,0,0,0
DAS95590,0,0,0,0,0
DAS95391,0,0,0,0,0
DAS94515,0,0,0,0,0
DAS93044,0,0,0,0,0
DAS92775,1,1,1,0,0
DAS92477,0,0,0,0,0
DAS92168,0,0,0,0,0
DAS90553,0,0,0,0,0
DAS90542,0,0,0,0,0
DAS89662,1,1,1,0,0
DAS89545,0,0,0,0,0
DAS89323,0,0,0,0,0
DAS88778,0,0,0,0,0
DAS88276,1,1,1,0,0
DAS87944,0,0,0,0,0
DAS87908,0,0,0,0,0
DAS87878,0,0,0,0,0
DAS87671,0,0,0,0,0
DAS87177,0,0,0,0,0
DAS86719,0,0,0,0,0
DAS86493,1,1,1,0,0
DAS85963,0,0,0,0,0
DAS85572,0,0,0,0,0
DAS85482,0,0,0,0,0
DAS85088,0,0,0,0,0
DAS84929,0,0,0,0,0
DAS84866,0,0,0,0,0
DAS83809,0,0,0,0,0
DAS82956,0,0,0,0,0
DAS82623,0,0,0,0,0
DAS82474,0,0,0,0,0
DAS82122,0,0,0,0,0
DAS82024,0,0,0,0,0
DAS81883,0,0,0,0,0
DAS81752,0,0,0,0,0
DAS81269,1,0,0,0,0
DAS81156,0,0,0,0,0
DAS80995,0,0,0,0,0
DAS80981,0,0,0,0,0
DAS80902,0,0,0,0,0
DAS80785,0,0,0,0,0
DAS80205,0,0,0,0,0
DAS79380,0,0,0,0,0
DAS79165,1,1,1,0,0
DAS79050,0,0,0,0,0
DAS78897,0,0,0,0,0
DAS78175,0,0,0,0,0
DAS77647,0,0,0,0,0
DAS77424,0,0,0,0,0
DAS76818,0,0,0,0,0
DAS76455,0,0,1,0,0
DAS76303,1,1,1,0,0
DAS76138,0,0,0,0,0
DAS75169,0,0,0,0,0
DAS74404,0,0,0,0,0
DAS74400,0,0,0,0,0
DAS74206,0,0,0,0,0
DAS72374,0,0,0,0,0
DAS71289,0,0,0,0,0
DAS70425,0,0,0,0,0
DAS70247,0,0,0,0,0
DAS70240,0,0,0,0,0
DAS69872,0,0,0,0,0
DAS69349,0,0,0,0,0
DAS68547,0,0,0,0,0
DAS68382,0,0,0,0,0
DAS68120,0,0,0,0,0
DAS67991,0,0,0,0,0
DAS67799,0,0,0,0,0
DAS67744,0,0,0,0,0
DAS67625,1,0,0,0,0
DAS67212,0,0,0,0,0
DAS66597,0,0,0,0,0
DAS66215,0,0,0,0,0
DAS65812,1,1,1,0,0
DAS65720,1,1,1,0,0
DAS65673,0,0,0,0,0
DAS65659,0,0,0,0,0
DAS64929,0,0,1,0,0
DAS64747,0,0,0,0,0
DAS63423,0,0,0,0,0
DAS63260,0,0,0,0,0
DAS62970,0,0,0,0,0
DAS62828,0,0,0,0,0
DAS62737,0,0,0,0,0
DAS62528,0,0,0,0,0
DAS61897,0,0,0,0,0
DAS60739,0,0,0,0,0
DAS60468,0,0,0,0,0
DAS59693,0,0,0,0,0
DAS58968,0,0,0,0,0
DAS58757,0,0,0,0,0
DAS58562,0,0,0,0,0
DAS58559,1,1,0,0,0
DAS58320,1,1,1,0,0
DAS57656,0,0,0,0,0
DAS57651,0,0,0,0,0
DAS56914,0,0,0,0,0
DAS56804,0,0,0,0,0
DAS54961,0,0,0,0,0
DAS54505,0,0,0,0,0
DAS53888,0,0,0,0,0
DAS53658,0,0,0,0,0
DAS52503,0,0,0,0,0
DAS52439,0,0,0,0,0
DAS52006,0,0,0,0,0
DAS51586,0,0,0,0,0
DAS51372,0,0,0,0,0
DAS51148,0,0,0,0,0
DAS50786,0,0,0,0,0
DAS50656,0,0,0,0,0
DAS50302,0,0,0,0,0
DAS49961,0,0,0,0,0
DAS49752,0,0,0,0,0
DAS49223,0,0,0,0,0
DAS48745,0,0,0,0,0
DAS48244,0,0,0,0,0
DAS47490,0,0,0,0,0
DAS47422,1,0,0,0,0
DAS46970,0,0,0,0,0
DAS46792,0,0,0,0,0
DAS46790,0,0,0,0,0
DAS46698,0,0,0,0,0
DAS46656,0,0,0,0,0
DAS46654,0,0,0,0,0
DAT97563,1,1,1,0,0
DAT97191,0,0,0,0,0
DAT97023,0,0,0,0,0
DAT95685,0,0,0,0,0
DAT95295,0,0,0,0,0
DAT95090,0,0,0,0,0
DAT94764,0,0,0,0,0
DAT94693,0,0,0,0,0
DAT94494,0,0,0,0,0
DAT93906,0,0,0,0,0
DAT93150,0,0,0,0,0
DAT92970,0,0,0,0,0
DAT92671,0,0,1,0,0
DAT90842,0,0,0,0,0
DAT89216,0,0,0,0,0
DAT88654,0,0,0,0,0
DAT87443,0,0,0,0,0
DAT87380,0,0,0,0,0
DAT86843,0,0,0,0,0
DAT86596,0,0,0,0,0
DAT86244,0,0,0,0,0
DAT86088,0,0,0,0,0
DAT85753,0,1,0,0,0
DAT84365,1,1,1,0,0
DAT83881,0,0,0,0,0
DAT83466,1,0,1,0,0
DAT83464,0,0,0,0,0
DAT83286,0,0,0,0,0
DAT83231,0,0,0,0,0
DAT82254,0,0,0,0,0
DAT82082,0,0,0,0,0
DAT81560,0,0,0,0,0
DAT80868,0,0,0,0,0
DAT79908,0,0,0,0,0
DAT79898,0,0,0,0,0
DAT79435,0,0,0,0,0
DAT79430,0,0,0,0,0
DAT79291,0,0,0,0,0
DAT78732,0,0,0,0,0
DAT77320,0,0,0,0,0
DAT76885,0,0,1,0,0
DAT76863,0,0,1,0,0
DAT76857,0,0,1,0,0
DAT76562,1,1,1,0,0
DAT75544,0,0,0,0,0
DAT75021,0,0,0,0,0
DAT74969,0,0,0,0,0
DAT74964,0,0,0,0,0
DAT72935,0,0,0,0,0
DAT72818,0,0,0,0,0
DAT72744,0,0,0,0,0
DAT72151,0,0,0,0,0
DAT72147,0,0,0,0,0
DAT72035,0,0,0,0,0
DAT70116,1,1,1,0,0
DAT69892,0,0,0,0,0
DAT69439,0,0,0,0,0
DAT69176,0,0,0,0,0
DAT68797,0,0,0,0,0
DAT68186,0,0,0,0,0
DAT66850,0,0,0,0,0
DAT66504,0,0,0,0,0
DAT66362,1,1,1,0,0
DAT65410,0,0,0,0,0
DAT65304,0,0,0,0,0
DAT64920,1,1,1,0,0
DAT63354,0,0,0,0,0
DAT63093,0,0,0,0,0
DAT62708,0,0,0,0,0
DAT61342,0,0,0,0,0
DAT60307,0,0,0,0,0
DAT59895,0,0,0,0,0
DAT59628,0,0,0,0,0
DAT58947,1,1,1,0,0
DAT58158,1,1,1,0,0
DAT57742,0,0,0,0,0
DAT57142,0,0,0,0,0
DAT57072,0,0,0,0,0
DAT56967,1,1,1,0,0
DAT56424,0,0,0,0,0
DAT56263,0,0,0,0,0
DAT55986,0,0,0,0,0
DAT55815,0,0,0,0,0
DAT54209,0,0,0,0,0
DAT54202,0,0,0,0,0
DAT54078,0,0,0,0,0
DAT53931,0,0,0,0,0
DAT53613,0,0,0,0,0
DAT53571,0,0,0,0,0
DAT53405,0,0,0,0,0
DAT53327,0,0,0,0,0
DAT53190,1,1,0,0,0
DAT53137,0,0,0,0,0
DAT52861,0,0,0,0,0
DAT52593,0,0,0,0,0
DAT52585,1,1,1,0,0
DAT52435,0,0,0,0,0
DAT52212,0,0,0,0,0
DAT51688,0,0,1,0,0
DAT50577,0,0,0,0,0
DAT50467,1,1,1,0,0
DAT50231,0,0,0,0,0
DAT49785,0,0,0,0,0
DAT49779,0,0,0,0,0
DAT49710,0,0,0,0,0
DAT49188,0,0,0,0,0
DAT47967,0,0,1,0,0
DAT47915,0,0,0,0,0
DAT47636,0,0,0,0,0
DAT47523,0,0,0,0,0
DAT46985,0,0,0,0,0
DAT46640,0,0,1,0,0
DAT46622,0,0,1,0,0
DAT46182,0,0,0,0,0
DAT45134,0,0,0,0,0
DAT44103,1,1,1,0,0
DAT43674,1,1,1,1,0
DAT43325,0,0,0,0,0
DAT42613,0,0,0,0,0
DAT42176,0,0,0,0,0
DAT42127,0,0,0,0,0
DAT41031,0,0,0,0,0
DAT40760,0,0,0,0,0
DAT40318,0,0,0,0,0
DAT40171,1,1,1,0,0
DAT39856,0,0,0,0,0
DAT39297,0,0,0,0,0
DAT38698,0,0,0,0,0
DAT38518,0,0,0,0,0
DAT38335,0,0,0,0,0
DAT38214,0,0,0,0,0
DAT38210,0,0,0,0,0
DAT38053,0,0,0,0,0
DAT38048,0,0,0,0,0
DAT37313,0,0,0,0,0
DAT37144,0,0,0,0,0
DAT36806,0,0,0,0,0
DAT36311,0,0,0,0,0
DAT34353,0,0,0,0,0
DAT32384,0,0,0,0,0
DAT32116,0,0,0,0,0
DAT31941,0,0,0,0,0
DAT31670,0,0,0,0,0
DAT31474,0,0,0,0,0
DAT31388,0,0,0,0,0
DAT30841,0,0,0,0,0
DAT30715,1,1,1,0,0
DAT30125,0,0,0,0,0
DAT28905,0,0,0,0,0
DAT28667,0,0,0,0,0
DAT27768,1,1,1,0,0
DAT26970,0,0,0,0,0
DAT26441,0,0,0,0,0
DAT26428,0,0,0,0,0
DAT26083,0,0,0,0,0
DAT25967,0,0,0,0,0
DAT25644,0,1,0,0,0
DAT25423,0,0,0,0,0
DAT25396,0,0,0,0,0
DAT25190,0,0,0,0,0
DAU69025,0,0,0,0,0
DAU68251,0,0,0,0,0
DAU68096,0,0,0,0,0
DAU67929,0,0,0,0,0
DAU67903,0,0,0,0,0
DAU66729,0,0,0,0,0
DAU66061,0,0,0,0,0
DAU65326,0,0,0,0,0
DAU65203,1,1,1,0,0
DAU65145,0,0,0,0,0
DAU65140,0,0,0,0,0
DAU64900,1,1,1,0,0
DAU64713,0,0,0,0,0
DAU64414,0,0,0,0,0
DAU64325,0,0,0,0,0
DAU63889,0,0,0,0,0
DAU62963,0,0,0,0,0
DAU62859,0,0,0,0,0
DAU62233,0,0,0,0,0
DAU61913,0,0,0,0,0
DAU59206,0,0,0,0,0
DAU58810,0,0,0,0,0
DAU58585,1,1,1,0,0
DAU57596,0,0,0,0,0
DAU57509,0,0,0,0,0
DAU57506,0,0,0,0,0
DAU57442,0,0,0,0,0
DAU57213,0,0,0,0,0
DAU55640,0,0,0,0,0
DAU55118,0,0,0,0,0
DAU55114,0,0,0,0,0
DAU54959,0,0,0,0,0
DAU54134,0,0,0,0,0
DAU53211,0,0,0,0,0
DAU53061,0,0,0,0,0
DAU51808,0,0,0,0,0
DAU51393,0,0,1,0,0
DAU51259,0,0,0,0,0
DAU50838,0,0,1,0,0
DAU50383,0,0,0,0,0
DAU49287,0,0,0,0,0
DAU48841,0,1,0,0,0
DAU48530,0,0,0,0,0
DAU47958,0,0,0,0,0
DAU47386,0,0,0,0,0
DAU46715,0,0,0,0,0
DAU46428,0,0,0,0,0
DAU45914,0,0,0,0,0
DAU45493,0,0,0,0,0
DAU45090,0,0,0,0,0
DAU45051,0,0,0,0,0
DAU44673,0,0,0,0,0
DAU44669,0,0,0,0,0
DAU43815,0,0,0,0,0
DAU43606,0,0,0,0,0
DAU43601,0,0,0,0,0
DAU43109,0,0,0,0,0
DAU42994,0,0,0,0,0
DAU42637,0,0,0,0,0
DAU42455,0,0,0,0,0
DAU42169,0,0,0,0,0
DAU42156,0,0,0,0,0
DAU42031,0,0,0,0,0
DAU41530,0,0,0,0,0
DAU40548,1,1,1,0,0
DAU40391,0,0,0,0,0
DAU40195,0,0,0,0,0
DAU39622,0,0,0,0,0
DAU39590,0,0,0,0,0
DAU39288,0,0,0,0,0
DAU39019,0,0,0,0,0
DAU38785,0,0,0,0,0
DAU38566,0,0,0,0,0
DAU37956,0,0,0,0,0
DAU37597,0,0,0,0,0
DAU37176,0,0,0,0,0
DAU37005,0,0,0,0,0
DAU36963,0,0,0,0,0
DAU36910,0,0,0,0,0
DAU36412,0,0,0,0,0
DAU36358,1,0,0,0,0
DAU36053,0,0,0,0,0
DAU35584,0,0,0,0,0
DAU35222,0,0,0,0,0
DAU35064,0,0,0,0,0
DAU34791,0,0,0,0,0
DAU34550,0,0,0,0,0
DAU34031,0,0,0,0,0
DAU33873,0,0,0,0,0
DAU33458,0,0,0,0,0
DAU33131,0,0,0,0,0
DAU32963,0,0,0,0,0
DAU32502,0,0,0,0,0
DAU31885,0,0,0,0,0
DAU31799,0,0,0,0,0
DAU31314,0,0,0,0,0
DAU31100,0,0,0,0,0
DAU30556,0,0,0,0,0
DAU30317,0,0,0,0,0
DAU30307,0,0,0,0,0
DAU29057,0,0,0,0,0
DAU28611,1,1,1,0,0
DAU28108,0,0,0,0,0
DAU27864,0,0,0,0,0
DAU27496,1,1,1,0,0
DAU27233,0,0,0,0,0
DAU27171,0,0,0,0,0
DAU26812,1,1,1,0,0
DAU26644,0,0,0,0,0
DAU26211,0,0,0,0,0
DAU25593,0,0,0,0,0
DAU25378,0,0,0,0,0
DAU25260,0,0,0,0,0
DAU25013,0,0,0,0,0
DAU24753,0,0,0,0,0
DAU24733,0,0,0,0,0
DAU24194,1,1,1,0,0
DAU24190,0,0,0,0,0
DAU23981,0,0,0,0,0
DAU23536,0,0,0,0,0
DAU23312,0,0,0,0,0
DAU22322,0,0,0,0,0
DAU20099,0,0,0,0,0
DAU19667,0,0,0,0,0
DAU19115,0,0,0,0,0
DAU18501,0,0,0,0,0
DAU17359,0,0,0,0,0
DAU16643,0,0,0,0,0
DAU16441,0,0,0,0,0
DAU16217,0,0,0,0,0
DAU15817,0,0,0,0,0
DAU15705,0,0,0,0,0
DAU15490,1,1,1,0,0
DAU15253,0,0,0,0,0
DAU14768,0,0,0,0,0
DAU12996,0,0,0,0,0
DAU12421,1,1,1,0,0
DAU11335,0,0,0,0,0
DAU10990,1,1,1,0,0
DAU10767,0,0,0,0,0
DAU10553,0,0,0,0,0
DAU10201,1,1,1,0,0
DAU08952,0,0,0,0,0
DAU08489,0,0,0,0,0
DAU08243,0,0,0,0,0
DAU07186,0,0,0,0,0
DAU06516,0,0,0,0,0
DAU06234,0,0,0,0,0
DAU05784,0,0,0,0,0
DAU05692,0,0,0,0,0
DAU05075,0,0,0,0,0
DAU04634,0,0,0,0,0
DAU04598,0,0,0,0,0
DAU04307,1,1,1,0,0
DAU04063,0,0,0,0,0
DAU03657,0,0,0,0,0
DAU03645,0,0,0,0,0
DAU03540,0,0,0,0,0
DAU03536,0,0,0,0,0
DAU02426,0,0,0,0,0
DAU01951,0,0,0,0,0
DAU00683,0,0,0,0,0
DAU00574,0,0,0,0,0
DAU00208,0,0,0,0,0
DAU00086,0,0,0,0,0
DAU00051,0,0,0,0,0
DAU00025,0,0,0,0,0
DAT98788,0,0,1,0,0
DAV28514,0,0,0,0,0
DAV28429,0,0,0,0,0
DAV28425,0,0,0,0,0
DAV27375,0,0,0,0,0
DAV26962,0,0,0,0,0
DAV26771,0,0,0,0,0
DAV26086,0,0,0,0,0
DAV25173,1,1,1,0,0
DAV25098,1,1,1,0,0
DAV24732,0,0,0,0,0
DAV24177,0,0,1,0,0
DAV23743,0,0,0,0,0
DAV22046,0,0,1,0,0
DAV22030,0,0,1,0,0
DAV21228,0,0,0,0,0
DAV20906,0,1,0,0,0
DAV20259,0,0,0,0,0
DAV20193,0,0,0,0,0
DAV19878,0,0,0,0,0
DAV19784,0,0,0,0,0
DAV19769,0,0,0,0,0
DAV19699,1,1,1,0,0
DAV19057,0,0,0,0,0
DAV18501,0,0,0,0,0
DAV18252,0,0,0,0,0
DAV18226,0,0,0,0,0
DAV17733,0,0,0,0,0
DAV17728,0,0,0,0,0
DAV17308,0,0,0,0,0
DAV17294,0,0,0,0,0
DAV17227,1,1,1,1,0
DAV17136,0,0,0,0,0
DAV16463,0,0,0,0,0
DAV16011,0,0,0,0,0
DAV15962,0,0,0,0,0
DAV15765,0,0,0,0,0
DAV15325,0,0,0,0,0
DAV14514,0,0,0,0,0
DAV13397,0,0,0,0,0
DAV13079,0,0,0,0,0
DAV11968,0,0,0,0,0
DAV10096,0,0,0,0,0
DAV09175,0,0,0,0,0
DAV08688,0,0,0,0,0
DAV08627,0,0,0,0,0
DAV08608,0,0,0,0,0
DAV08528,1,1,1,0,0
DAV08491,0,0,0,0,0
DAV06862,0,0,0,0,0
DAV06181,1,1,0,0,0
DAV05597,0,0,0,0,0
DAV04238,0,0,0,0,0
DAV00552,1,1,1,1,0
DAU99558,0,0,0,0,0
DAU99274,0,0,0,0,0
DAU99067,0,0,0,0,0
DAU98635,0,0,0,0,0
DAU97286,0,0,0,0,0
DAU96164,0,0,0,0,0
DAU96105,0,0,0,0,0
DAU95730,0,0,0,0,0
DAU95672,0,0,0,0,0
DAU94946,0,0,0,0,0
DAU94790,0,0,0,0,0
DAU93882,0,0,0,0,0
DAU93693,0,0,0,0,0
DAU92511,0,0,0,0,0
DAU92471,1,0,1,0,0
DAU92367,0,0,0,0,0
DAU91864,0,0,0,0,0
DAU91828,0,0,0,0,0
DAU91761,0,0,0,0,0
DAU91442,0,0,0,0,0
DAU91330,0,0,0,0,0
DAU91053,1,1,1,0,0
DAU90196,0,0,0,0,0
DAU89323,0,0,0,0,0
DAU89253,0,0,0,0,0
DAU88183,0,0,0,0,0
DAU87846,0,0,0,0,0
DAU87448,0,0,0,0,0
DAU86182,0,0,0,0,0
DAU85995,0,1,0,0,0
DAU85905,0,0,0,0,0
DAU85836,0,0,0,0,0
DAU85573,0,0,0,0,0
DAU85124,0,0,0,0,0
DAU84544,1,1,1,0,0
DAU83781,0,0,0,0,0
DAU83730,0,0,0,0,0
DAU82966,0,0,0,0,0
DAU81383,0,0,0,0,0
DAU81244,1,1,1,0,0
DAU81038,0,0,0,0,0
DAU80478,0,0,0,0,0
DAU80177,0,0,0,0,0
DAU80075,0,0,0,0,0
DAU79930,0,0,1,0,0
DAU79080,0,0,0,0,0
DAU78993,0,0,0,0,0
DAU78714,0,0,0,0,0
DAU78230,0,0,0,0,0
DAU77913,0,0,0,0,0
DAU77889,0,0,0,0,0
DAU77685,0,0,0,0,0
DAU76718,0,0,0,0,0
DAU76414,0,0,0,0,0
DAU76317,0,0,0,0,0
DAU75460,0,0,0,0,0
DAU75334,0,0,0,0,0
DAU74750,0,0,0,0,0
DAU74167,0,0,0,0,0
DAU73461,0,0,0,0,0
DAU73432,0,0,0,0,0
DAU71372,0,0,0,0,0
DAU71336,0,0,0,0,0
DAU70611,0,0,0,0,0
DAU70026,0,0,0,0,0
DAU69623,0,0,0,0,0
DAU69276,0,0,0,0,0
DAU69200,0,0,0,0,0
QWY14473,0,0,0,0,0
QWV60119,1,1,1,1,1
QLF87907,1,1,1,0,0
QLF87717,1,1,1,0,0
QLF87433,1,1,1,0,0
QLF87270,1,1,1,0,0
QLF86876,1,1,1,0,0
QLF86512,0,0,0,0,0
AUR81122,1,1,1,0,0
DAR09335,0,0,1,0,0
DAR08692,0,0,0,0,0
DAR08171,0,0,0,0,0
DAR07244,0,0,0,0,0
DAR07239,0,0,0,0,0
DAR06537,0,0,0,0,0
DAR06280,1,1,1,0,0
DAR05412,0,0,0,0,0
DAR03920,0,0,0,0,0
DAR03882,0,0,0,0,0
DAR01971,0,0,0,0,0
DAR00881,0,0,0,0,0
DAQ98675,0,0,0,0,0
DAQ98541,0,0,0,0,0
DAQ98351,0,0,0,0,0
DAQ98155,0,0,0,0,0
DAQ97768,0,0,0,0,0
DAQ96974,0,0,0,0,0
DAQ95566,0,0,0,0,0
DAQ95349,0,0,0,0,0
DAQ94956,0,0,0,0,0
DAQ94451,0,0,0,0,0
DAQ93139,0,0,0,0,0
DAQ92877,1,1,1,0,0
DAQ91975,1,1,1,0,0
DAQ91135,0,0,0,0,0
DAQ90748,1,1,1,0,0
DAQ90576,0,0,0,0,0
DAQ90334,0,0,0,0,0
DAQ90277,0,0,0,0,0
DAQ90083,0,0,0,0,0
DAQ89756,0,0,0,0,0
DAQ89360,0,0,0,0,0
DAQ88885,0,0,0,0,0
DAQ88558,0,0,0,0,0
DAQ88316,0,0,0,0,0
DAQ88021,0,0,0,0,0
DAQ87564,0,0,0,0,0
DAQ87092,0,0,0,0,0
DAQ86575,0,0,0,0,0
DAQ86432,0,0,0,0,0
DAQ86228,0,0,0,0,0
DAQ86171,0,0,0,0,0
DAQ85997,0,0,0,0,0
DAQ85953,0,0,0,0,0
DAQ85770,1,1,1,0,0
DAQ85465,0,0,0,0,0
DAQ84804,0,0,0,0,0
DAQ84415,0,0,0,0,0
DAQ84074,0,0,0,0,0
DAQ83445,0,0,0,0,0
DAQ82822,0,0,0,0,0
DAQ82482,0,0,0,0,0
DAQ82141,0,0,0,0,0
DAQ82052,0,0,0,0,0
DAQ81866,1,1,1,0,0
DAQ81675,0,0,0,0,0
DAQ81078,0,0,0,0,0
DAQ80336,0,0,0,0,0
DAQ79574,0,0,0,0,0
DAQ78820,0,0,0,0,0
DAQ78777,0,0,0,0,0
DAQ78669,0,0,0,0,0
DAQ78363,0,0,0,0,0
DAQ78020,0,0,0,0,0
DAQ77605,0,0,0,0,0
DAQ76712,0,0,0,0,0
DAQ76289,0,0,0,0,0
DAQ76027,0,0,0,0,0
DAQ75680,0,0,0,0,0
DAQ75430,0,0,0,0,0
DAQ74604,0,0,0,0,0
DAQ74434,1,0,0,0,0
DAQ73830,0,0,0,0,0
DAQ73815,0,0,0,0,0
DAQ73633,0,0,1,0,0
DAQ72982,0,0,0,0,0
DAQ72868,0,0,0,0,0
DAQ72299,0,0,0,0,0
DAQ71398,0,0,0,0,0
DAQ71164,0,0,0,0,0
DAQ71113,1,1,1,0,0
DAQ70766,0,0,0,0,0
DAQ70200,0,0,0,0,0
DAQ70196,0,0,0,0,0
DAQ69646,1,1,1,0,0
DAQ68931,0,0,0,0,0
DAQ67593,0,0,0,0,0
DAQ65685,0,0,0,0,0
DAQ65512,0,0,0,0,0
DAQ65178,0,0,0,0,0
DAQ64833,0,0,0,0,0
DAQ64830,0,0,0,0,0
DAQ63691,0,0,0,0,0
DAQ63603,0,0,0,0,0
DAQ63363,0,0,0,0,0
DAQ61914,0,0,0,0,0
DAQ61610,0,0,0,0,0
DAQ60016,0,0,0,0,0
DAQ59464,0,0,0,0,0
DAQ58793,0,0,0,0,0
DAQ58674,0,0,0,0,0
DAQ58442,0,0,0,0,0
DAQ55872,0,0,0,0,0
DAQ55750,0,0,0,0,0
DAQ55343,0,0,0,0,0
DAQ55285,0,0,0,0,0
DAQ53491,0,0,0,0,0
DAQ51350,0,0,0,0,0
DAQ51079,0,0,0,0,0
DAQ51075,0,0,0,0,0
DAQ50861,0,0,0,0,0
DAQ50788,0,0,0,0,0
DAQ50730,0,0,0,0,0
DAQ50574,0,0,0,0,0
DAQ50046,0,0,0,0,0
DAQ49422,0,0,0,0,0
DAQ49263,0,1,0,0,0
DAQ49139,0,0,0,0,0
DAQ49089,0,0,0,0,0
DAQ48055,0,0,1,0,0
DAQ47970,0,0,0,0,0
DAO99700,0,0,0,0,0
DAO99505,0,0,0,0,0
DAO98939,0,0,0,0,0
DAO98159,0,0,0,0,0
DAO97622,0,0,0,0,0
DAO97480,0,0,0,0,0
DAO97287,0,0,0,0,0
DAO96294,0,0,0,0,0
DAO96092,0,0,0,0,0
DAO96050,0,0,0,0,0
DAO95808,0,0,0,0,0
DAO95600,0,0,0,0,0
DAO94462,0,0,0,0,0
DAO94409,0,0,0,0,0
DAO94305,0,0,0,0,0
DAO93940,0,0,0,0,0
DAO93848,0,0,0,0,0
DAO93680,0,0,0,0,0
DAO93629,0,0,0,0,0
DAO92977,1,1,1,0,0
DAO92758,0,0,0,0,0
DAO92757,0,0,0,0,0
DAO92421,0,0,0,0,0
DAO91366,0,0,0,0,0
DAO90930,0,0,0,0,0
DAO90797,1,1,1,0,0
DAO90691,0,0,0,0,0
DAO90468,0,0,0,0,0
DAO90266,0,0,0,0,0
DAO90078,0,0,0,0,0
DAO90051,0,0,0,0,0
DAO89867,1,1,1,0,0
DAO89767,0,0,0,0,0
DAO89646,0,0,0,0,0
DAO89212,1,1,1,0,0
DAO89211,0,0,1,0,0
DAO89117,0,0,0,0,0
DAO88766,0,0,0,0,0
DAO88614,0,0,0,0,0
DAO88546,0,0,0,0,0
DAO88101,0,0,0,0,0
DAO87576,1,1,1,0,0
DAO87192,0,0,0,0,0
DAO86861,0,0,0,0,0
DAO86640,0,0,0,0,0
DAO86571,0,0,1,0,0
DAO86001,0,0,0,0,0
DAO85787,0,0,0,0,0
DAO84626,0,0,0,0,0
DAO84302,0,0,0,0,0
DAO83699,0,0,0,0,0
DAO82610,0,0,0,0,0
DAO82606,0,0,0,0,0
DAO82116,0,0,0,0,0
DAO82114,0,0,0,0,0
DAO82065,0,0,0,0,0
DAO81686,0,0,0,0,0
DAO80816,0,0,0,0,0
DAO80630,0,0,0,0,0
DAO80555,0,0,0,0,0
DAO79710,0,0,0,0,0
DAO79460,0,0,0,0,0
DAO79186,0,0,0,0,0
DAO79014,0,0,0,0,0
DAO78183,1,1,1,0,0
DAO77994,0,0,0,0,0
DAO77990,0,0,0,0,0
DAO77889,0,0,0,0,0
DAO77296,0,0,0,0,0
DAO77140,0,0,0,0,0
DAO77035,0,0,1,0,0
DAO76924,0,0,0,0,0
DAO76612,0,0,0,0,0
DAO76111,0,0,0,0,0
DAO75486,0,0,0,0,0
DAO75135,0,0,0,0,0
DAO75113,0,0,0,0,0
DAO74695,0,0,0,0,0
DAO71719,1,1,1,0,0
DAO71682,0,0,0,0,0
DAO71289,0,0,0,0,0
DAO70708,0,0,0,0,0
DAO70586,0,0,0,0,0
DAO70518,1,0,0,0,0
DAO70211,0,0,0,0,0
DAO69964,0,0,1,0,0
DAO68459,1,1,1,0,0
DAO68366,0,0,0,0,0
DAO67918,1,1,1,0,0
DAO67817,0,0,0,0,0
DAO67799,0,0,0,0,0
DAO67473,0,0,0,0,0
DAO67351,0,0,0,0,0
DAO67271,0,0,0,0,0
DAO67219,0,0,0,0,0
DAO66790,0,0,0,0,0
DAO65337,0,0,0,0,0
DAO65332,0,0,0,0,0
DAO65216,0,0,0,0,0
DAO64638,0,0,0,0,0
DAO63626,0,0,0,0,0
DAO63438,0,0,0,0,0
DAO63091,0,0,0,0,0
DAO63032,0,0,0,0,0
DAO62750,1,1,1,0,0
DAO62051,1,0,1,0,0
DAO61816,1,1,0,0,0
DAO61788,0,0,0,0,0
DAO61447,0,0,0,0,0
DAO61199,0,0,0,0,0
DAO60330,1,1,1,0,0
DAO60226,0,0,0,0,0
DAO60035,0,0,0,0,0
DAO59499,0,0,0,0,0
DAO59106,0,0,0,0,0
DAO58206,0,0,0,0,0
DAO56541,0,0,0,0,0
DAO56213,0,0,0,0,0
DAO56113,0,0,0,0,0
DAO55490,0,0,0,0,0
DAO54962,0,0,0,0,0
DAO54432,0,0,0,0,0
DAO53904,0,0,0,0,0
DAO53810,0,0,0,0,0
DAO53133,0,0,0,0,0
DAO51011,0,0,0,0,0
DAO50920,0,0,0,0,0
DAO50199,0,0,0,0,0
DAO49331,0,0,0,0,0
DAO49196,0,0,0,0,0
DAO49043,0,0,0,0,0
DAO48993,0,0,0,0,0
DAO48407,0,0,1,0,0
DAO47370,0,0,0,0,0
DAO46886,0,0,0,0,0
DAO46882,0,0,0,0,0
DAO46709,1,1,1,0,0
DAO46435,0,0,0,0,0
DAO45699,0,0,0,0,0
DAO45533,0,0,0,0,0
DAO44238,0,0,0,0,0
DAO43985,0,0,0,0,0
DAO43606,0,0,0,0,0
DAO43307,0,0,0,0,0
DAO43018,0,0,0,0,0
DAO42574,0,0,0,0,0
DAO42351,0,0,0,0,0
DAO42228,0,0,0,0,0
DAO41989,0,0,0,0,0
DAO41858,0,0,0,0,0
DAO40892,0,0,1,0,0
DAO40861,0,0,0,0,0
DAO40700,0,0,0,0,0
DAO40398,0,0,0,0,0
DAO40108,0,0,1,0,0
DAO40073,0,0,0,0,0
DAO39763,0,0,0,0,0
DAO38954,0,0,0,0,0
DAO38753,0,0,0,0,0
DAO38458,0,0,0,0,0
DAO38317,0,0,1,0,0
DAO37687,0,0,0,0,0
DAO37468,0,0,0,0,0
DAO37466,0,0,0,0,0
DAO37377,0,0,0,0,0
DAO37207,0,0,0,0,0
DAO36773,0,0,0,0,0
DAO36574,0,0,0,0,0
DAO36295,0,0,0,0,0
DAO35460,0,0,0,0,0
DAO35387,0,0,0,0,0
DAO35218,0,0,0,0,0
DAO34523,0,0,0,0,0
DAO34101,1,1,1,0,0
DAO33899,0,0,0,0,0
DAO33490,0,0,0,0,0
DAO33405,0,0,0,0,0
DAO32820,0,0,0,0,0
DAO32413,0,0,0,0,0
DAO31705,0,0,0,0,0
DAO31604,0,0,0,0,0
DAO30479,0,1,1,0,0
DAO30251,0,0,0,0,0
DAO29616,0,0,0,0,0
DAO29348,0,0,0,0,0
DAO29083,0,0,0,0,0
DAO28882,0,0,0,0,0
DAO28493,0,0,0,0,0
DAO28079,0,0,0,0,0
DAO27963,0,0,0,0,0
DAO27235,1,1,1,0,0
DAO27189,0,0,0,0,0
DAO26789,1,1,1,0,0
DAO26592,1,1,1,0,0
DAO26476,0,0,0,0,0
DAO26446,0,0,0,0,0
DAO26419,0,0,0,0,0
DAO26373,0,0,0,0,0
DAO26306,0,0,0,0,0
DAO26222,0,0,0,0,0
DAO25717,1,1,1,0,0
DAO25575,0,0,0,0,0
DAO24160,0,0,0,0,0
DAO23417,0,1,1,0,0
DAO23202,0,0,0,0,0
DAO22783,0,0,0,0,0
DAO22178,0,0,0,0,0
DAO21594,0,0,0,0,0
DAO20963,0,0,0,0,0
DAO20413,0,0,0,0,0
DAO19772,0,0,0,0,0
DAO18689,0,0,0,0,0
DAO18137,0,0,0,0,0
DAO16534,0,0,0,0,0
DAO16119,0,0,0,0,0
DAO15206,1,1,1,0,0
DAO14823,0,0,0,0,0
DAO14408,0,0,0,0,0
DAO14204,0,0,0,0,0
DAO14066,0,0,0,0,0
DAO14053,0,0,0,0,0
DAO14001,0,0,0,0,0
DAO13915,0,0,0,0,0
DAO13838,0,0,0,0,0
DAO13589,0,0,0,0,0
DAO13123,0,0,0,0,0
DAO13114,0,0,0,0,0
DAO12481,0,0,0,0,0
DAO12114,0,0,0,0,0
DAO11845,1,1,0,0,0
DAO11033,1,1,1,0,0
DAO10769,0,0,1,0,0
DAO10572,0,0,0,0,0
DAO10514,0,0,0,0,0
DAO10358,0,0,0,0,0
DAO09532,0,0,0,0,0
DAO09326,0,0,0,0,0
DAO09104,1,0,1,0,0
DAO07694,0,0,0,0,0
DAO06842,0,0,0,0,0
DAO06402,0,0,0,0,0
DAO05724,0,0,0,0,0
DAO05250,0,0,0,0,0
DAO04916,0,0,0,0,0
DAO04861,0,0,0,0,0
DAO04455,0,0,0,0,0
DAO04366,0,0,0,0,0
DAO04244,1,1,1,0,0
DAO04205,0,0,0,0,0
DAO03898,0,0,0,0,0
DAO03883,0,0,0,0,0
DAO03829,0,0,0,0,0
DAO02748,0,0,0,0,0
DAO02586,0,0,0,0,0
DAO01904,0,0,0,0,0
DAO01803,0,0,0,0,0
DAO01343,0,0,0,0,0
DAO00838,0,0,0,0,0
DAO00222,0,0,0,0,0
DAN99448,0,0,0,0,0
DAN99339,0,0,0,0,0
DAN99258,0,0,0,0,0
DAN99218,0,0,0,0,0
DAN98670,0,0,0,0,0
DAN98001,0,0,0,0,0
DAN97604,0,0,0,0,0
DAN97443,0,0,0,0,0
DAN97413,0,0,0,0,0
DAN96870,0,0,0,0,0
DAN96396,0,0,0,0,0
DAN95555,0,0,0,0,0
DAN95457,0,0,0,0,0
DAN95113,0,0,0,0,0
DAN95075,0,0,0,0,0
DAN94366,0,0,0,0,0
DAN93811,0,0,0,0,0
DAN92868,0,0,0,0,0
DAN92830,0,0,0,0,0
DAN92698,0,0,0,0,0
DAN92204,0,0,0,0,0
DAN91307,0,0,0,0,0
DAN91077,0,0,0,0,0
DAN90448,0,0,0,0,0
DAN89265,0,0,0,0,0
DAN89136,0,0,0,0,0
DAN88961,0,0,0,0,0
DAN88811,1,1,1,0,0
DAN88693,0,0,0,0,0
DAN88441,0,0,0,0,0
DAN88273,0,0,0,0,0
DAN88212,0,0,0,0,0
DAN87920,0,0,0,0,0
DAN87320,0,0,0,0,0
DAN87155,1,0,0,0,0
DAN87132,0,0,0,0,0
DAN86811,0,0,0,0,0
DAN86450,0,0,0,0,0
DAN86264,0,0,0,0,0
DAN86010,0,0,0,0,0
DAN85439,0,0,0,0,0
DAN84491,1,1,1,0,0
DAN83892,0,0,0,0,0
DAN83862,0,0,0,0,0
DAN83797,0,0,0,0,0
DAN83736,0,0,0,0,0
DAN82567,0,0,1,0,0
DAN82528,0,0,0,0,0
DAN82106,0,0,0,0,0
DAN81798,0,0,0,0,0
DAN81580,0,0,0,0,0
DAN79663,0,0,0,0,0
DAN78038,0,0,0,0,0
DAN77898,1,1,1,1,1
DAN77816,0,0,0,0,0
DAN77686,0,0,0,0,0
DAN76594,0,0,0,0,0
DAN76298,0,0,1,0,0
DAN76020,0,0,0,0,0
DAN74919,0,0,0,0,0
DAN74531,0,0,0,0,0
DAN73882,0,0,0,0,0
DAN73589,0,0,0,0,0
DAN72661,0,0,0,0,0
DAN72648,0,0,0,0,0
DAN72248,0,0,0,0,0
DAN72186,0,0,0,0,0
DAN71854,0,0,0,0,0
DAN71739,0,0,0,0,0
DAN71093,0,0,0,0,0
DAN71088,0,0,0,0,0
DAN70676,0,0,0,0,0
DAN70347,0,0,0,0,0
DAN69998,0,0,0,0,0
DAN69994,0,0,0,0,0
DAN69859,0,0,0,0,0
DAN69692,0,0,0,0,0
DAN69313,0,0,0,0,0
DAN68672,0,0,0,0,0
DAN68499,0,0,0,0,0
DAN67583,0,0,0,0,0
DAN67411,0,0,0,0,0
DAN67329,0,0,0,0,0
DAN67056,0,0,0,0,0
DAN67007,0,0,0,0,0
DAN66692,0,0,0,0,0
DAN65557,0,0,0,0,0
DAN65070,0,0,0,0,0
DAN64771,0,0,0,0,0
DAN64691,0,0,0,0,0
DAN63832,0,0,0,0,0
DAN63540,0,0,0,0,0
DAN63387,1,0,0,0,0
DAN62980,0,0,0,0,0
DAN62691,0,0,0,0,0
DAN62584,0,0,0,0,0
DAN62163,0,0,0,0,0
DAN62038,0,0,0,0,0
DAN61611,0,0,0,0,0
DAN61389,1,1,1,0,0
DAN61203,1,1,1,0,0
DAN60942,0,0,0,0,0
DAN58806,0,0,0,0,0
DAN58239,0,0,0,0,0
DAN58073,0,0,0,0,0
DAN57396,0,0,0,0,0
DAN57328,0,0,0,0,0
DAN57275,0,0,0,0,0
DAN56577,0,0,0,0,0
DAN56374,1,1,1,0,0
DAN56165,0,0,0,0,0
DAN54798,0,0,0,0,0
DAN54106,0,0,0,0,0
DAN53507,0,0,0,0,0
DAN53505,0,0,0,0,0
DAN53175,0,0,0,0,0
DAN52048,1,1,1,0,0
DAN51784,0,0,0,0,0
DAN50660,1,0,0,0,0
DAN50482,0,0,0,0,0
DAN50456,0,0,0,0,0
DAN50259,1,1,1,0,0
DAN49594,0,0,0,0,0
DAN49363,0,0,0,0,0
DAN49229,0,0,0,0,0
DAN48709,0,0,0,0,0
DAN47486,0,0,0,0,0
DAN47075,0,0,0,0,0
DAN47062,0,0,0,0,0
DAN47001,0,0,0,0,0
DAN46587,0,0,0,0,0
DAN46349,0,0,0,0,0
DAN45552,0,0,0,0,0
DAN45548,0,0,0,0,0
DAN45342,0,0,0,0,0
DAN44942,0,0,0,0,0
DAN44362,0,0,0,0,0
DAN44123,0,0,0,0,0
DAN44065,0,0,0,0,0
DAN44063,0,0,0,0,0
DAN43859,1,1,1,0,0
DAN43621,0,0,0,0,0
DAN43336,0,0,0,0,0
DAN43168,0,0,0,0,0
DAN43090,0,0,0,0,0
DAN42322,0,0,0,0,0
DAN41374,0,0,0,0,0
DAN40970,0,0,0,0,0
DAN40578,0,0,0,0,0
DAN40084,0,0,0,0,0
DAN40047,0,0,0,0,0
DAN39977,0,0,0,0,0
DAN39591,1,1,1,1,0
DAN39325,0,0,0,0,0
DAN39176,0,0,0,0,0
DAN38725,1,1,1,0,0
DAN38563,0,0,0,0,0
DAN37715,0,0,0,0,0
DAN36904,0,0,0,0,0
DAN36812,0,0,0,0,0
DAN36157,0,0,0,0,0
DAN35661,1,1,1,0,0
DAN35545,0,0,0,0,0
DAN35039,0,0,0,0,0
DAN34309,0,0,0,0,0
DAN33428,0,0,0,0,0
DAN33412,0,0,0,0,0
DAN32796,0,0,0,0,0
DAN32789,0,0,0,0,0
DAN32448,0,0,0,0,0
DAN32293,0,0,0,0,0
DAN31841,0,0,0,0,0
DAN31543,0,0,0,0,0
DAN30665,0,0,0,0,0
DAN30661,1,1,0,0,0
DAN30538,1,1,1,0,0
DAN29876,0,0,0,0,0
DAN29461,0,0,0,0,0
DAN29309,1,0,0,0,0
DAN29124,0,0,0,0,0
DAN28769,1,1,1,0,0
DAN28693,0,0,0,0,0
DAN28472,0,0,0,0,0
DAN28368,0,0,0,0,0
DAN27633,0,0,0,0,0
DAN27126,0,0,0,0,0
DAN27033,0,0,0,0,0
DAN26814,0,0,0,0,0
DAN26309,0,0,0,0,0
DAN26116,0,0,0,0,0
DAN25616,0,0,0,0,0
DAN25425,0,0,0,0,0
DAN25367,0,0,0,0,0
DAN24853,0,0,0,0,0
DAN24132,0,1,1,0,0
DAN23762,0,0,0,0,0
DAQ47731,0,0,0,0,0
DAQ47368,0,0,0,0,0
DAQ47253,0,0,0,0,0
DAQ46793,0,0,0,0,0
DAQ46468,0,0,0,0,0
DAQ45882,0,0,0,0,0
DAQ45637,0,0,0,0,0
DAQ45413,0,0,0,0,0
DAQ45249,0,0,0,0,0
DAQ45154,0,0,0,0,0
DAQ44056,0,0,0,0,0
DAQ43734,0,0,0,0,0
DAQ43621,0,0,0,0,0
DAQ43458,0,0,0,0,0
DAQ43235,0,0,0,0,0
DAQ42506,0,0,0,0,0
DAQ41926,0,0,0,0,0
DAQ41269,0,0,0,0,0
DAQ41257,0,0,0,0,0
DAQ40962,0,0,0,0,0
DAQ40154,0,0,0,0,0
DAQ39983,0,0,0,0,0
DAQ39006,1,1,1,0,0
DAQ38957,0,0,0,0,0
DAQ37640,0,0,0,0,0
DAQ36563,0,0,0,0,0
DAQ36278,0,0,0,0,0
DAQ35957,0,0,0,0,0
DAQ35382,0,0,0,0,0
DAQ35377,0,0,0,0,0
DAQ34139,0,0,0,0,0
DAQ33974,0,0,0,0,0
DAQ32025,0,0,0,0,0
DAQ31529,1,1,1,0,0
DAQ31322,1,1,1,0,0
DAQ31174,0,0,0,0,0
DAQ31102,0,0,0,0,0
DAQ30142,0,0,0,0,0
DAQ29867,0,0,0,0,0
DAQ29758,0,0,0,0,0
DAQ29557,0,0,0,0,0
DAQ29082,1,1,1,0,0
DAQ28521,0,0,0,0,0
DAQ28145,1,1,1,0,0
DAQ27936,1,1,1,0,0
DAQ26922,0,0,0,0,0
DAQ26497,0,0,0,0,0
DAQ26361,0,0,0,0,0
DAQ26178,1,1,1,0,0
DAQ25667,0,0,0,0,0
DAQ25533,0,0,0,0,0
DAQ25388,0,0,0,0,0
DAQ24763,0,0,0,0,0
DAQ24459,0,0,0,0,0
DAQ24156,0,0,0,0,0
DAQ23973,0,0,0,0,0
DAQ23948,0,0,0,0,0
DAQ22976,0,0,0,0,0
DAQ22102,0,0,0,0,0
DAQ21987,0,0,0,0,0
DAQ21023,0,0,0,0,0
DAQ20734,0,0,0,0,0
DAQ19847,0,0,0,0,0
DAQ19760,0,0,0,0,0
DAQ19521,0,0,0,0,0
DAQ19448,0,0,0,0,0
DAQ19391,0,0,0,0,0
DAQ17983,0,0,0,0,0
DAQ17846,0,0,0,0,0
DAQ16880,0,0,0,0,0
DAQ16266,0,0,0,0,0
DAQ15615,0,0,0,0,0
DAQ15576,0,0,0,0,0
DAQ15511,0,0,0,0,0
DAQ15008,0,0,0,0,0
DAQ14382,0,0,0,0,0
DAQ14277,0,0,0,0,0
DAQ13982,0,0,0,0,0
DAQ13568,0,0,0,0,0
DAQ12863,0,0,0,0,0
DAQ12663,1,1,1,0,0
DAQ12117,0,0,0,0,0
DAQ11920,0,0,1,0,0
DAQ11203,1,1,1,0,0
DAQ10847,0,0,0,0,0
DAQ10617,0,0,0,0,0
DAQ09760,0,0,0,0,0
DAQ09731,0,0,0,0,0
DAQ09656,0,0,0,0,0
DAQ09485,0,0,0,0,0
DAQ07984,0,0,0,0,0
DAQ06825,0,0,0,0,0
DAQ05562,0,0,0,0,0
DAQ05352,0,0,0,0,0
DAQ05122,0,0,0,0,0
DAQ04580,0,0,0,0,0
DAQ04261,0,0,0,0,0
DAQ03606,0,0,0,0,0
DAQ03273,0,0,0,0,0
DAQ03174,0,0,0,0,0
DAQ03138,0,0,0,0,0
DAQ03059,0,0,0,0,0
DAQ02016,0,0,0,0,0
DAQ01712,0,0,0,0,0
DAQ01050,0,0,0,0,0
DAQ00717,1,1,1,0,0
DAQ00531,0,0,0,0,0
DAP99813,0,0,0,0,0
DAP99324,0,0,0,0,0
DAP99224,0,0,0,0,0
DAP98850,0,0,0,0,0
DAP53359,0,0,0,0,0
DAP53072,0,0,0,0,0
DAP52441,1,1,1,0,0
DAP52104,0,0,0,0,0
DAP51377,0,0,0,0,0
DAP49397,0,0,0,0,0
DAP49119,0,0,0,0,0
DAP48684,0,0,0,0,0
DAP48216,0,0,0,0,0
DAP47413,0,0,0,0,0
DAP47401,0,0,0,0,0
DAP47144,0,0,0,0,0
DAP46857,0,0,0,0,0
DAP46667,0,0,0,0,0
DAP45658,0,0,0,0,0
DAP44936,0,0,0,0,0
DAP44914,0,0,0,0,0
DAP44878,0,0,0,0,0
DAP44151,0,0,0,0,0
DAP43801,0,0,0,0,0
DAP42478,0,0,0,0,0
DAP42272,1,1,1,0,0
DAP42178,0,0,0,0,0
DAP42105,0,0,0,0,0
DAP39421,0,0,0,0,0
DAP38299,0,0,0,0,0
DAP37844,0,0,0,0,0
DAP36599,1,1,1,0,0
DAP36370,0,0,0,0,0
DAP36102,0,0,0,0,0
DAP35856,0,0,0,0,0
DAP35507,0,0,0,0,0
DAP34949,0,0,0,0,0
DAP33842,0,0,0,0,0
DAP32408,0,0,0,0,0
DAP32211,1,1,1,0,0
DAP31881,1,1,1,0,0
DAP31711,0,0,0,0,0
DAP30957,0,0,0,0,0
DAP29743,1,1,1,0,0
DAP28865,0,0,0,0,0
DAP28533,0,0,0,0,0
DAP28424,0,0,0,0,0
DAP28387,0,0,0,0,0
DAP28306,0,0,0,0,0
DAP28203,0,0,0,0,0
DAP27563,0,0,0,0,0
DAP26097,0,0,0,0,0
DAP25753,0,0,0,0,0
DAP24980,0,0,0,0,0
DAP24833,0,0,0,0,0
DAP23919,0,0,0,0,0
DAP23793,0,0,0,0,0
DAP23783,0,0,0,0,0
DAP23779,0,0,0,0,0
DAP23673,0,0,0,0,0
DAP22580,0,0,0,0,0
DAP22556,0,0,0,0,0
DAP22248,0,0,0,0,0
DAP22161,0,0,0,0,0
DAP21495,0,0,0,0,0
DAP21332,0,0,0,0,0
DAP20393,0,0,0,0,0
DAP19840,0,0,0,0,0
DAP19468,1,1,1,0,0
DAP19308,0,0,0,0,0
DAP19101,0,0,0,0,0
DAP18353,0,0,0,0,0
DAP17773,0,0,0,0,0
DAP17359,0,0,0,0,0
DAP17331,0,0,0,0,0
DAP17101,0,0,0,0,0
DAP17049,0,0,0,0,0
DAP16623,0,0,0,0,0
DAP16579,0,0,0,0,0
DAP16408,0,0,0,0,0
DAP15226,1,1,1,0,0
DAP14923,1,1,1,0,0
DAP14747,0,0,0,0,0
DAP14643,0,0,0,0,0
DAP14323,0,0,0,0,0
DAP13917,0,0,0,0,0
DAP13823,0,0,0,0,0
DAP13778,0,0,0,0,0
DAP13442,0,0,0,0,0
DAP12043,0,0,0,0,0
DAP11631,0,0,0,0,0
DAP11289,0,0,0,0,0
DAP11286,0,0,0,0,0
DAP10684,0,0,0,0,0
DAP10681,1,1,1,0,0
DAP10479,0,0,0,0,0
DAP10360,0,0,0,0,0
DAP09808,0,0,0,0,0
DAP09642,0,0,0,0,0
DAP09550,0,0,0,0,0
DAP09530,0,0,0,0,0
DAP07914,0,0,0,0,0
DAP07823,0,0,0,0,0
DAP07563,0,0,0,0,0
DAP07343,1,1,1,0,0
DAP06953,1,1,1,0,0
DAP06284,0,0,0,0,0
DAP06179,0,0,0,0,0
DAP05629,0,0,0,0,0
DAP05561,0,0,0,0,0
DAP04662,1,1,1,0,0
DAP04555,0,0,0,0,0
DAP04521,0,0,0,0,0
DAP04156,0,0,0,0,0
DAP04138,0,0,0,0,0
DAP03417,0,0,0,0,0
DAP03302,0,0,0,0,0
DAP02593,0,0,0,0,0
DAP02316,0,0,0,0,0
DAP02073,0,0,0,0,0
DAP01749,0,0,0,0,0
DAP00893,0,0,1,0,0
DAP00836,0,0,0,0,0
DAR61188,0,0,0,0,0
DAR60307,0,0,0,0,0
DAR59848,0,0,0,0,0
DAR58722,0,0,0,0,0
DAR56832,0,0,0,0,0
DAR56423,0,0,0,0,0
DAR56238,0,0,0,0,0
DAR55958,0,0,0,0,0
DAR55890,0,0,0,0,0
DAR55877,0,0,0,0,0
DAR55837,0,0,0,0,0
DAR55427,0,0,0,0,0
DAR55242,0,0,0,0,0
DAR55096,0,0,0,0,0
DAR54638,0,0,0,0,0
DAR54120,0,0,0,0,0
DAR53586,0,0,0,0,0
DAR52775,0,0,0,0,0
DAR52602,1,1,1,0,0
DAR52218,0,0,0,0,0
DAR51811,0,0,0,0,0
DAR51149,0,0,0,0,0
DAR50891,0,0,0,0,0
DAR50761,0,0,0,0,0
DAR50060,0,0,0,0,0
DAR49587,1,1,1,0,0
DAR49582,1,1,1,0,0
DAR49469,0,0,0,0,0
DAR49142,0,0,0,0,0
DAR49106,0,0,1,0,0
DAR48802,0,0,0,0,0
DAR48403,0,0,0,0,0
DAR47688,0,0,0,0,0
DAR46714,0,0,0,0,0
DAR46220,0,0,0,0,0
DAR45918,0,0,0,0,0
DAR45709,0,0,0,0,0
DAR45157,0,0,0,0,0
DAR44867,0,0,0,0,0
DAR44273,0,0,0,0,0
DAR44210,0,0,0,0,0
DAR43760,0,0,0,0,0
DAR42828,0,0,0,0,0
DAR41984,0,0,0,0,0
DAR41541,0,0,0,0,0
DAR40428,1,1,1,0,0
DAR39520,0,0,0,0,0
DAR38910,0,0,0,0,0
DAR38295,1,1,1,0,0
DAR38178,0,0,0,0,0
DAR37395,0,0,0,0,0
DAR37334,0,0,0,0,0
DAR36704,0,0,0,0,0
DAR36180,1,1,1,0,0
DAR35512,0,0,0,0,0
DAR34838,0,1,1,0,0
DAR34714,0,0,0,0,0
DAR33693,0,0,0,0,0
DAR33571,0,0,0,0,0
DAR32051,0,0,0,0,0
DAR31999,0,0,0,0,0
DAR31935,0,0,0,0,0
DAR31809,0,0,0,0,0
DAR30221,0,0,0,0,0
DAR29556,1,0,1,0,0
DAR29250,0,0,0,0,0
DAR29227,0,0,0,0,0
DAR28520,0,0,0,0,0
DAR28136,0,0,0,0,0
DAR27781,0,0,0,0,0
DAR27780,0,0,0,0,0
DAR27764,0,0,0,0,0
DAR27653,0,0,0,0,0
DAR27352,0,0,0,0,0
DAR26769,0,0,1,0,0
DAR25585,0,0,0,0,0
DAR25488,0,0,0,0,0
DAR25258,0,0,0,0,0
DAR25048,0,0,0,0,0
DAR24880,0,0,0,0,0
DAR24868,0,0,0,0,0
DAR24846,0,0,0,0,0
DAR23561,0,0,0,0,0
DAR23505,0,0,0,0,0
DAR22721,0,0,0,0,0
DAR22614,0,0,0,0,0
DAR22467,0,0,0,0,0
DAR21623,0,0,0,0,0
DAR21420,0,0,0,0,0
DAR21119,0,0,0,0,0
DAR20362,0,0,0,0,0
DAR19886,0,0,0,0,0
DAR19175,0,0,0,0,0
DAR19163,0,0,0,0,0
DAR18377,0,0,0,0,0
DAR17857,0,0,0,0,0
DAR17682,0,0,0,0,0
DAR17079,0,0,0,0,0
DAR16579,0,0,1,0,0
DAR16263,1,1,1,0,0
DAR13765,0,0,0,0,0
DAR13423,0,0,0,0,0
DAR13253,0,0,0,0,0
DAR12876,0,0,0,0,0
DAR11822,1,1,1,0,0
DAP96839,0,0,0,0,0
DAP96262,0,0,0,0,0
DAP95822,0,0,0,0,0
DAP94920,0,0,0,0,0
DAP93765,0,0,0,0,0
DAP93045,0,0,0,0,0
DAP92025,0,0,0,0,0
DAP91849,0,0,0,0,0
DAP90758,0,0,0,0,0
DAP90724,0,0,0,0,0
DAP89504,1,1,1,0,0
DAP88974,0,0,0,0,0
DAP88927,0,0,0,0,0
DAP88148,0,0,0,0,0
DAP87576,0,0,0,0,0
DAP87203,0,0,0,0,0
DAP87071,0,0,0,0,0
DAP87059,0,0,0,0,0
DAP87038,0,0,0,0,0
DAP86232,0,0,0,0,0
DAP85991,0,0,0,0,0
DAP85803,0,0,0,0,0
DAP85587,0,0,0,0,0
DAP85489,0,0,0,0,0
DAP84886,0,0,1,0,0
DAP84885,1,1,1,0,0
DAP84126,0,0,0,0,0
DAP83687,1,1,1,0,0
DAP83525,0,0,0,0,0
DAP82764,0,0,0,0,0
DAP82600,0,0,0,0,0
DAP82303,0,0,0,0,0
DAP82299,0,0,0,0,0
DAP81790,0,0,0,0,0
DAP81542,0,0,0,0,0
DAP81537,0,0,0,0,0
DAP81485,0,0,1,0,0
DAP81122,0,0,0,0,0
DAP80723,1,1,0,0,0
DAP79898,0,0,0,0,0
DAP79851,0,0,0,0,0
DAP79005,0,0,0,0,0
DAP79001,0,0,0,0,0
DAP78722,0,0,0,0,0
DAP77904,0,0,0,0,0
DAP77443,0,0,0,0,0
DAP76700,0,0,0,0,0
DAP76321,0,0,0,0,0
DAP75692,0,0,0,0,0
DAP75562,0,0,0,0,0
DAP75559,1,1,1,0,0
DAP75465,0,0,0,0,0
DAP75413,0,0,0,0,0
DAP74716,0,0,0,0,0
DAP74680,0,0,0,0,0
DAP74476,0,0,0,0,0
DAP74358,0,0,0,0,0
DAP74205,0,0,0,0,0
DAP73791,0,0,0,0,0
DAP73629,0,0,0,0,0
DAP73415,0,0,0,0,0
DAP73365,0,0,0,0,0
DAP73045,0,0,0,0,0
DAP72765,0,0,0,0,0
DAP72536,0,0,0,0,0
DAP71519,0,0,0,0,0
DAP71250,0,0,0,0,0
DAP70207,0,0,0,0,0
DAP69670,0,0,0,0,0
DAP69003,0,0,0,0,0
DAP68950,0,0,0,0,0
DAP68524,0,0,0,0,0
DAP68267,0,0,0,0,0
DAP67603,0,0,0,0,0
DAP67220,0,0,0,0,0
DAP66563,0,0,0,0,0
DAP66066,0,0,0,0,0
DAP65905,0,0,0,0,0
DAP65613,0,0,0,0,0
DAP64587,0,0,0,0,0
DAP63537,0,0,0,0,0
DAP63141,0,0,0,0,0
DAP62738,0,0,0,0,0
DAP62578,0,0,0,0,0
DAP62426,0,0,0,0,0
DAP61944,0,0,0,0,0
DAP61738,0,0,0,0,0
DAP61059,0,0,0,0,0
DAP60892,0,0,0,0,0
DAP60457,0,0,0,0,0
DAP60001,0,0,1,0,0
DAP59516,0,0,0,0,0
DAP59451,0,0,0,0,0
DAP59279,0,0,0,0,0
DAP59018,0,0,0,0,0
DAP57964,0,0,0,0,0
DAP57779,0,0,0,0,0
DAP57076,0,0,0,0,0
DAP56745,0,0,0,0,0
DAP56734,0,0,0,0,0
DAP56091,0,0,0,0,0
DAP55887,0,0,0,0,0
DAP55583,0,0,0,0,0
DAP55306,1,1,1,0,0
DAP55060,0,0,0,0,0
DAP54812,0,0,0,0,0
DAP54631,0,0,0,0,0
DAP53977,1,1,1,0,0
QWT56365,0,0,0,0,0
QQO98195,1,1,1,0,0
QQO97995,1,1,1,0,0
QQO97795,1,1,1,0,0
QQO97595,1,1,1,0,0
QWS69982,0,0,0,0,0
QWS69699,0,0,0,0,0
DAK08735,0,0,0,0,0
DAK08631,1,1,1,0,0
DAK08312,0,0,0,0,0
DAK07705,0,0,0,0,0
DAK06932,0,0,0,0,0
DAK06793,0,0,0,0,0
DAK06789,0,0,0,0,0
DAK06699,0,0,0,0,0
DAK04972,0,0,0,0,0
DAK04466,0,0,0,0,0
DAK04331,1,1,1,0,0
DAK04013,0,0,0,0,0
DAK03476,0,0,0,0,0
DAK02834,0,0,0,0,0
DAK02508,0,0,0,0,0
DAK02438,0,0,0,0,0
DAK01715,0,0,0,0,0
DAK01593,0,0,0,0,0
DAK01075,0,0,0,0,0
DAJ99883,1,1,1,0,0
DAJ99595,0,0,0,0,0
DAJ99198,0,0,0,0,0
DAJ98869,0,0,0,0,0
DAJ98765,0,0,0,0,0
DAJ98434,0,0,0,0,0
DAJ98241,0,0,0,0,0
DAJ98004,1,1,1,0,0
DAJ97867,1,1,0,0,0
DAJ96511,0,0,0,0,0
DAJ96305,0,0,0,0,0
DAJ96212,0,0,0,0,0
DAJ96208,0,0,0,0,0
DAJ96027,0,0,0,0,0
DAJ95896,0,0,0,0,0
DAJ95719,0,0,0,0,0
DAJ94570,0,0,0,0,0
DAJ94540,0,0,0,0,0
DAJ94257,0,0,1,0,0
DAJ93348,0,0,0,0,0
DAJ92652,0,0,0,0,0
DAJ92194,1,1,0,0,0
DAJ91315,0,0,0,0,0
DAJ90440,0,0,0,0,0
DAJ90227,0,0,0,0,0
DAJ89589,0,0,0,0,0
DAJ89425,0,0,0,0,0
DAJ88760,1,1,1,0,0
DAJ88584,0,0,0,0,0
DAJ88336,0,0,0,0,0
DAJ87932,0,0,0,0,0
DAJ87465,0,0,0,0,0
DAJ87430,0,0,0,0,0
DAJ87409,0,0,0,0,0
DAJ87109,0,0,0,0,0
DAJ87005,0,0,0,0,0
DAJ86532,0,0,0,0,0
DAJ85120,0,0,0,0,0
DAJ84793,1,1,1,0,0
DAJ83944,0,0,0,0,0
DAJ83854,0,0,0,0,0
DAJ83689,0,0,0,0,0
DAJ83633,0,0,0,0,0
DAJ83501,0,0,0,0,0
DAJ83011,1,1,1,0,0
DAJ82528,0,0,0,0,0
DAJ82373,0,0,0,0,0
DAJ81828,0,0,0,0,0
DAJ81563,0,0,0,0,0
DAJ80935,0,0,0,0,0
DAJ80870,0,0,0,0,0
DAJ80546,0,0,0,0,0
DAJ80047,0,0,0,0,0
DAJ79319,0,1,0,0,0
DAJ78906,0,0,0,0,0
DAJ78806,0,0,0,0,0
DAJ77848,0,0,0,0,0
DAJ77770,0,0,0,0,0
DAJ77360,1,1,1,0,0
DAJ77123,0,0,0,0,0
DAJ77040,0,0,0,0,0
DAJ77008,0,0,0,0,0
DAJ76924,0,0,0,0,0
DAJ76369,0,0,0,0,0
DAJ76173,0,0,0,0,0
DAJ75201,0,0,0,0,0
DAJ73989,0,0,0,0,0
DAJ73947,0,0,0,0,0
DAJ73703,0,0,0,0,0
DAJ72865,0,0,0,0,0
DAJ72565,1,1,1,0,0
DAJ72232,0,0,0,0,0
DAJ71548,0,0,0,0,0
DAJ70051,0,0,0,0,0
DAJ69879,0,0,0,0,0
DAJ69875,0,0,0,0,0
DAJ68388,1,1,1,0,0
DAJ68378,0,0,0,0,0
DAJ67670,0,0,0,0,0
DAJ66960,0,0,0,0,0
DAJ66596,0,0,0,0,0
DAJ66411,0,0,0,0,0
DAJ66278,0,0,0,0,0
DAJ66226,0,0,0,0,0
DAJ65205,0,0,0,0,0
DAJ64531,0,0,0,0,0
DAJ64139,0,0,0,0,0
DAJ63849,0,0,0,0,0
DAJ63831,0,0,0,0,0
DAJ63495,0,0,0,0,0
DAJ63338,0,0,0,0,0
DAJ63005,0,0,0,0,0
DAJ62772,1,1,1,0,0
DAJ62131,0,0,0,0,0
DAJ62004,0,0,0,0,0
DAJ61258,0,0,0,0,0
DAJ60899,0,0,1,0,0
DAJ60879,0,0,1,0,0
DAJ59954,0,0,1,0,0
DAJ59533,0,0,0,0,0
DAJ59513,0,0,0,0,0
DAJ59404,0,0,0,0,0
DAJ58332,0,0,0,0,0
DAJ57253,0,0,0,0,0
DAJ57089,0,0,0,0,0
DAJ57088,0,0,0,0,0
DAJ56969,0,0,0,0,0
DAJ56426,1,1,1,0,0
DAJ55941,0,0,0,0,0
DAJ55903,0,0,0,0,0
DAJ55162,0,0,0,0,0
DAJ55014,0,0,0,0,0
DAJ54749,0,0,1,0,0
DAJ54356,0,0,0,0,0
DAJ53965,0,0,0,0,0
DAJ53807,0,0,0,0,0
DAJ53623,0,0,0,0,0
DAJ53523,0,0,0,0,0
DAJ52970,0,0,0,0,0
DAJ52189,0,0,0,0,0
DAJ51938,0,0,0,0,0
DAJ50875,1,1,1,0,0
DAJ49389,0,0,0,0,0
DAJ48700,0,0,0,0,0
DAJ48419,1,1,1,0,0
DAJ48239,0,0,0,0,0
DAJ47834,0,0,0,0,0
DAJ47407,0,0,0,0,0
DAJ47092,1,1,1,0,0
DAJ46987,0,0,0,0,0
DAJ46779,0,0,0,0,0
DAJ46592,1,1,1,0,0
DAJ46521,0,0,0,0,0
DAJ46200,0,0,0,0,0
DAJ46019,0,0,0,0,0
DAJ45554,0,0,0,0,0
DAJ44976,1,1,1,0,0
DAJ44712,0,0,0,0,0
DAJ44684,0,0,0,0,0
DAJ43941,0,0,0,0,0
DAJ43572,0,0,0,0,0
DAJ43267,0,0,0,0,0
DAJ43256,0,0,0,0,0
DAJ43093,1,1,0,0,0
DAJ42382,0,0,0,0,0
DAJ41842,0,0,0,0,0
DAJ40846,1,1,1,0,0
DAJ40302,0,0,0,0,0
DAJ40172,0,0,0,0,0
DAJ39937,0,0,0,0,0
DAJ39109,0,0,0,0,0
DAJ38894,0,0,0,0,0
DAJ37684,0,0,0,0,0
DAJ37269,0,0,0,0,0
DAJ34878,0,0,0,0,0
DAJ34767,0,0,0,0,0
DAJ33354,0,0,0,0,0
DAJ33197,0,0,0,0,0
DAJ32895,0,0,0,0,0
DAJ32716,0,0,0,0,0
DAJ32668,0,0,0,0,0
DAJ32235,0,0,0,0,0
DAJ32062,0,0,0,0,0
DAJ31624,0,0,0,0,0
DAJ31580,0,0,0,0,0
DAJ30664,1,1,1,0,0
DAJ30509,0,0,0,0,0
DAJ30159,0,0,0,0,0
DAJ30039,1,1,1,0,0
DAJ29102,0,0,0,0,0
DAJ27934,1,1,1,0,0
DAJ26825,1,1,1,0,0
DAJ26483,0,0,0,0,0
DAJ25270,0,0,0,0,0
DAJ25093,0,0,0,0,0
DAJ24514,0,0,0,0,0
DAN17954,0,0,0,0,0
DAN17643,0,0,0,0,0
DAN16737,0,0,0,0,0
DAN16308,0,0,0,0,0
DAN16191,0,0,0,0,0
DAN16153,0,0,0,0,0
DAN16072,0,0,0,0,0
DAN15183,1,1,1,0,0
DAN14915,0,0,0,0,0
DAN14518,0,0,0,0,0
DAN14437,0,0,0,0,0
DAN14434,0,0,0,0,0
DAN14302,0,0,0,0,0
DAN14118,0,0,0,0,0
DAN13743,0,0,0,0,0
DAN13280,0,0,0,0,0
DAN13231,0,0,0,0,0
DAN13191,0,0,0,0,0
DAN13136,0,0,0,0,0
DAN13129,0,0,0,0,0
DAN12475,0,0,0,0,0
DAN12455,0,0,0,0,0
DAN11359,1,1,1,0,0
DAN11261,0,0,0,0,0
DAN10922,0,0,0,0,0
DAN10167,0,0,0,0,0
DAN10152,0,0,0,0,0
DAN09678,1,1,1,0,0
DAN09044,0,0,0,0,0
DAN08776,0,0,1,0,0
DAN07990,0,0,0,0,0
DAN07948,0,0,0,0,0
DAN07861,0,0,0,0,0
DAN07305,0,0,0,0,0
DAN07244,0,0,0,0,0
DAN07185,0,0,0,0,0
DAN06001,0,0,0,0,0
DAN05573,0,0,0,0,0
DAN04275,0,0,0,0,0
DAN03367,0,0,0,0,0
DAN03324,0,0,0,0,0
DAN02277,1,1,0,0,0
DAN01998,0,0,0,0,0
DAN01921,0,0,0,0,0
DAN01420,0,0,0,0,0
DAN00433,0,0,0,0,0
DAN00199,1,1,1,0,0
DAM99273,0,0,0,0,0
DAM98804,0,0,0,0,0
DAM98692,0,0,0,0,0
DAM97331,0,0,0,0,0
DAM97038,0,0,0,0,0
DAM96007,0,0,0,0,0
DAM95721,0,0,0,0,0
DAM94538,0,1,0,0,0
DAM93773,0,0,0,0,0
DAM93658,0,0,0,0,0
DAM93589,0,0,0,0,0
DAM92815,0,0,0,0,0
DAM92428,0,0,0,0,0
DAM90530,0,0,0,0,0
DAM90175,0,0,0,0,0
DAM89708,0,0,0,0,0
DAM89386,0,0,0,0,0
DAM89250,0,0,0,0,0
DAM88921,0,0,0,0,0
DAM88864,0,0,0,0,0
DAM87790,1,1,1,0,0
DAM87594,0,0,0,0,0
DAM86363,0,0,0,0,0
DAM86021,0,0,0,0,0
DAM85763,0,0,0,0,0
DAM85675,0,0,0,0,0
DAM85171,0,0,0,0,0
DAM84877,0,0,0,0,0
DAM84693,0,0,0,0,0
DAM84532,1,1,1,0,0
DAM84515,0,0,0,0,0
DAM83964,1,1,1,0,0
DAM83810,0,0,0,0,0
DAM83205,0,0,0,0,0
DAM83161,0,0,0,0,0
DAM83047,0,0,0,0,0
DAM82448,0,0,0,0,0
DAM81952,0,0,0,0,0
DAM81204,0,0,0,0,0
DAM80379,0,0,0,0,0
DAM79100,0,0,0,0,0
DAM77998,0,0,0,0,0
DAM77994,1,1,0,0,0
DAM77974,0,0,0,0,0
DAM77866,0,0,0,0,0
DAM77641,0,0,0,0,0
DAM76420,0,0,0,0,0
DAM76162,0,0,0,0,0
DAM75527,0,0,0,0,0
DAM75521,0,0,0,0,0
DAM74473,1,1,1,0,0
DAM74210,0,0,0,0,0
DAM73545,0,0,0,0,0
DAM73414,0,0,0,0,0
DAM72905,0,0,0,0,0
DAM72725,0,0,0,0,0
DAM72699,0,0,0,0,0
DAM72427,0,0,0,0,0
DAM72219,0,0,0,0,0
DAM72022,0,0,0,0,0
DAM71926,0,0,0,0,0
DAM71874,0,0,0,0,0
DAM71696,1,1,1,0,0
DAM71333,0,0,0,0,0
DAM71289,0,0,0,0,0
DAM71084,0,0,0,0,0
DAM70854,0,0,0,0,0
DAM70328,0,0,0,0,0
DAM68767,0,0,0,0,0
DAM68510,0,0,0,0,0
DAM67874,0,0,0,0,0
DAM67802,0,0,0,0,0
DAM67748,0,0,0,0,0
DAM67426,1,1,1,0,0
DAM67378,0,0,0,0,0
DAM67219,0,0,0,0,0
DAM66554,0,0,0,0,0
DAM66199,0,0,0,0,0
DAM65441,1,1,1,0,0
DAM64980,0,0,0,0,0
DAM64964,0,0,0,0,0
DAM64811,0,0,0,0,0
DAM64713,0,0,0,0,0
DAM64710,0,0,0,0,0
DAM64663,0,0,0,0,0
DAM64572,0,0,0,0,0
DAM63676,0,0,0,0,0
DAM63289,1,1,1,0,0
DAM62263,0,0,0,0,0
DAM61758,0,0,0,0,0
DAM60908,0,0,0,0,0
DAM60798,0,0,0,0,0
DAM60249,0,0,0,0,0
DAM60129,0,0,0,0,0
DAM59928,0,0,0,0,0
DAM59318,0,0,0,0,0
DAM58609,0,0,0,0,0
DAM58299,1,1,0,0,0
DAM57620,0,0,0,0,0
DAM57099,0,0,0,0,0
DAM56973,0,0,0,0,0
DAM56109,0,0,0,0,0
DAM55727,0,0,0,0,0
DAM54847,0,0,0,0,0
DAM54769,0,0,0,0,0
DAM53963,0,0,0,0,0
DAM53589,0,0,0,0,0
DAM53133,1,1,1,1,0
DAM52336,0,0,0,0,0
DAM52251,0,0,0,0,0
DAM51765,0,0,0,0,0
DAM51402,0,0,0,0,0
DAM51000,0,0,0,0,0
DAM50850,0,0,0,0,0
DAM49121,0,0,0,0,0
DAM49113,0,0,0,0,0
DAM48602,0,0,0,0,0
DAM48548,0,0,0,0,0
DAM47606,1,1,1,0,0
DAM47291,0,0,0,0,0
DAM47205,0,0,0,0,0
DAM46854,0,0,0,0,0
DAM46295,1,1,1,0,0
DAM46251,0,0,0,0,0
DAM46224,0,0,0,0,0
DAM46222,1,1,1,0,0
DAM46157,0,0,0,0,0
DAM45015,1,1,1,0,0
DAM44443,1,1,1,0,0
DAM43541,0,0,0,0,0
DAM42962,0,0,0,0,0
DAM42908,0,0,0,0,0
DAM42856,0,0,0,0,0
DAM42158,0,0,0,0,0
DAM42153,0,0,0,0,0
DAM41870,0,0,0,0,0
DAM41676,0,0,0,0,0
DAM41624,0,0,0,0,0
DAM41347,0,0,0,0,0
DAM41141,0,0,0,0,0
DAM39774,0,0,0,0,0
DAM39419,0,0,0,0,0
DAM39260,0,0,0,0,0
DAM39214,0,0,0,0,0
DAM38883,0,0,0,0,0
DAM38392,0,0,0,0,0
DAM38230,0,0,0,0,0
DAM35757,1,1,1,0,0
DAM35098,0,0,0,0,0
DAM34527,0,0,0,0,0
DAM33447,0,0,0,0,0
DAM33020,0,0,0,0,0
DAM31863,0,0,0,0,0
DAM30734,0,0,0,0,0
DAM30461,0,0,0,0,0
DAM30235,0,0,0,0,0
DAM28943,0,0,0,0,0
DAM28789,0,0,0,0,0
DAM28712,0,0,0,0,0
DAM28135,0,0,0,0,0
DAM27691,0,0,0,0,0
DAM27477,0,0,0,0,0
DAM26708,0,0,0,0,0
DAM26601,1,1,1,0,0
DAM26246,0,0,0,0,0
DAM25083,0,0,0,0,0
DAM25041,0,0,0,0,0
DAM24395,0,0,0,0,0
DAM24187,0,0,0,0,0
DAM23938,0,0,0,0,0
DAM23642,0,0,0,0,0
DAM23424,1,1,1,0,0
DAM21611,0,0,0,0,0
DAM21450,0,0,0,0,0
DAM21037,0,0,0,0,0
DAM20461,0,0,0,0,0
DAM19892,0,0,0,0,0
DAM19753,0,0,0,0,0
DAM19097,0,0,0,0,0
DAM17928,0,0,0,0,0
DAM17586,0,0,0,0,0
DAM17014,0,0,0,0,0
DAM16541,0,0,0,0,0
DAM16491,0,0,0,0,0
DAM15005,0,0,0,0,0
DAM14903,0,0,0,0,0
DAM14647,0,0,0,0,0
DAM14071,0,0,0,0,0
DAM14058,0,0,0,0,0
DAM13994,0,0,0,0,0
DAM13951,0,0,0,0,0
DAM13636,0,0,0,0,0
DAM13118,0,0,0,0,0
DAM13113,0,0,0,0,0
DAM13041,0,0,0,0,0
DAM13001,0,0,0,0,0
DAM12156,0,0,0,0,0
DAM11596,0,0,0,0,0
DAM11299,0,0,0,0,0
DAM11221,0,0,0,0,0
DAM10673,0,0,0,0,0
DAM10610,0,0,0,0,0
DAM09779,0,0,0,0,0
DAM09216,0,0,0,0,0
DAM09126,0,0,0,0,0
DAM09104,0,0,0,0,0
DAM08465,0,0,0,0,0
DAM08316,1,1,1,0,0
DAM08244,0,0,0,0,0
DAM07925,0,0,0,0,0
DAM07913,0,0,0,0,0
DAM07855,0,0,0,0,0
DAM07286,0,0,0,0,0
DAM06392,0,0,0,0,0
DAM06116,1,1,1,0,0
DAM05999,0,0,0,0,0
DAM05909,0,0,0,0,0
DAM05377,0,0,0,0,0
DAM04672,0,0,0,0,0
DAM04479,0,0,0,0,0
DAM04140,0,0,0,0,0
DAM04013,0,0,0,0,0
DAM03912,0,0,0,0,0
DAM03904,0,0,0,0,0
DAM02170,0,0,0,0,0
DAM02084,0,0,0,0,0
DAM01944,0,0,0,0,0
DAM01941,0,0,0,0,0
DAM01247,1,1,1,0,0
DAM01144,0,0,0,0,0
DAM01002,0,0,0,0,0
DAM00324,0,0,0,0,0
DAM00268,0,0,0,0,0
DAL99769,0,0,0,0,0
DAL99741,0,0,0,0,0
DAL99610,0,0,0,0,0
DAL99372,0,0,0,0,0
DAL99311,0,0,0,0,0
DAL99128,0,0,0,0,0
DAL98810,0,0,0,0,0
DAL98593,0,0,0,0,0
DAL98579,0,0,0,0,0
DAL98224,0,0,0,0,0
DAL97994,0,0,0,0,0
DAL97570,0,0,0,0,0
DAL96761,0,0,0,0,0
DAL96490,0,0,0,0,0
DAL95984,0,0,0,0,0
DAL95558,0,0,0,0,0
DAL95510,0,0,0,0,0
DAL95297,0,0,0,0,0
DAL95072,0,0,0,0,0
DAL93617,0,0,0,0,0
DAL93349,0,0,0,0,0
DAL92526,0,0,0,0,0
DAL92471,0,0,0,0,0
DAL92024,0,0,0,0,0
DAL91979,0,0,0,0,0
DAL91918,0,0,0,0,0
DAL91763,0,0,0,0,0
DAL91678,0,0,0,0,0
DAL91567,0,0,0,0,0
DAL91409,0,0,0,0,0
DAL91132,0,0,0,0,0
DAL90769,0,0,0,0,0
DAL90105,0,0,0,0,0
DAL89364,0,0,0,0,0
DAL89087,0,0,0,0,0
DAL88818,0,0,0,0,0
DAL88200,0,0,0,0,0
DAL87609,0,0,0,0,0
DAL87323,1,1,1,0,0
DAL86858,0,0,0,0,0
DAL86791,0,0,0,0,0
DAL86465,0,0,0,0,0
DAL86415,0,0,0,0,0
DAL86350,0,0,0,0,0
DAL85390,0,0,0,0,0
DAL85041,0,0,0,0,0
DAL84236,0,0,0,0,0
DAL84234,0,0,0,0,0
DAL84159,0,0,0,0,0
DAL83709,0,0,0,0,0
DAL83679,0,0,0,0,0
DAL83605,0,0,0,0,0
DAL83338,0,0,0,0,0
DAL83137,0,0,0,0,0
DAL82988,0,0,0,0,0
DAL82916,0,0,0,0,0
DAL82445,0,0,0,0,0
DAL82027,1,0,1,0,0
DAL82022,0,0,0,0,0
DAL81920,0,0,0,0,0
DAL81818,0,0,0,0,0
DAL81710,0,0,0,0,0
DAL81366,0,0,0,0,0
DAL80965,0,0,0,0,0
DAL80806,0,0,0,0,0
DAL80592,0,0,0,0,0
DAL80551,0,0,0,0,0
DAL80168,0,0,0,0,0
DAL79751,0,0,0,0,0
DAL78825,0,0,0,0,0
DAL78417,0,0,0,0,0
DAL78380,0,0,0,0,0
DAL77686,0,0,0,0,0
DAL77359,0,0,0,0,0
DAL77210,0,0,0,0,0
DAL76680,1,1,1,0,0
DAL76065,0,0,0,0,0
DAL75671,0,0,0,0,0
DAL75522,0,0,0,0,0
DAL75018,0,0,0,0,0
DAL74164,0,0,0,0,0
DAL73243,1,1,1,0,0
DAL73109,0,0,0,0,0
DAL72468,0,0,0,0,0
DAL72252,0,0,0,0,0
DAL72249,0,0,0,0,0
DAL72084,0,0,0,0,0
DAL71520,0,0,0,0,0
DAL71370,0,0,0,0,0
DAL70742,0,0,0,0,0
DAL70320,0,0,0,0,0
DAL69987,0,0,0,0,0
DAL69710,0,0,0,0,0
DAL68833,0,0,0,0,0
DAL67840,0,0,0,0,0
DAL67255,0,0,0,0,0
DAL67249,0,0,0,0,0
DAL67138,0,0,0,0,0
DAL66651,0,0,0,0,0
DAL08016,0,0,0,0,0
DAL07836,1,1,1,0,0
DAL07672,0,0,0,0,0
DAL07317,0,0,0,0,0
DAL07180,1,1,1,0,0
DAL07117,0,0,0,0,0
DAL06428,0,0,0,0,0
DAL06348,0,0,0,0,0
DAL05173,0,0,0,0,0
DAL04997,0,0,0,0,0
DAL04968,0,0,0,0,0
DAL04524,0,0,0,0,0
DAL04458,0,0,0,0,0
DAL04212,0,0,0,0,0
DAL04031,1,1,1,0,0
DAL04028,0,0,0,0,0
DAL03632,0,0,0,0,0
DAL02942,0,0,0,0,0
DAL02447,0,0,0,0,0
DAL01812,0,0,0,0,0
DAL01396,0,0,0,0,0
DAL00335,0,0,0,0,0
DAK99980,0,0,0,0,0
DAK99822,0,0,0,0,0
DAK99356,0,0,0,0,0
DAK98370,0,0,0,0,0
DAK97774,0,0,0,0,0
DAK97150,0,0,0,0,0
DAK96831,0,0,0,0,0
DAK96782,0,0,0,0,0
DAK96546,0,0,0,0,0
DAK96147,0,0,0,0,0
DAK95768,1,1,1,0,0
DAK95707,0,0,0,0,0
DAK95328,0,0,0,0,0
DAK95292,0,0,0,0,0
DAK95178,0,0,0,0,0
DAK93268,0,0,0,0,0
DAK92632,0,0,0,0,0
DAK91623,0,0,0,0,0
DAK91452,0,0,0,0,0
DAK91444,0,0,0,0,0
DAK89547,1,1,1,0,0
DAK89018,1,1,1,0,0
DAK88830,0,0,0,0,0
DAK88264,0,0,0,0,0
DAK87258,0,0,0,0,0
DAK86258,1,1,1,0,0
DAK85537,0,0,0,0,0
DAK83246,0,0,0,0,0
DAK82581,0,0,0,0,0
DAK82368,1,1,1,0,0
DAK81985,0,0,0,0,0
DAK81609,0,0,0,0,0
DAK81325,0,0,0,0,0
DAK81049,0,0,0,0,0
DAK80845,0,0,0,0,0
DAK80671,0,0,0,0,0
DAK79779,0,0,0,0,0
DAK79492,0,0,1,0,0
DAK79378,0,0,0,0,0
DAK79344,0,0,0,0,0
DAK78461,0,0,0,0,0
DAK77717,0,0,1,0,0
DAK77711,0,0,0,0,0
DAK77541,0,0,0,0,0
DAK77032,0,0,0,0,0
DAK75811,0,0,0,0,0
DAK75255,1,1,1,0,0
DAK75175,0,0,0,0,0
DAK75129,0,0,0,0,0
DAK75124,0,0,0,0,0
DAK74740,0,0,0,0,0
DAK73588,0,0,0,0,0
DAK73382,0,0,0,0,0
DAK73110,0,0,0,0,0
DAK72863,0,0,0,0,0
DAK71769,0,0,0,0,0
DAK71666,0,0,0,0,0
DAK71474,0,0,0,0,0
DAK70936,0,1,0,0,0
DAK70700,0,0,0,0,0
DAK70185,0,0,0,0,0
DAK68982,0,0,0,0,0
DAK68169,0,0,0,0,0
DAK67800,0,0,0,0,0
DAK67127,0,0,0,0,0
DAK66648,0,0,0,0,0
DAK66582,0,0,0,0,0
DAK65122,0,0,0,0,0
DAK64836,0,0,0,0,0
DAK63944,0,0,0,0,0
DAK63884,0,0,0,0,0
DAK63663,0,0,0,0,0
DAK62703,0,0,0,0,0
DAK60693,0,0,0,0,0
DAK60353,0,0,0,0,0
DAK60046,0,0,0,0,0
DAK59571,0,0,0,0,0
DAK59348,0,0,0,0,0
DAK58770,0,0,0,0,0
DAK56158,0,0,0,0,0
DAK55835,0,0,0,0,0
DAK55387,0,0,0,0,0
DAK55336,0,0,0,0,0
DAK54471,0,0,0,0,0
DAK53928,0,0,0,0,0
DAK53751,1,1,1,0,0
DAK53543,0,0,0,0,0
DAK53057,0,0,0,0,0
DAK52889,1,1,0,0,0
DAK52887,1,0,0,0,0
DAK52455,0,0,0,0,0
DAK52286,1,0,1,0,0
DAK52054,1,1,1,0,0
DAK51815,0,0,0,0,0
DAK51437,0,0,0,0,0
DAK50865,0,0,0,0,0
DAK50634,0,0,0,0,0
DAL64987,0,0,0,0,0
DAL64288,0,0,0,0,0
DAL63940,0,0,0,0,0
DAL63816,0,0,0,0,0
DAL63545,0,0,0,0,0
DAL63355,0,0,0,0,0
DAL62798,1,1,0,0,0
DAL62468,0,0,0,0,0
DAL62184,0,0,0,0,0
DAL61882,0,0,0,0,0
DAL61694,0,0,0,0,0
DAL61264,1,1,1,0,0
DAL61085,0,0,0,0,0
DAL60917,0,0,0,0,0
DAL60860,0,0,0,0,0
DAL60698,0,0,0,0,0
DAL60002,0,0,0,0,0
DAL59503,0,0,0,0,0
DAL59462,0,0,0,0,0
DAL58972,0,0,0,0,0
DAL58642,0,0,0,0,0
DAL58353,0,0,0,0,0
DAL58325,0,0,0,0,0
DAL57632,0,0,0,0,0
DAL57101,0,0,0,0,0
DAL56997,0,0,0,0,0
DAL56448,0,0,0,0,0
DAL55337,0,0,0,0,0
DAL54518,0,0,0,0,0
DAL54489,0,0,0,0,0
DAL54376,1,0,0,0,0
DAL54078,0,0,0,0,0
DAL53876,0,0,0,0,0
DAL53498,0,0,0,0,0
DAL52204,0,0,0,0,0
DAL51783,0,0,1,0,0
DAL51763,0,0,0,0,0
DAL51701,0,0,0,0,0
DAL51431,0,0,0,0,0
DAL51283,0,0,0,0,0
DAL50102,0,0,0,0,0
DAL49605,0,0,0,0,0
DAL49126,0,0,0,0,0
DAL48914,0,0,0,0,0
DAL48337,1,1,1,0,0
DAL48231,0,0,0,0,0
DAL48101,0,0,0,0,0
DAL46878,0,0,0,0,0
DAL46506,0,0,0,0,0
DAL45893,0,0,0,0,0
DAL44931,0,0,0,0,0
DAL44366,0,0,0,0,0
DAL43799,0,0,0,0,0
DAL42839,0,0,0,0,0
DAL41704,1,1,1,0,0
DAL41483,0,0,0,0,0
DAL41344,0,0,0,0,0
DAL40911,0,0,0,0,0
DAL40450,0,0,0,0,0
DAL40408,0,0,0,0,0
DAL40141,0,0,0,0,0
DAL39909,0,0,0,0,0
DAL38567,0,0,0,0,0
DAL37315,0,0,0,0,0
DAL36709,0,0,0,0,0
DAL35701,0,0,0,0,0
DAL35175,0,0,0,0,0
DAL34976,0,0,0,0,0
DAL34149,0,0,0,0,0
DAL33621,0,0,0,0,0
DAL33524,0,0,0,0,0
DAL33477,0,0,0,0,0
DAL33428,0,0,0,0,0
DAL33363,0,0,0,0,0
DAL33249,0,0,0,0,0
DAL32676,0,0,0,0,0
DAL32400,0,0,0,0,0
DAL31971,0,0,0,0,0
DAL31856,0,0,1,0,0
DAL31745,0,0,0,0,0
DAL29895,0,0,0,0,0
DAL28765,0,0,0,0,0
DAL28756,1,1,0,0,0
DAL28310,0,0,0,0,0
DAL28272,0,0,0,0,0
DAL27865,0,0,0,0,0
DAL27550,0,0,0,0,0
DAL27408,0,0,1,0,0
DAL27371,0,0,0,0,0
DAL26948,0,0,0,0,0
DAL26302,0,0,0,0,0
DAL25910,0,0,0,0,0
DAL25903,0,0,0,0,0
DAL25794,0,0,0,0,0
DAL25684,0,0,0,0,0
DAL23670,0,0,0,0,0
DAL23507,0,0,0,0,0
DAL23286,0,0,0,0,0
DAL23283,0,0,0,0,0
DAL22996,0,0,0,0,0
DAL22982,0,0,0,0,0
DAL22959,0,0,0,0,0
DAL22938,0,0,0,0,0
DAL22721,0,0,0,0,0
DAL21777,0,0,0,0,0
DAL21673,0,0,0,0,0
DAL21347,0,0,0,0,0
DAL21201,0,0,0,0,0
DAL19592,0,0,0,0,0
DAL19483,0,0,0,0,0
DAL19158,0,0,0,0,0
DAL19058,0,0,0,0,0
DAL18991,0,0,0,0,0
DAL18426,0,0,0,0,0
DAL18379,0,0,0,0,0
DAL17893,0,0,0,0,0
DAL17514,0,0,0,0,0
DAL17318,0,0,0,0,0
DAL16914,1,1,1,0,0
DAL16489,0,0,0,0,0
DAL15329,0,0,0,0,0
DAL14873,1,1,0,0,0
DAL14772,0,0,0,0,0
DAL14443,0,0,0,0,0
DAL13941,0,0,0,0,0
DAL12669,0,0,0,0,0
DAL12170,0,0,0,0,0
DAL12008,0,0,0,0,0
DAL11929,0,0,0,0,0
DAL11161,0,0,0,0,0
DAL11122,0,0,0,0,0
DAL11006,0,0,0,0,0
DAL10387,0,0,0,0,0
DAL09954,0,0,0,0,0
DAL09884,0,0,0,0,0
DAL09279,0,0,0,0,0
DAL09040,0,0,0,0,0
DAK49711,0,0,0,0,0
DAK49512,0,0,0,0,0
DAK49371,0,0,0,0,0
DAK49228,0,0,0,0,0
DAK49040,0,0,0,0,0
DAK48747,0,0,0,0,0
DAK48388,0,0,0,0,0
DAK47584,0,0,0,0,0
DAK47564,0,0,0,0,0
DAK47509,0,0,0,0,0
DAK46969,0,0,0,0,0
DAK46394,1,1,1,0,0
DAK46367,0,0,0,0,0
DAK46130,0,0,0,0,0
DAK46128,0,0,1,0,0
DAK46122,0,0,0,0,0
DAK44452,0,0,0,0,0
DAK44084,0,0,0,0,0
DAK44039,0,0,0,0,0
DAK43406,0,0,0,0,0
DAK43050,0,0,0,0,0
DAK42557,0,0,0,0,0
DAK42436,0,0,0,0,0
DAK42091,0,0,0,0,0
DAK41534,0,0,0,0,0
DAK41431,0,0,0,0,0
DAK41162,0,0,0,0,0
DAK40912,0,0,0,0,0
DAK40877,0,0,0,0,0
DAK40293,0,0,0,0,0
DAK39616,0,0,0,0,0
DAK39293,0,0,0,0,0
DAK39230,0,0,0,0,0
DAK38288,1,1,1,0,0
DAK38058,1,1,1,0,0
DAK38021,0,0,0,0,0
DAK37747,1,1,1,0,0
DAK36875,0,0,0,0,0
DAK36611,1,1,1,0,0
DAK35795,0,0,0,0,0
DAK35750,0,0,0,0,0
DAK35212,0,0,0,0,0
DAK34757,0,0,0,0,0
DAK32522,0,0,0,0,0
DAK32518,0,0,0,0,0
DAK32236,0,0,0,0,0
DAK31948,0,0,0,0,0
DAK31650,0,0,0,0,0
DAK31459,0,0,0,0,0
DAK30676,0,0,0,0,0
DAK30581,0,0,0,0,0
DAK30377,0,0,0,0,0
DAK30257,0,0,0,0,0
DAK29803,0,0,0,0,0
DAK29711,0,0,0,0,0
DAK29543,0,0,0,0,0
DAK29104,0,0,0,0,0
DAK28786,1,1,1,0,0
DAK27937,0,0,1,0,0
DAK27898,0,0,0,0,0
DAK27893,0,0,1,0,0
DAK27863,0,0,0,0,0
DAK27486,0,0,0,0,0
DAK27388,0,0,0,0,0
DAK26560,1,1,1,0,0
DAK26308,0,0,0,0,0
DAK26304,0,0,0,0,0
DAK25196,0,0,0,0,0
DAK24666,0,0,0,0,0
DAK24412,0,0,0,0,0
DAK24331,0,0,0,0,0
DAK24306,0,0,0,0,0
DAK24224,0,0,0,0,0
DAK22428,0,0,0,0,0
DAK22228,0,0,0,0,0
DAK21224,0,0,0,0,0
DAK21214,0,0,0,0,0
DAK21158,0,0,0,0,0
DAK21044,1,1,1,0,0
DAK20343,0,0,0,0,0
DAK20312,0,0,0,0,0
DAK19458,0,0,0,0,0
DAK19360,0,0,0,0,0
DAK19134,0,0,0,0,0
DAK18604,0,0,1,0,0
DAK18490,0,0,0,0,0
DAK17617,0,0,0,0,0
DAK16833,0,0,0,0,0
DAK15667,0,0,0,0,0
DAK15509,0,0,0,0,0
DAK14825,0,0,0,0,0
DAK13406,0,0,0,0,0
DAK12576,1,1,1,0,0
DAK12549,0,0,0,0,0
DAK12464,0,0,0,0,0
DAK12075,1,1,1,0,0
DAK11749,0,1,1,0,0
DAK11437,0,0,0,0,0
DAK11026,1,1,0,0,0
DAK09540,0,0,0,0,0
DAK09101,0,0,0,0,0
DAN23252,0,0,0,0,0
DAN22373,0,0,0,0,0
DAN22090,0,0,0,0,0
DAJ22426,1,1,1,0,0
DAJ22374,0,0,0,0,0
DAJ22322,0,0,0,0,0
DAJ21590,0,0,0,0,0
DAJ21286,0,0,0,0,0
DAJ20882,0,0,0,0,0
DAJ20812,0,0,0,0,0
DAJ20536,0,0,0,0,0
DAJ20327,0,0,0,0,0
DAJ20245,0,0,0,0,0
DAJ20203,0,0,0,0,0
DAJ19823,0,0,0,0,0
DAJ19013,0,0,0,0,0
DAJ18323,0,0,0,0,0
DAJ18179,0,0,0,0,0
DAJ16758,0,0,0,0,0
DAJ16754,0,0,0,0,0
DAJ16390,0,0,0,0,0
DAJ16358,0,0,0,0,0
DAJ15362,0,0,0,0,0
DAJ14601,0,0,0,0,0
DAJ13584,0,0,0,0,0
DAJ12964,1,1,1,0,0
DAN20479,0,0,0,0,0
DAN20220,0,0,0,0,0
DAN19591,0,0,0,0,0
DAN19586,0,0,0,0,0
DAN19043,0,0,0,0,0
DAN18973,0,0,0,0,0
DAN18184,0,0,0,0,0
DAJ12522,0,0,0,0,0
DAJ12283,0,0,0,0,0
QWO71657,0,0,0,0,0
DAG89461,1,1,1,0,0
DAG88644,0,0,0,0,0
DAI05993,0,0,0,0,0
DAI05813,1,1,1,0,0
DAI58526,0,0,0,0,0
DAH01591,0,0,0,0,0
DAH01396,0,0,0,0,0
DAG99720,0,0,0,0,0
DAG99433,0,0,0,0,0
DAG98782,0,0,1,0,0
DAG98389,0,0,0,0,0
DAG98344,0,0,0,0,0
DAG97918,1,1,1,0,0
DAG97648,1,1,1,0,0
DAG97638,0,0,0,0,0
DAG96525,1,1,1,0,0
DAG95161,1,1,1,0,0
DAG95013,0,0,0,0,0
DAG94761,0,0,0,0,0
DAG93985,0,0,0,0,0
DAG93854,0,0,0,0,0
DAG93360,0,0,0,0,0
DAG92971,1,1,1,0,0
DAG92838,0,0,0,0,0
DAG92286,1,1,1,0,0
DAG92047,0,0,0,0,0
DAG92044,1,1,1,0,0
DAG91874,0,0,0,0,0
DAF84087,0,0,0,0,0
DAF83153,0,0,0,0,0
DAF82025,0,0,0,0,0
DAF80171,0,0,0,0,0
DAF79075,0,0,0,0,0
DAF78920,0,0,0,0,0
DAF78897,0,1,1,0,0
DAF78537,0,0,0,0,0
DAF78222,0,0,0,0,0
DAF78201,0,0,0,0,0
DAF76922,0,0,0,0,0
DAF76706,0,0,0,0,0
DAF75708,0,0,0,0,0
DAF74507,0,0,0,0,0
DAF74462,0,0,0,0,0
DAF74378,0,0,0,0,0
DAF73699,0,0,0,0,0
DAF73348,0,0,0,0,0
DAF73290,0,0,0,0,0
DAF73215,0,0,0,0,0
DAF71718,0,0,0,0,0
DAF71545,0,0,0,0,0
DAF71510,0,0,0,0,0
DAF70562,0,0,0,0,0
DAF70101,0,0,0,0,0
DAF69894,0,0,0,0,0
DAF69842,0,0,0,0,0
DAF68999,0,0,0,0,0
DAF68735,0,0,0,0,0
DAF68334,0,0,0,0,0
DAF68279,0,0,0,0,0
DAF67078,0,0,0,0,0
DAF66997,0,0,0,0,0
DAF66483,1,1,1,0,0
DAF65638,0,0,0,0,0
DAG87564,0,0,0,0,0
DAG86611,0,0,0,0,0
DAG86261,0,0,0,0,0
DAG86088,0,0,0,0,0
DAG86084,0,0,0,0,0
DAG85871,0,0,0,0,0
DAG85265,0,0,0,0,0
DAG84177,0,0,0,0,0
DAG84095,0,0,0,0,0
DAG83958,0,0,0,0,0
DAG83879,0,0,0,0,0
DAG83463,0,0,0,0,0
DAG83275,0,0,0,0,0
DAG83141,0,0,0,0,0
DAG82712,0,0,0,0,0
DAG82710,0,0,0,0,0
DAG82580,0,0,0,0,0
DAG82349,0,0,0,0,0
DAG82057,0,0,0,0,0
DAG81139,0,0,0,0,0
DAG80877,0,0,0,0,0
DAG79936,0,0,0,0,0
DAG79774,0,0,0,0,0
DAG78978,0,0,0,0,0
DAG78883,0,0,0,0,0
DAG78744,0,0,0,0,0
DAG78535,1,1,1,0,0
DAG78418,0,0,0,0,0
DAG77727,1,1,1,0,0
DAG76697,0,0,0,0,0
DAG76213,0,0,0,0,0
DAG76152,0,0,0,0,0
DAG75805,0,0,0,0,0
DAG75722,0,0,0,0,0
DAG74809,1,1,1,0,0
DAG74737,0,0,0,0,0
DAG74310,0,0,0,0,0
DAG74013,0,0,0,0,0
DAG73492,0,0,0,0,0
DAG73060,1,1,1,0,0
DAG72710,0,0,0,0,0
DAG71060,0,0,0,0,0
DAG70574,0,0,0,0,0
DAG70569,0,0,0,0,0
DAG70466,0,0,0,0,0
DAG05845,0,0,0,0,0
DAG05769,0,0,0,0,0
DAG05733,0,0,0,0,0
DAG05158,0,0,0,0,0
DAG05048,0,0,0,0,0
DAG04961,0,0,0,0,0
DAG04172,0,0,0,0,0
DAG03405,1,1,1,0,0
DAG02998,0,0,0,0,0
DAG02720,0,0,0,0,0
DAG02268,0,0,0,0,0
DAG02007,0,0,0,0,0
DAG01500,0,0,0,0,0
DAG01212,0,0,0,0,0
DAG01015,0,0,0,0,0
DAG00880,0,0,0,0,0
DAG00531,1,1,1,0,0
DAG00367,1,1,1,0,0
DAG00365,0,0,0,0,0
DAF99986,0,0,0,0,0
DAF99504,0,0,0,0,0
DAF99102,1,1,1,0,0
DAF98573,0,0,0,0,0
DAF98381,0,0,0,0,0
DAF98366,0,0,0,0,0
DAF98264,1,1,1,1,0
DAF97704,1,1,1,0,0
DAF96774,0,0,0,0,0
DAH50385,1,1,1,0,0
DAH49573,0,0,0,0,0
DAH49357,0,0,0,0,0
DAH48723,0,0,0,0,0
DAH48704,0,0,0,0,0
DAH48324,0,0,0,0,0
DAH48080,0,0,0,0,0
DAH47890,0,0,1,0,0
DAH46821,0,0,0,0,0
DAH46439,0,0,0,0,0
DAH46022,0,0,0,0,0
DAH45732,0,0,0,0,0
DAH45548,1,1,1,0,0
DAH45486,0,0,0,0,0
DAH44164,1,0,1,0,0
DAH44056,0,0,0,0,0
DAH43562,0,0,0,0,0
DAH43281,0,0,0,0,0
DAH42434,0,0,0,0,0
DAH41786,0,0,0,0,0
DAH41571,0,0,0,0,0
DAH41265,0,0,0,0,0
DAH39847,0,0,0,0,0
DAH38274,0,0,0,0,0
DAH37986,0,0,0,0,0
DAH37853,0,0,0,0,0
DAH37260,0,0,0,0,0
DAH37258,0,0,0,0,0
DAH37119,0,0,0,0,0
DAH36224,0,0,0,0,0
DAH35763,0,0,0,0,0
DAH35612,0,0,0,0,0
DAH35371,1,1,1,0,0
DAH35029,0,0,0,0,0
DAH34785,0,0,0,0,0
DAH34474,0,0,0,0,0
DAH34417,0,0,0,0,0
DAH34024,0,0,0,0,0
DAH33747,0,0,0,0,0
DAH32657,0,0,0,0,0
DAH32447,0,0,0,0,0
DAH32319,0,0,0,0,0
DAH31751,0,0,0,0,0
DAH31134,0,0,0,0,0
DAH29969,0,0,0,0,0
DAH28575,0,0,0,0,0
DAH28380,0,0,0,0,0
DAH27643,0,0,0,0,0
DAH27608,0,0,0,0,0
DAH26853,0,0,0,0,0
DAH26272,0,0,0,0,0
DAH23649,0,0,0,0,0
DAH21873,1,1,0,0,0
DAH21627,0,0,0,0,0
DAH20994,1,1,1,0,0
DAH20741,0,0,0,0,0
DAH20614,0,0,0,0,0
DAH19964,0,0,0,0,0
DAH19904,0,0,0,0,0
DAH19395,0,0,0,0,0
DAH17476,0,0,0,0,0
DAH16790,0,0,0,0,0
DAH16787,0,0,0,0,0
DAH15920,0,0,0,0,0
DAH15075,0,0,0,0,0
DAH14760,0,0,0,0,0
DAH13103,0,0,0,0,0
DAH12431,0,0,0,0,0
DAH12399,0,0,0,0,0
DAH10593,0,0,0,0,0
DAH09707,0,0,0,0,0
DAH09225,0,0,0,0,0
DAJ11834,0,0,0,0,0
DAJ11774,0,0,0,0,0
DAJ11485,0,0,0,0,0
DAJ11107,0,0,0,0,0
DAJ11081,0,0,0,0,0
DAJ10820,0,0,0,0,0
DAJ10466,0,0,0,0,0
DAJ10114,0,0,0,0,0
DAJ10027,0,0,0,0,0
DAJ09852,0,0,0,0,0
DAJ09287,0,0,0,0,0
DAJ09105,0,0,0,0,0
DAJ08298,0,0,0,0,0
DAJ08247,0,0,0,0,0
DAJ07250,1,1,1,0,0
DAJ05689,0,0,0,0,0
DAJ04880,0,0,0,0,0
DAJ03825,0,0,0,0,0
DAJ02443,0,0,0,0,0
DAJ02351,0,0,0,0,0
DAJ02189,0,0,0,0,0
DAJ01604,0,0,0,0,0
DAJ01346,0,0,0,0,0
DAJ01189,0,0,0,0,0
DAJ00953,0,0,0,0,0
DAJ00692,0,0,0,0,0
DAJ00569,0,0,0,0,0
DAJ00551,0,0,0,0,0
DAJ00211,0,0,0,0,0
DAI99745,0,0,0,0,0
DAI99637,0,0,0,0,0
DAI99364,0,0,0,0,0
DAI99237,0,0,0,0,0
DAI98351,0,0,0,0,0
DAI97966,0,0,0,0,0
DAI97667,0,0,0,0,0
DAI96588,0,0,0,0,0
DAI96106,0,0,0,0,0
DAI95969,0,0,0,0,0
DAI95927,0,0,0,0,0
DAI94872,0,0,0,0,0
DAI94714,0,0,0,0,0
DAI94670,0,0,0,0,0
DAI94668,0,0,0,0,0
DAI94054,0,0,0,0,0
DAI92779,0,0,0,0,0
DAI92537,0,0,0,0,0
DAI92491,0,0,0,0,0
DAI91888,1,1,1,0,0
DAI91438,0,0,0,0,0
DAI90110,1,1,1,0,0
DAI89477,1,1,1,0,0
DAI89208,0,0,0,0,0
DAI89143,0,0,0,0,0
DAI88494,0,0,0,0,0
DAI88312,0,0,0,0,0
DAI88162,0,0,0,0,0
DAI88048,0,0,0,0,0
DAI87986,0,0,0,0,0
DAI87954,0,0,0,0,0
DAI87801,0,0,0,0,0
DAI87387,0,0,0,0,0
DAI86858,0,0,0,0,0
DAI85944,0,0,0,0,0
DAI84578,0,0,0,0,0
DAI84126,0,0,0,0,0
DAI83489,0,0,0,0,0
DAI83453,0,0,0,0,0
DAI83168,0,0,0,0,0
DAI82830,0,0,0,0,0
DAI82135,0,0,0,0,0
DAI81458,0,0,0,0,0
DAI81139,0,0,0,0,0
DAI81120,0,0,0,0,0
DAI80813,1,1,1,0,0
DAI80560,0,0,0,0,0
DAI80419,0,0,0,0,0
DAI77840,0,0,0,0,0
DAI77742,0,0,0,0,0
DAI77685,0,0,0,0,0
DAI77225,0,0,0,0,0
DAI77086,0,0,0,0,0
DAI76940,0,0,0,0,0
DAI76217,0,0,0,0,0
DAI75780,0,0,0,0,0
DAI75770,0,0,0,0,0
DAI75582,0,0,0,0,0
DAI75329,0,0,0,0,0
DAI75179,0,0,0,0,0
DAI74916,0,0,0,0,0
DAI74769,0,0,0,0,0
DAI74667,0,0,0,0,0
DAI73338,0,0,0,0,0
DAI73194,0,0,0,0,0
DAI73170,0,0,0,0,0
DAI71865,0,0,0,0,0
DAI71691,0,0,0,0,0
DAI71048,0,0,0,0,0
DAI70525,1,1,1,0,0
DAI70485,0,0,0,0,0
DAI70350,0,0,0,0,0
DAI70325,0,0,0,0,0
DAI70239,0,0,0,0,0
DAI69845,0,0,0,0,0
DAI69746,0,0,0,0,0
DAI69121,0,0,0,0,0
DAI69118,0,0,0,0,0
DAI69052,0,0,0,0,0
DAI69000,0,0,0,0,0
DAI68438,0,0,0,0,0
DAI67006,0,0,0,0,0
DAI66961,0,0,1,0,0
DAI66356,1,1,1,0,0
DAI65851,0,0,0,0,0
DAI65700,0,0,0,0,0
DAI64604,0,0,0,0,0
DAI64603,0,0,0,0,0
DAI63459,0,0,0,0,0
DAI63399,0,0,0,0,0
DAI63090,0,0,0,0,0
DAI61131,0,0,0,0,0
DAI60599,0,0,0,0,0
DAI60235,0,0,0,0,0
DAI59737,0,0,0,0,0
DAF94006,0,0,1,0,0
DAF93420,0,0,1,0,0
DAF93089,1,1,1,0,0
DAF92893,1,1,1,0,0
DAF92843,0,0,0,0,0
DAF92119,1,1,1,0,0
DAF91532,0,0,0,0,0
DAF91462,0,0,0,0,0
DAF91013,0,0,0,0,0
DAF89244,1,1,1,0,0
DAF88052,0,0,0,0,0
DAF88024,0,0,0,0,0
DAF87627,0,0,0,0,0
DAF87158,0,0,0,0,0
DAF87071,0,0,0,0,0
DAF86317,0,0,0,0,0
DAF85695,0,0,0,0,0
DAF85688,0,0,0,0,0
DAF85193,1,1,1,0,0
DAF85189,0,0,0,0,0
DAF84620,0,0,0,0,0
DAI04151,0,0,0,0,0
DAI03747,0,0,0,0,0
DAI03615,0,0,0,0,0
DAI02863,0,0,0,0,0
DAI01729,0,0,0,0,0
DAI01554,0,0,0,0,0
DAI01503,0,0,0,0,0
DAI01066,0,0,0,0,0
DAI00661,0,0,0,0,0
DAH98796,0,0,0,0,0
DAH98608,0,0,0,0,0
DAH98151,0,0,0,0,0
DAH97788,0,0,0,0,0
DAH97440,0,0,0,0,0
DAH96772,0,0,0,0,0
DAH96620,0,0,0,0,0
DAH96390,0,0,0,0,0
DAH96268,0,0,0,0,0
DAH95990,0,0,1,0,0
DAH95797,0,0,0,0,0
DAH95399,0,0,0,0,0
DAH95218,0,0,0,0,0
DAH94699,0,0,0,0,0
DAH93358,0,0,0,0,0
DAH93102,0,0,0,0,0
DAH91941,0,0,0,0,0
DAH90308,0,0,0,0,0
DAH90055,0,0,0,0,0
DAH89945,0,0,0,0,0
DAH89680,1,1,1,0,0
DAH89598,0,0,0,0,0
DAH89525,0,0,0,0,0
DAH89350,0,0,0,0,0
DAH89181,0,0,0,0,0
DAH88768,0,0,0,0,0
DAH88609,0,0,0,0,0
DAH88544,0,0,0,0,0
DAH87960,0,0,0,0,0
DAH87814,0,0,0,0,0
DAH87367,0,0,0,0,0
DAH87172,0,0,0,0,0
DAH87102,0,0,0,0,0
DAH86924,0,0,0,0,0
DAH86773,0,0,0,0,0
DAH86626,0,0,0,0,0
DAH86625,0,0,0,0,0
DAH85438,0,0,0,0,0
DAH85303,0,0,0,0,0
DAH85159,0,0,0,0,0
DAH84732,0,0,0,0,0
DAH84611,0,0,0,0,0
DAH84570,0,0,0,0,0
DAH84222,0,0,0,0,0
DAH84046,0,0,0,0,0
DAH84045,0,0,0,0,0
DAH83357,0,0,0,0,0
DAH83303,0,0,0,0,0
DAH80353,0,0,0,0,0
DAH79348,0,0,0,0,0
DAH78866,0,0,0,0,0
DAH77805,0,0,0,0,0
DAH77772,0,0,0,0,0
DAH77625,0,0,0,0,0
DAH77522,0,0,0,0,0
DAH76975,0,0,0,0,0
DAH76719,0,0,0,0,0
DAH76715,0,0,0,0,0
DAH76389,0,0,0,0,0
DAH76251,0,0,0,0,0
DAH75627,0,0,0,0,0
DAH74985,0,0,0,0,0
DAH73703,0,0,0,0,0
DAH73008,0,0,0,0,0
DAH72989,0,0,0,0,0
DAH70868,0,0,0,0,0
DAH70373,0,0,0,0,0
DAH70177,0,0,0,0,0
DAH69272,0,0,0,0,0
DAH69181,0,0,0,0,0
DAH68592,0,0,0,0,0
DAH68424,0,0,0,0,0
DAH67873,0,0,0,0,0
DAH67697,0,0,0,0,0
DAH67454,0,0,0,0,0
DAH66571,0,0,0,0,0
DAH65775,0,0,0,0,0
DAH65624,0,0,0,0,0
DAH65325,0,0,0,0,0
DAH65248,0,0,0,0,0
DAH64905,0,0,0,0,0
DAH64131,0,0,0,0,0
DAH63947,0,0,0,0,0
DAH63766,0,0,0,0,0
DAH63548,0,0,0,0,0
DAH63546,0,0,0,0,0
DAH63255,0,0,0,0,0
DAH62291,0,0,0,0,0
DAH60130,0,0,0,0,0
DAH59769,0,0,0,0,0
DAH59306,0,0,0,0,0
DAH58662,0,0,0,0,0
DAH58111,0,0,0,0,0
DAH57896,0,0,0,0,0
DAH57505,0,0,0,0,0
DAH57114,0,0,0,0,0
DAH56983,0,0,0,0,0
DAH56811,0,0,0,0,0
DAH56612,1,1,1,0,0
DAH55731,0,0,0,0,0
DAH55693,0,0,0,0,0
DAH55085,0,0,0,0,0
DAH54563,0,0,1,0,0
DAH54082,0,0,0,0,0
DAH53196,0,0,0,0,0
DAH53137,0,0,0,0,0
DAH52762,0,0,0,0,0
DAH51977,0,0,0,0,0
DAH51365,0,0,0,0,0
DAH51080,0,0,0,0,0
DAH08385,0,0,0,0,0
DAH07498,0,0,0,0,0
DAH07100,1,1,1,0,0
DAH06626,0,0,0,0,0
DAH05331,0,0,0,0,0
DAH04307,0,0,0,0,0
DAH04186,0,0,0,0,0
DAH04152,0,0,0,0,0
DAH03939,0,0,0,0,0
DAH03546,0,0,0,0,0
DAH02975,0,0,0,0,0
DAH02941,0,0,0,0,0
DAI58064,0,0,0,0,0
DAI57254,0,0,0,0,0
DAI56871,0,0,0,0,0
DAI55666,0,0,0,0,0
DAI54892,1,0,1,0,0
DAI54493,0,0,0,0,0
DAI54487,0,0,0,0,0
DAI53972,0,0,0,0,0
DAI52975,0,0,0,0,0
DAI52891,0,0,0,0,0
DAI52884,0,0,0,0,0
DAI52505,0,0,0,0,0
DAI52121,0,0,0,0,0
DAI52012,1,1,1,0,0
DAI51280,0,0,0,0,0
DAI50002,0,0,0,0,0
DAI49792,0,0,0,0,0
DAI49738,0,0,0,0,0
DAI49669,0,0,0,0,0
DAI49058,0,0,0,0,0
DAI48128,0,0,0,0,0
DAI48026,0,0,0,0,0
DAI47546,0,0,0,0,0
DAI46894,0,0,0,0,0
DAI46404,0,0,0,0,0
DAI46022,0,0,0,0,0
DAI45902,0,0,1,0,0
DAI45274,0,0,0,0,0
DAI45271,0,0,0,0,0
DAI45188,0,0,0,0,0
DAI44795,0,0,0,0,0
DAI44691,0,0,0,0,0
DAI44124,0,0,0,0,0
DAI43471,0,0,0,0,0
DAI43390,0,0,0,0,0
DAI43173,0,0,0,0,0
DAI41847,0,0,0,0,0
DAI41471,0,0,0,0,0
DAI41362,0,0,0,0,0
DAI40953,0,0,0,0,0
DAI40457,0,0,0,0,0
DAI38513,0,0,0,0,0
DAI36247,0,0,0,0,0
DAI36106,0,0,0,0,0
DAI35534,0,0,0,0,0
DAI35411,0,0,0,0,0
DAI35273,0,0,0,0,0
DAI35127,0,0,0,0,0
DAI33470,1,1,1,0,0
DAI33465,0,0,0,0,0
DAI33158,0,0,0,0,0
DAI33141,0,0,0,0,0
DAI32991,0,0,0,0,0
DAI32779,0,0,0,0,0
DAI32718,0,0,0,0,0
DAI32435,0,0,0,0,0
DAI31870,0,0,0,0,0
DAI31666,0,0,0,0,0
DAI31623,0,0,0,0,0
DAI30607,0,0,0,0,0
DAI30032,0,0,0,0,0
DAI29242,0,0,0,0,0
DAI28786,0,0,1,0,0
DAI28421,0,0,0,0,0
DAI27819,0,0,0,0,0
DAI27426,0,0,0,0,0
DAI26586,1,1,1,0,0
DAI26410,0,0,0,0,0
DAI25053,1,1,1,0,0
DAI24986,0,0,0,0,0
DAI24879,0,0,0,0,0
DAI24563,0,0,0,0,0
DAI24483,0,0,0,0,0
DAI22212,1,1,1,1,0
DAI21223,0,0,0,0,0
DAI20643,1,1,1,0,0
DAI20578,0,0,0,0,0
DAI20443,0,0,0,0,0
DAI19534,0,0,0,0,0
DAI19323,0,0,0,0,0
DAI19306,0,0,0,0,0
DAI19201,0,0,0,0,0
DAI19184,0,0,0,0,0
DAI18963,0,0,0,0,0
DAI18386,0,0,0,0,0
DAI18333,0,0,0,0,0
DAI18012,0,0,0,0,0
DAI17593,0,0,0,0,0
DAI17335,0,0,0,0,0
DAI17331,0,0,0,0,0
DAI17206,0,0,0,0,0
DAI16650,0,0,0,0,0
DAI16285,0,0,0,0,0
DAI15567,1,1,1,0,0
DAI14476,0,0,0,0,0
DAI14132,0,0,0,0,0
DAI14075,0,0,0,0,0
DAI13412,0,0,0,0,0
DAI13066,1,1,1,0,0
DAI13023,0,0,0,0,0
DAI12750,0,0,0,0,0
DAI12669,0,0,0,0,0
DAI12015,0,0,0,0,0
DAI11706,0,0,0,0,0
DAI11391,0,0,0,0,0
DAI10885,0,0,0,0,0
DAI10439,0,0,0,0,0
DAI10346,1,1,0,0,0
DAI10329,0,0,0,0,0
DAI09389,0,0,0,0,0
DAI09385,0,0,0,0,0
DAI09323,0,0,0,0,0
DAI08599,0,0,0,0,0
DAI08539,0,0,0,0,0
DAI08049,1,1,1,0,0
DAG68761,0,0,0,0,0
DAG68583,0,0,0,0,0
DAG68447,0,0,0,0,0
DAG67837,0,0,0,0,0
DAG67484,0,0,0,0,0
DAG67236,0,0,0,0,0
DAG65352,1,1,1,0,0
DAG65267,0,0,0,0,0
DAG65173,0,0,0,0,0
DAG64757,0,0,0,0,0
DAG63528,0,0,0,0,0
DAG62998,0,0,0,0,0
DAG61645,0,0,0,0,0
DAG59218,1,1,0,0,0
DAG58509,1,0,1,0,0
DAG57588,1,1,1,0,0
DAG57283,0,0,0,0,0
DAG56927,1,1,1,0,0
DAG56820,0,0,0,0,0
DAG56816,0,0,0,0,0
DAG55445,0,0,0,0,0
DAG54455,0,0,0,0,0
DAG54367,0,0,0,0,0
DAG54195,0,0,0,0,0
DAG53535,0,0,0,0,0
DAG53510,0,0,0,0,0
DAG52414,0,0,0,0,0
DAG52375,0,0,0,0,0
DAG52090,0,0,0,0,0
DAG51887,0,0,0,0,0
DAG51882,0,0,0,0,0
DAG51794,0,0,0,0,0
DAG51736,0,0,0,0,0
DAG51451,0,0,0,0,0
DAG50721,0,0,0,0,0
DAG50689,0,0,0,0,0
DAG50512,0,0,0,0,0
DAG50317,0,0,0,0,0
DAG49959,0,0,0,0,0
DAG49945,0,0,0,0,0
DAG49684,0,0,0,0,0
DAG49680,0,0,0,0,0
DAG49622,0,0,0,0,0
DAG47836,0,0,0,0,0
DAG45008,1,0,1,0,0
DAG44402,0,0,0,0,0
DAG42526,0,0,0,0,0
DAG42522,0,0,0,0,0
DAG41068,0,0,0,0,0
DAG40219,0,0,0,0,0
DAG39824,0,0,0,0,0
DAG39006,0,0,0,0,0
DAG38727,0,0,0,0,0
DAG38148,0,0,0,0,0
DAG37878,0,0,0,0,0
DAG37234,0,0,0,0,0
DAG37018,0,0,0,0,0
DAG36812,0,0,0,0,0
DAG36431,0,0,0,0,0
DAG35569,0,0,0,0,0
DAG35110,0,0,0,0,0
DAG34967,0,0,0,0,0
DAG33803,0,0,0,0,0
DAG33705,0,0,0,0,0
DAG33321,1,1,1,0,0
DAG32796,1,1,1,0,0
DAG32266,0,0,0,0,0
DAG32174,0,0,0,0,0
DAG31838,0,0,0,0,0
DAG31170,1,1,1,0,0
DAG31077,0,0,0,0,0
DAG30456,0,0,0,0,0
DAG30010,0,0,1,0,0
DAG29400,0,0,0,0,0
DAG28622,0,0,0,0,0
DAG28405,0,0,0,0,0
DAG27825,1,1,1,0,0
DAG27097,0,0,0,0,0
DAG26884,0,0,0,0,0
DAG26663,0,0,0,0,0
DAG26083,0,0,0,0,0
DAG25659,0,0,0,0,0
DAG25454,0,0,0,0,0
DAG24860,0,0,0,0,0
DAG24589,0,0,0,0,0
DAG24101,0,0,0,0,0
DAG23736,0,0,0,0,0
DAG23378,0,0,0,0,0
DAG22354,0,0,0,0,0
DAG21463,0,0,0,0,0
DAG20893,0,0,0,0,0
DAG19720,0,0,0,0,0
DAG18797,1,1,1,0,0
DAG18547,0,0,0,0,0
DAG18102,0,0,0,0,0
DAG17734,0,0,0,0,0
DAG17113,0,0,0,0,0
DAG17111,0,0,0,0,0
DAG16814,0,0,0,0,0
DAG15931,0,0,0,0,0
DAG15566,0,0,0,0,0
DAG13916,0,0,0,0,0
DAG13902,0,0,0,0,0
DAG13652,1,1,1,0,0
DAG12674,0,0,0,0,0
DAG12362,0,0,0,0,0
DAG12056,0,0,0,0,0
DAG11742,0,0,0,0,0
DAG11698,0,0,0,0,0
DAG11428,0,0,0,0,0
DAG11050,0,0,0,0,0
DAG10734,1,0,1,0,0
DAG10592,1,1,1,0,0
DAG09654,1,1,1,0,0
DAG09593,0,0,0,0,0
DAG08676,0,0,0,0,0
DAG08241,0,0,0,0,0
DAG07696,0,0,0,0,0
DAG07341,0,0,0,0,0
DAG06960,0,0,0,0,0
DAG06956,0,0,0,0,0
DAG06881,0,0,0,0,0
DAG06746,1,1,1,0,0
DAG06630,0,0,0,0,0
DAF64863,0,0,0,0,0
DAF64668,0,0,0,0,0
DAF64614,1,1,1,0,0
DAF64390,0,0,0,0,0
DAF64385,0,0,0,0,0
DAF63302,0,0,0,0,0
DAF63241,1,1,1,0,0
DAF62246,1,1,1,0,0
DAF61285,0,0,0,0,0
DAF61163,0,0,0,0,0
DAF60959,0,0,0,0,0
DAF60842,0,0,0,0,0
DAF60284,0,0,0,0,0
DAF60006,0,0,1,0,0
DAF59950,0,0,0,0,0
DAF59883,1,1,1,0,0
DAF59421,0,0,0,0,0
DAF59316,0,0,0,0,0
DAF58469,0,0,0,0,0
DAF58132,0,0,0,0,0
DAF57735,0,0,0,0,0
DAF57428,1,1,1,0,0
DAF57192,0,0,0,0,0
DAF56814,0,0,0,0,0
DAF55482,0,0,0,0,0
DAF54247,0,0,0,0,0
DAF53945,0,0,0,0,0
DAF52175,0,0,0,0,0
DAF51788,0,0,0,0,0
DAF51212,0,0,0,0,0
DAF50932,0,0,0,0,0
DAF50164,0,0,0,0,0
DAF49670,0,0,0,0,0
DAF48859,0,0,0,0,0
DAF48461,0,0,0,0,0
DAF47904,0,0,0,0,0
DAF47840,0,0,0,0,0
DAF47590,1,1,1,0,0
DAF47211,0,0,0,0,0
DAF47029,0,0,0,0,0
DAF46922,0,0,0,0,0
DAF46542,0,0,0,0,0
DAF46158,0,0,0,0,0
DAF45788,0,0,0,0,0
DAF45727,0,0,0,0,0
DAF44280,0,0,0,0,0
DAF44279,0,0,0,0,0
DAF43720,0,0,1,0,0
DAF43317,0,0,0,0,0
DAF42618,1,1,1,0,0
DAF14394,0,0,0,0,0
DAD55541,0,0,0,0,0
QWS69829,1,1,1,0,0
DAE91604,0,0,0,0,0
DAE91357,0,0,0,0,0
DAE91157,0,0,0,0,0
DAE90092,0,0,0,0,0
DAE90034,0,0,0,0,0
DAE89802,0,0,0,0,0
DAE88550,0,0,0,0,0
DAE88295,0,0,1,0,0
DAE87729,1,1,1,0,0
DAE86530,0,0,0,0,0
DAE86245,0,0,0,0,0
DAE86051,0,0,0,0,0
DAE86000,0,0,0,0,0
DAE85642,0,0,0,0,0
DAE84749,1,1,1,0,0
DAE84746,0,0,0,0,0
DAE84028,0,0,0,0,0
DAE84020,0,0,0,0,0
DAE83494,0,0,0,0,0
DAE82981,1,1,1,0,0
DAE82396,1,1,1,0,0
DAE82322,0,0,0,0,0
DAE82106,0,0,0,0,0
DAE81741,0,0,0,0,0
DAE81614,0,0,0,0,0
DAE80754,0,0,0,0,0
DAE79893,0,0,0,0,0
DAE78532,0,0,0,0,0
DAE78528,0,0,0,0,0
DAE77981,0,0,0,0,0
DAE77470,0,0,0,0,0
DAE76278,0,0,0,0,0
DAE76200,0,0,0,0,0
DAE76081,0,0,0,0,0
DAE75595,0,0,0,0,0
DAE75043,0,0,0,0,0
DAE74136,0,0,0,0,0
DAE74055,0,0,0,0,0
DAE73790,0,0,0,0,0
DAE73532,0,0,0,0,0
DAE72974,0,0,0,0,0
DAE72829,0,0,0,0,0
DAE72564,0,0,0,0,0
DAE72519,0,0,0,0,0
DAE72418,0,0,0,0,0
DAE72214,1,1,1,0,0
DAE71980,0,0,0,0,0
DAE71974,0,0,0,0,0
DAE71847,0,0,0,0,0
DAE71607,0,0,0,0,0
DAE71186,0,0,0,0,0
DAE71037,0,0,0,0,0
DAE71034,0,0,0,0,0
DAE69636,0,0,0,0,0
DAE69608,0,0,0,0,0
DAE69397,0,0,0,0,0
DAE69355,1,0,0,0,0
DAE69111,0,0,0,0,0
DAE69101,0,0,0,0,0
DAE68940,0,0,0,0,0
DAE68903,0,0,0,0,0
DAE67630,0,0,0,0,0
DAE67563,0,0,0,0,0
DAE66661,0,0,0,0,0
DAE66590,0,0,0,0,0
DAE66458,0,0,0,0,0
DAE66404,0,0,0,0,0
DAE66400,0,0,0,0,0
DAE65877,0,0,0,0,0
DAE65527,0,0,0,0,0
DAE65069,0,0,0,0,0
DAE64608,0,0,0,0,0
DAE64090,0,0,0,0,0
DAE64088,0,0,0,0,0
DAE63993,0,0,0,0,0
DAE63376,0,0,0,0,0
DAE63029,0,0,0,0,0
DAE61979,1,1,1,0,0
DAE61208,0,0,0,0,0
DAE61060,0,0,0,0,0
DAE60972,0,0,0,0,0
DAE60395,0,0,0,0,0
DAE60394,0,0,0,0,0
DAE59723,0,0,0,0,0
DAE59582,0,0,0,0,0
DAE59488,0,0,0,0,0
DAE59460,0,0,0,0,0
DAE59375,0,0,0,0,0
DAE59028,0,0,0,0,0
DAE58911,0,0,0,0,0
DAE57909,0,0,0,0,0
DAE57832,0,0,0,0,0
DAE57762,0,0,0,0,0
DAE56833,0,0,0,0,0
DAF42145,0,0,0,0,0
DAF41654,0,0,0,0,0
DAF39930,0,0,0,0,0
DAF39746,0,0,0,0,0
DAF39524,1,1,1,0,0
DAF37828,0,0,0,0,0
DAF36741,0,0,0,0,0
DAF36038,1,1,1,0,0
DAF35826,0,0,0,0,0
DAF35618,0,0,0,0,0
DAF35327,0,0,0,0,0
DAF34951,0,0,0,0,0
DAF34838,0,0,0,0,0
DAF34833,0,0,0,0,0
DAF34662,0,0,0,0,0
DAF34565,0,0,0,0,0
DAF34214,0,0,0,0,0
DAF33706,0,0,0,0,0
DAF33458,0,0,0,0,0
DAF32210,0,0,0,0,0
DAF32166,1,1,1,0,0
DAF32075,0,0,0,0,0
DAF32017,0,0,0,0,0
DAF31932,0,0,0,0,0
DAF31852,0,0,0,0,0
DAF31636,0,0,0,0,0
DAF31402,0,0,0,0,0
DAF31048,0,0,1,0,0
DAF30438,0,0,0,0,0
DAF29832,0,0,0,0,0
DAF28639,0,0,0,0,0
DAF28595,0,0,0,0,0
DAF28510,0,0,0,0,0
DAF27823,0,0,0,0,0
DAF27517,0,0,0,0,0
DAF27400,0,0,0,0,0
DAF26472,0,0,0,0,0
DAF25996,0,0,0,0,0
DAF25465,0,0,0,0,0
DAF24588,0,0,0,0,0
DAF24433,0,0,0,0,0
DAF23608,0,0,0,0,0
DAF23549,0,0,0,0,0
DAF22799,0,0,0,0,0
DAF22322,0,0,0,0,0
DAF21590,1,1,1,0,0
DAF21220,0,0,0,0,0
DAF20853,0,0,0,0,0
DAF20683,0,0,0,0,0
DAF19835,0,0,0,0,0
DAF19292,0,0,0,0,0
DAF17932,0,0,0,0,0
DAF17551,0,0,0,0,0
DAF17359,0,0,0,0,0
DAF16407,0,0,0,0,0
DAF15990,0,0,0,0,0
DAF15857,0,0,0,0,0
DAF15082,0,0,0,0,0
DAF14060,0,0,0,0,0
DAF13910,0,0,0,0,0
DAF13792,0,0,0,0,0
DAF13397,0,0,0,0,0
DAF13062,0,0,0,0,0
DAF13022,0,0,0,0,0
DAF12827,0,0,0,0,0
DAF12480,0,0,0,0,0
DAF12409,0,0,0,0,0
DAF12299,0,0,0,0,0
DAF12092,0,0,0,0,0
DAF10465,0,0,0,0,0
DAF10083,0,0,0,0,0
DAF09848,0,0,0,0,0
DAF08640,0,0,0,0,0
DAF08063,0,0,0,0,0
DAF07247,0,0,0,0,0
DAF07163,0,0,0,0,0
DAF06536,0,0,0,0,0
DAF06368,0,0,0,0,0
DAF05583,0,0,0,0,0
DAF05579,0,0,0,0,0
DAF05366,0,0,0,0,0
DAF05211,0,0,0,0,0
DAF05090,0,0,0,0,0
DAF04787,0,0,0,0,0
DAF04603,0,0,0,0,0
DAF04565,0,0,0,0,0
DAF03757,0,0,0,0,0
DAF03718,0,0,0,0,0
DAF03563,0,0,0,0,0
DAF03197,0,0,0,0,0
DAF02550,0,0,0,0,0
DAF02385,0,0,0,0,0
DAF02328,0,0,0,0,0
DAF02318,0,0,0,0,0
DAF02167,0,0,0,0,0
DAF02088,0,0,0,0,0
DAF01220,0,0,0,0,0
DAF00988,0,0,0,0,0
DAE98666,0,0,0,0,0
DAE98456,0,0,0,0,0
DAE98312,0,0,0,0,0
DAE98081,0,0,0,0,0
DAE97528,0,0,0,0,0
DAE97360,0,0,0,0,0
DAE96637,1,1,1,0,0
DAE96216,0,0,0,0,0
DAE95002,0,0,0,0,0
DAE94527,0,0,0,0,0
DAE94523,0,0,0,0,0
DAE94475,0,0,0,0,0
DAE94139,0,0,0,0,0
DAE93650,1,1,1,0,0
DAE93378,0,0,0,0,0
DAE54891,0,0,0,0,0
DAE54469,0,0,0,0,0
DAE54328,0,0,0,0,0
DAE53999,0,0,0,0,0
DAE53840,0,0,0,0,0
DAE53641,0,0,0,0,0
DAE53268,0,0,0,0,0
DAE53260,0,0,0,0,0
DAE53209,0,0,0,0,0
DAE52650,0,0,0,0,0
DAE52108,0,0,0,0,0
DAE51210,0,0,0,0,0
DAE50976,0,0,0,0,0
DAE50842,0,0,0,0,0
DAE50460,0,0,0,0,0
DAE50417,0,0,0,0,0
DAE49202,0,0,0,0,0
DAE49116,0,0,0,0,0
DAE48608,0,0,0,0,0
DAE48232,0,0,0,0,0
DAE47597,1,1,1,0,0
DAE46454,0,0,0,0,0
DAE45699,0,0,0,0,0
DAE45254,0,0,0,0,0
DAE44567,0,0,0,0,0
DAE44283,0,0,0,0,0
DAE43730,0,0,0,0,0
DAE43673,0,0,0,0,0
DAE42833,0,0,0,0,0
DAE42297,0,0,0,0,0
DAE41956,0,0,0,0,0
DAE41678,0,0,0,0,0
DAE41494,0,0,0,0,0
DAE40556,0,0,0,0,0
DAE39289,0,0,0,0,0
DAE39200,1,1,1,0,0
DAE38924,1,1,1,0,0
DAE38662,0,0,0,0,0
DAE38260,0,0,0,0,0
DAE37021,0,0,1,0,0
DAE36445,0,0,0,0,0
DAE34070,0,0,0,0,0
DAE33823,0,0,0,0,0
DAE33503,0,0,0,0,0
DAE32082,0,0,0,0,0
DAE31751,0,0,0,0,0
DAE92347,0,0,0,0,0
DAE92204,0,0,0,0,0
DAE92110,0,0,0,0,0
DAE91840,0,0,0,0,0
DAE29619,0,0,0,0,0
DAE55483,0,0,0,0,0
DAD72364,1,1,1,0,0
DAD71749,0,0,0,0,0
DAD71572,0,0,0,0,0
DAD71442,1,1,1,0,0
DAD70687,0,0,0,0,0
DAD70527,0,0,0,0,0
DAD70330,0,0,0,0,0
DAE27899,0,0,0,0,0
DAE28107,0,0,0,0,0
DAE24956,0,0,0,0,0
DAE24601,0,0,0,0,0
DAE23556,0,0,0,0,0
DAE23276,0,0,0,0,0
DAE22976,0,0,0,0,0
DAE22665,0,0,0,0,0
DAE22126,0,0,0,0,0
DAE21446,1,1,1,0,0
DAE21256,0,0,0,0,0
DAE21233,0,0,0,0,0
DAE21081,0,0,0,0,0
DAE20979,0,0,0,0,0
DAE20683,0,0,0,0,0
DAE20527,0,0,0,0,0
DAE20185,0,0,0,0,0
DAE19187,0,0,0,0,0
DAE18970,0,0,0,0,0
DAE18929,0,0,1,0,0
DAE18535,0,0,0,0,0
DAE18467,0,0,0,0,0
DAE17896,0,0,0,0,0
DAE17860,0,0,0,0,0
DAE17626,0,0,0,0,0
DAE14654,0,0,0,0,0
DAE14016,0,0,0,0,0
DAE13951,0,0,0,0,0
DAE13851,0,0,0,0,0
DAE13486,0,0,0,0,0
DAE11149,0,0,1,0,0
DAE11075,0,0,0,0,0
DAE10739,0,0,0,0,0
DAE10289,0,0,0,0,0
DAE10061,0,0,0,0,0
DAE08445,0,0,0,0,0
DAE08118,0,0,0,0,0
DAE07689,0,0,0,0,0
DAE07312,0,0,0,0,0
DAE07091,0,0,0,0,0
DAE06223,0,0,0,0,0
DAE05414,0,0,0,0,0
DAE05084,0,0,0,0,0
DAE05020,0,0,0,0,0
DAE04771,0,0,0,0,0
DAE04574,0,0,0,0,0
DAE04122,1,1,1,0,0
DAE03863,0,0,0,0,0
DAE03528,0,0,0,0,0
DAE03362,0,0,0,0,0
DAE03360,0,0,0,0,0
DAE03156,0,0,0,0,0
DAE02889,0,0,0,0,0
DAE02703,0,0,0,0,0
DAE01838,0,0,0,0,0
DAE01603,0,0,0,0,0
DAE01117,0,0,0,0,0
DAE00060,0,0,0,0,0
DAD99344,0,0,0,0,0
DAD99002,0,0,0,0,0
DAD98701,0,0,0,0,0
DAD97461,0,0,0,0,0
DAD69216,0,0,0,0,0
DAD68985,0,0,0,0,0
DAD68981,0,0,0,0,0
DAD68804,0,0,0,0,0
DAD68767,0,0,0,0,0
DAD68691,0,0,0,0,0
DAD67685,1,0,0,0,0
DAD67501,0,0,0,0,0
DAD67377,0,0,1,0,0
DAD67196,0,0,0,0,0
DAD66931,0,0,0,0,0
DAD66495,0,0,1,0,0
DAD66275,0,0,0,0,0
DAD65933,1,1,0,0,0
DAD65298,0,0,0,0,0
DAE26927,0,0,0,0,0
DAD96009,0,0,0,0,0
DAD95034,0,0,0,0,0
DAD94726,0,0,0,0,0
DAD94689,0,0,0,0,0
DAD94029,0,0,0,0,0
DAD93859,0,0,0,0,0
DAD93609,0,0,0,0,0
DAD93246,0,0,0,0,0
DAD92648,0,0,0,0,0
DAD92494,0,0,0,0,0
DAD92350,0,0,0,0,0
DAD92273,0,0,0,0,0
DAD91502,1,1,1,0,0
DAD91295,0,0,0,0,0
DAD91132,0,0,0,0,0
DAD90928,0,0,0,0,0
DAD90550,0,0,0,0,0
DAD90444,0,0,0,0,0
DAD90034,0,0,0,0,0
DAD89271,0,0,0,0,0
DAD89234,1,1,1,0,0
DAD88779,0,0,0,0,0
DAD87714,0,0,0,0,0
DAD87106,0,0,0,0,0
DAD86967,0,0,0,0,0
DAD86425,1,1,1,0,0
DAD86195,0,0,0,0,0
DAD85925,0,0,0,0,0
DAD85500,0,0,0,0,0
DAD85148,0,0,0,0,0
DAD85108,0,0,0,0,0
DAD84998,0,0,0,0,0
DAD84761,0,0,0,0,0
DAD83477,1,1,1,0,0
DAD83475,0,0,0,0,0
DAD82768,0,0,0,0,0
DAD82659,1,1,1,0,0
DAD82270,0,0,0,0,0
DAD80436,1,1,1,0,0
DAD80248,0,0,0,0,0
DAD80232,0,0,0,0,0
DAD79900,0,0,0,0,0
DAD79534,0,0,0,0,0
DAD79358,0,0,0,0,0
DAD79310,0,0,0,0,0
DAD79068,0,0,0,0,0
DAD78082,1,1,1,0,1
DAD77791,0,0,0,0,0
DAD77417,0,0,0,0,0
DAD77136,0,0,0,0,0
DAD77076,0,0,0,0,0
DAD76790,0,0,0,0,0
DAD76329,0,0,0,0,0
DAD76203,0,0,0,0,0
DAD76134,0,0,0,0,0
DAD75966,0,0,0,0,0
DAD75742,0,0,0,0,0
DAD75635,0,0,0,0,0
DAD75584,0,0,0,0,0
DAD75214,0,1,0,0,0
DAD75074,0,0,0,0,0
DAD74563,1,1,1,0,0
DAD74143,0,0,0,0,0
DAD73868,0,0,0,0,0
DAD73644,0,0,0,0,0
DAD73531,0,0,0,0,0
DAD73508,0,0,0,0,0
DAD56660,0,0,0,0,0
DAD64734,1,1,1,0,0
DAD64567,0,0,1,0,0
DAD63251,0,0,0,0,0
DAD63193,0,0,0,0,0
DAD62931,0,0,0,0,0
DAD62314,0,0,0,0,0
DAD62275,0,0,0,0,0
DAD62074,0,0,0,0,0
DAD62038,0,0,0,0,0
DAD61788,1,1,0,0,0
DAD61786,0,0,0,0,0
DAD57250,0,0,0,0,0
DAD60643,1,1,1,0,0
DAD60187,1,1,1,0,0
DAD60152,0,0,1,0,0
DAD59145,0,0,0,0,0
DAD59123,0,0,0,0,0
DAD58359,0,0,0,0,0
DAD58118,0,0,0,0,0
DAD57735,1,1,1,0,0
DAD57471,1,1,1,0,0
DAD57437,0,0,1,0,0
QUE30153,0,0,0,0,0
QQM14980,0,0,0,0,0
QPN96447,0,0,0,0,0
QMV34287,1,1,1,0,1
QVW53965,0,0,0,0,0
QVW53736,0,0,0,0,0
QVW27646,0,0,0,0,0
QVW27225,1,1,1,1,1
QVW27118,1,1,1,1,1
QVW09155,0,0,0,0,0
QTI27923,0,0,0,0,0
QVW08769,0,0,0,0,0
QVJ82431,0,0,0,0,0
QVJ13565,0,0,0,0,0
QVJ13375,0,0,0,0,0
QVJ13335,0,0,0,0,0
QVJ13229,0,0,0,0,0
QVJ12868,0,0,0,0,0
QVJ12796,0,0,0,0,0
QVJ12716,0,0,0,0,0
QVJ12436,0,0,0,0,0
QVG64330,1,1,1,0,0
QVG63991,1,1,1,0,0
QVD48965,0,0,0,0,0
QQG31107,0,0,0,0,0
QVD58345,1,1,1,0,0
QVD57469,1,1,1,0,0
QVD57263,1,1,1,0,0
QVD56932,1,1,1,0,0
QVD56744,1,1,1,0,0
QVD56506,1,1,1,0,0
QVD56391,1,1,1,0,0
QVD56164,1,1,1,0,0
QQO38255,0,0,1,0,0
QPI17198,0,0,0,0,0
QUR34649,0,0,0,0,0
QUL77335,0,0,0,0,0
QUD16314,0,0,0,0,0
QUE30100,0,0,0,0,0
QUD15875,0,0,0,0,0
QQG33379,0,0,0,0,0
QTQ06949,0,0,0,0,0
QTQ06882,0,0,0,0,0
QTP96214,1,1,1,0,0
QQG33592,0,0,0,0,0
BBK09251,0,0,0,0,0
QTH80280,0,0,0,0,0
QTH79763,0,0,0,0,0
QKE60441,0,0,0,0,0
QSJ04728,0,0,0,0,0
QQV89123,0,0,0,0,0
QPL22564,0,0,0,0,0
QPL22507,0,0,0,0,0
QIN95933,1,1,1,1,1
QIN95546,1,1,1,1,1
QIW89334,0,0,0,0,0
QLF88533,0,0,0,0,0
QLF88582,0,0,0,0,0
QLF88474,0,0,0,0,0
QLF88401,0,0,0,0,0
QLF88371,0,0,0,0,0
QLF88334,0,0,0,0,0
QLF88284,0,0,0,0,0
QLF88201,0,0,0,0,0
QLF88188,0,0,0,0,0
QLF88050,0,0,0,0,0
QLF88012,0,0,0,0,0
QPD06435,0,0,0,0,0
QIW90089,0,0,0,0,0
QSM04349,0,0,0,0,0
QSM02214,0,0,0,0,0
QSL99589,0,0,0,0,0
QSL99137,1,1,1,1,1
QSL99039,0,0,0,0,0
QSJ04787,0,0,0,0,0
QSJ04784,0,0,0,0,0
QSH74618,0,0,0,0,0
QSH71699,0,0,0,0,0
QQO89535,0,0,0,0,0
QQO89401,1,1,1,0,1
QQO89100,1,1,1,0,1
QQO88887,1,1,1,0,1
QQO88654,0,0,0,0,0
QQO88540,0,0,0,0,0
QQO88531,0,0,0,0,0
QQO88395,0,0,0,0,0
QQO88266,0,0,0,0,0
QQO88196,0,0,0,0,0
QQO88022,0,0,0,0,0
QQO87950,0,0,0,0,0
QQO87681,0,0,0,0,0
QQO87616,0,0,0,0,0
QQO87570,0,0,0,0,0
QQO87485,0,0,0,0,0
QQO87428,0,0,0,0,0
QQO87418,0,0,0,0,0
QQO87349,0,0,0,0,0
QQO87250,0,0,0,0,0
QQO87158,0,0,0,0,0
QQO87138,1,1,1,0,1
CAF0683015,0,0,0,0,0
QIW86970,1,1,1,1,1
QPI17266,0,0,0,0,0
QIG60894,1,1,1,0,0
QEG10538,1,1,1,1,1
QEG10268,1,1,1,1,1
QEG10031,0,0,0,0,0
QEG09963,0,0,0,0,0
QDK04487,0,0,0,0,0
AXY81627,0,0,0,0,0
CAD6025554,1,1,1,1,1
QRE00949,0,0,0,0,0
QRE00736,0,0,1,0,0
QJB22824,0,0,0,0,0
QIQ67271,0,0,0,0,0
QIQ66461,0,0,0,0,0
QIQ62188,1,1,1,0,1
QIO03667,0,0,0,0,0
QIO03666,0,0,0,0,0
QIG66606,0,0,0,0,0
QHZ59561,0,0,0,0,0
QHR76501,1,1,1,1,1
QHR75401,0,0,0,0,0
QHR75252,0,0,0,0,0
QHR74422,0,0,0,0,0
QHR74336,0,0,0,0,0
QHR74215,0,0,0,0,0
QHR74070,0,0,0,0,0
QHR73592,0,0,1,0,0
QHR73147,0,0,1,0,0
QHR72895,0,0,0,0,0
QHR72770,1,1,1,1,1
QHR72445,1,1,1,1,1
QHR72213,0,0,0,0,0
QHR71790,0,0,0,0,0
QHR71789,0,0,0,0,0
QHR71381,0,0,0,0,0
QHR71220,0,0,1,0,0
QHR71028,0,0,0,0,0
QHR70858,0,0,0,0,0
QHR70763,1,1,1,1,1
QHR70291,0,0,0,0,0
QHR70109,0,0,0,0,0
QHR69800,0,0,0,0,0
QHR69172,0,0,1,0,0
QHR68918,0,0,1,0,0
QHR68694,0,0,1,0,0
QHR68275,1,1,1,1,1
QHR68046,0,0,0,0,0
QHR67945,0,0,0,0,0
QHR67702,0,0,0,0,0
QHR67471,0,0,0,0,0
QHR67291,0,0,0,0,0
QHR67142,1,1,1,1,1
QHR66735,0,0,1,0,0
QHR66657,0,0,0,0,0
QHR66503,0,0,1,0,0
QHR65091,0,0,0,0,0
QHR64744,0,0,0,0,0
QHR63892,1,1,1,1,1
QHR63637,1,1,1,1,1
QQV93508,0,0,0,0,0
QQV88076,0,0,0,0,0
QQV93119,0,0,0,0,0
QQV91748,0,0,0,0,0
QQV91697,0,0,0,0,0
QQV89199,0,0,0,0,0
QQV88341,0,0,0,0,0
QIG77971,0,0,0,0,0
QIG76860,1,1,1,0,0
QIG76847,0,0,0,0,0
QIG76319,1,1,0,1,1
QIG76122,1,1,1,0,0
QIG75833,1,1,1,0,0
QIG75665,1,1,1,0,0
QIG75155,1,1,1,0,0
QIG74840,0,0,1,0,0
QIG74622,0,0,0,0,0
QIG74363,0,0,0,0,0
QIG74230,0,0,1,0,0
QIG70980,1,1,0,1,1
QIG70665,1,1,1,0,0
QIG70447,0,0,0,0,0
QIG70301,0,0,1,0,0
QIG69699,1,1,0,1,1
QIG69295,1,1,1,0,0
QIG69126,1,1,1,0,0
QIG68357,0,0,0,0,0
QIG66697,1,1,1,0,0
QOC57921,1,1,1,0,0
QQO92901,1,1,1,0,0
QQO92639,1,1,1,0,0
QQO92161,0,0,1,0,0
QQO91923,0,0,1,0,0
QQO90716,0,0,0,0,0
QQO38077,0,0,1,0,0
QQO38075,1,1,1,0,0
QQK88493,0,0,0,0,0
QQK88339,0,0,0,0,0
QQK87958,0,0,0,0,0
CAB5231290,1,1,1,0,0
CAB5231374,1,1,1,0,0
CAB5231611,1,1,1,0,0
CAB5238801,0,0,0,0,0
CAB5238742,0,0,0,0,0
CAB5238063,0,0,0,0,0
CAB5238263,1,1,1,1,1
CAB4242222,1,1,1,0,0
CAB4241512,1,1,1,0,0
CAB4241255,0,0,0,0,0
CAB4241000,0,0,0,0,0
CAB4240959,0,0,0,0,0
CAB5209293,1,1,1,0,0
CAB5194957,0,0,0,0,0
CAB5195063,0,0,0,0,0
CAB5194909,0,0,0,0,0
CAB5195118,0,0,0,0,0
CAB5194572,0,0,0,0,0
CAB5187302,0,0,0,0,0
CAB5170993,0,0,0,0,0
CAB5162276,0,0,0,0,0
CAB5162251,0,0,1,0,0
CAB5162568,0,0,0,0,0
CAB5155382,0,0,0,0,0
CAB5151273,0,0,0,0,0
CAB5079589,0,0,0,0,0
CAB5231005,0,0,0,0,0
CAB5230733,0,1,1,0,0
CAB5230446,0,0,0,0,0
CAB5230403,0,0,0,0,0
CAB5230184,0,0,0,0,0
CAB5230191,0,0,0,0,0
CAB5229476,0,0,0,0,0
CAB5229438,0,0,0,0,0
CAB5229311,0,0,0,0,0
CAB5228694,0,0,0,0,0
CAB5228638,0,0,1,0,0
CAB5228853,0,0,0,0,0
CAB5228209,0,0,0,0,0
CAB5228304,0,0,0,0,0
CAB5228297,0,0,0,0,0
CAB5228433,0,0,0,0,0
CAB5228133,0,0,0,0,0
CAB5228022,0,0,0,0,0
CAB5227715,1,1,1,0,0
CAB5227189,0,0,0,0,0
CAB5227190,0,0,0,0,0
CAB5226611,0,0,0,0,0
CAB5226400,1,1,1,0,0
CAB5225783,1,1,1,0,0
CAB5226057,0,0,0,0,0
CAB5225520,0,0,0,0,0
CAB5225679,0,0,0,0,0
CAB5224944,0,0,0,0,0
CAB5224192,0,0,0,0,0
CAB5223423,0,0,0,0,0
CAB5223293,0,0,0,0,0
CAB5222381,0,0,0,0,0
CAB5222672,0,0,0,0,0
CAB5222502,0,0,0,0,0
CAB5222990,0,0,0,0,0
CAB5222270,1,1,1,0,0
CAB5221824,1,1,1,0,0
CAB5221310,1,1,1,1,1
CAB5220877,1,1,1,0,0
CAB5220516,0,0,0,0,0
CAB5220629,1,1,1,1,1
CAB5220307,1,1,1,0,0
CAB5220345,0,0,0,0,0
CAB5219803,0,0,0,0,0
CAB5219756,1,1,1,0,0
CAB5219688,1,1,1,0,0
CAB5219433,1,1,1,0,0
CAB5219759,1,1,1,0,0
CAB5218425,0,0,0,0,0
CAB5218177,1,1,1,0,0
CAB5217949,0,0,0,0,0
CAB5217691,0,0,0,0,0
CAB5217084,0,0,1,0,0
CAB5215062,0,0,0,0,0
CAB5214459,1,1,1,0,0
CAB5214192,0,0,0,0,0
CAB4223479,0,0,0,0,0
CAB4221319,1,1,1,0,0
CAB4220954,1,1,1,0,0
CAB4220717,1,1,1,0,0
CAB4220561,0,0,0,0,0
CAB4191251,0,0,0,0,0
CAB4190422,0,0,0,0,0
CAB4189498,0,0,0,0,0
CAB4188343,1,1,1,0,0
CAB4187946,0,0,0,0,0
CAB4187942,0,0,0,0,0
CAB4188093,0,0,0,0,0
CAB4187872,0,0,0,0,0
CAB4186570,0,0,0,0,0
CAB4185457,1,1,1,0,0
CAB4185816,1,1,1,0,0
CAB4185027,0,0,0,0,0
CAB4184322,0,0,0,0,0
CAB4183498,0,0,0,0,0
CAB4182881,0,0,0,0,0
CAB4182404,0,0,0,0,0
CAB4182011,1,1,1,1,1
CAB4181649,0,0,0,0,0
CAB4181301,0,0,0,0,0
CAB4219968,0,0,0,0,0
CAB4219695,0,0,0,0,0
CAB4219647,0,0,1,0,0
CAB4219088,0,1,0,0,0
CAB4218125,1,1,1,0,0
CAB4218668,0,0,0,0,0
CAB4218766,0,0,0,0,0
CAB4218577,0,0,0,0,0
CAB4217372,0,0,0,0,0
CAB4216028,0,0,0,0,0
CAB4214760,0,0,0,0,0
CAB4205081,0,0,0,0,0
CAB4203580,0,0,1,0,0
CAB4202900,0,0,0,0,0
CAB4202876,0,0,0,0,0
CAB4202212,0,0,0,0,0
CAB4200239,0,0,0,0,0
CAB4200542,0,0,0,0,0
CAB4199555,0,0,0,0,0
CAB4198658,1,1,1,0,0
CAB4197671,0,0,1,0,0
CAB4197138,0,0,0,0,0
CAB4197069,1,1,1,0,0
CAB4195629,0,0,0,0,0
CAB4195545,0,0,0,0,0
CAB4193876,1,1,1,0,0
CAB4193483,1,1,0,0,0
CAB4193402,1,1,1,0,0
CAB4192157,0,0,0,0,0
CAB4192211,0,0,0,0,0
CAB4178227,0,0,0,0,0
CAB4177362,0,0,0,0,0
CAB4176748,1,1,1,0,0
CAB4176404,0,0,0,0,0
CAB4175651,1,1,1,0,0
CAB4175231,1,1,0,0,0
CAB4172641,0,0,0,0,0
CAB4170092,0,0,0,0,0
CAB4167666,0,0,1,0,0
CAB4166116,0,0,0,0,0
CAB4166824,0,0,0,0,0
CAB4165435,0,0,0,0,0
CAB4165163,0,0,0,0,0
CAB4164222,1,1,1,0,0
CAB4163674,0,0,0,0,0
CAB4163694,0,0,0,0,0
CAB4163334,0,0,0,0,0
CAB4163574,0,0,0,0,0
CAB4163719,0,0,0,0,0
CAB4163143,0,0,0,0,0
CAB4162668,1,1,1,0,0
CAB4162524,1,1,1,0,0
CAB4162521,0,0,0,0,0
CAB4162450,1,1,1,1,1
CAB4162214,0,0,0,0,0
CAB4162174,0,0,0,0,0
CAB4161254,0,0,0,0,0
CAB4160502,0,0,0,0,0
CAB4161018,0,0,0,0,0
CAB4161331,0,0,0,0,0
CAB4161422,0,0,0,0,0
CAB4160483,1,1,1,0,0
CAB4160173,1,1,1,0,0
CAB4159071,0,0,0,0,0
CAB4159147,0,0,0,0,0
CAB4158369,0,0,0,0,0
CAB4159441,1,1,0,0,0
CAB4159024,1,1,1,0,0
CAB4158194,0,1,1,0,0
CAB4157494,0,0,0,0,0
CAB4157274,1,1,1,0,0
CAB4156959,0,0,0,0,0
CAB4156647,0,0,0,0,0
CAB4155145,0,0,0,0,0
CAB4154680,0,0,0,0,0
CAB4154710,0,0,0,0,0
CAB4154296,0,0,1,0,0
CAB4154208,0,0,0,0,0
CAB4152759,0,0,0,0,0
CAB4153355,1,1,1,0,0
CAB4152222,0,0,0,0,0
CAB4151786,0,0,0,0,0
CAB4151160,0,0,0,0,0
CAB4151827,0,0,0,0,0
CAB4151861,0,0,0,0,0
CAB4150391,0,0,0,0,0
CAB4150149,0,0,0,0,0
CAB4150087,0,0,0,0,0
CAB4148731,0,0,0,0,0
CAB4148888,0,0,0,0,0
CAB4148311,1,1,1,0,0
CAB4147007,0,0,0,0,0
CAB4147229,0,0,0,0,0
CAB4147649,0,0,0,0,0
CAB4148053,0,1,1,0,0
CAB4146702,0,0,0,0,0
CAB4144152,0,0,0,0,0
CAB4144341,0,0,1,0,0
CAB4143734,1,1,1,1,1
CAB4143755,1,1,1,0,0
CAB4143188,1,1,1,0,0
CAB4142735,0,0,0,0,0
CAB4142356,0,0,0,0,0
CAB4141507,0,0,0,0,0
CAB4141218,1,1,1,0,0
CAB4141071,0,0,0,0,0
CAB4140887,0,0,0,0,0
CAB4140347,0,0,0,0,0
CAB4140846,1,1,1,1,1
CAB4140208,0,0,0,0,0
CAB4140087,0,0,0,0,0
CAB4140199,0,0,0,0,0
CAB4138911,0,0,0,0,0
CAB4138796,0,0,0,0,0
CAB4139204,0,0,0,0,0
CAB4139303,0,0,0,0,0
CAB4138915,0,0,0,0,0
CAB4138736,0,0,0,0,0
CAB4138416,0,0,1,0,0
CAB4138297,1,1,1,0,0
CAB4138102,1,1,1,0,0
CAB4137007,0,0,0,0,0
CAB4136603,0,0,0,0,0
CAB4135449,0,0,0,0,0
CAB4134619,0,0,0,0,0
CAB4135144,0,0,1,0,0
CAB4133946,0,0,0,0,0
CAB4133814,0,0,0,0,0
CAB4133124,1,1,1,0,0
CAB4133386,1,1,1,1,1
CAB4132424,0,0,0,0,0
CAB4132196,0,0,0,0,0
CAB4131934,0,0,0,0,0
CAB4131826,0,0,0,0,0
CAB4130615,0,0,0,0,0
CAB4130968,0,0,0,0,0
CAB4129590,1,1,1,0,0
CAB4129612,1,1,1,0,0
CAB4129088,1,1,1,1,0
CAB4128633,1,0,1,0,0
CAB4127293,1,1,1,0,0
CAB4126163,0,0,0,0,0
CAB4124821,1,1,1,0,0
CAB4124634,0,0,1,0,0
CAB4124494,0,0,0,0,0
CAB4124308,1,1,1,1,1
CAB4123943,1,1,1,0,0
CAB4123588,1,1,1,0,0
CAB4123086,1,1,1,0,0
CAB4122631,0,0,0,0,0
CAB4122120,1,1,1,0,0
CAB4121624,0,0,0,0,0
CAB4121174,0,0,0,0,0
CAB4120809,0,0,0,0,0
QQO40108,0,0,1,0,0
QQO40074,0,0,1,0,0
QQO40043,0,0,1,0,0
QQO40023,0,0,1,0,0
QQO40002,0,0,1,0,0
QOV05432,0,0,0,0,0
QNI20574,1,1,1,1,1
QQM15584,1,1,1,1,1
QQM14781,1,1,1,0,0
QQM14011,0,0,0,0,0
QOV05478,0,0,0,0,0
QBQ73003,0,0,0,0,0
QOC54746,0,0,0,0,0
QMS41857,0,0,0,0,0
QMS41856,0,0,0,0,0
QBJ01066,0,0,0,0,0
QPI12747,0,0,0,0,0
BBI55025,0,0,0,0,0
QPX76663,0,0,0,0,0
BCI98965,0,0,0,0,0
BCI98937,0,0,0,0,0
BCI50514,0,0,0,0,0
BCI50308,0,0,0,0,0
BCI49946,0,0,0,0,0
BCI49834,0,0,0,0,0
BCI49801,0,0,0,0,0
BCI49604,0,0,0,0,0
BCI49492,0,0,0,0,0
BCI49456,0,0,0,0,0
BCI49324,0,0,0,0,0
BCI49214,0,0,0,0,0
BCI49180,0,0,0,0,0
BCI49050,0,0,0,0,0
BCI49016,0,0,0,0,0
QPL22678,0,0,0,0,0
QPL22619,0,0,0,0,0
QPL22449,0,0,0,0,0
QPL22394,0,0,0,0,0
QPL22338,0,0,0,0,0
QPL22283,0,0,0,0,0
QPL22227,0,0,0,0,0
QPL22169,0,0,0,0,0
QPL15131,0,0,0,0,0
QPX65695,1,1,1,0,0
QPX65528,1,1,1,0,0
QPX65362,1,1,1,0,0
QPX65202,1,1,1,0,0
QPX65037,1,1,1,0,0
QPX64878,1,1,1,0,0
QPX64713,1,1,1,0,0
QPX64548,1,1,1,0,0
QPX64384,1,1,1,0,0
QPX64219,1,1,1,0,0
QPX64056,1,1,1,0,0
QPX63893,1,1,1,0,0
QPX63747,1,1,1,0,0
QPX63558,1,1,1,0,0
QPX63392,1,1,1,0,0
QPX63225,1,1,1,0,0
QPX63048,1,1,1,0,0
QPX62881,1,1,1,0,0
QPX62435,0,0,0,0,0
QPP47086,1,1,1,1,1
QPO17441,0,0,0,0,0
QPO16751,0,0,0,0,0
QNO10412,0,0,0,0,0
QNO10136,0,0,0,0,0
QNO09998,0,0,0,0,0
QNO09869,0,0,0,0,0
QNO09761,0,0,0,0,0
QNO09544,0,0,0,0,0
QNO09432,0,0,0,0,0
QNO09212,0,0,0,0,0
QNO09106,0,0,0,0,0
QNO08927,0,0,0,0,0
QNO08671,0,0,0,0,0
QNO08529,0,0,0,0,0
QNO08456,0,0,0,0,0
QNO08311,0,0,0,0,0
QNO08149,0,0,0,0,0
QNO07861,0,0,0,0,0
QNO07807,0,0,0,0,0
QNO07607,0,0,0,0,0
QNO07394,0,0,0,0,0
QNO07308,0,0,0,0,0
QNO07141,0,0,0,0,0
QNO06870,0,0,0,0,0
QNO06821,0,0,0,0,0
QNO06596,0,0,0,0,0
QNO06522,0,0,0,0,0
QNO06361,0,0,0,0,0
QNO06100,0,0,0,0,0
QNO05943,0,0,0,0,0
QNO05870,0,0,0,0,0
QNO05703,0,0,0,0,0
QNO05546,0,0,0,0,0
QNO05386,0,0,0,0,0
QNO05225,0,0,0,0,0
QNO05045,0,0,0,0,0
QNO04880,0,0,0,0,0
QNO04646,0,0,0,0,0
QNO04484,0,0,0,0,0
QNO04396,0,0,0,0,0
QNO04161,0,0,0,0,0
QNO04000,0,0,0,0,0
QNO03813,0,0,0,0,0
QNO03764,0,0,0,0,0
QNO03508,0,0,0,0,0
QNO03351,0,0,0,0,0
QNO03297,0,0,0,0,0
QNO03113,0,0,0,0,0
QNO02947,0,0,0,0,0
QNO02772,0,0,0,0,0
QNO02618,0,0,0,0,0
QNO02352,0,0,0,0,0
QNO02299,0,0,0,0,0
QNO02133,0,0,0,0,0
QNO01835,0,0,0,0,0
QNO01803,0,0,0,0,0
QNO01515,0,0,0,0,0
QNO01488,0,0,0,0,0
AYJ73808,0,0,0,0,0
QPI15949,0,0,0,0,0
QPI15751,0,0,0,0,0
QPI14555,0,0,0,0,0
QPI14304,0,0,0,0,0
QPI14158,0,0,0,0,0
QPI13810,1,1,1,1,1
QJT71472,1,1,1,0,1
QJT71190,0,0,1,0,0
QJT70977,0,0,1,0,0
QPI16440,1,1,1,0,0
QPI16203,0,0,1,0,0
AGF91110,0,0,0,0,0
AGF91040,0,0,0,0,0
QPB12507,0,0,0,0,0
QPB12002,0,0,0,0,0
QPB11927,0,0,0,0,0
QPB11779,0,0,0,0,0
QPB11626,0,0,0,0,0
QPB11575,0,0,0,0,0
QPB11360,0,0,0,0,0
QPB11304,0,0,0,0,0
QPB09023,0,0,0,0,0
QPB09003,1,1,1,1,1
QPB07291,0,0,0,0,0
QOC67889,0,0,0,0,0
QOC67863,0,0,0,0,0
QOC54681,0,0,0,0,0
AZV02354,0,0,0,0,0
ASD53533,0,0,0,0,0
ASD50864,0,0,0,0,0
QOI69590,0,0,0,0,0
QOI58243,1,1,1,1,1
QOC57227,0,0,1,0,0
QNR53779,0,0,0,0,0
QNR53643,0,0,0,0,0
QNR53569,0,0,0,0,0
QNR53437,0,0,1,0,0
QNR53145,0,0,1,0,0
QNR53009,0,0,1,0,0
QGH74680,0,0,0,0,0
AXH43725,0,0,0,0,0
ASZ73755,0,0,0,0,0
ASZ73210,0,0,0,0,0
AIA83225,0,0,0,0,0
AIA83176,0,0,0,0,0
BCM29362,1,1,1,1,1
QOV08036,0,0,0,0,0
QOV07669,0,0,0,0,0
QOV07629,0,0,0,0,0
QOV07591,0,0,0,0,0
QOV07520,0,0,0,0,0
QOV07502,0,0,0,0,0
QOV07452,0,0,0,0,0
QOV07369,0,0,0,0,0
QOV07321,0,0,0,0,0
QOV07284,0,0,0,0,0
QOV07255,0,0,0,0,0
QOV07100,0,0,0,0,0
QOV07001,0,0,0,0,0
QOV06946,0,0,0,0,0
QOV06892,0,0,0,0,0
QOV06864,0,0,0,0,0
QOV06783,0,0,0,0,0
QOV06730,0,0,0,0,0
QOV06703,0,0,0,0,0
QOV06666,0,0,0,0,0
QOV06605,0,0,0,0,0
QOV06550,0,0,0,0,0
QOV06494,0,0,0,0,0
QOV06467,0,0,0,0,0
QOV06427,0,0,0,0,0
QOV06103,0,0,0,0,0
QOV06082,0,0,0,0,0
QOV05977,0,0,0,0,0
QOV06342,0,0,0,0,0
QOR56030,0,0,0,0,0
QOR55968,0,0,0,0,0
QOR55727,0,0,0,0,0
QOP65228,0,0,0,0,0
QKN86191,0,0,0,0,0
QJT70777,0,0,0,0,0
AGD81050,0,0,0,0,0
AGD81049,0,0,0,0,0
CAD2272448,1,1,1,1,1
CAD2272721,1,1,1,1,1
CAA7537627,1,1,1,1,1
CAA7332730,0,0,0,0,0
QOI68495,0,0,0,0,0
QOI58497,0,0,0,0,0
QOI72296,1,1,1,1,1
QOI71757,1,1,1,1,1
QOI71213,1,1,1,1,1
QOI68589,0,0,0,0,0
QOI67022,0,0,0,0,0
QOI58145,0,0,0,0,0
QHB42777,1,1,1,1,1
QHB42548,1,1,1,1,1
QHB42353,1,1,1,1,1
QHB42152,1,1,1,1,1
QHB41949,1,1,1,1,1
QHB41746,1,1,1,1,1
QHB41545,1,1,1,1,1
QOE32524,1,1,1,0,0
QOC57833,0,0,0,0,0
QOC57791,0,0,0,0,0
QOC57739,0,0,0,0,0
QOC57689,0,0,0,0,0
QOC57634,0,0,0,0,0
QNI20963,0,0,0,0,0
QIW91713,0,0,0,0,0
QKE60827,0,0,0,0,0
QJS52950,0,0,0,0,0
QGJ96127,1,1,1,0,0
QGJ95565,1,1,1,0,0
QGJ95183,1,1,1,0,0
QGJ94432,1,1,1,0,0
QGJ94289,1,1,1,0,0
QGJ92640,1,1,1,0,0
QGJ92369,1,1,1,0,0
QNR53900,0,0,0,0,0
QNR52634,0,0,0,0,0
QNR52058,0,0,0,0,0
QNO11983,0,0,0,0,0
QNO11909,0,0,0,0,0
QNO11760,0,0,0,0,0
QNO00982,0,0,0,0,0
QNL31043,0,0,0,0,0
QNL30988,0,0,0,0,0
QNL29332,0,0,0,0,0
QLF85768,0,0,0,0,0
QNO01299,1,1,1,0,0
QNN97404,0,0,0,0,0
QNN97357,0,0,0,0,0
QNN97297,0,0,0,0,0
QNN97248,0,0,0,0,0
QNJ57509,0,0,0,0,0
QNJ55093,1,1,1,1,1
QNJ54707,1,1,1,1,1
QNJ49153,0,0,0,0,0
QNL31511,1,1,1,0,0
QNL29763,0,0,0,0,0
QGJ86635,0,0,0,0,0
ATN94252,0,0,0,0,0
QNJ59877,0,0,0,0,0
QNJ59873,0,0,0,0,0
QNJ59202,1,1,1,0,0
QMP84446,0,0,1,0,0
QEA03032,0,0,1,0,0
QNH91733,0,0,0,0,0
QNH72049,0,0,0,0,0
QNH71641,1,1,1,0,0
QNG62577,1,1,1,0,0
QMV34466,0,0,0,0,0
QMV29093,1,1,1,1,1
QHB48081,0,0,0,0,0
QHB48033,0,0,0,0,0
QHB47892,0,0,0,0,0
QFR58490,0,0,0,0,0
ARB11547,0,0,0,0,0
QMP82623,1,1,1,1,1
QMP81772,0,0,0,0,0
QMP81597,0,0,0,0,0
QLI47636,0,0,0,0,0
QHB48129,0,0,0,0,0
QHB47985,0,0,0,0,0
QHB47937,0,0,0,0,0
QDF45977,0,0,0,0,0
QLF82872,0,0,0,0,0
QLF86233,1,1,1,0,0
QLF80621,0,0,0,0,0
QLB38247,0,0,0,0,0
QKY80328,0,0,0,0,0
QKY80270,0,0,0,0,0
QKY79277,0,0,0,0,0
QKY78329,0,0,0,0,0
QIG64911,0,0,0,0,0
QIG64252,0,0,0,0,0
VUF53997,0,0,0,0,0
VUF53873,0,0,0,0,0
VUF53987,0,0,0,0,0
VUF53892,0,0,0,0,0
VUF54009,0,0,0,0,0
VUF53896,0,0,0,0,0
VUF53962,0,0,0,0,0
VUF53826,0,0,0,0,0
VUF54096,0,0,0,0,0
VUF54016,0,0,0,0,0
VUF54022,0,0,0,0,0
VUF53930,0,0,0,0,0
VUF54019,0,0,0,0,0
VUF53992,0,0,0,0,0
VUF54106,0,0,0,0,0
QDH94181,0,0,0,0,0
YP_001700679,0,0,0,0,0
QKN87733,0,0,0,0,0
QKN87792,0,0,0,0,0
QEM41232,0,0,0,0,0
QDJ96424,1,1,1,0,0
QKN88954,0,0,0,0,0
QIW88551,0,0,0,0,0
QGJ86753,0,0,0,0,0
QKO02892,0,0,0,0,0
QKO02660,0,0,0,0,0
QKN87937,0,0,0,0,0
QKN86118,0,0,0,0,0
QKM75949,0,0,0,0,0
QKE60725,1,1,1,0,0
QKE60357,0,0,0,0,0
QKE55673,0,0,0,0,0
QHJ75101,0,0,0,0,0
QHJ74988,0,0,0,0,0
QIN94970,0,0,0,0,0
AGS82000,0,0,1,0,0
QJT70341,0,0,0,0,0
QJD55117,0,0,0,0,0
QJD54669,0,0,0,0,0
QJD54613,0,0,0,0,0
QJQ82580,0,0,0,0,0
QGH45114,0,0,0,0,0
QJI53562,0,0,0,0,0
QJI53086,1,1,1,1,1
QJI52535,0,0,0,0,0
QGF20078,0,0,0,0,0
QJD51623,0,0,0,0,0
QJD51019,0,0,0,0,0
QJD50537,0,0,0,0,0
QJD50072,0,0,0,0,0
QJD49695,0,0,0,0,0
QFG06790,0,0,0,0,0
QEM41398,1,1,1,0,0
QEG09792,0,0,0,0,0
QEG09689,0,0,0,0,0
QEG09576,0,0,0,0,0
QEG09185,0,0,0,0,0
QEG06998,0,0,0,0,0
QEG06922,0,0,0,0,0
QEG06841,0,0,0,0,0
QEA10278,1,1,1,0,1
QBQ72887,0,0,0,0,0
AYR00775,0,0,0,0,0
AYJ72901,1,1,1,1,1
AXY86292,0,0,0,0,0
AXF38582,1,1,1,0,0
AXF38373,1,1,1,0,0
ARB06525,0,0,0,0,0
QJA42573,1,1,1,1,1
QIW91024,1,1,1,1,1
QIW90328,1,1,1,1,1
QIW89989,1,1,1,0,0
QHJ84418,0,0,0,0,0
QHJ84147,0,0,0,0,0
QHJ83736,0,0,0,0,0
QHJ83550,0,0,0,0,0
QHJ83152,1,1,1,0,0
QHJ83020,0,0,0,0,0
QHJ81889,0,0,0,0,0
QHJ81830,0,0,0,0,0
QHJ81467,0,0,0,0,0
QHJ80967,0,0,0,0,0
QHJ80734,0,0,0,0,0
QHJ80543,0,0,0,0,0
QHJ80421,0,0,0,0,0
QHJ80213,0,0,0,0,0
QHJ80126,0,0,0,0,0
QHJ79932,0,0,0,0,0
QHJ79833,0,0,0,0,0
QHJ79737,0,0,0,0,0
QHJ79712,0,0,0,0,0
QHJ79606,0,0,0,0,0
QHJ79473,0,0,0,0,0
QHJ79452,0,0,0,0,0
QHJ79260,0,0,0,0,0
QHJ78349,0,0,0,0,0
QHJ78347,0,0,0,0,0
QHJ77715,0,0,0,0,0
QHJ77369,0,0,0,0,0
QHJ77286,0,0,0,0,0
QHJ77258,0,0,0,0,0
QHJ76853,0,0,0,0,0
QHJ76800,0,0,0,0,0
QHJ76560,0,0,0,0,0
AZU99455,0,0,0,0,0
QDB70963,0,0,0,0,0
QIN95137,0,0,0,0,0
AZU98248,1,1,1,1,1
QIQ68406,0,0,0,0,0
QIQ68024,0,0,0,0,0
QIQ67432,0,0,0,0,0
QIQ65592,0,0,0,0,0
QIQ65117,0,0,0,0,0
QIQ64957,0,0,0,0,0
QIQ64439,0,0,0,0,0
QIQ64372,0,0,0,0,0
QIQ64321,0,0,0,0,0
QIQ64065,0,0,0,0,0
QIQ63811,0,0,0,0,0
QEG12150,0,0,0,0,0
QIN95220,1,1,1,0,0
QIN93966,0,0,0,0,0
QIN93854,0,0,0,0,0
QIN93015,0,0,0,0,0
QIN92445,0,0,0,0,0
DAC81599,0,0,0,0,0
QIG65668,1,1,1,0,0
QIG62736,1,1,1,1,1
QIG62510,0,0,0,0,0
QIG60461,1,1,1,0,1
QIG59281,0,0,0,0,0
QIG58120,0,0,0,0,0
QIG57323,0,0,0,0,0
QID21019,0,0,0,0,0
QEP52977,0,0,0,0,0
VVC17441,0,0,0,0,0
VVA60614,0,0,1,0,0
VVA60601,0,0,1,0,0
VVA46385,0,0,1,0,0
VUF57013,0,0,0,0,0
VUF55395,0,0,0,0,0
VUF54491,0,0,0,0,0
VUF54281,0,0,0,0,0
VUF54516,0,0,1,0,0
VUF53083,0,0,0,0,0
VUD37842,0,0,0,0,0
VUD37807,0,0,0,0,0
VUD36931,0,0,0,0,0
VUD36904,0,0,0,0,0
VUD36892,0,0,0,0,0
VUD36761,0,0,0,0,0
VUD36749,0,0,0,0,0
VUD36521,0,0,0,0,0
VUD36515,0,0,0,0,0
VUD36452,0,0,0,0,0
BBU53706,0,0,0,0,0
QHJ73246,1,1,1,1,1
QHJ72973,1,1,1,1,1
QHJ74569,1,1,1,0,0
QGH72074,0,0,0,0,0
QHJ86229,0,0,0,0,0
QHJ75607,0,0,0,0,0
QHJ75606,0,0,0,0,0
QHJ74191,1,1,1,1,1
QHJ72640,0,0,0,0,0
QCG76662,1,1,1,0,0
QHI00798,0,0,0,0,0
QHI00763,0,0,0,0,0
QHI00641,0,0,1,0,0
QHI00520,0,0,0,0,0
QGF21830,0,0,1,0,0
QHB49384,1,1,1,1,1
QHB49033,0,0,0,0,0
QHB48931,0,0,0,0,0
QHB48624,1,1,1,1,1
QHB47837,0,0,0,0,0
QHB47264,0,0,0,0,0
QHB43071,1,1,1,1,1
QHB42722,0,0,0,0,0
QHB41156,0,0,0,0,0
AZV01609,0,0,0,0,0
AZV02302,0,0,0,0,0
AZV02155,0,0,0,0,0
QGS83630,1,1,1,1,1
QGZ18259,0,0,0,0,0
QGZ18061,0,0,0,0,0
QGZ17993,0,0,0,0,0
QGZ17986,0,0,0,0,0
QGZ17905,0,0,0,0,0
QGZ17898,0,0,0,0,0
QGZ13138,0,0,0,0,0
QGT54916,1,1,1,0,0
QGT54551,1,1,1,0,0
QGT53668,0,0,0,0,0
QGT53535,0,0,0,0,0
QGT52839,0,0,0,0,0
QGT52467,0,0,0,0,0
QGT52396,0,0,0,0,0
AXH71995,0,0,0,0,0
QDH93785,0,0,0,0,0
VUF53762,0,0,0,0,0
QBQ72822,0,0,0,0,0
QBQ72676,0,0,0,0,0
QBQ72558,0,0,0,0,0
QGK90527,0,0,0,0,0
QGJ84532,0,0,0,0,0
QGJ84483,0,0,0,0,0
QGH73732,0,0,0,0,0
QGH73690,0,0,0,0,0
QGH73169,0,0,0,0,0
QGH72527,0,0,0,0,0
QGH71381,0,0,0,0,0
QGH45331,0,0,0,0,0
AZU99979,1,1,1,0,0
QGF21409,0,0,0,0,0
QGF20787,0,0,0,0,0
QGF19951,0,0,0,0,0
QGF19797,0,0,0,0,0
QGF19668,0,0,0,0,0
BBM61596,1,1,1,1,1
QDF14620,0,0,0,0,0
QDH46190,0,0,0,0,0
QDH46122,0,0,0,0,0
QFR59114,0,0,0,0,0
QFR58963,0,0,0,0,0
QFR57243,0,0,0,0,0
QFR57040,1,1,1,1,1
QFR55905,1,1,1,1,1
QFR42361,0,0,0,0,0
QFP95361,0,0,0,0,0
QFP93980,0,0,0,0,0
QFP93835,0,0,0,0,0
QFP93760,0,0,0,0,0
QFP93712,0,0,0,0,0
QFP93667,0,0,0,0,0
QFP93612,0,0,0,0,0
QFP92937,0,0,0,0,0
QBQ71621,0,0,0,0,0
QBJ01031,0,0,0,0,0
QFG13735,0,0,0,0,0
QFG11929,0,0,0,0,0
QFG09829,0,0,0,0,0
QFG08271,0,0,0,0,0
QFG04703,0,0,0,0,0
QBP28287,0,0,0,0,0
QBP27813,0,0,0,0,0
QBP27725,0,0,0,0,0
QBP27529,1,1,1,0,0
QBP07860,0,0,0,0,0
QCW23513,0,0,0,0,0
QCW23512,0,0,0,0,0
QCW23450,0,0,0,0,0
QCW23449,0,0,0,0,0
QCW23388,0,0,0,0,0
AZF89457,0,0,0,0,0
QEA09448,0,0,0,0,0
QEQ95186,0,0,0,0,0
QEQ94731,0,0,0,0,0
QEQ50468,0,0,0,0,0
QEP53491,0,0,0,0,0
QEP53443,1,1,1,0,0
QEM42776,0,0,0,0,0
QEI23844,0,0,0,0,0
YP_009553348,0,0,0,0,0
VOH53749,1,1,1,0,0
QEM42962,0,0,0,0,0
QEM40975,0,0,0,0,0
QEI24884,0,0,0,0,0
QEI24764,0,0,0,0,0
QEI24610,0,0,0,0,0
QEI24435,0,0,0,0,0
QEI23908,0,0,0,0,0
QEI23791,0,0,0,0,0
QEI23761,0,0,0,0,0
QEI23669,0,0,0,0,0
QEI23622,0,0,0,0,0
QEI23546,0,0,0,0,0
QEI23278,0,0,0,0,0
QEI23232,0,0,0,0,0
QEI23149,0,0,0,0,0
QEI23090,0,0,0,0,0
QEI23024,0,0,0,0,0
QEG06759,0,0,0,0,0
QEG06157,1,1,1,1,1
QEG05621,1,1,1,1,1
QEG05336,1,1,1,1,1
QEG13360,0,0,0,0,0
QEG12932,0,0,0,0,0
QEG11877,0,0,0,0,0
QEG11611,1,1,1,1,1
QEG11149,0,0,0,0,0
QEG07633,0,0,1,0,0
QEG04440,0,0,0,0,0
AWY10162,0,0,0,0,0
QEA03147,0,0,0,0,0
QBJ04660,0,0,0,0,0
QDP68345,0,0,0,0,0
QDP68289,0,0,0,0,0
QDP67884,0,0,0,0,0
QDP66624,0,0,0,0,0
QDP66401,0,0,0,0,0
QDP64843,0,0,0,0,0
QDP64566,0,0,0,0,0
QDP64538,0,0,0,0,0
QDP64202,0,0,0,0,0
QDP63375,1,1,1,0,0
QDP62672,0,0,0,0,0
QDP62378,0,0,0,0,0
QDP62072,1,1,1,0,0
QDP60615,0,0,0,0,0
QDP60404,0,0,0,0,0
QDP60336,0,0,0,0,0
QDP60110,0,1,0,0,0
QDP59507,0,0,0,0,0
QDP59200,0,0,0,0,0
QDP59152,0,0,0,0,0
QDP59080,0,0,0,0,0
QDP58240,0,0,0,0,0
QDP58051,0,0,0,0,0
QDP57848,0,0,0,0,0
QDP57798,0,0,0,0,0
QDP56953,0,0,0,0,0
QDP56381,0,0,0,0,0
QDP55637,0,0,0,0,0
QDP54920,0,0,0,0,0
QDP54833,0,0,1,0,0
QDP54768,0,0,0,0,0
QDP53798,0,0,0,0,0
QDP53358,0,0,0,0,0
QDP52139,0,0,0,0,0
QDP52001,0,0,0,0,0
QDP51680,0,0,0,0,0
QDP51565,0,0,0,0,0
QDP50527,0,0,0,0,0
QDP50275,0,0,0,0,0
QDP49614,0,0,0,0,0
QDP48705,0,0,0,0,0
QDP47991,0,0,0,0,0
QDP46042,0,0,0,0,0
QDP45948,0,0,0,0,0
QDP45640,0,0,0,0,0
QDP45625,0,0,0,0,0
QDP45612,0,0,0,0,0
QDP44989,0,0,0,0,0
QDP44024,0,0,0,0,0
QDP43156,1,1,1,0,0
QDP42908,1,1,1,0,0
QDP66873,0,0,0,0,0
QDP65701,0,0,0,0,0
QDP57346,0,0,0,0,0
QDP55533,0,0,0,0,0
QDP51328,1,1,1,0,0
QDP50565,0,0,0,0,0
QDP49567,0,0,0,0,0
QDP49556,0,0,0,0,0
QDP47235,0,0,0,0,0
QDP46948,0,0,0,0,0
QDP45891,0,0,0,0,0
QDP44706,0,0,0,0,0
BBG57795,1,1,1,0,0
QDM57705,0,0,0,0,0
QDM57173,0,0,0,0,0
QDM56958,0,0,0,0,0
QDM56708,0,0,0,0,0
AXH70710,0,0,0,0,0
QDK03692,0,0,0,0,0
QDK02423,0,0,0,0,0
QDH92759,0,0,0,0,0
QCW19902,0,0,0,0,0
QCW19841,0,0,0,0,0
QCW19762,0,0,0,0,0
QCW19569,0,0,0,0,0
QCW19479,0,0,0,0,0
QCW19389,0,0,0,0,0
QDH50162,1,0,1,0,0
QDH49860,1,1,1,0,0
QDH49177,1,1,1,1,1
QDH48994,0,0,0,0,0
QDH47052,0,0,0,0,0
QDH45271,0,0,0,0,0
QDH45201,0,0,0,0,0
QDH45061,0,0,0,0,0
QDH44974,0,0,0,0,0
QDH44906,0,0,0,0,0
QDH44867,0,0,0,0,0
QDH44825,0,0,0,0,0
QDH44742,0,0,0,0,0
QDF18986,0,0,0,0,0
QDF15761,0,0,0,0,0
QDF13832,1,1,1,1,1
AXN54081,0,0,0,0,0
AXH71738,0,0,0,0,0
AXH71690,0,0,0,0,0
AXH71635,0,0,0,0,0
AXH71583,0,0,0,0,0
AXH71531,0,0,0,0,0
AXH71480,0,0,0,0,0
AXH71421,0,0,0,0,0
AXH71366,0,0,0,0,0
AXH71308,0,0,0,0,0
AXH68329,0,0,0,0,0
BBL33622,0,0,0,0,0
BBL33590,0,0,0,0,0
QDB73400,0,0,0,0,0
QDB71001,0,0,0,0,0
AYH92134,1,1,1,0,0
AZF89279,1,1,1,0,0
AUX83712,0,0,0,0,0
QCW22301,0,0,0,0,0
QCW19307,0,0,0,0,0
QCW19181,0,0,0,0,0
QCW19001,1,1,1,1,1
AVJ51726,0,0,0,0,0
AVJ51021,0,0,0,0,0
AXH70585,0,0,0,0,0
AXH68983,0,0,0,0,0
AXH48604,0,0,0,0,0
AXH48544,0,0,0,0,0
AXH46423,0,0,0,0,0
AWN03811,0,0,0,0,0
AWN03749,0,0,0,0,0
AWN03489,0,0,0,0,0
AVR56639,0,0,0,0,0
AVR56576,0,0,0,0,0
AVR56514,0,0,0,0,0
AVR56451,0,0,0,0,0
AVR56363,0,0,0,0,0
AVR56298,0,0,0,0,0
AVR56236,0,0,0,0,0
AVR56119,0,0,0,0,0
AVR56056,0,0,0,0,0
AVO25211,0,0,0,0,0
AVO24425,0,0,0,0,0
AVJ51478,0,0,0,0,0
AVJ51231,0,0,0,0,0
AVJ50506,0,0,0,0,0
AVJ50088,0,0,0,0,0
AVJ49235,0,0,0,0,0
AUX83559,0,0,0,0,0
AUX83435,0,0,0,0,0
AUX83310,0,0,0,0,0
AUX83246,0,0,0,0,0
AUX83183,0,0,0,0,0
AUX83120,0,0,0,0,0
AUX82995,0,0,0,0,0
AUX82932,0,0,0,0,0
AUX82807,0,0,0,0,0
AUX82745,0,0,0,0,0
AUX82683,0,0,0,0,0
AUX82620,0,0,0,0,0
QCQ65164,0,0,0,0,0
QCQ65028,0,0,0,0,0
QCQ64892,0,0,0,0,0
QCQ64756,0,0,0,0,0
QCQ64617,0,0,0,0,0
QCQ64477,0,0,0,0,0
QCQ64338,0,0,0,0,0
QCQ64202,0,0,0,0,0
QCQ64064,0,0,0,0,0
QCQ63928,0,0,0,0,0
QCQ63794,0,0,0,0,0
QCQ63660,0,0,0,0,0
QCQ63520,0,0,0,0,0
QCQ63384,0,0,0,0,0
QCQ63248,0,0,0,0,0
QCQ63114,0,0,0,0,0
QCQ62977,0,0,0,0,0
QCQ62835,0,0,0,0,0
QCQ62698,0,0,0,0,0
QCQ62560,0,0,0,0,0
QCQ62423,0,0,0,0,0
QCQ62143,0,0,0,0,0
QCQ62006,0,0,0,0,0
QCQ61588,0,0,0,0,0
QCQ61450,0,0,0,0,0
QCQ61314,0,0,0,0,0
QCQ61177,0,0,0,0,0
QCQ61032,0,0,0,0,0
QCQ60895,0,0,0,0,0
QCQ60757,0,0,0,0,0
QCQ60620,0,0,0,0,0
QCQ60483,0,0,0,0,0
QCQ60345,0,0,0,0,0
QCQ60209,0,0,0,0,0
QCQ60070,0,0,0,0,0
QCQ59933,0,0,0,0,0
QCQ59795,0,0,0,0,0
QCQ59518,0,0,0,0,0
QCQ59382,0,0,0,0,0
QCQ59246,0,0,0,0,0
QCQ58965,0,0,0,0,0
QCQ58828,0,0,0,0,0
QCQ58692,0,0,0,0,0
QCQ58556,0,0,0,0,0
QCQ58417,0,0,0,0,0
QCQ58282,0,0,0,0,0
QCQ58146,0,0,0,0,0
QCQ58010,0,0,0,0,0
QCQ57874,0,0,0,0,0
AWY03061,0,0,0,0,0
QBG78364,0,0,0,0,0
QAU05523,0,0,0,0,0
QAU05464,0,0,0,0,0
ASJ80081,0,0,0,0,0
ASJ80028,0,0,0,0,0
QCG77937,0,0,0,0,0
QCG78236,0,0,0,0,0
QCG76459,0,0,0,0,0
AWD93183,0,0,0,0,0
AXC42435,0,0,0,0,0
AXC42368,0,0,0,0,0
AXC42294,0,0,0,0,0
AXC42211,0,0,0,0,0
AXC42134,0,0,0,0,0
AXC41305,0,0,0,0,0
AXC41239,0,0,0,0,0
AXC41172,0,0,0,0,0
AXC40003,0,0,0,0,0
AXC39930,0,0,0,0,0
AXC39854,0,0,0,0,0
AXC39789,0,0,0,0,0
AXC39722,0,0,0,0,0
AXC39597,0,0,0,0,0
QBZ69741,1,1,1,0,0
QBZ73142,0,0,0,0,0
QBZ73082,0,0,0,0,0
QBZ73022,0,0,0,0,0
QBZ72960,0,0,0,0,0
QBZ72900,0,0,0,0,0
QBZ72258,0,0,0,0,0
QBZ70354,0,0,1,0,0
QBP06975,0,0,0,0,0
ASH99356,0,0,0,0,0
AZB66692,0,0,0,0,0
AZB66486,0,0,0,0,0
QBX32334,0,0,0,0,0
QBX31912,0,0,0,0,0
QBX31767,0,0,0,0,0
QBX31720,0,0,0,0,0
QBX30421,0,0,0,0,0
QBX29985,0,0,0,0,0
QBX29589,0,0,0,0,0
QBX29280,0,0,0,0,0
QBX29203,0,0,0,0,0
QBX28799,0,0,0,0,0
QBX28780,0,0,0,0,0
QBX28680,0,0,0,0,0
QBX28647,0,0,0,0,0
QBX27667,0,0,0,0,0
QBX27320,0,0,0,0,0
QBX23959,0,0,0,0,0
QBX22522,0,0,0,0,0
QBX22041,0,0,0,0,0
QBX21784,0,0,0,0,0
QBX21764,0,0,0,0,0
QBX20899,0,0,0,0,0
QBX20874,0,0,0,0,0
QBX19134,0,0,0,0,0
QBX17830,0,0,0,0,0
QBX17782,0,0,0,0,0
QBX17472,0,0,0,0,0
QBX17064,0,0,0,0,0
QBX17015,0,0,0,0,0
QBX16775,0,0,0,0,0
QBX16476,0,0,0,0,0
QBX16387,0,0,0,0,0
QBX16164,0,0,0,0,0
QBX15915,0,0,0,0,0
QBX15653,0,0,0,0,0
QBX15163,0,0,0,0,0
QBX15094,0,0,0,0,0
QBX14937,0,0,0,0,0
QBX14834,0,0,0,0,0
QBX14258,0,0,0,0,0
QBX11593,0,0,0,0,0
QBX07886,0,0,0,0,0
QBJ00564,0,0,0,0,0
AXH65136,0,0,0,0,0
QBI83159,0,0,0,0,0
QBI83055,0,0,0,0,0
QBI83032,0,0,0,0,0
QBI82928,0,0,0,0,0
QBI82865,0,0,0,0,0
QBI82842,0,0,0,0,0
QBI82778,0,0,0,0,0
QBI82674,0,0,0,0,0
QBI82602,0,0,0,0,0
QBI82548,0,0,0,0,0
QBI82484,0,0,0,0,0
QBI82461,0,0,0,0,0
QBI82355,0,0,0,0,0
QBI78866,0,0,0,0,0
QBI78740,0,0,0,0,0
QBI78389,0,0,0,0,0
QBI78328,0,0,0,0,0
QBI78269,0,0,0,0,0
QBI78209,0,0,0,0,0
QBI78149,0,0,0,0,0
QBI78026,0,0,0,0,0
QBI77773,0,0,0,0,0
QBI77714,0,0,0,0,0
QBI77412,0,0,0,0,0
QBI77329,0,0,0,0,0
BBJ27123,0,0,0,0,0
AXF39272,1,1,1,0,1
QBQ82034,0,0,0,0,0
QBQ81978,0,0,0,0,0
QBQ81866,0,0,0,0,0
QBQ81763,0,0,0,0,0
QBQ76573,0,0,0,0,0
QBQ76344,0,0,0,0,0
QBQ76176,0,0,0,0,0
QBQ76092,0,0,0,0,0
QBQ75057,1,1,1,0,0
QBP33117,0,0,0,0,0
QBP32984,0,0,0,0,0
QBP32793,0,0,0,0,0
AUE23484,0,0,0,0,0
QBP27551,0,0,0,0,0
QBP07258,0,1,0,0,0
QBP06036,1,1,1,0,0
QBP05660,1,1,1,1,1
ASR76757,0,0,0,0,0
ARK07395,0,0,0,0,0
QBO66267,1,1,1,1,1
QBO61788,1,1,1,1,1
QBO61336,0,0,1,0,0
BBI90267,1,1,1,0,0
BBI90265,0,0,1,0,0
QBJ00675,0,0,0,0,0
AYP28044,0,0,0,0,0
VEV89409,1,1,1,0,0
VEV89366,0,0,0,0,0
VEV88591,1,0,1,0,0
VEV88256,1,1,1,0,0
VEV88234,0,0,0,0,0
QAU05375,0,0,0,0,0
QAY01745,1,1,1,0,0
QAY01682,0,0,0,0,0
QAY00994,0,0,0,0,0
QAY00067,1,1,1,1,1
QAX99744,0,0,0,0,0
QAX99628,1,1,1,1,1
QAX98597,1,1,1,1,1
QAX98401,0,0,0,0,0
QAX98273,0,0,0,0,0
QAU04104,0,0,0,0,0
AZV01449,0,0,0,0,0
AZV01163,1,1,1,1,1
AZV00339,0,0,0,0,0
AZV00198,0,0,0,0,0
AZU97646,1,1,1,0,0
AZS49244,0,1,1,0,0
AZS06308,0,0,0,0,0
AYJ74798,0,0,0,0,0
AYJ73915,0,0,1,0,0
AYJ73872,1,1,1,0,0
AUM58728,1,1,1,0,0
AZF90101,0,0,0,0,0
AZF93036,0,0,0,0,0
AZB50076,1,1,1,0,0
AOQ30309,0,0,0,0,0
AOQ30199,0,0,0,0,0
AOQ30138,0,0,0,0,0
AOQ30078,0,0,0,0,0
AOQ30026,0,0,0,0,0
AOQ29967,0,0,0,0,0
AOQ29908,0,0,0,0,0
AOQ29848,0,0,0,0,0
AOQ29793,0,0,0,0,0
AOQ29734,0,0,0,0,0
AOQ29676,0,0,0,0,0
AOQ29615,0,0,0,0,0
AOQ29556,0,0,0,0,0
AOQ29497,0,0,0,0,0
ATW62356,0,0,0,0,0
AZA17252,0,0,0,0,0
AWH15779,0,0,0,0,0
AWH14700,0,0,0,0,0
VCU44694,1,1,1,1,1
AYV82662,0,0,0,0,0
AII27541,0,0,0,0,0
AYR02229,0,0,0,0,0
AYR02066,1,1,1,0,0
AYP69663,0,0,0,0,0
AYN56560,1,1,1,1,1
AXN57534,0,0,0,0,0
AXF39136,0,0,0,0,0
AYD82831,0,0,0,0,0
AYD82781,0,0,0,0,0
AYD82637,0,0,0,0,0
AYD79738,0,0,0,0,0
AYD79655,0,0,0,0,0
AYD79544,0,0,1,0,0
ANZ52142,0,0,0,0,0
ANZ52091,0,0,0,0,0
ANZ51978,0,0,0,0,0
ANZ51876,0,0,0,0,0
ANZ51683,0,0,0,0,0
ANZ51482,0,0,0,0,0
ANZ51359,0,0,0,0,0
ANZ51262,0,0,0,0,0
ANZ51261,1,1,1,1,1
ANZ51131,0,0,0,0,0
ANZ50894,0,0,0,0,0
ATN94382,1,1,1,0,0
AXY86907,0,0,0,0,0
AXY82368,0,0,0,0,0
AXY82149,0,0,0,0,0
AXY81522,0,0,0,0,0
AXU22678,0,0,0,0,0
ASJ79209,0,0,0,0,0
AXG67597,0,0,1,0,0
AXG66626,0,0,1,0,0
AVZ44624,1,1,1,0,0
AXQ70902,0,0,0,0,0
AXQ70679,0,0,0,0,0
AXQ67807,1,1,1,0,0
AXQ67447,1,0,1,0,0
AXQ67163,1,1,1,0,0
AXQ66908,1,1,1,0,0
AXH70753,0,0,0,0,0
ATI19478,1,1,1,0,0
ATI19384,1,1,1,0,0
ATI19285,1,1,1,0,0
ATI19154,1,1,1,0,0
ASU00833,0,0,0,0,0
AXN58277,0,0,0,0,0
AXN58222,0,0,0,0,0
AXN58082,1,1,1,1,1
AXN58081,0,0,0,0,0
AXN57919,0,0,0,0,0
AXN57418,0,0,1,0,0
AXN54134,0,0,0,0,0
YP_001700567,0,0,0,0,0
YP_001687056,0,0,0,0,0
NP_690824,0,0,0,0,0
NP_690818,0,0,0,0,0
NP_524562,0,0,0,0,0
AVI05172,1,1,1,0,0
AXH72831,1,1,1,1,0
AXH71182,1,1,1,0,0
AXH68399,1,1,1,0,0
AXH45362,0,0,0,0,0
AXH45296,0,0,0,0,0
AXF53123,0,0,0,0,0
ASR73844,0,0,0,0,0
AXF42350,0,0,0,0,0
AXF42275,0,0,0,0,0
AXF41388,1,1,0,0,0
AXF40988,0,0,0,0,0
AXF40535,0,0,0,0,0
AXF40533,0,0,0,0,0
AXF40470,0,0,0,0,0
AXF40468,0,0,0,0,0
AXF40408,0,0,0,0,0
AXF40240,0,0,0,0,0
AXF40049,0,0,0,0,0
AXF39953,0,0,0,0,0
AXF39589,0,0,0,0,0
AXF39587,0,0,0,0,0
AXC34684,0,0,0,0,0
ARB12893,0,0,0,0,0
ASZ70803,0,0,0,0,0
AWY03298,0,0,0,0,0
AWY03019,0,0,0,0,0
AUV61177,1,1,1,1,1
AWD93073,1,1,1,0,0
ATW61768,0,0,1,0,0
ATW61555,0,0,1,0,0
BAV80986,0,0,0,0,0
SOR54304,0,0,0,0,0
SOR54355,0,0,0,0,0
SOO56433,0,0,0,0,0
SOO46850,0,0,0,0,0
SOO46752,0,0,0,0,0
SOO46703,0,0,0,0,0
SOO46651,0,0,0,0,0
SOO46601,0,0,0,0,0
SOO46499,0,0,0,0,0
SOO46397,0,0,0,0,0
SOO46348,0,0,0,0,0
SOO46448,0,0,0,0,0
SBV38190,0,0,1,0,0
AWM11720,1,1,1,1,1
AUE22511,0,0,0,0,0
AUE22382,0,0,0,0,0
ARW58883,0,0,1,0,0
AWD91385,0,0,0,0,0
AUO26860,0,0,1,0,0
ASR76962,0,0,1,0,0
SPP13286,0,0,0,0,0
AVX47505,1,1,1,0,0
AVR55694,1,1,1,0,0
AVQ10297,0,0,0,0,0
ATW62044,1,1,1,1,1
ARB10929,0,0,0,0,0
AVP40154,0,0,0,0,0
ASR79804,1,1,1,0,0
ASR79529,1,1,1,0,0
ASR78962,1,0,1,0,0
ASR78676,1,0,1,0,0
ASR78249,1,0,1,0,0
AVH85439,0,0,0,0,0
ASN72706,0,0,0,0,0
ASN72403,0,0,0,0,0
ASN71806,0,0,0,0,0
ASN71555,0,0,0,0,0
ASN71427,0,0,0,0,0
ASN70737,0,0,0,0,0
ASN70532,0,0,0,0,0
ASN70409,0,0,0,0,0
ASN70158,0,0,0,0,0
ASN70027,0,0,0,0,0
ASN69928,0,0,0,0,0
ASN69845,0,0,0,0,0
ASN69615,0,0,0,0,0
ASN69526,0,0,0,0,0
ASN69150,0,0,0,0,0
ASN68745,0,0,0,0,0
ASN68666,0,0,0,0,0
ATE84611,0,0,0,0,0
ATE84559,0,0,0,0,0
ATE84451,0,0,0,0,0
ATE84396,0,0,0,0,0
ATE84341,0,0,0,0,0
ATE84285,0,0,0,0,0
ATE84176,0,0,0,0,0
ATE84122,0,0,0,0,0
ATE84069,0,0,0,0,0
ATE84016,0,0,0,0,0
ATE83910,0,0,0,0,0
ATE83856,0,0,0,0,0
ATE83802,0,0,0,0,0
ATE83747,0,0,0,0,0
ATE83692,0,0,0,0,0
ATE83528,0,0,0,0,0
ATE83473,0,0,0,0,0
ATE83365,0,0,0,0,0
ATE83311,0,0,0,0,0
ATE83259,0,0,0,0,0
ATE83152,0,0,0,0,0
ATE83046,0,0,0,0,0
ATE82993,0,0,0,0,0
ATE82940,0,0,0,0,0
ATE82888,0,0,0,0,0
ATE82835,0,0,0,0,0
ATE82784,0,0,0,0,0
ATE82680,0,0,0,0,0
AVD99089,0,0,0,0,0
AUX13533,0,0,0,0,0
AUX13514,0,0,0,0,0
AUV62614,0,0,0,0,0
AUV62571,0,0,0,0,0
AUV62530,0,0,0,0,0
AUV62483,0,0,0,0,0
AUV62442,0,0,0,0,0
AUV62360,0,0,0,0,0
AUV62318,0,0,0,0,0
AUV62275,0,0,0,0,0
AUV62233,0,0,0,0,0
AUV62190,0,0,0,0,0
AUV62106,0,0,0,0,0
AUV62065,0,0,0,0,0
CDL18921,0,0,0,0,0
BBC43625,0,0,0,0,0
AUV63986,1,1,1,1,1
AUV63451,1,1,1,1,1
AUV57813,1,0,1,0,0
AUV56298,0,0,0,0,0
ATS92285,1,1,1,0,0
AUS03244,0,0,0,0,0
BBC53779,0,0,0,0,0
AUS03195,1,1,0,1,1
AUS02258,0,0,0,0,0
AUS02043,1,1,0,1,1
AUS01836,0,0,0,0,0
AUR99496,0,0,0,0,0
AUR99363,0,0,0,0,0
AUR99136,0,0,0,0,0
AUR98561,0,0,0,0,0
AUR96970,0,0,0,0,0
AUR96581,0,0,0,0,0
AUR96121,1,1,1,0,0
AUR96016,1,1,1,0,0
AUR95602,0,0,0,0,0
AUR95536,0,0,0,0,0
AUR94334,0,0,0,0,0
AUR94011,0,0,0,0,0
AUR93945,0,0,0,0,0
AUR93879,0,0,0,0,0
AUR93523,0,0,0,0,0
AUR92753,0,0,0,0,0
AUR92187,0,0,0,0,0
AUR91850,0,0,0,0,0
AUR90281,0,0,0,0,0
AUR90214,0,0,0,0,0
AUR89917,0,0,0,0,0
AUR89854,0,0,0,0,0
AUR89442,0,0,0,0,0
AUR89119,0,0,0,0,0
AUR88602,0,0,0,0,0
AUR88531,0,0,0,0,0
AUR86170,0,0,0,0,0
AUR86137,0,0,0,0,0
AUR85771,1,1,1,1,1
AUR85416,0,0,0,0,0
AUR84748,0,0,0,0,0
AUR83476,0,0,0,0,0
AUR83408,0,0,0,0,0
AUR81858,0,0,0,0,0
AUO79438,1,1,1,0,0
BBC44194,0,0,0,0,0
BBC43890,0,0,0,0,0
BBC43789,0,0,0,0,0
BBC43704,0,0,0,0,0
AUO37517,0,0,0,0,0
AQY55031,0,0,0,0,0
BBC28665,0,0,0,0,0
AUM59423,0,0,0,0,0
AUM59273,0,0,0,0,0
AUM59066,0,0,0,0,0
AUM57642,0,0,0,0,0
ANY28896,0,0,0,0,0
ANY28838,0,0,0,0,0
ANY28781,0,0,0,0,0
ANY28723,0,0,0,0,0
ANY28617,0,0,0,0,0
ANY28560,0,0,0,0,0
AUG88553,0,0,0,0,0
AUG86903,0,1,0,0,0
AUG86579,0,1,0,0,0
AUG85938,0,1,0,0,0
ARB11114,0,0,0,0,0
ATW70056,0,0,0,0,0
ATW69990,0,0,0,0,0
ATW58352,0,0,0,0,0
ATV46299,1,1,1,1,1
ATS93787,0,0,0,0,0
ATS93470,0,0,0,0,0
ASV43842,0,0,0,0,0
ASV43746,0,0,0,0,0
ASV43357,0,0,0,0,0
ASV43309,0,0,0,0,0
ASV43261,0,0,0,0,0
ASV43213,0,0,0,0,0
ASV43156,0,0,0,0,0
ASV43095,0,0,0,0,0
ASV43011,0,0,0,0,0
ASV42986,0,0,0,0,0
ASV42914,0,0,0,0,0
ASV42885,0,0,0,0,0
ASV42778,0,0,0,0,0
ASV42607,0,0,0,0,0
ASV42392,0,0,0,0,0
ASV42262,0,0,0,0,0
ASV42033,0,0,0,0,0
ASV41664,0,0,0,0,0
ASV41602,0,0,0,0,0
ASV41366,0,0,0,0,0
ASU01146,0,0,0,0,0
ATE85519,0,0,0,0,0
ATE85496,0,0,0,0,0
AST15672,1,1,1,0,0
AST15670,0,0,1,0,0
ATI16906,1,1,1,1,1
ATG86281,0,0,0,0,0
ATE86305,0,0,0,0,0
ATE86224,0,0,0,0,0
ATE85982,0,0,0,0,0
ATE84703,0,0,0,0,0
ASX98652,0,0,0,0,0
AQN32028,0,0,0,0,0
AQN31725,0,0,0,0,0
ATA65308,0,0,0,0,0
ASZ78199,0,0,0,0,0
ASZ78066,1,1,1,0,0
ASZ77932,0,0,0,0,0
ASZ76656,0,0,0,0,0
ASZ76564,0,0,0,0,0
ASD51424,1,1,1,1,1
ASD51225,1,1,1,1,1
APZ81706,0,0,0,0,0
AKP44746,0,0,0,0,0
ASU01031,1,1,1,0,0
ASR79165,1,0,1,0,0
APD17855,0,0,0,0,0
ALJ99112,0,0,0,0,0
ASJ79907,0,0,0,0,0
ASJ79039,0,0,0,0,0
AQW89109,0,0,0,0,0
AQW89076,0,0,0,0,0
ASF00682,0,0,0,0,0
ASF00604,1,1,1,0,0
ASE99915,0,0,0,0,0
APZ82590,1,1,1,0,0
APZ82417,0,0,0,0,0
ARQ95074,1,1,1,0,0
ARX95229,0,0,0,0,0
ARB13497,0,0,0,0,0
ARB13406,0,0,0,0,0
ARB13315,0,0,0,0,0
ARB13225,0,0,0,0,0
ARB13133,0,0,0,0,0
ARB13060,0,0,0,0,0
ARB12968,0,0,0,0,0
AOT27195,0,0,0,0,0
AOT27104,0,0,0,0,0
AOT27011,0,0,0,0,0
AOT26917,0,0,0,0,0
AOT26735,0,0,0,0,0
AOT26644,0,0,0,0,0
AOT26553,0,0,0,0,0
AOT26371,0,0,0,0,0
AOT26280,0,0,0,0,0
ARW57732,1,1,1,1,1
AQT28089,0,0,0,0,0
ARQ95917,0,0,1,0,0
ARQ95914,0,0,1,0,0
ARQ95280,0,0,0,0,0
ANT44567,1,1,1,1,1
AQY55379,1,1,1,1,0
ARM65544,0,0,0,0,0
AQN32235,0,0,0,0,0
AQN32177,0,0,0,0,0
ARM68004,0,0,0,0,0
ARK07867,1,1,0,0,0
APC44475,0,0,0,0,0
AOZ65167,0,0,0,0,0
ARB10853,0,0,0,0,0
AQQ73989,0,0,0,0,0
ANT45499,0,0,1,0,0
ANT45449,0,0,1,0,0
ANT45438,0,0,1,0,0
ANT45421,0,0,1,0,0
ANT43243,0,0,0,0,0
ANT43210,1,1,1,0,0
ANT43180,0,0,1,0,0
ANT43146,0,0,0,0,0
ANT43110,0,0,1,0,0
ANT43075,0,0,1,0,0
ANT43038,0,0,1,0,0
ANT43002,0,0,1,0,0
ANT42971,0,0,0,0,0
ANT42933,0,0,1,0,0
ANT42895,0,0,0,0,0
ANT42860,0,0,1,0,0
ANT42826,0,0,1,0,0
ANT42764,0,0,1,0,0
ANT42729,0,0,1,0,0
ANT42695,0,0,1,0,0
ANT42672,0,0,1,0,0
ANT42636,0,0,1,0,0
ANT42600,0,0,1,0,0
ANT42568,0,0,1,0,0
ANT42493,0,0,0,0,0
AQN31989,0,0,0,0,0
AQN31877,0,0,0,0,0
AQN31809,0,0,0,0,0
BAT32531,0,0,0,0,0
BAT32263,0,0,0,0,0
BAT31911,0,0,0,0,0
BAT31831,0,0,0,0,0
APU92713,0,0,0,0,0
ANY29130,0,0,0,0,0
ANY29084,0,0,0,0,0
ANY29037,0,0,0,0,0
APQ41953,0,0,0,0,0
ALP47381,1,1,1,1,1
ALP47000,1,1,1,1,1
BAW19318,0,0,0,0,0
AND28855,0,0,0,0,0
APD19954,0,0,0,0,0
AIX46640,1,1,1,0,0
AIX43235,1,1,1,0,0
AIX42673,1,1,1,0,0
AIX38156,1,1,1,0,0
AIX37011,1,1,1,0,0
AIX33157,1,0,0,0,0
AIX33156,1,1,1,0,0
AIX28286,1,1,1,0,0
AIX17376,1,1,1,0,0
APC46560,0,0,0,0,0
ALN97604,0,0,0,0,0
AOY11967,1,1,1,0,0
AOO17582,1,1,1,0,0
AOO15009,1,1,1,0,0
AOO10102,1,1,1,0,0
AOO09029,1,1,1,0,0
AOO08815,1,1,1,0,0
AOV57433,1,1,1,0,0
ANT40096,0,0,0,0,0
AGU92368,0,0,0,0,0
ADE34863,1,1,1,1,1
AOQ26893,0,0,0,0,0
SCN45727,1,1,1,1,1
ANA49104,0,0,0,0,0
ANA49050,0,0,0,0,0
ANA48939,0,0,0,0,0
ANH51145,1,1,1,0,0
ANZ50664,0,0,0,0,0
ANZ50139,0,0,0,0,0
AOA49536,0,0,0,0,0
AOA49521,0,0,0,0,0
AOA49513,0,0,0,0,0
ANY30052,0,0,0,0,0
ANY29992,0,0,0,0,0
ANY29910,0,0,0,0,0
ANY29899,0,0,0,0,0
ALN97394,0,0,0,0,0
ACH86154,0,0,1,0,0
AAA32523,0,0,0,0,0
ANU79809,1,0,1,0,0
AET72551,0,0,0,0,0
AET35373,0,0,0,0,0
AET35371,0,0,0,0,0
AET35370,0,0,0,0,0
AET35369,0,0,0,0,0
AET35368,0,0,0,0,0
AET35367,0,0,0,0,0
AET35364,0,0,0,0,0
AET35361,0,0,0,0,0
AET35360,0,0,0,0,0
AEI71140,0,0,0,0,0
ADX87553,0,0,0,0,0
ADT64022,1,1,1,0,0
ADM32359,0,0,0,0,0
ADD95558,0,0,0,0,0
ADD94665,0,0,0,0,0
ADD94630,0,0,0,0,0
ADD65837,0,0,0,0,0
ADD65836,0,0,0,0,0
ADD65835,0,0,0,0,0
ADD65834,0,0,0,0,0
ADD65833,0,0,0,0,0
ADD65832,0,0,0,0,0
ADD65831,0,0,0,0,0
ADD65830,0,0,0,0,0
ADD65829,0,0,0,0,0
ADD65828,0,0,0,0,0
AAP03147,0,0,0,0,0
ANT41327,1,0,1,0,0
ANT40036,0,0,0,0,0
ANR76359,0,0,0,0,0
ANH49481,0,0,0,0,0
ANH49369,0,0,0,0,0
ANH49317,0,0,0,0,0
ABO40696,0,0,0,0,0
ABO40681,0,0,0,0,0
ANS53191,0,0,0,0,0
ANS05430,0,0,0,0,0
ANS04991,0,0,0,0,0
ANS04685,0,0,0,0,0
ANS04647,0,0,0,0,0
ANS04613,0,0,0,0,0
ANS04409,1,0,1,0,0
ANS03901,0,0,0,0,0
ANS03358,0,0,0,0,0
ANS02874,0,0,0,0,0
AMR59639,0,0,0,0,0
ANM46953,0,0,0,0,0
ANM46914,0,0,0,0,0
ANM46876,0,0,0,0,0
AMQ65926,1,1,1,1,1
CEF89586,0,0,0,0,0
CDN96792,0,0,0,0,0
ANM45703,0,0,0,0,0
ANM45448,0,0,0,0,0
ANM45384,0,0,0,0,0
ANM45232,0,0,0,0,0
ANM45147,0,0,0,0,0
AKJ74337,0,0,0,0,0
AKJ74275,0,0,0,0,0
AKJ74199,0,0,0,0,0
AKJ74198,0,0,0,0,0
AKJ73501,0,0,0,0,0
AND75984,1,1,1,1,1
AND75713,1,1,1,1,1
AKN44575,1,1,1,1,1
ANA49938,0,0,0,0,0
ANA49860,0,0,0,0,0
AMW63398,1,0,1,0,0
AMW61933,1,1,1,0,0
AMW61722,0,0,0,0,0
AMW61690,1,1,1,0,0
ALA46195,0,0,0,0,0
ALA46153,0,0,0,0,0
ALA46110,0,0,0,0,0
ALA46068,0,0,0,0,0
ALA46026,0,0,0,0,0
ALA45977,0,0,0,0,0
ALA45941,0,0,0,0,0
ALA45898,0,0,0,0,0
ALA45856,0,0,0,0,0
AMR58167,0,0,0,0,0
AMR57998,0,0,0,0,0
AMR57669,0,0,0,0,0
AMR57507,0,0,0,0,0
AIM51864,1,1,1,1,1
AIM51770,0,0,0,0,0
AIM51663,1,1,1,1,1
CUL03221,0,0,1,0,0
CUL02234,0,0,0,0,0
AJW76949,0,0,0,0,0
AJW76948,0,0,0,0,0
ALA12973,0,0,0,0,0
ALA12969,0,0,0,0,0
ALA12887,0,0,0,0,0
ALA12883,0,0,0,0,0
ALA12800,0,0,0,0,0
ALA12796,0,0,0,0,0
AMM43496,0,0,0,0,0
ALM64953,0,0,0,0,0
ALM64891,0,0,0,0,0
ALM64836,0,0,0,0,0
ALM64446,0,0,0,0,0
ALM64391,0,0,0,0,0
ALM64334,0,0,0,0,0
ALM63881,0,0,0,0,0
ALM63824,0,0,0,0,0
ALM63771,0,0,0,0,0
ALM63717,0,0,0,0,0
ALM63663,0,0,0,0,0
ALM63604,0,0,0,0,0
ALM63550,0,0,0,0,0
ALM63497,0,0,0,0,0
ALM63390,0,0,0,0,0
ALM63339,0,0,0,0,0
ALM63181,0,0,0,0,0
ALM63082,0,0,0,0,0
AMD43119,0,0,0,0,0
ALY07082,1,1,1,0,0
ALY07080,1,1,0,1,1
ALY07866,1,1,1,1,1
AKH60670,0,0,0,0,0
AGO49059,1,1,1,0,0
AGO48689,1,1,1,0,0
AFH22563,0,0,0,0,0
ALO80492,1,1,1,0,0
ALO80293,1,1,1,0,0
ALO80096,1,1,1,0,0
ALN97472,0,0,0,0,0
AKI27867,0,0,0,0,0
AKI27583,0,0,0,0,0
AKI27430,0,0,0,0,0
AKI27331,0,0,0,0,0
AKI27100,0,0,0,0,0
AKI27061,0,0,0,0,0
AKI27010,0,0,0,0,0
ALA13331,1,1,1,0,0
ALA07444,1,1,1,0,0
ALA07227,1,1,1,0,0
BAR39958,0,0,0,0,0
BAR39328,0,0,0,0,0
BAR39146,0,0,0,0,0
BAR39142,0,0,0,0,0
BAR38977,0,0,0,0,0
BAR38059,0,0,0,0,0
BAR36862,0,0,0,0,0
BAR36693,0,0,0,0,0
BAR36657,0,0,0,0,0
BAR36528,0,0,0,0,0
BAR36318,0,0,0,0,0
BAR36116,0,1,0,0,0
BAR35815,0,0,0,0,0
BAR35250,0,0,0,0,0
BAR35141,1,1,1,0,0
BAR35030,0,0,0,0,0
BAR34797,0,0,0,0,0
BAR34723,0,0,0,0,0
BAR34638,0,0,0,0,0
BAR34416,0,0,0,0,0
BAR33909,0,0,0,0,0
BAR33675,0,0,0,0,0
BAR33575,0,0,0,0,0
BAR33523,0,0,0,0,0
BAR33470,0,0,0,0,0
BAR33339,0,0,0,0,0
BAR33026,0,0,0,0,0
BAR32797,0,0,0,0,0
BAR32761,0,0,0,0,0
BAR32711,0,0,0,0,0
BAR32665,0,0,0,0,0
BAR32630,0,0,0,0,0
BAR32376,0,0,0,0,0
BAR32141,0,0,0,0,0
BAR31927,0,0,0,0,0
BAR31758,1,1,1,0,0
BAR31604,0,0,0,0,0
BAR31499,0,0,0,0,0
BAR31439,0,0,0,0,0
BAR31384,1,1,1,0,0
BAR31101,0,0,0,0,0
BAR31063,0,0,0,0,0
BAR30972,0,0,0,0,0
BAR30754,0,0,0,0,0
BAR30586,0,0,0,0,0
BAR30570,0,0,0,0,0
BAR30434,0,0,0,0,0
BAR30040,0,0,0,0,0
BAR29389,0,0,0,0,0
BAR29280,0,0,0,0,0
BAR29218,0,0,0,0,0
BAR29139,0,0,0,0,0
BAR28901,0,0,0,0,0
BAR28691,0,0,0,0,0
BAR28627,0,0,0,0,0
BAR27819,0,0,0,0,0
BAR27092,0,0,0,0,0
BAR27031,0,0,0,0,0
BAR26984,0,0,0,0,0
BAR26936,0,0,0,0,0
BAR26923,0,0,0,0,0
BAR25530,0,0,0,0,0
BAR25480,0,0,0,0,0
BAR25404,0,0,0,0,0
BAR25373,0,0,0,0,0
BAR25290,0,0,0,0,0
BAR24864,0,0,0,0,0
BAR24623,0,0,0,0,0
BAR24576,0,0,0,0,0
BAR24533,0,0,0,0,0
BAR24466,0,0,0,0,0
BAR24363,0,0,0,0,0
BAR24221,0,0,0,0,0
BAR24048,0,0,0,0,0
BAR23853,0,0,0,0,0
BAR23421,0,0,0,0,0
BAR23134,0,0,0,0,0
BAR22933,0,0,0,0,0
BAR22915,0,0,0,0,0
BAR22884,0,0,0,0,0
BAR22865,0,0,0,0,0
BAR22844,0,0,0,0,0
BAR22837,0,0,0,0,0
BAR22826,0,0,0,0,0
BAR22804,0,0,0,0,0
BAR22785,0,0,0,0,0
BAR22771,0,0,0,0,0
BAR22757,0,0,0,0,0
BAR22027,0,0,0,0,0
BAR21988,0,0,0,0,0
BAR21275,0,0,0,0,0
BAR19539,0,0,0,0,0
BAR19356,0,0,0,0,0
BAR19155,0,0,0,0,0
BAR19122,0,0,0,0,0
BAR19027,0,0,0,0,0
BAR18958,0,0,0,0,0
BAR18349,0,0,0,0,0
BAR17935,0,0,0,0,0
BAR17573,0,0,0,0,0
BAR16714,0,0,0,0,0
BAR16680,0,0,0,0,0
BAR16497,0,0,0,0,0
BAR16263,0,0,0,0,0
BAR16155,0,0,0,0,0
BAR15116,0,0,0,0,0
BAR14559,0,0,0,0,0
BAQ93722,0,0,0,0,0
BAQ93323,0,0,0,0,0
BAQ93209,0,0,0,0,0
BAQ93132,0,0,0,0,0
BAQ93095,0,0,0,0,0
BAQ92914,0,0,0,0,0
BAQ90800,0,0,0,0,0
BAQ90757,0,0,0,0,0
BAQ90727,0,0,0,0,0
BAQ90456,0,0,0,0,0
BAQ90375,0,0,0,0,0
BAQ90047,0,0,0,0,0
BAQ89971,0,0,0,0,0
BAQ89920,0,0,0,0,0
BAQ89845,0,0,0,0,0
BAQ89732,0,0,0,0,0
BAQ89542,0,0,0,0,0
BAQ89258,0,0,0,0,0
BAQ89155,0,0,0,0,0
BAQ88527,0,0,0,0,0
BAQ88482,0,0,0,0,0
BAQ88298,0,0,0,0,0
BAQ88086,0,0,0,0,0
BAQ88073,0,0,0,0,0
BAQ87916,0,0,0,0,0
BAQ87570,0,0,0,0,0
BAQ86919,0,0,0,0,0
BAQ86645,0,0,0,0,0
BAQ86616,0,0,0,0,0
BAQ86306,0,0,0,0,0
BAQ84665,0,0,0,0,0
BAQ84593,0,0,0,0,0
ALJ98180,0,0,0,0,0
AKJ71653,0,0,0,0,0
CDK23993,0,0,0,0,0
CDL18842,0,0,0,0,0
CDK12686,0,0,0,0,0
AIM51312,1,1,1,1,1
AKJ74799,0,0,0,0,0
AKJ74710,0,0,0,0,0
AKI87680,0,0,0,0,0
AKI87588,0,0,0,0,0
AKI87492,0,0,0,0,0
AKI87395,0,0,0,0,0
AKI87302,0,0,0,0,0
AKI87206,0,0,0,0,0
AKI87113,0,0,0,0,0
AKI87020,0,0,0,0,0
AKI86927,0,0,0,0,0
AKI86834,0,0,0,0,0
AKI86648,0,0,0,0,0
AKI86553,0,0,0,0,0
AKI86460,0,0,0,0,0
AKI86367,0,0,0,0,0
AKI86274,0,0,0,0,0
AKI86199,0,0,0,0,0
AKI86096,0,0,0,0,0
AKI86003,0,0,0,0,0
AKI28747,0,0,0,0,0
AJA73424,0,0,0,0,0
AIZ94728,1,1,1,0,0
AGS81270,1,1,1,0,0
AKF12926,1,1,1,1,1
CEF89417,0,0,0,0,0
AHY83932,0,0,0,0,0
AHJ86888,1,1,1,1,1
BAO09517,1,1,1,0,0
BAO09302,1,1,1,0,0
AIF74338,0,0,0,0,0
AKH48864,0,0,0,0,0
AKH47890,0,0,0,0,0
AKH47252,0,0,1,0,0
AKH46440,0,0,0,0,0
AKE47319,0,0,0,0,0
AKE46700,0,0,0,0,0
AKE46595,0,0,0,0,0
AKE45560,0,0,0,0,0
AKE45321,0,0,1,0,0
AII29477,0,0,0,0,0
AII29386,0,0,0,0,0
AII29205,0,0,0,0,0
AII29114,0,0,0,0,0
AII29067,0,0,0,0,0
AII28977,0,0,0,0,0
AII28885,0,0,0,0,0
AII28839,0,0,0,0,0
AKA61629,0,0,0,0,0
AHJ87492,1,1,1,0,0
BAQ22990,1,1,1,1,1
AIT75227,0,0,0,0,0
AIT75226,1,1,1,1,1
AIT74955,0,0,0,0,0
AIT74954,1,1,1,1,1
AIT74679,1,1,1,1,1
AIT74136,1,1,1,1,1
AIT73864,1,1,1,1,1
AIT73592,1,1,1,1,1
AIT73321,1,1,1,1,1
AIT73050,1,1,1,1,1
AII30181,0,0,0,0,0
AIK67974,1,1,1,1,1
CDL65257,0,0,0,0,0
AIW56754,0,0,0,0,0
AIW56744,0,0,0,0,0
AHZ60211,1,1,1,1,1
AIK68637,0,0,0,0,0
AGI12175,1,1,1,0,0
AIM49846,1,1,1,0,0
AHB80791,1,1,1,0,0
AII27093,0,0,0,0,0
AGY47872,1,1,1,0,1
AGY47668,1,1,1,0,1
AGY47401,1,1,1,0,0
AGY46669,1,1,1,0,0
AHZ95260,0,0,0,0,0
AHZ95259,0,0,0,0,0
AHZ95258,0,0,0,0,0
AHZ95257,0,0,0,0,0
AHZ95256,0,0,0,0,0
AHZ95255,0,0,0,0,0
AHZ95254,0,0,0,0,0
AHZ95253,0,0,0,0,0
AHZ95252,0,0,0,0,0
AHZ95251,0,0,0,0,0
AHZ95250,1,1,1,0,0
AHZ95249,0,0,0,0,0
AHZ95248,0,0,0,0,0
AHZ95247,0,0,0,0,0
AID18080,0,0,0,0,0
AHC30299,0,0,0,0,0
AHN84681,0,0,0,0,0
AGV99365,0,0,0,0,0
ADX32055,0,0,0,0,0
AGB62738,1,1,1,0,0
AGI12799,0,0,0,0,0
AGI12438,0,0,0,0,0
AFH14415,0,0,0,0,0
AGH07056,1,1,1,0,0
AGH06846,1,1,1,0,0
ABQ88424,0,0,0,0,0
AEW24257,1,1,1,0,1
AGR48350,0,0,0,0,0
AGR45989,0,0,0,0,0
AGF89613,0,0,0,0,0
AGF89395,0,0,0,0,0
AGF89000,1,1,1,0,1
AGF88963,0,0,0,0,0
AGF88860,0,0,0,0,0
AGF88703,0,0,0,0,0
AGF88541,1,1,1,0,1
AGI11000,0,0,0,0,0
AGN33650,1,1,1,0,0
AGN30473,0,0,0,0,0
CCM43519,0,0,0,0,0
AGK85830,0,0,0,0,0
AGC35478,0,0,0,0,0
ADA84983,0,0,0,0,0
AEO97024,1,1,1,1,1
AGH57875,1,1,1,0,0
AGH57391,1,1,1,0,0
AGH56503,1,1,1,0,0
AGH56366,1,1,1,0,0
AGH26674,1,1,1,0,0
AGH07547,0,0,0,0,0
AGH07501,1,1,1,0,0
AGG58166,1,1,0,1,1
AGG54449,1,1,1,0,0
AGF91554,0,0,0,0,0
AGF91442,1,1,1,0,0
AFB17871,1,1,1,0,0
AFB17661,1,1,1,0,0
AFB15436,1,1,1,0,0
AFX83938,0,0,0,0,0
AFX83834,0,0,0,0,0
AFX83742,0,0,0,0,0
AFX83716,0,0,0,0,0
AFX83618,0,0,0,0,0
AEO97518,0,0,0,0,0
AGB07340,0,0,0,0,0
AFU63526,0,0,0,0,0
AFU63495,0,0,0,0,0
AFO70781,0,0,0,0,0
ADO98778,1,1,1,0,0
AFN37242,1,1,1,1,1
AFK13457,0,0,0,0,0
AFK13412,0,0,0,0,0
AFK66315,1,1,1,0,0
AFB83322,0,0,0,0,0
AFE88164,0,0,0,0,0
AFE88053,0,0,0,0,0
AFE87994,0,0,0,0,0
AFE87936,0,0,0,0,0
AFE87878,0,0,0,0,0
AFE87822,0,0,0,0,0
AFE87763,0,0,0,0,0
AFE87704,0,0,0,0,0
AFE87646,0,0,0,0,0
AFE87587,0,0,0,0,0
AFE87528,0,0,0,0,0
AFE87470,0,0,0,0,0
AFE87412,0,0,0,0,0
AFE87354,0,0,0,0,0
AFE87297,0,0,0,0,0
AFE87243,0,0,0,0,0
AFE87186,0,0,0,0,0
AFE87128,0,0,0,0,0
AFE87072,0,0,0,0,0
AFE87015,0,0,0,0,0
AFE86957,0,0,0,0,0
AFE86728,0,0,0,0,0
AFE86673,0,0,0,0,0
AFC61965,1,1,1,0,0
AFD10719,0,0,0,0,0
ADM79986,1,1,1,1,1
CCD57601,0,0,0,0,0
AEH21895,1,1,1,0,0
AAA32545,0,0,0,0,0
CCA66303,0,0,1,0,0
AEN94146,1,1,1,0,1
CAD59947,0,0,0,0,0
ADX89465,0,0,0,0,0
ADX89238,0,0,0,0,0
ADX89006,0,0,0,0,0
ADX88780,0,0,0,0,0
ADX88554,0,0,0,0,0
ADX88327,0,0,0,0,0
ADX88100,0,0,0,0,0
ADX87798,0,0,0,0,0
ADX87648,0,0,0,0,0
ADX87601,0,0,0,0,0
ADX87506,0,0,0,0,0
ADW80213,0,0,0,0,0
ADW80211,0,0,0,0,0
ADW80210,0,0,0,0,0
ADW80159,0,0,0,0,0
ADW80157,0,0,0,0,0
ADW80156,0,0,0,0,0
ADV36542,0,0,0,0,0
ADV36493,0,0,0,0,0
ADV36438,0,0,0,0,0
CBX44471,0,0,0,0,0
CBW37924,1,1,1,0,1
CAC83158,0,0,0,0,0
CAA63999,0,0,0,0,0
BAA94122,0,0,0,0,0
BAB19608,0,0,0,0,0
BAB19574,0,0,0,0,0
AAL87847,0,0,0,0,0
ADA82482,0,0,0,0,0
ADJ39965,0,0,0,0,0
ADJ39908,0,0,0,0,0
ADJ39758,0,0,0,0,0
CBU99873,1,1,1,0,0
CBV33500,0,0,0,0,0
AAQ14821,0,0,0,0,0
ADD95660,0,0,0,0,0
ADD95331,0,0,0,0,0
AAV84933,0,0,0,0,0
BAA89781,0,0,0,0,0
CAZ39577,0,0,0,0,0
AAY46279,0,0,0,0,0
AAQ64075,0,0,0,0,0
AAP68673,0,0,0,0,0
AAM81423,0,0,0,0,0
AAA32552,1,1,1,1,1
BAF80762,0,0,0,0,0
CAB40822,1,1,1,1,1
ABO40704,0,0,0,0,0
ABO40673,0,0,0,0,0
AAP34140,0,0,0,0,0
AAP34138,0,0,0,0,0
AAP34037,0,0,0,0,0
AAP34035,0,0,0,0,0
AAP33986,0,0,0,0,0
AAP33984,0,0,0,0,0
CAC95084,0,0,0,0,0
BAA23637,0,0,0,0,0
BAA23636,0,0,0,0,0
BAA23635,0,0,0,0,0
BAA23634,0,0,0,0,0
CAL31808,0,0,0,0,0
CAL31807,0,0,0,0,0
CAL31805,0,0,0,0,0
S32822,0,0,0,0,0
1105256A,0,0,0,0,0
P03015,0,0,0,0,0
P07636,0,0,0,0,0
P42540,0,0,0,0,0
P06956,0,0,0,0,0
P10311,0,0,0,0,0
P03763,0,0,0,0,0
A0A514U5E6,1,1,1,1,1
Q38199,0,0,0,0,0
Q2HR95,0,0,0,0,0
P06019,0,0,0,0,0
P22884,0,0,0,0,0
P03700,0,0,0,0,0
P13771,0,0,0,0,0
P04294,0,0,0,0,0
P03217,0,0,0,0,0
A0A218MA15,1,1,1,1,1
A0A0M7QBP4,1,1,1,1,1
P21703,0,0,0,0,0
P25426,0,0,0,0,0
I7B6T6,1,1,1,1,1
A0AAX4PTR8,0,0,1,0,0
Q38361,0,0,0,0,0
P20709,0,0,0,0,0
P04890,0,0,0,0,0
A0AAU8GRT2,1,1,1,0,0
P27077,0,0,0,0,0
P21442,0,0,0,0,0
K8DUU8,1,1,1,1,1
A0AAX4PS12,1,1,1,0,0
A0ABZ0Z3D8,1,1,1,0,0
A0ABZ0Z807,1,1,1,0,0
A0ABZ0Z186,1,1,1,0,0
A0ABZ0Z3P0,1,1,1,0,0
Q38067,0,0,0,0,0
P08320,0,0,0,0,0
P36932,0,0,0,0,0
P06723,0,0,0,0,0
P37317,0,0,0,0,0
P06155,0,0,0,0,0
P16407,0,0,0,0,0
P27078,0,0,0,0,0
P20214,0,0,0,0,0
P24731,0,0,0,0,0
A0A8D6UBL2,1,1,1,0,0
A0AAX3Y2K7,1,1,1,0,0
A0AAX3Y5C7,1,1,1,0,0
A0AB39CD96,0,0,0,0,0
P29164,0,0,0,0,0
A0AAU6MX62,0,0,1,0,0
A0AAX4J6S3,0,0,1,0,0
A0AAX3Y2S4,1,1,1,0,0
P03697,0,0,0,0,0
F5HF49,0,0,0,0,0
P06489,0,0,0,0,0
P16789,0,0,0,0,0
E1XT65,1,1,1,0,1
Q3KSR5,0,0,0,0,0
Q1HVE7,0,0,0,0,0
O36386,0,0,0,0,0
Q66641,0,0,0,0,0
A0A9E7DUL0,1,1,1,0,0
A0A9E7DV42,1,1,1,0,0
A0A2Z5HMQ5,1,1,1,0,1
A0AAE9C8K7,1,1,1,1,1
A0AAU6MXI8,1,1,0,0,0
S5Y6V3,1,1,1,0,0
A0A2I6PFU4,1,1,1,1,1
A0A5B9MVD9,1,1,1,1,1
A0A5B9MX47,1,1,1,1,1
A0A6G8R7Q8,1,1,1,1,1
A0A6G8R8G4,1,1,1,1,1
A0A5B9MWB5,1,1,1,1,1
A0A4Y6E901,1,1,1,1,1
A0A5B9NGB5,1,1,1,1,1
A0A5P8PIR4,1,1,1,1,1
A0A8S5MX15,0,0,0,0,0
G2ZIG1,1,1,1,0,0
P10427,0,0,0,0,0
Q5UPI1,0,0,0,0,0
Q5UPF4,0,0,0,0,0
Q5UPQ7,0,0,0,0,0
Q06687,0,0,0,0,0
O10330,0,0,0,0,0
A0A2P1JTY1,0,0,0,0,0
A0A1L2K2L4,0,0,0,0,0
A0AC59HJF0,0,0,0,0,0
G0XMD1,1,1,1,0,0
J7KE31,0,0,0,0,0
Q2Z0Q8,0,0,0,0,0
Q3V4T7,0,0,0,0,0
A0A0A8J977,0,0,0,0,0
A0A5C1K731,0,0,0,0,0
A0A8S5USJ3,0,0,0,0,0
Q82484,0,0,0,0,0
A0A7G9UUC3,0,0,0,0,0
A0AAU8KVJ6,0,0,0,0,0
I7CNQ4,0,0,0,0,0
A0A7G1GM66,0,0,0,0,0
A0A2H4IZ05,0,0,1,0,0
A0A2Z4QEG5,0,0,1,0,0
A0A6G6XH48,1,1,1,0,0
A0AAE7XPD0,0,0,1,0,0
A0A6G6XFR4,1,1,1,0,0
A0A978CVQ3,0,0,1,0,0
A0AAE9K7I6,1,1,1,0,0
A0A410TAW2,1,1,1,0,0
A0A9E7DUL1,1,1,1,0,0
A0AAE9BSA7,0,0,1,0,0
A0A6G6XFI1,1,1,1,0,0
A0A7R7IGX2,0,0,1,0,0
A0AAE8BYY2,0,0,1,0,0
A0AAE9KT76,1,1,1,0,0
A0AAE7XLZ6,0,0,1,0,0
A0AAE7XKS9,0,0,1,0,0
Q71TD6,0,0,0,0,0
Q71TD7,0,0,0,0,0
A0AAE8C4M1,0,0,1,0,0
Q5UPI0,0,0,0,0,0
Q5URB4,0,0,0,0,0
A0A8S5S3W8,0,0,0,0,0
A0A899IND9,0,0,0,0,0
A0AB39C7A9,0,0,0,0,0
G8EJS0,0,0,0,0,0
A0AAU6R645,0,0,0,0,0
G8EK12,0,0,0,0,0
M4HNK3,1,1,1,0,0
A0A4D5ZC95,0,0,1,0,0
Q5UPQ8,0,0,0,0,0
O41107,0,0,0,0,0
Q5UQQ9,0,0,0,0,0
Q5UPF5,0,0,0,0,0
A0A7D7JI70,0,0,0,0,0
H2EQF3,0,0,0,0,0
V5RK66,0,0,0,0,0
A0A2Z5HIG1,0,0,0,0,0
A0A7D7ITL2,0,0,0,0,0
A0AB39C426,0,0,0,0,0
A0AB39C528,0,0,0,0,0
D2XJK6,0,0,0,0,0
Q80HX3,0,0,0,0,0
P24081,0,0,0,0,0
A0A160CAM7,0,0,0,0,0
A0A6B9RJ22,0,0,0,0,0
A0A9E7N1G9,0,0,0,0,0
A0AAE8Z138,0,0,0,0,0
A0AB39C343,0,0,0,0,0
A0AB39C564,0,0,0,0,0
Q5IGX8,0,0,0,0,0
U5N3J1,0,0,0,0,0
A0A160CAL6,0,0,0,0,0
A0A9E7MNC9,0,0,0,0,0
A0AAE7P348,0,0,0,0,0
A0AAE9C1A7,0,0,0,0,0
A0AAE9C664,0,0,0,0,0
A0AB39C499,0,0,0,0,0
I7A2S4,0,0,0,0,0
U5N153,0,0,0,0,0
A0A1B0TJH3,0,0,0,0,0
A0A2Z5HJJ8,0,0,0,0,0
A0A5C0CEE9,0,0,0,0,0
A0A9E8GBS9,0,0,0,0,0
A0A9E8LRY4,0,0,0,0,0
A0AAE8Y2F3,0,0,0,0,0
A0AAE8Y7L8,0,0,0,0,0
A0AB39AJ55,0,0,0,0,0
A0A0M7Q9K3,1,1,1,1,1
A0A0M7QBB4,1,1,1,1,1
A0AAU8EII1,1,1,1,0,0
A0A7U3T8R8,1,1,1,0,0
A0A0M7QF29,1,1,1,1,1
Q65182,0,0,0,0,0
A0A0K2FMP6,1,1,1,0,0
S6ANP3,1,1,1,0,0
A0A7G8ZZ70,1,1,1,0,0
P0CAF0,0,0,0,0,0
P0CAF1,0,0,0,0,0
P0CAF2,0,0,0,0,0
A0A8U0WPE8,0,0,0,0,0
Q4JQS7,0,0,0,0,0
P24447,0,0,0,0,0
P28919,0,0,0,0,0
P52448,0,0,0,0,0
Q9E6Q5,0,0,0,0,0
P52346,0,0,0,0,0
Q18LC9,0,0,0,0,0
Q65225,0,0,0,0,0
Q6S6S2,0,0,0,0,0
P09253,0,0,0,0,0
Q6UDH6,0,0,0,0,0
A0AAF0GI36,0,0,0,0,0
A0AAU6NT94,1,1,1,1,1
Q01013,0,0,0,0,0
A0AAU8KYZ8,1,1,1,1,1
A0A449C4B8,1,1,1,1,1
A0A249XY36,1,1,1,1,1
I7KRM0,1,1,1,1,1
P07040,0,0,0,0,0
A0A142IIT0,0,0,0,0,0
A0A482GEP7,0,0,0,0,0
A0AAF0JKQ8,1,1,1,1,1
A0AAF0JJJ9,1,1,1,1,1
A0AAF0JKH6,1,1,1,1,1
A0A449C3H8,1,1,1,1,1
A0A449C5R6,1,1,1,1,1
A0A7D5FNU4,1,1,1,1,1
K4I5Z3,1,1,1,1,1
A0A2I7QHS2,1,1,0,0,0
A0A514TVB9,0,0,0,0,0
A0A160CB19,1,1,1,1,1
A0A7D5FNJ4,1,1,1,1,1
G1JVP8,1,1,1,0,0
G1BKS2,1,1,1,0,0
C9DAZ5,1,1,1,0,0
G8IAF6,1,1,1,0,0
G1JXS3,1,1,1,0,0
C9DBT1,1,1,1,0,0
G1BM88,1,1,1,0,0
G8ICQ8,1,1,1,0,0
I3WV46,1,1,1,0,0
A0A0K1Y840,0,0,0,0,0
A0A223LHJ0,0,0,0,0,0
A0A2D1GR12,0,0,0,0,0
A0A7R8R5X0,0,0,0,0,0
W6ATA1,0,1,0,0,0
A0A0S2GLJ3,0,0,0,0,0
A0A1B2ICQ2,0,0,0,0,0
A0A514TUM1,0,0,0,0,0
A0A8E6NXA6,0,0,0,0,0
A0A1B2IDH6,0,0,0,0,0
A0A223LI98,0,0,0,0,0
A0A4D6DX26,0,1,0,0,0
A0A514TWJ3,0,0,0,0,0
A0A7D4V5A6,0,0,0,0,0
A0AAU7PEZ7,0,0,0,0,0
G5DEV9,0,0,0,0,0
A0A3G2K9G2,1,1,1,1,1
A0A6J5KXW8,1,1,1,1,1
A0A6J7WVG2,1,1,1,1,1
A0A6B9WKF8,1,1,1,1,1
A0A6J5T6P1,1,1,1,1,1
A0A3G2K8Y5,1,1,1,1,1
K4I4U6,1,1,1,1,1
A0A6B9X404,1,1,1,1,1
A0A6J5LFH6,1,1,1,1,1
A0A482GQH0,1,1,1,1,1
A0A0F6TKR2,1,1,1,1,1
A0A482GE73,1,1,1,1,1
A0A482GIC4,1,1,1,1,1
A0A482MW79,1,1,1,1,1
A0A6J5KRX4,1,1,0,1,1
A0A482MY81,1,1,1,1,1
A0A0F6THM6,1,1,1,1,1
A0A0F6TJ22,1,1,1,1,1
A0A482MVF0,1,1,1,1,1
A0A482MXI9,1,1,1,1,1
A0A482N1J3,1,1,1,1,1
A0A482GK03,1,1,1,1,1
A0A482GNA7,1,1,1,1,1
A0A482MYX6,1,1,1,1,1
A0A482N2J8,1,1,1,1,1
A0A0K0N6P6,0,0,0,0,0
M4W640,0,0,0,0,0
A0A0K0N6N5,0,0,0,0,0
Q19X92,1,1,1,0,0
A0A346N8Z9,1,1,1,0,0
A0A3G3BZ91,1,1,1,0,0
A0A411AZD7,1,1,1,0,0
A0A7M1CRN8,1,1,1,0,0
A0A411CCS7,1,1,1,0,0
A0A8F2IWM7,1,1,1,0,0
A0A1B1PC24,1,1,1,0,0
A0A411CBZ1,1,1,1,0,0
A0A6B9LW34,1,1,1,0,0
A0A7G8LP78,1,1,1,0,0
A0A4Y5TXH4,1,1,1,1,1
A0A2Z5ZCG4,1,1,1,1,1
Q853A2,1,1,1,0,0
A0A2Z4QE60,1,1,1,1,1
A0A223LFJ3,1,1,1,1,1
A0A291LG30,1,1,1,1,1
A0A2K9V5D8,1,1,1,1,1
A0A291LDL8,1,1,1,1,1
A0A291LG29,1,1,1,1,1
A0A3G3MBU9,1,1,1,1,1
A0A1B1PDT7,0,0,0,0,0
A0A1U9HWS3,0,0,0,0,0
A0A678P9T1,0,0,0,0,0
S4SGG9,0,0,0,0,0
A0A410T4Y3,1,1,1,1,1
A0A482GD61,1,1,1,1,1
A0A8F3HLW7,1,1,1,1,1
A0A385EE62,0,0,0,0,0
A0AAU8GEY9,0,0,0,0,0
A0AAX3BPF5,0,0,0,0,0
A0A3G3MCM7,1,1,1,1,1
A0A2S1GMA1,1,1,1,1,1
A0A2S1GQI1,1,1,1,1,1
A0A482GKI6,1,1,1,1,1
A0A4D6DZD6,1,1,1,1,1
A0A7G3KF99,1,1,1,1,1
A0A1B0VBM1,0,0,0,0,0
A0A482MKE3,0,0,0,0,0
A0A7G8AKI6,0,0,0,0,0
A0A7T8EKK8,0,0,0,0,0
A0AAU8GEQ7,0,0,0,0,0
A0A385EET7,0,0,0,0,0
A0A5P8PNI0,0,0,0,0,0
A0A7T8EJZ5,0,0,0,0,0
A0A7T8EKD5,0,0,0,0,0
A0A9E9JJM8,0,0,0,0,0
A0AAU8GBX4,0,0,0,0,0
A0AAU8GG91,0,0,0,0,0
A0A482N0M2,1,1,1,1,1
A0A088F847,0,0,0,0,0
A0A1Q1PV96,0,0,0,0,0
A0A223G0G5,0,0,0,0,0
A0AB74UF06,0,0,0,0,0
S4TRX0,0,0,0,0,0
A0A249Y3S7,1,1,1,1,1
A0A0C4UR34,0,0,0,0,0
R9TMN5,0,0,0,0,0
A0A7T3NBB8,1,1,1,1,1
A0A192YBD0,1,1,1,1,1
A0A0U4B314,0,0,1,0,0
A0A0U4JQY5,0,0,1,0,0
A0A2D2W4N5,0,0,0,0,0
A0A2H4P9L0,0,0,1,0,0
A0A2Z4Q535,0,0,0,0,0
B5U3T7,0,0,0,0,0
B5U425,0,0,0,0,0
B5U5A4,0,0,0,0,0
S5YE42,0,0,0,0,0
A0A0U4INM3,0,0,1,0,0
A0A0U4JBH6,0,0,1,0,0
A0A0Y0AEL6,0,0,0,0,0
A0A2D1GCN9,0,0,0,0,0
A0A2Z4Q301,0,0,0,0,0
A0A386K9M5,0,0,1,0,0
A0A0U4B4X9,0,0,1,0,0
A0A0U4IK84,0,0,1,0,0
A0A0U4ING1,0,0,1,0,0
A0A0U4IT65,0,0,1,0,0
A0A0U4IUY3,0,0,1,0,0
A0A0U4KP29,0,0,1,0,0
A0A1Z1LWX0,0,0,0,0,0
B5U3K0,0,0,0,0,0
G1DUQ7,0,0,0,0,0
A0A0U3THL1,0,0,1,0,0
A0A0U4B6R0,0,0,1,0,0
A0A0U4JWS7,0,0,1,0,0
A0A0U4KQV6,0,0,1,0,0
A0A2L1IXA0,0,0,0,0,0
A0A9E7QQP0,0,0,0,0,0
A0AAE7WMQ2,0,0,0,0,0
B2ZNV5,0,0,0,0,0
G1BRP8,0,0,0,0,0
J7KFH0,0,0,0,0,0
A0A0U4K2I6,0,0,1,0,0
A0AAE8BQ78,0,0,0,0,0
A0A5B9N682,1,1,1,1,1
A0A5Q2F4J8,1,1,1,1,1
A0A2H4YG50,1,1,1,1,1
A0A1W5N0Z5,1,1,1,1,1
A0A1W5P098,1,1,1,1,1
A0A0K1Y4Y3,1,1,1,1,1
A0A0U2DDQ8,1,1,1,1,1
A0A162E488,1,1,1,1,1
A0A1V0DXE1,1,1,1,1,1
A0A411B8P9,1,1,1,1,1
A0A2Z5H2I0,1,1,1,1,1
A0A3G3BZV6,1,1,1,1,1
A0A6H0X1Y6,1,1,1,1,1
A0AAE9JUA1,1,1,1,1,1
A0A1W5LJH2,1,1,1,1,1
A0A5B9N1D2,1,1,1,1,1
A0A1J0GSW6,1,1,1,1,1
A0A2U8QQB1,1,1,1,1,1
A0A650EQR1,0,0,0,0,0
A0A858MTG0,1,1,1,1,1
A0A2U7NBR0,1,1,0,1,1
A0A1L7DRU3,0,0,0,0,0
I2G838,0,0,0,0,0
A0A0B5A447,1,1,0,1,1
A0A0G2SS31,1,1,0,1,1
A0A2D1GLR8,1,1,1,1,1
A0A5B9N7D7,0,0,0,0,0
X5JM36,0,0,0,0,0
A0A5B9NMM1,1,1,1,1,1
A0A1B1P8N4,1,1,1,1,1
A0A4Y5TSQ4,1,1,1,1,1
A0A4P2TH78,1,1,1,1,1
A0A0U4IQL8,0,0,0,0,0
A0A286S2D1,0,0,0,0,0
A0A2P1JQN2,0,0,0,0,0
A0A345L4Z3,0,0,0,0,0
A0A385DWT3,0,0,0,0,0
A0A386KEA9,0,0,0,0,0
A0A3S9U9M4,0,0,1,0,0
A0A3S9U9R8,0,0,1,0,0
A0A3S9UAC6,0,0,1,0,0
A0A3S9UDZ9,0,0,1,0,0
A0A3S9UFU4,0,0,1,0,0
A0A3S9UG00,0,0,1,0,0
A0A3S9UGY1,0,0,1,0,0
A0A3S9UMU4,0,0,1,0,0
A0A4Y6EJ72,0,0,0,0,0
A0A514U161,0,0,0,0,0
A0A5J6T585,0,0,0,0,0
A0A5J6TRJ0,0,0,1,0,0
A0A5Q2WP06,0,0,0,0,0
A0A649VHU6,0,0,0,0,0
A0A650EZK8,0,0,0,0,0
A0A7G9V0C4,0,0,0,0,0
A0A7T1NXF1,0,0,1,0,0
A0A8F2IW37,0,0,0,0,0
A0A9E7QPG0,0,0,0,0,0
A0A9E7TUQ8,0,0,0,0,0
A0AA49BP10,0,0,0,0,0
A0A0U4K8K7,0,0,1,0,0
A0A1J0GWL5,0,0,0,0,0
A0A222ZGB9,0,0,1,0,0
A0A2U8UMR6,0,0,0,0,0
A0A385DP32,0,0,0,0,0
A0A3G8FSI8,0,0,0,0,0
A0A3G8FUS6,0,0,1,0,0
A0A3S9UBT4,0,0,1,0,0
A0A3S9UG03,0,0,1,0,0
A0A3S9UNV5,0,0,1,0,0
A0A481W6H4,0,0,0,0,0
A0A4D6E3W8,0,0,1,0,0
A0A4D6T4U0,0,0,1,0,0
A0A4Y5NYN0,0,0,0,0,0
A0A4Y6ER80,0,0,0,0,0
A0A5B8RRX2,0,0,0,0,0
A0A5J6TJQ3,0,0,0,0,0
A0A5J6TVJ3,0,0,1,0,0
A0A5Q2WBR9,0,0,0,0,0
A0A6B9LE03,0,0,1,0,0
A0A7G8LQL9,0,0,0,0,0
A0A7G9UVF6,0,0,0,0,0
A0A7L7SHN9,1,1,0,0,0
A0A7U0GDD3,0,0,0,0,0
A0A9E7QSX9,0,0,0,0,0
X2KN90,0,0,0,0,0
A0A2Z5HEH3,0,0,0,0,0
A0A345M6J2,0,0,0,0,0
A0A345MB96,0,0,0,0,0
A0A386KCY1,0,0,0,0,0
A0A386KDK4,0,0,0,0,0
A0A3G3M2I5,0,0,0,0,0
A0A3G8FTY1,0,0,1,0,0
A0A3G8FVH7,0,0,1,0,0
A0A3G8FW47,0,0,1,0,0
A0A3S9UHF7,0,0,1,0,0
A0A3S9UHU7,0,0,1,0,0
A0A3S9UN68,0,0,0,0,0
A0A481VU08,0,0,0,0,0
A0A482J8K5,0,0,0,0,0
A0A4D6T8Y2,0,0,0,0,0
A0A516KU55,0,0,0,0,0
A0A5J6T7G4,0,0,0,0,0
A0A5J6TC96,0,0,0,0,0
A0A5J6TU58,0,0,0,0,0
A0A5J6TV25,0,0,0,0,0
A0A5P8D9W9,0,0,0,0,0
A0A6G6XRR0,0,0,0,0,0
A0A9E7Q452,0,0,0,0,0
A0AA96GVE5,0,0,0,0,0
A0A345KQ38,0,0,0,0,0
A0A3G2KGT6,0,0,0,0,0
A0A3G3M021,0,0,0,0,0
A0A3S9UD23,0,0,1,0,0
A0A3S9UIJ2,0,0,1,0,0
A0A3S9ULC4,0,0,1,0,0
A0A3S9UQP5,0,0,0,0,0
A0A411CU94,0,0,0,0,0
A0A4D6E2D1,0,0,0,0,0
A0A5J6TQT2,0,0,0,0,0
A0A5J6TXX2,0,0,0,0,0
A0A5Q2WLW3,0,0,0,0,0
A0A649VFE6,0,0,0,0,0
A0A6M3T0A5,0,0,1,0,0
A0A7M1CM00,0,0,0,0,0
A0A7M1RNX7,0,0,1,0,0
A0A8F3EBZ3,0,0,0,0,0
A0AA96JZ43,0,0,0,0,0
A0AAE8Y748,0,0,0,0,0
Q19Y90,0,0,0,0,0
Q19ZB1,0,0,0,0,0
A0A2Z5H4N5,0,0,0,0,0
A0A385DRN6,0,0,0,0,0
A0A385DSA2,0,0,0,0,0
A0A385DYL8,0,0,0,0,0
A0A385UCM5,0,0,0,0,0
A0A385UG43,0,0,0,0,0
A0A3G3LX23,0,0,0,0,0
A0A3G3M087,0,0,0,0,0
A0A3G8FU76,0,0,1,0,0
A0A3S9UCK6,0,0,1,0,0
A0A3S9UEF6,0,0,1,0,0
A0A3S9UEN1,0,0,0,0,0
A0A3S9UHN6,0,0,1,0,0
A0A3S9UK49,0,0,1,0,0
A0A3S9UQ55,0,0,1,0,0
A0A410TE72,0,0,0,0,0
A0A482JBF1,0,0,0,0,0
A0A482JER9,0,0,0,0,0
A0A4P8N3N3,0,0,0,0,0
A0A4Y5NZC4,0,0,0,0,0
A0A4Y6EKB3,0,0,0,0,0
A0A5J6THM6,0,0,1,0,0
A0A5P8DFH7,0,0,0,0,0
A0A649VCQ5,0,0,0,0,0
A0A649VIG6,0,0,0,0,0
A0A6G6XK46,0,0,0,0,0
A0A7G8LQF0,0,0,0,0,0
A0A7L7SWK9,0,0,0,0,0
A0A7T3KD65,0,0,0,0,0
A0AAE7XDQ0,0,0,0,0,0
A0AAF0GIF0,0,0,0,0,0
A0AB38YC36,0,0,1,0,0
A0A0M7Q9C8,1,1,1,1,1
A0A6J5P973,1,1,1,1,1
A0A1S5R3V0,1,1,1,1,1
A0A068CCU1,1,1,1,0,0
A0A6H2A7E8,1,1,1,0,0
A0A060AFZ8,1,1,1,0,0
A0A068CB30,1,1,1,0,0
A0A6H2A8R2,1,1,1,0,0
A0A060AF80,1,1,1,0,0
A0A068CB37,1,1,1,0,0
A0A068CB83,1,1,1,0,0
A0A0E3TB75,1,1,1,0,0
A0AAE7RFE5,1,1,1,0,0
A0A6B9SUF0,1,1,1,0,0
A0AB39C883,1,1,1,0,0
A0A7S6R6L6,1,1,1,0,0
A0A0H4TG38,1,1,1,0,0
A0A7S9XI95,1,1,1,0,0
A0A976XR85,1,1,1,0,0
A0A0C5JZN7,1,1,1,0,0
A0A0E3T651,1,1,1,0,0
A0A0H4TJW4,1,1,1,0,0
A0A411BL33,1,1,1,0,0
A0A4Y5TSA0,1,1,1,0,0
A0A076G434,1,1,1,0,0
A0A0E3T5S1,1,1,1,0,0
A0A2P1MY09,1,1,1,0,0
A0A889ISL8,1,1,1,0,0
A0A976XQ34,1,1,1,0,0
A0A6B9KMR6,1,1,0,1,1
A0A159B781,1,1,0,1,1
A0A096XSW6,1,1,1,0,0
A0A2K9VCQ0,1,1,1,0,0
A0A075BEC9,1,1,1,0,0
A0A075LZU0,1,1,1,0,0
A0A096XSV9,0,0,1,0,0
A0A6B9STJ7,0,0,1,0,0
A0A024B3J8,1,0,1,0,0
A0A5J6D734,1,1,1,0,0
A0AAE9JV53,1,1,1,0,0
A0A024B218,1,0,1,0,0
A0A8S0G7H7,1,1,1,0,0
A0AAE9FFM0,1,1,1,0,0
A0A4Y5TRH4,0,0,0,0,0
A0A7G9A5T1,1,1,1,0,0
A0A7G9A583,1,1,1,0,0
A0A514U7R5,1,1,1,0,0
A0A5C2IG76,1,1,1,0,0
A0A3B8DJV6,1,1,1,0,0
A0A6H0X5E6,1,1,1,0,0
A0A2R3ZXW9,1,1,1,0,0
A0A3G1LDP4,1,1,1,0,0
A0A7G9A3N9,1,1,1,0,0
A0A8S5UCE0,0,0,0,0,0
A0AAU8B9C6,0,0,0,0,0
A0A858EC68,1,1,1,0,0
A0A9E7MH96,1,1,1,0,0
A0A288TZ25,1,1,1,0,0
A0A6J7WV22,1,1,1,1,1
A0A288TZP4,0,0,1,0,0
A0A173H2T3,1,0,1,0,0
A0A6M2ZIW3,1,1,1,0,0
A0A5C2H0R6,1,1,1,0,0
A0A0Y0AAL6,1,1,1,0,0
A0A249XV94,1,1,1,0,0
A0A0K2FKI2,1,0,1,0,0
A0A1C3S7G2,1,1,1,1,1
B2ZYC0,0,0,1,0,0
A0A291I9I3,1,1,1,0,0
J9PQJ1,1,1,1,0,0
A0A6G8R5U1,1,1,1,0,0
A8E2B6,1,1,1,0,0
A0A2Z6FZH7,1,1,1,0,0
A0A2Z6G098,0,0,1,0,0
A0A411B7M1,1,1,1,0,0
A0A1X9I9W6,1,1,1,0,0
J9PRD2,1,1,1,0,0
G9J1V5,1,1,1,0,0
A0A1X9IA86,1,1,1,0,0
A0AAU6R694,0,0,0,0,0
A0ABY3P9U8,0,0,0,0,0
A0A249XWE2,1,1,1,0,0
C1KFR4,1,1,1,0,0
A0A0K2D065,1,1,1,0,0
A0A1L2JY12,0,0,0,0,0
A0AAU8AYM1,0,0,0,0,0
A0AAU8AXB0,0,0,0,0,0
A0AAU8B8F7,0,0,0,0,0
A0AAU8B816,0,0,0,0,0
A0A8S5LGR5,0,0,0,0,0
A0AAX4J551,0,0,0,0,0
A0A5P8PQV8,0,0,0,0,0
A0A1W5PUP6,1,1,1,0,1
A0A0A8J9X7,1,1,1,1,0
A0A161H7H1,0,0,0,0,0
A0A1B1W280,0,0,0,0,0
A0A2S1GNN0,0,0,0,0,0
A0A2Z5HSM0,0,0,0,0,0
A0A345BP33,0,0,0,0,0
A0A5B9N1C3,0,0,0,0,0
A0A5C2H5Z5,0,0,0,0,0
A0A5J6T996,0,0,0,0,0
A0A6G8QWQ3,0,0,0,0,0
A0A6G8QZJ4,0,0,0,0,0
A0A7D2HG56,0,0,0,0,0
A0A7S9SNW8,0,0,0,0,0
A0A873WS19,0,0,0,0,0
A0A977R8Q9,0,0,0,0,0
A0A9E7LGI7,0,0,0,0,0
A0A9X9JPM8,0,0,0,0,0
A0AAE7RAB8,0,0,0,0,0
A0AAE8YF19,0,0,0,0,0
A0AAE9C1L7,0,0,0,0,0
A0AAF0GCI1,0,0,0,0,0
A0AB39C4P1,0,0,0,0,0
A0A0N7E0N2,0,0,0,0,0
A0A160CAH7,0,0,0,0,0
A0A173GC48,0,0,0,0,0
A0A1I9SF15,0,0,0,0,0
A0A2D0Z1I9,0,0,0,0,0
A0A2H4PRA5,0,0,0,0,0
A0A2H4PRH8,0,0,0,0,0
A0A2R3U9B4,0,0,0,0,0
A0A2S1GN39,0,0,0,0,0
A0A2Z5HMF4,0,0,0,0,0
A0A2Z5HNA0,0,0,0,0,0
A0A2Z5HNP2,0,0,0,0,0
A0A6C1FF85,0,0,0,0,0
A0A8A6RSQ0,0,0,0,0,0
A0A8S5U7R7,0,0,0,0,0
A0A976XQ57,0,0,0,0,0
A0A9E7TFR2,0,0,0,0,0
A0AAE9YGG3,0,0,0,0,0
A0AAF0GE82,0,0,0,0,0
A0AAT9V5U9,0,0,0,0,0
A0AAU8GJ22,0,0,0,0,0
A0AAU8GJT0,0,0,0,0,0
A0AAU8HZ99,0,0,0,0,0
A0AC61NAS0,0,0,0,0,0
A0A193H1B0,0,0,0,0,0
A0A1L2JY28,0,0,0,0,0
A0A1P8DUS6,0,0,0,0,0
A0A291NKP5,0,0,0,0,0
A0A2H4YD54,0,0,0,0,0
A0A2I6PDH5,0,0,0,0,0
A0A2K9V3M8,0,0,0,0,0
A0A2K9V421,0,0,0,0,0
A0A2P0ZZ79,0,0,0,0,0
A0A2Z5HMV6,0,0,0,0,0
A0A345MT44,0,0,0,0,0
A0A4D6DYG4,0,0,0,0,0
A0A5B8RSY4,0,0,0,0,0
A0A5J6T9F7,0,0,0,0,0
A0A5Q2FAQ6,0,0,0,0,0
A0A6G6XRN0,0,0,0,0,0
A0A6G8QW87,0,0,0,0,0
A0A6G8QZS8,0,0,0,0,0
A0A7S9ST44,0,0,0,0,0
A0A873WHL3,0,0,0,0,0
A0A889IQU2,0,0,0,0,0
A0A9E7SMG5,0,0,0,0,0
A0AAF0D5U4,0,0,0,0,0
A0AAF0JYU2,0,0,0,0,0
A0AAU8BTX6,0,0,0,0,0
A0AAU8BUE1,0,0,0,0,0
A0AAU8BWA1,0,0,0,0,0
A0AB39C623,0,0,0,0,0
A0A1I9L2G3,0,0,0,0,0
A0A249Y0Q2,0,0,0,0,0
A0A2D0YMH1,0,0,0,0,0
A0A2K9V3B4,0,0,0,0,0
A0A2Z5HL48,0,0,0,0,0
A0A5J6TBS9,0,0,0,0,0
A0A5J6TDN6,0,0,0,0,0
A0A6B9LQ93,0,0,0,0,0
A0A7G8AN46,0,0,0,0,0
A0A7S9SNQ9,0,0,0,0,0
A0A879R2G9,0,0,0,0,0
A0A8E7KY13,0,0,0,0,0
A0AAE7XJ86,0,0,0,0,0
A0AB38Z4L8,0,0,0,0,0
A0AB39C380,0,0,0,0,0
A0A0A7NPX4,0,0,0,0,0
A0A0H4IQ64,0,0,0,0,0
A0A1W6DX72,0,0,0,0,0
A0A291LCC5,0,0,0,0,0
A0A2S1GNI1,0,0,0,0,0
A0A3G8F3D1,0,0,0,0,0
A0A514DKQ7,0,0,0,0,0
A0A5B9MSI9,0,0,0,0,0
A0A5C0CAR0,0,0,0,0,0
A0A862QZI7,0,0,0,0,0
A0A8S5PZV5,0,0,0,0,0
A0A9X9JSG2,0,0,0,0,0
A0AB39BZA4,0,0,0,0,0
A7TWA1,0,0,0,0,0
O80082,0,0,0,0,0
P10429,0,0,0,0,0
A0A0B4ZX15,1,1,1,0,0
A0A0G2SSU6,1,1,1,0,0
A0AAX4QI35,1,1,1,0,0
I7CCN5,1,1,1,0,0
A0AAU8KTB3,0,0,0,0,0
A0A9E7MJ41,0,0,0,0,0
A0A385EFG6,1,1,1,0,0
Q6Y7M6,1,1,1,0,0
A0A249Y053,1,1,1,0,1
K4I499,1,1,1,0,1
A9LME9,0,0,0,0,0
A0A2U7NRY6,1,1,1,0,0
A0A6B9KFK7,1,1,1,0,0
A0A0A0YRM1,0,0,0,0,0
A0A0K0L9A2,0,0,0,0,0
A0AB38Z409,0,0,0,0,0
A0A8S5LQ31,0,0,0,0,0
A0A8S5RVU7,0,0,0,0,0
C7F8K5,0,0,0,0,0
A0A8S5NAI7,0,0,0,0,0
S5MBL9,0,0,0,0,0
S5MNE9,0,0,0,0,0
A0A2K9V3K8,0,0,0,0,0
A0A0P0ZG63,0,0,0,0,0
A0A2H4PGQ4,0,0,0,0,0
A0A499PS23,0,0,0,0,0
A0A830ZVP9,0,0,0,0,0
A0A8S5QEE1,0,0,0,0,0
A0A9C7BMU9,0,0,0,0,0
A0AAE8BZ25,0,0,0,0,0
A0AAU8EFA0,0,0,0,0,0
A0ACA9ATK1,1,1,1,0,0
D2IZ66,0,0,0,0,0
D2IZK4,0,0,0,0,0
D2IZY0,0,0,0,0,0
K0JCU4,0,0,0,0,0
A0A0P0ZFL8,0,0,0,0,0
A0A0P0ZFY9,0,0,0,0,0
A0A291LA51,0,0,0,0,0
A0A3G8F2U5,0,0,0,0,0
A0A4D6DYL8,0,0,0,0,0
A0A8S5QFH5,0,0,0,0,0
A0A8S5RC53,0,0,0,0,0
A0A8S5VDC4,0,0,0,0,0
A0A9C7C092,0,0,0,0,0
A0A9C7C8C4,0,0,0,0,0
A0A9C7C944,0,0,0,0,0
A0A9C7F0G3,0,0,0,0,0
A0AAE7MXT4,0,0,0,0,0
A0ACA9AT25,1,1,1,0,0
D2IZ01,0,0,0,0,0
D2IZ65,0,0,0,0,0
D2IZE0,0,0,0,0,0
A0A0P0ZH00,0,0,0,0,0
A0A3G8F2Z3,0,0,0,0,0
A0A410T6E4,0,0,0,0,0
A0A9C7BGW5,0,0,0,0,0
A0A9C7F096,0,0,0,0,0
A0AAE7MUF4,0,0,0,0,0
A0AAE7MZC1,0,0,0,0,0
A0AAE7WHV0,0,0,0,0,0
A0AAE7XG97,0,0,0,0,0
D2IYU0,0,0,0,0,0
D2IZD9,0,0,0,0,0
D2IZK3,0,0,0,0,0
D2IZR2,0,0,0,0,0
E3W8C7,0,0,0,0,0
A0A2P0WA13,0,0,0,0,0
A0A3G8F3E4,0,0,0,0,0
A0A4D6E0V5,0,0,0,0,0
A0A5C0CAC7,0,0,0,0,0
A0A5Q2F4D4,0,0,0,0,0
A0A8S5VCS0,0,0,0,0,0
A0A9C7C5W0,0,0,0,0,0
A0A9C7C6U6,0,0,0,0,0
A0A9C7CCT3,0,0,0,0,0
A0A9C7CFH4,0,0,0,0,0
A0AAE7MVB6,0,0,0,0,0
A0AAE7MWM5,0,0,0,0,0
A0A2K9V406,0,0,0,0,0
A0A0K2FLP6,0,0,0,0,0
A0A288WG52,0,0,0,0,0
C8CGX2,0,0,0,0,0
A0A288WFZ3,0,0,0,0,0
A0EWN6,0,0,0,0,0
A0A481W5M7,0,0,0,0,0
A0A8S5MI21,0,0,0,0,0
A0A9C7BGX5,0,0,0,0,0
A0A9C7C0L8,0,0,0,0,0
A0AAE7MUI2,0,0,0,0,0
A0A288WG85,0,0,0,0,0
A0A2K9V2Y5,0,0,0,0,0
A0A2K9V3S9,0,0,0,0,0
A0A8D9PE46,0,0,0,0,0
A0AAE8BKP9,0,0,1,0,0
A0AAE8XQB0,0,0,1,0,0
A0AAE8XRK0,0,0,1,0,0
A0AAU0UWR6,0,0,0,0,0
A0A0E3FAP9,1,1,1,0,0
A0A978CWM0,1,1,1,0,0
A0AAE8C047,0,0,1,0,0
A0A7R7IFD6,1,1,1,0,0
A0A411BCE8,1,1,1,0,1
Q38662,0,0,0,0,0
P68652,0,0,0,0,0
Q71TG5,0,0,0,0,0
P03765,0,0,0,0,0
Q5QBN6,0,0,0,0,0
S5Z7G2,0,0,0,0,0
A0A8S5RGY5,0,0,0,0,0
A0A0K2CNN5,0,0,0,0,0
A0A2H4J3Q1,0,0,0,0,0
A0A0K2CYI6,0,0,0,0,0
A0A2I7SCB0,0,0,0,0,0
A0AAE8YUS9,0,0,0,0,0
Q2LIF8,0,0,0,0,0
A0A2I7SDK1,0,0,0,0,0
A0A0C5AJM7,0,0,0,0,0
A0A0C5AN18,0,0,0,0,0
A0A2I7SDA9,0,0,0,0,0
A0A8S5NCA9,0,0,0,0,0
A0A8S5REX0,0,0,0,0,0
A0A8S5S8U4,0,0,0,0,0
A0A8S5RCE8,0,0,0,0,0
A0A8S5UB68,0,0,0,0,0
A0A1L2BX46,0,0,0,0,0
A0A0K2CY05,0,0,0,0,0
A0A7R7V607,0,0,0,0,0
A0A0K2CYN0,0,0,0,0,0
A0A8S5R7R1,0,0,0,0,0
A0A8S5RAZ2,0,0,0,0,0
A0A8S5RH13,0,0,0,0,0
A0A8S5RGA5,0,0,0,0,0
A0A8S5Q736,0,0,0,0,0
A0AAE9C7E2,0,0,0,0,0
A0A8S5U4Q8,0,0,0,0,0
A0A8S5RNU8,0,0,0,0,0
O64015,0,0,0,0,0
A0A6J5T6M9,0,0,0,0,0
A0A6J5KIR2,0,0,0,0,0
A0A6J5KL97,0,0,0,0,0
A0A6J5LXK3,0,0,0,0,0
A0A6J5N2C5,0,0,0,0,0
A0A8S5N1I2,0,0,0,0,0
A0A6J5KNC5,0,0,0,0,0
A0A6J5M066,0,0,0,0,0
A0A6J7WJM4,0,0,0,0,0
A0A6J7X439,0,0,0,0,0
D2K3X3,0,0,0,0,0
A0A6J5KZ44,0,0,0,0,0
A0A6J5LGL6,0,0,0,0,0
A0A6J5MXW1,0,0,0,0,0
A0A6J5TCU8,0,0,0,0,0
A0A3T1CWL1,0,0,0,0,0
Q5UQV1,0,0,0,0,0
A0A8S5RH28,0,0,0,0,0
A0A7S8BDB4,0,0,0,0,0
A0A411EZT9,0,0,0,0,0
A0A8S5RFJ2,0,0,0,0,0
A0A6J5N2I6,0,0,0,0,0
A0A6J5QGJ1,0,0,0,0,0
A0A6J7WEB3,0,0,0,0,0
A0A6J7WXN5,0,0,0,0,0
D0UWE1,0,0,0,0,0
Q0H280,0,0,0,0,0
A0A0P0IJW5,0,0,0,0,0
A0AAE8YLS6,0,0,0,0,0
A0AAX4G8Q3,1,1,1,1,1
A0A1J0MG06,1,1,1,1,1
A0A6H0X3M7,0,0,0,0,0
A0A2K9VAC9,1,1,1,1,1
A0A6H0X3E8,0,0,0,0,0
A0AAU8GH45,1,1,1,1,1
A0A1L2BWN0,0,0,0,0,0
A0A0A8WIK3,0,0,0,0,0
A0A1S5Y2X8,0,0,0,0,0
A0A0K1LKM0,0,0,0,0,0
A0A1Z1LXG2,0,0,0,0,0
A0A2K8HJF0,0,0,0,0,0
A0A2K8HK36,0,0,0,0,0
A0A2Z2U7Q3,0,0,0,0,0
A0A3G3BYS3,0,0,0,0,0
A0A3Q8BHN5,0,0,0,0,0
A0A5P8PKY0,0,0,0,0,0
A0A679K612,0,0,0,0,0
A0A6B9X4Z8,0,0,0,0,0
A0A6G8RFM2,0,0,0,0,0
A0A6G8RJV2,0,0,0,0,0
A0A6G8RKV6,0,0,0,0,0
A0A7I8LPQ0,0,0,0,0,0
A0A7S9SSJ3,0,0,0,0,0
A0AAE7P593,0,0,0,0,0
A0AAE8YVF9,0,0,0,0,0
A0AAU6PXK7,0,0,0,0,0
A0AB39C2E2,0,0,0,0,0
A0A0D4DCH6,0,0,0,0,0
A0A0D4DCT5,0,0,0,0,0
A0A1Z1LX35,0,0,0,0,0
A0A1Z1LYZ0,0,0,0,0,0
A0A2K8HK14,0,0,0,0,0
A0A2K8HP39,0,0,0,0,0
A0A2P0VH97,0,0,0,0,0
A0A2S1GR75,0,0,0,0,0
A0A346FKL3,0,0,0,0,0
A0A384SZ03,0,0,0,0,0
A0A386K6S4,0,0,0,0,0
A0A386KI90,0,0,0,0,0
A0A451EHI5,0,0,0,0,0
A0A513ZXQ0,0,0,0,0,0
A0A5J6TDB7,0,0,0,0,0
A0A5K7YDK0,0,0,0,0,0
A0A6C0R172,0,0,0,0,0
A0A6G8RD37,0,0,0,0,0
A0A6G8RDH0,0,0,0,0,0
A0A6G8RGL2,0,0,0,0,0
A0A8E4ZJX0,0,0,0,0,0
A0AAE8YPX9,0,0,0,0,0
A0AAE8YZW1,0,0,0,0,0
A0AAE9HK32,0,0,0,0,0
A0AAF0CCX1,0,0,0,0,0
A0AAU8BBF0,0,0,0,0,0
A0AB37G4K1,0,0,0,0,0
A0AC61NMA4,0,0,0,0,0
A0AC61TRT6,0,0,0,0,0
Q8UZC5,0,0,0,0,0
A0A0K1LL44,0,0,0,0,0
A0A1W6DXX6,0,0,0,0,0
A0A2K8HMP4,0,0,0,0,0
A0A2K8HNF8,0,0,0,0,0
A0A2K8HQW8,0,0,0,0,0
A0A3S9U7Z7,0,0,0,0,0
A0A410T4L5,0,0,0,0,0
A0A5P8PLD3,0,0,0,0,0
A0A5P8PLI6,0,0,0,0,0
A0A5Q2F185,0,0,0,0,0
A0A6G8RCI2,0,0,0,0,0
A0A6G8REY8,0,0,0,0,0
A0A6G8RK96,0,0,0,0,0
A0A6G9LA24,0,0,0,0,0
A0A7D5G289,0,0,0,0,0
A0A7H0XBH7,0,0,0,0,0
A0A7L5CH60,0,0,0,0,0
A0A7S5R537,0,0,0,0,0
A0A7T8EN34,0,0,0,0,0
A0A9E7J533,0,0,0,0,0
A0AAE8YWN4,0,0,0,0,0
A0AAE9ZF73,0,0,0,0,0
A0AAT9TSM9,0,0,0,0,0
A0AC61TR90,0,0,0,0,0
I6NMA6,0,0,0,0,0
A0A0U3DEL8,0,0,0,0,0
A0A0U3DXA0,0,0,0,0,0
A0A1D3RKR3,0,0,0,0,0
A0A220NQF5,0,0,0,0,0
A0A2K8HB52,0,0,0,0,0
A0A2K8HD96,0,0,0,0,0
A0A2K8HPI7,0,0,0,0,0
A0A2K8HWN6,0,0,0,0,0
A0A2S1GQC8,0,0,0,0,0
A0A2S1GRZ5,0,0,0,0,0
A0A2Z5ZCJ7,0,0,0,0,0
A0A513ZXV1,0,0,0,0,0
A0A514A215,0,0,0,0,0
A0A5B8RR08,0,0,0,0,0
A0A5B9NFM5,0,0,0,0,0
A0A5P1M509,0,0,0,0,0
A0A5P1M9J5,0,0,0,0,0
A0A5P8PL24,0,0,0,0,0
A0A5Q2F614,0,0,0,0,0
A0A5Q2F7L7,0,0,0,0,0
A0A6B9WV02,0,0,0,0,0
A0A6G8REH6,0,0,0,0,0
A0A6G8RGW6,0,0,0,0,0
A0A6G8RHT5,0,0,0,0,0
A0A6G8RJB2,0,0,0,0,0
A0A6G9LAA8,0,0,0,0,0
A0A7S9SW43,0,0,0,0,0
A0A7S9XEZ3,0,0,0,0,0
A0A9E7E113,0,0,0,0,0
A0AAD1V749,0,0,0,0,0
A0AAF0D0U8,0,0,0,0,0
A0AAT9JBT5,0,0,0,0,0
A0AAU6VZE3,0,0,0,0,0
A0AB39C9S7,0,0,0,0,0
A0AC61TQA3,0,0,0,0,0
A0AC61TQH4,0,0,0,0,0
U5YM21,0,0,0,0,0
A0A068CCK9,0,0,0,0,0
A0A190XCD3,0,0,0,0,0
A0A1L2JXR5,0,0,0,0,0
A0A1Z1LY59,0,0,0,0,0
A0A220NRR5,0,0,0,0,0
A0A2K8H6P7,0,0,0,0,0
A0A2R4AMA8,0,0,0,0,0
A0A346FKL1,0,0,0,0,0
A0A346FKM9,0,0,0,0,0
A0A384ZRS8,0,0,0,0,0
A0A386K860,0,0,0,0,0
A0A3Q9R6Z7,0,0,0,0,0
A0A3S5H1S1,0,0,0,0,0
A0A5B8RPP1,0,0,0,0,0
A0A5P1M7L7,0,0,0,0,0
A0A5Q5APZ3,0,0,0,0,0
A0A653FZ22,0,0,0,0,0
A0A6G8REQ1,0,0,0,0,0
A0A6G8RFW6,0,0,0,0,0
A0A6G8RHB0,0,0,0,0,0
A0A6G8RIN2,0,0,0,0,0
A0A6G8RIU6,0,0,0,0,0
A0A7D5FTY2,0,0,0,0,0
A0A7D5KQT8,0,0,0,0,0
A0A7L7STZ2,0,0,0,0,0
A0A7S9SPH9,0,0,0,0,0
A0A8K1YYU8,0,0,0,0,0
A0A8S5LCG3,0,0,0,0,0
A0A976SML6,0,0,0,0,0
A0AAE9KYP2,0,0,0,0,0
A0AAE9ZFR7,0,0,0,0,0
A0AAE9ZKP2,0,0,0,0,0
A0AAU6VYL5,0,0,0,0,0
J9PLT8,0,0,0,0,0
A0AAU8GKN9,1,1,1,1,1
A0A2H4UUQ0,0,0,0,0,0
A0A2P1JU53,1,1,1,1,1
A0A6G9L8S6,1,1,1,1,1
A0A1S5RCQ9,0,0,0,0,0
A0A0A7DMS1,0,0,0,0,0
A0A6G6ADS8,0,0,0,0,0
A0A482MJ37,0,0,0,0,0
A0A482MKK8,0,0,0,0,0
A0A2H4J6X5,0,0,0,0,0
A0A077SLE7,0,0,0,0,0
A0A0F7L6S1,0,0,0,0,0
A0A8S5R8I1,0,0,0,0,0
A0A2H4JD28,0,0,0,0,0
A1BTY3,0,0,0,0,0
A1BU80,0,0,0,0,0
A0A2H4J8V5,0,0,0,0,0
A0A2H4JCA5,0,0,0,0,0
B6SBW6,0,0,0,0,0
A0A513ZXT7,0,0,0,0,0
A0AAU7YR08,0,0,0,0,0
A0A7S6NIZ8,0,0,0,0,0
Q3HKZ2,0,0,0,0,0
A0A7S6NKK6,0,0,0,0,0
A0AAE8YW00,0,0,0,0,0
A0A513ZXP0,0,0,0,0,0
A0A7S6NIU0,0,0,0,0,0
Q2I8D7,0,0,0,0,0
A0A482MG22,0,0,0,0,0
A0A1X9I8K5,0,0,0,0,0
A0A6J5RVH5,0,0,0,0,0
J7QDG6,0,0,0,0,0
Q9T200,0,0,0,0,0
A0A076YIV3,1,1,1,0,1
A0A8S5N271,0,0,0,0,0
A0A8S5PRB6,0,0,0,0,0
A0A8S5QFA4,0,0,0,0,0
A0A8S5RFQ3,0,0,0,0,0
A0A8S5NIW4,0,0,0,0,0
A0A8S5UM78,1,1,1,1,1
A0A3G5A0V2,0,0,0,0,0
A0A6F8X016,0,0,0,0,0
A0A2H4UTD8,0,0,0,0,0
A0AAU8BCD2,0,0,0,0,0
A0A3G4ZTN9,0,0,0,0,0
A0ABM7NSZ0,0,0,0,0,0
Q678G4,0,0,0,0,0
A0A0G2Y8G3,0,0,0,0,0
A0A9E6YJV5,0,0,0,0,0
A0A481Z4R6,0,0,0,0,0
A0A481Z1I1,0,0,0,0,0
A0A481Z5J7,0,0,0,0,0
A0A7S6HTB9,1,1,1,1,1
F6K8Q4,0,0,0,0,0
A0A6J5LGB7,0,0,0,0,0
A0A218M2X6,1,1,1,1,1
A0AB39TZ10,1,1,1,1,1
A0A6M6RE89,0,0,0,0,0
A0AB39C3F0,1,1,1,1,1
A0AAU8BDM2,1,1,1,1,1
A0A1S5SDJ4,0,0,0,0,0
A0A1S5SGE8,0,0,0,0,0
A0A1S5SFG9,0,0,0,0,0
A0A1S5S8N3,0,0,0,0,0
A0A1G4GPY5,1,1,1,1,1
A0A6B9JG63,1,1,1,1,1
A0A0M4RSS0,1,1,1,1,1
A0A482MMG0,1,1,1,1,1
K4I4C8,0,0,0,0,0
A0A2H4J388,0,0,0,0,0
A0A2H4JFH9,0,0,0,0,0
A0A386K6M7,1,1,1,1,1
A0A2H4J7Y9,0,0,0,0,0
A0A7G9A4S2,0,0,0,0,0
A0A3G8F2J4,0,0,0,0,0
R4IG66,0,0,0,0,0
A0A2I6PCX1,0,0,0,0,0
A0A6J5M1U6,0,0,0,0,0
A0A1W5N0G9,1,1,1,1,1
A0A650EYM5,1,1,1,1,1
A0AAE8BGM8,1,1,1,1,1
A0A6J5LTF3,0,0,0,0,0
K4HZQ1,0,0,0,0,0
A0A8A6NL89,1,1,1,1,1
A0A6J5KKT2,0,0,0,0,0
A0A6J5KME1,0,0,0,0,0
A0A6J5L1F9,0,0,0,0,0
A0A6J5L2D4,0,0,0,0,0
A0A6J5L2W9,0,0,0,0,0
A0A6J5NZ14,0,0,0,0,0
A0A6J7WI21,0,0,0,0,0
A0A6J5KHV6,0,0,0,0,0
A0A6J5LFY6,0,0,0,0,0
A0A6J5LRN2,0,0,0,0,0
A0A6J5MT49,0,0,0,0,0
A0A6J5NUQ7,0,0,0,0,0
A0A6J5L1N3,0,0,0,0,0
A0A6J5M3U3,0,0,0,0,0
A0A6J5MCQ2,0,0,0,0,0
A0A6J5N795,0,0,0,0,0
A0A6J5R3H7,0,0,0,0,0
A0A6J7WD54,0,0,0,0,0
A0A193GYV7,1,1,1,1,1
A0A6J5L1T7,0,0,0,0,0
A0A6J5LG39,0,0,0,0,0
A0A6J5N0L1,0,0,0,0,0
A0A6J5PA25,0,0,0,0,0
A0A6J5R0X8,0,0,0,0,0
A0A6J7X797,0,0,0,0,0
A0A6J5NKS9,0,0,0,0,0
A0A1J0MGX0,1,1,1,1,1
A0A2I6UFH0,1,1,1,1,1
A0A7T3N7R1,1,1,1,1,1
A0A6J5KQP3,0,0,0,0,0
A0A6J5NJW4,0,0,0,0,0
A0A6J7WPW0,0,0,0,0,0
A0A6J5KHV9,0,0,0,0,0
A0A6J5KL45,0,0,0,0,0
A0A6J5NGA2,0,0,0,0,0
A0A6J5PGY5,0,0,0,0,0
A0A6J5PUT0,0,0,0,0,0
A0A6J5S101,0,0,0,0,0
A0A6J7WYA6,0,0,0,0,0
A0A6J7XPF7,0,0,0,0,0
A0A6J7XNJ5,0,0,0,0,0
A0A482IH99,1,1,1,1,1
A0A6J5KIE0,0,0,0,0,0
A0A6J5M3T7,0,0,0,0,0
A0A6J5N385,0,0,0,0,0
A0A6J7X097,0,0,0,0,0
A0A6J5LE25,0,0,0,0,0
A0A6J5LF27,0,0,0,0,0
K7PJN3,0,0,0,0,0
A0A193H0Z5,1,1,1,1,1
A0A6M3G8T6,1,1,1,1,1
A0A7L7SKR3,1,1,1,1,1
A0A7S6HSU8,1,1,1,1,1
A0A6J5LG25,0,0,0,0,0
A0A6J5NTJ2,0,0,0,0,0
A0A6J5KN68,0,0,0,0,0
A0A6J5NF04,0,0,0,0,0
Q6V7T7,0,0,0,0,0
A0A097BWP9,1,1,1,1,1
A0A2K9VB18,1,1,1,1,1
A0A3B8DL78,1,1,1,1,1
A0AAX4R5Q2,1,1,1,1,1
A0A4Y5NZW8,0,0,0,0,0
A0A1I9SEN5,0,0,0,0,0
A0A286QPS3,0,0,0,0,0
A0A286QQF5,0,0,0,0,0
A0A2D2W5U2,0,0,0,0,0
A0A3G8FC57,0,0,0,0,0
A0A482MKJ4,0,0,0,0,0
A0A482MKP5,0,0,0,0,0
A0A5B9NII5,0,0,0,0,0
A0A5B9NKU1,0,0,0,0,0
A0A5P8PHQ6,0,0,0,0,0
A0A650ETN4,0,0,0,0,0
A0A650EUQ3,0,0,0,0,0
A0A6B9J0G5,0,0,0,0,0
A0A7G3P4C9,0,0,0,0,0
A0AAE6V686,0,0,0,0,0
A5PJ11,0,0,0,0,0
A0A482MHP8,0,0,0,0,0
A0A650ES42,0,0,0,0,0
A0A650EU98,0,0,0,0,0
A0A6J5L0I0,0,0,0,0,0
A0AAE7V3W2,0,0,0,0,0
A0AAE9CEG0,0,0,0,0,0
A0A191KBG4,0,0,0,0,0
A0A286QNQ6,0,0,0,0,0
A0A2H4JCY8,0,0,0,0,0
A0A482MHF7,0,0,0,0,0
A0A650EV88,0,0,0,0,0
A0A650EVR0,0,0,0,0,0
A0A6J5NU06,0,0,0,0,0
A0A7T0LWE3,0,0,0,0,0
A0A8S5LQ51,0,0,0,0,0
A0A8S5NAN7,0,0,0,0,0
A0AB39AJR7,0,0,0,0,0
A0ABY0JYF1,0,0,0,0,0
A0A0K0MWX8,0,0,0,0,0
A0A191KBQ6,0,0,0,0,0
A0A286QMK1,0,0,0,0,0
A0A286QN85,0,0,0,0,0
A0A481S1Z2,0,0,0,0,0
A0A482MIK8,0,0,0,0,0
A0A650ER08,0,0,0,0,0
A0A650ESM2,0,0,0,0,0
A0A650EUC4,0,0,0,0,0
A0A6B9LRN4,0,0,0,0,0
A0A7T3NAU4,0,0,0,0,0
A0A873WW44,0,0,0,0,0
A0A8S5U988,0,0,0,0,0
A0AAE9CBN9,0,0,0,0,0
K7R963,0,0,0,0,0
A0A8S5L8K0,0,0,0,0,0
A0A0A7HAW8,0,0,0,0,0
A0A0B5JEI3,0,0,0,0,0
A0A142K6D0,0,0,0,0,0
A0A191KBN2,0,0,0,0,0
A0A286QMX3,0,0,0,0,0
A0A286QQK1,0,0,0,0,0
A0A286QR51,0,0,0,0,0
A0A2Z4Q2V7,0,0,0,0,0
A0A386KAY4,0,0,0,0,0
A0A3G8F7V4,0,0,0,0,0
A0A5P8PHZ5,0,0,0,0,0
A0A650ERH3,0,0,0,0,0
A0A6J5NW84,0,0,0,0,0
A0A6J7WJ21,0,0,0,0,0
A0A7G9W3H3,0,0,0,0,0
A0A8S5TTD4,0,0,0,0,0
A0AAU6MXC0,0,0,1,0,0
A0A481ZCW2,0,0,0,0,0
A0A481Z430,0,0,0,0,0
A0A481Z8I8,0,0,0,0,0
A0A481Z900,0,0,0,0,0
A0A481ZEA6,0,0,0,0,0
A0A481ZGR7,0,0,0,0,0
A0A481Z7D0,0,0,0,0,0
A0A1L7DQX5,1,1,1,1,1
A0A6G8QXM5,1,1,1,1,1
A0A6G9LSR8,1,1,1,1,1
A0A7H0XCP9,1,1,1,1,1
A0AB39C9X7,1,1,1,1,1
A0A830RA30,0,0,0,0,0
A0A193H1W7,1,1,1,1,1
A0A193H2W7,1,1,1,1,1
A0A2S1GR82,1,1,1,1,1
A0A7T8EQQ8,1,1,1,1,1
A0A193H035,1,1,1,1,1
A0A7D5FPY3,1,1,1,1,1
A0AB39CAZ1,1,1,1,1,1
A0A6B9XM27,0,0,0,0,0
A0A8E4ZI46,0,0,0,0,0
H6WBN7,0,0,0,0,0
Q5GF28,0,0,0,0,0
I7K2V8,1,1,1,1,1
A0A1S5Y2Y8,0,0,0,0,0
A0A3G4ZUY6,0,0,0,0,0
A0ZYP4,0,0,0,0,0
A0A219YBT3,1,1,1,1,1
A0A4Y1NT77,0,0,0,0,0
A0A830ZWA1,0,0,0,0,0
A0A6G6AC97,0,0,0,0,0
A0A6N1P278,0,0,0,0,0
A0A0F7L8E6,0,0,0,0,0
A0A2H4UUV3,0,0,0,0,0
A0A6N1NER8,0,0,0,0,0
A0AAT9JH98,0,0,0,0,0
A0A2P0VN12,0,0,0,0,0
A0A2Z4Q792,0,0,0,0,0
A0A2P1JU08,0,0,0,0,0
A0A6J5MMX6,0,0,0,0,0
A0A2Z4Q4R4,0,0,0,0,0
A0A385AH54,0,0,0,0,0
A0A384ZUJ9,0,0,0,0,0
A0A7G8LI52,0,0,0,0,0
I3WWM5,0,0,0,0,0
A0AB74UL27,0,0,0,0,0
A0AB74UML7,0,0,0,0,0
A0A6J5LY90,0,0,0,0,0
A0A2D3FAG9,0,0,0,0,0
A0A5K0U7V9,0,0,0,0,0
A0ABZ0ZZ43,0,0,0,0,0
A0A385AHH7,0,0,0,0,0
A0AAE9GXL0,0,0,0,0,0
A0A6J5NNL5,0,0,0,0,0
A0A1U9AJ79,0,0,0,0,0
A0A1U9AJF5,0,0,0,0,0
A0AB39C5K1,0,0,0,0,0
A0A916P7H4,0,0,0,0,0
A0A5J6VMZ6,0,0,0,0,0
A0AAE8YWN8,0,0,0,0,0
A0A5J6VLH3,0,0,0,0,0
A0AAU7YPV2,0,0,0,0,0
A0A0N9Q9D4,0,0,0,0,0
A0A481V6V5,0,0,0,0,0
A0A8E7FQ60,0,0,0,0,0
M1PBG7,0,0,0,0,0
Q7Y2M8,0,0,0,0,0
S0A2A9,0,0,0,0,0
A0A3G5A140,0,0,0,0,0
A0A7S6NXV3,0,0,0,0,0
Q776I5,0,0,0,0,0
A0A2H4J3K1,0,0,0,0,0
A0A3G4ZT81,0,0,0,0,0
A0AAE7RYB9,0,0,0,0,0
A0A7S6NZ48,0,0,0,0,0
A0AAE7RWA9,0,0,0,0,0
A0A0N7C9X1,0,0,0,0,0
A0A0N7CAC1,0,0,0,0,0
A0A0U2DB19,0,0,0,0,0
A0A192YCA9,0,0,0,0,0
Q06EP9,0,0,0,0,0
W6B2H6,0,0,0,0,0
A0A0N7CEG8,0,0,0,0,0
A0A0U4IQU2,0,0,0,0,0
A0A1B2RVS6,0,0,0,0,0
A0A2U8QQE4,0,0,0,0,0
A0A514U5H5,0,0,0,0,0
A0A5Q2F8A9,0,0,0,0,0
A0AAV1MJ94,0,0,0,0,0
U5Q025,0,0,0,0,0
A0A0B4SJL1,0,0,0,0,0
A0A240FHW0,0,0,0,0,0
A0A286MNH0,0,0,0,0,0
A0A2Z5H2S2,0,0,0,0,0
A0A345AUV0,0,0,0,0,0
A0A346FJI2,0,0,0,0,0
A0A3G3BW32,0,0,0,0,0
A0A4Y5TWS8,0,0,0,0,0
A0A6B9SZ05,0,0,0,0,0
A0A836UZZ6,0,0,0,0,0
A0AC62ABJ5,0,0,0,0,0
R9TEJ7,0,0,0,0,0
S4US85,0,0,0,0,0
A0A0N7CA06,0,0,0,0,0
A0A0N7CGU3,0,0,0,0,0
A0A2I6PFR4,0,0,0,0,0
A0A2K9VFA0,0,0,0,0,0
A0A2K9VG67,0,0,0,0,0
A0A4D6T3L8,0,0,0,0,0
A0A5Q2FAR7,0,0,0,0,0
A0A6B9XEX6,0,0,0,0,0
A0A6J5NNP3,0,0,0,0,0
A0A8S5TKV8,0,0,0,0,0
A0A0G2SSG5,0,0,0,0,0
A0A0N7CFW9,0,0,0,0,0
A0A0N7CGZ0,0,0,0,0,0
A0A2K9V5N0,0,0,0,0,0
A0A2R3ZX06,0,0,0,0,0
A0A6B9WQQ1,0,0,0,0,0
A0A830ZM75,0,0,0,0,0
A0A8S5UX36,0,0,0,0,0
A0AC62A888,0,0,0,0,0
W6AQL6,0,0,0,0,0
A0A0G2Y0H5,0,0,0,0,0
A0A3G1ZKR9,0,0,0,0,0
A0JC18,0,0,0,0,0
A0A077KA09,0,0,0,0,0
B5UAS5,0,0,0,0,0
Q857I8,0,0,0,0,0
A0A5K0U839,0,0,0,0,0
A0AAU8GFJ5,0,0,0,0,0
A0A6J5QWP1,0,0,0,0,0
A0A6J5KYM9,0,0,0,0,0
A0A6J5LY19,0,0,0,0,0
A0A2H4J165,0,0,0,0,0
A0AA95J221,0,0,0,0,0
S0A007,0,0,0,0,0
A0A2C9CYI8,1,1,1,1,1
A0A2C9CYW0,1,1,1,1,1
A0AAU8L1H9,1,1,1,0,0
A0A8F8KLX3,0,0,0,0,0
A0A3G4ZPX5,0,0,0,0,0
A0A3G5AAL3,0,0,0,0,0
A0A8E4UXJ9,0,0,0,0,0
A0A3G4ZP60,0,0,0,0,0
A0A2P1ELV0,0,0,0,0,0
A0A6H1QW28,0,0,0,0,0
A0A1V0SBZ9,0,0,0,0,0
L7RCI9,0,0,0,0,0
A0A3G5A616,0,0,0,0,0
A0A1C9C504,0,0,0,0,0
A0A481YZ95,0,0,0,0,0
A0A481Z1W8,0,0,0,0,0
Q84486,0,0,0,0,0
A0A2U7UG16,0,0,0,0,0
A0A6J7VQF0,0,0,0,0,0
A0A7G5B8Y6,0,0,0,0,0
A0A7S9XFX8,0,0,0,0,0
A0A6J5KYQ0,0,0,0,0,0
A0A6J7WYX2,0,0,0,0,0
A0A7G5B9U1,0,0,0,0,0
A0A7G5B9Z2,0,0,0,0,0
A0A7G5BAF9,0,0,0,0,0
A0A7G5BAQ9,0,0,0,0,0
A0A7M1IE19,0,0,0,0,0
A0A6J5LAX3,0,0,0,0,0
A0A6J7WK83,0,0,0,0,0
A0A6J5QT74,0,0,0,0,0
A0A7G5B8M4,0,0,0,0,0
A0A7G5BA81,0,0,0,0,0
A0A7G5BAL9,0,0,0,0,0
A0A076G4C7,0,0,0,0,0
A0A6J5PTA2,0,0,0,0,0
A0A7S8MRS4,0,0,0,0,0
A0A173G9J1,0,0,0,0,0
A0A173G9D7,0,0,0,0,0
A0A7G5B849,0,0,0,0,0
A0A7S9STQ4,0,0,0,0,0
A0A0K0MWR7,0,0,0,0,0
A0A1W6JTI4,0,0,0,0,0
A0A2U8UM29,0,0,0,0,0
A0A348JCP5,0,0,0,0,0
A0A3T0IP03,0,0,0,0,0
A0A482N178,0,0,0,0,0
A0A6H0X614,0,0,0,0,0
A0A8S5P7D9,0,0,0,0,0
A0A8S5TRZ5,0,0,0,0,0
A0ABY5TT34,0,0,0,0,0
E5DI81,0,0,0,0,0
A0A0F7L4Y1,0,0,0,0,0
A0A162EBZ7,0,0,0,0,0
A0A385UJD2,0,0,0,0,0
A0A5B9NNS4,0,0,0,0,0
A0AAE7SW74,0,0,0,0,0
A0AC61TRQ0,0,0,0,0,0
A0A6H0X5S3,0,0,0,0,0
A0A159B726,0,0,0,0,0
A0A2I7SCF4,0,0,0,0,0
A0A6J5TDN2,0,0,0,0,0
A0A7U3NKM4,0,0,0,0,0
C3V268,0,0,0,0,0
A0A2U8UJD8,0,0,0,0,0
A0A7L8ZIG8,0,0,0,0,0
A0A8S5SLX3,0,0,0,0,0
A0ACA9AS93,0,0,0,0,0
C3V1E0,0,0,0,0,0
E5E494,0,0,0,0,0
M1PGW6,0,0,0,0,0
Q070K0,0,0,0,0,0
A0A2Z5WKP2,0,0,0,0,0
A0A8F3EBK7,0,0,0,0,0
B2YG59,0,0,0,0,0
P89925,0,0,0,0,0
A0A2Z4QEC2,0,0,0,0,0
A0A5B9MXZ2,0,0,0,0,0
A0A7S9XBM3,0,0,0,0,0
A0A2I2L6F4,0,0,0,0,0
A0A386KL77,0,0,0,0,0
A0ABM7NRC4,0,0,0,0,0
A0A1V0SDR6,0,0,0,0,0
A0A5B8IJD0,0,0,0,0,0
A0AAE9CBJ5,0,0,0,0,0
A0A2H4J882,0,0,0,0,0
A0A2H4JA52,0,0,0,0,0
A0A1V0SJE7,0,0,0,0,0
A0A1V0SGM6,0,0,0,0,0
A0A5B9NHN4,0,0,0,0,0
A0A1B0V7J3,0,0,0,0,0
A0A7M3UP24,0,0,0,0,0
A0AAU8GCC3,0,0,0,0,0
G9E629,0,0,0,0,0
A0AAE8BZV9,0,0,1,0,0
A0A2H4IYV5,0,0,0,0,0
A0A3G5A0B6,0,0,0,0,0
A0A6J5QWK0,0,0,0,0,0
H2EFS2,0,0,0,0,0
A0A6J5N520,0,0,0,0,0
L7XX41,0,0,0,0,0
A0A6J5Q453,0,0,0,0,0
A0A7D3UST8,0,0,0,0,0
A0A7M4CEP7,0,0,0,0,0
A0A6J7XJI3,0,0,0,0,0
A0A6J5SI07,0,0,0,0,0
A0A9E9A643,0,0,0,0,0
A0AA46TDF8,0,0,0,0,0
A0A386KQZ5,0,0,0,0,0
A0A345AVZ0,0,0,0,0,0
A0AAE7V3C6,0,0,0,0,0
A0A286QHW5,0,0,0,0,0
A0A345AVG0,0,0,0,0,0
A0A346FJL2,0,0,0,0,0
A0A7S8MRR7,0,0,0,0,0
A0AAE7RWH8,0,0,0,0,0
A0AAE7RX83,0,0,0,0,0
A0AAE7V375,0,0,0,0,0
A0AAU8GLN9,0,0,0,0,0
A0A286QHX4,0,0,0,0,0
A0A8E5EBM8,0,0,0,0,0
Q98517,0,0,0,0,0
A0A0U4JKT0,0,0,0,0,0
A0A7G5B844,0,0,0,0,0
A0AAE7RVH8,0,0,0,0,0
A0A345AVQ0,0,0,0,0,0
H2EFS1,0,0,0,0,0
A0A4D6EGH5,0,0,0,0,0
H2EF00,0,0,0,0,0
A0AB39U217,0,0,0,0,0
A0A6B9WLU9,0,0,0,0,0
A0A6B9X8U2,0,0,0,0,0
A0A6B9WMD9,0,0,0,0,0
A0A6B9WXN7,0,0,0,0,0
A0A6B9X7X8,0,0,0,0,0
H2EF01,0,0,0,0,0
A0A6B9WPF7,0,0,0,0,0
A0A6B9XAV5,0,0,0,0,0
A0A7L8ZG21,0,0,0,0,0
A0A1D8EQE1,0,0,0,0,0
K7QL48,0,0,0,0,0
A0A2H4UUJ6,0,0,0,0,0
A0AA96KSM7,0,0,0,0,0
A0AA49GZG7,0,0,0,0,0
A0A7M3UPD8,0,0,0,0,0
A0A6J5Q3U2,0,0,0,0,0
A0A1C9C588,0,0,0,0,0
M1HH86,0,0,0,0,0
M1HVK7,0,0,0,0,0
A0A2H4J6E1,0,0,0,0,0
A0AAU7J8U8,0,0,0,0,0
A0AAE7V4B1,0,0,0,0,0
A0AAE7V3X1,0,0,0,0,0
A0A2R4ALZ3,0,0,0,0,0
A0A6J5RUS0,0,0,0,0,0
M1H544,0,0,0,0,0
A0A2H4J078,0,0,0,0,0
A0A1C9C585,0,0,0,0,0
A0A0C4UQR3,0,0,0,0,0
A0AAU8EJW3,0,0,0,0,0
A0A3T0II11,0,0,0,0,0
A0A6J5RNG8,0,0,0,0,0
A0A8S5R1N0,0,0,0,0,0
A0A160DGW2,0,0,0,0,0
A0A166YFS0,0,0,0,0,0
A0A6B9SRR6,0,0,0,0,0
A0A6J5M025,0,0,0,0,0
A0A6J5NKH1,0,0,0,0,0
A0A6J5QRP2,0,0,0,0,0
A0A8S5LRF6,0,0,0,0,0
A0A8S5MLD2,0,0,0,0,0
A0A8S5NIY3,0,0,0,0,0
A0A8S5P463,0,0,0,0,0
A0A8S5P606,0,0,0,0,0
A0A8S5PZF8,0,0,0,0,0
A0A8S5QQJ1,0,0,0,0,0
A0A8S5RRY7,0,0,0,0,0
A0A8S5RXF4,0,0,0,0,0
A0A8S5S5X9,0,0,0,0,0
A0A8S5SEJ1,0,0,0,0,0
A0A8S5TFS3,0,0,0,0,0
A0A8S5TLB0,0,0,0,0,0
A0A8S5TMM8,0,0,0,0,0
A0A8S5TRX7,0,0,0,0,0
A0A8S5TSA8,0,0,0,0,0
A0A8S5UDU0,0,0,0,0,0
A0A8S5VFI3,0,0,0,0,0
A0AAX4B1Z4,0,0,0,0,0
A0A1S5SCM1,0,0,0,0,0
A0A1S5SD13,0,0,0,0,0
A0A8D9UGU2,0,0,0,0,0
A0A8S5NCX2,0,0,0,0,0
A0A8S5NQ03,0,0,0,0,0
A0A8S5PG33,0,0,0,0,0
A0A8S5PMB0,0,0,0,0,0
A0A8S5Q7W0,0,0,0,0,0
A0A8S5R507,0,0,0,0,0
A0A8S5S473,0,0,0,0,0
A0A8S5SIY9,0,0,0,0,0
A0A8S5SZC5,0,0,0,0,0
A0A8S5T153,0,0,0,0,0
A0A8S5T283,0,0,0,0,0
A0A8S5TFW4,0,0,0,0,0
A0A8S5TW86,0,0,0,0,0
A0A8S5U0F9,0,0,0,0,0
A0A8S5V806,0,0,0,0,0
A0A8S5VAE9,0,0,0,0,0
A0A8S5VLB4,0,0,0,0,0
A0A1S5S9I3,0,0,0,0,0
A0A1S5SDZ6,0,0,0,0,0
A0A6J5KN34,0,0,0,0,0
A0A8S5MSS1,0,0,0,0,0
A0A8S5MTE7,0,0,0,0,0
A0A8S5MUW8,0,0,0,0,0
A0A8S5N0R2,0,0,0,0,0
A0A8S5PCG6,0,0,0,0,0
A0A8S5PXI2,0,0,0,0,0
A0A8S5RWG5,0,0,0,0,0
A0A8S5S248,0,0,0,0,0
A0A8S5S436,0,0,0,0,0
A0A8S5SLC6,0,0,0,0,0
A0A8S5T2D8,0,0,0,0,0
A0A8S5UDE7,0,0,0,0,0
A0A8S5VK84,0,0,0,0,0
A0AAU8B734,0,0,0,0,0
A0A160DHK1,0,0,0,0,0
A0A1S5S8M0,0,0,0,0,0
A0A1S5SAZ8,0,0,0,0,0
A0A1S5SCF9,0,0,0,0,0
A0A6J5KQT3,0,0,0,0,0
A0A6J5KV48,0,0,0,0,0
A0A6J5LRT0,0,0,0,0,0
A0A8S5NPL6,0,0,0,0,0
A0A8S5PFX6,0,0,0,0,0
A0A8S5QD89,0,0,0,0,0
A0A8S5RV74,0,0,0,0,0
A0A8S5S7I1,0,0,0,0,0
A0A8S5T4E6,0,0,0,0,0
A0A8S5T5D1,0,0,0,0,0
A0A8S5TQG9,0,0,0,0,0
A0A8S5UJ14,0,0,0,0,0
A0A8S5VKM3,0,0,0,0,0
A0A0K0NL26,0,0,0,0,0
A0A2S1GN36,0,0,0,0,0
A0A514DIF7,0,0,0,0,0
A0A6J5L7P3,0,0,0,0,0
A0A8S5LHM2,0,0,0,0,0
A0A8S5LN14,0,0,0,0,0
A0A8S5LYB1,0,0,0,0,0
A0A8S5MRQ7,0,0,0,0,0
A0A8S5N6J0,0,0,0,0,0
A0A8S5SIW6,0,0,0,0,0
A0A8S5T7Q8,0,0,0,0,0
A0A8S5TBS1,0,0,0,0,0
A0A8S5TNG1,0,0,0,0,0
A0A8S5TTD9,0,0,0,0,0
A0A8S5U094,0,0,0,0,0
A0A8S5U1M9,0,0,0,0,0
A0A8S5V4N6,0,0,0,0,0
A0A8S5V8E4,0,0,0,0,0
A0A6J7XWH7,0,0,0,0,0
A0A068EP13,0,0,0,0,0
A0A0A0YX30,0,0,0,0,0
A0A0S2MVF5,0,0,0,0,0
A0A160DCT0,0,0,0,0,0
A0A1B3AZY4,0,0,0,0,0
A0A1C9EHQ9,0,0,0,0,0
A0A3G2KEE8,0,0,0,0,0
A0A3S9UNF9,0,0,0,0,0
A0A6J5KHQ1,0,0,0,0,0
A0A7L7SQ05,0,0,0,0,0
A0A8E5EA25,0,0,0,0,0
A0A8S5M2Y8,0,0,0,0,0
A0A8S5MBM5,0,0,0,0,0
A0A8S5MJ47,0,0,0,0,0
A0A8S5N2E6,0,0,0,0,0
A0A8S5PL03,0,0,0,0,0
A0A8S5PM00,0,0,0,0,0
A0A8S5R3S7,0,0,0,0,0
A0AAE7K6A0,0,0,0,0,0
B5A715,0,0,0,0,0
S0A3I4,0,0,0,0,0
A0A0A8KXI4,0,0,0,0,0
A0A0A8KXK4,0,0,0,0,0
A0A0K2CN82,0,0,0,0,0
A0A0M3LS41,0,0,0,0,0
A0A0M3LSL9,0,0,0,0,0
A0A0U4IA68,0,0,0,0,0
A0A1S5S9J0,0,0,0,0,0
A0A2H4J8E5,0,0,0,0,0
A0A3G2KIP6,0,0,0,0,0
A0A3G3M3K8,0,0,0,0,0
A0A5P8DBN8,0,0,0,0,0
A0A5P8DEM3,0,0,0,0,0
A0A5Q2F1X4,0,0,0,0,0
A0A6J5LWU4,0,0,0,0,0
A0A6S4PE09,0,0,0,0,0
A0A7L7SM72,0,0,0,0,0
A0A8E4ZL58,0,0,0,0,0
A0A8S5LG26,0,0,0,0,0
A0A8S5LS26,0,0,0,0,0
A0A8S5LW59,0,0,0,0,0
A0A8S5MFY9,0,0,0,0,0
A0A8S5MZH7,0,0,0,0,0
A0A8S5NCU3,0,0,0,0,0
A0A8S5NKT1,0,0,0,0,0
A0A8S5PGQ7,0,0,0,0,0
A0A8S5SFC0,0,0,0,0,0
A0A8S5T2Q6,0,0,0,0,0
A0A8S5U6R6,0,0,0,0,0
A0A8S5UND0,0,0,0,0,0
A0A8S5URQ3,0,0,0,0,0
A0A8S5UUI2,0,0,0,0,0
A0A8S5VFT9,0,0,0,0,0
A0A8S5VP30,0,0,0,0,0
A0A9E7V2J4,0,0,0,0,0
G1JX48,0,0,0,0,0
I3WTY9,0,0,0,0,0
A0A0A1I5U0,0,0,0,0,0
A0A0A7AQ76,0,0,0,0,0
A0A0A8KWT9,0,0,0,0,0
A0A0M3LQU1,0,0,0,0,0
A0A0S2GLC8,0,0,0,0,0
A0A1B1P8H0,0,0,0,0,0
A0A1S5S8Y2,0,0,0,0,0
A0A1S5SFX6,0,0,0,0,0
A0A1S6L1B6,0,0,0,0,0
A0A222ZKS6,0,0,0,0,0
A0A2H4PAQ2,0,0,0,0,0
A0A2K9V3H5,0,0,0,0,0
A0A4P8MVH8,0,0,0,0,0
A0A6J5KQY6,0,0,0,0,0
A0A6S4PDS7,0,0,0,0,0
A0A8S5LLA0,0,0,0,0,0
A0A8S5PSE7,0,0,0,0,0
A0A8S5PWS1,0,0,0,0,0
A0A8S5R3U6,0,0,0,0,0
A0A8S5SE07,0,0,0,0,0
A0A8S5SKT6,0,0,0,0,0
A0A8S5TIV0,0,0,0,0,0
A0A8S5UDA1,0,0,0,0,0
A0A9E7L9X9,0,0,0,0,0
A0AB39C767,0,0,0,0,0
A7XXG4,0,0,0,0,0
I7I4C3,0,0,0,0,0
Q19US1,0,0,0,0,0
A0A0E3T6D9,0,0,0,0,0
A0A0K1Y646,0,0,0,0,0
A0A0K2CP59,0,0,0,0,0
A0A0M3LRG1,0,0,0,0,0
A0A1B1P7U3,0,0,0,0,0
A0A1S5S862,0,0,0,0,0
A0A1S5SAV6,0,0,0,0,0
A0A2I6UF89,0,0,0,0,0
A0A3G2K9Y4,0,0,0,0,0
A0A3G2KEQ5,0,0,0,0,0
A0A3G2KGL0,0,0,0,0,0
A0A3G3M6E5,0,0,0,0,0
A0A4Y6EJ14,0,0,0,0,0
A0A5C2IFU0,0,0,0,0,0
A0A5Q2WE39,0,0,0,0,0
A0A6S4P7S1,0,0,0,0,0
A0A8S5LST3,0,0,0,0,0
A0A8S5MKT4,0,0,0,0,0
A0A8S5N2V6,0,0,0,0,0
A0A8S5NS67,0,0,0,0,0
A0A8S5NTG3,0,0,0,0,0
A0A8S5Q1E1,0,0,0,0,0
A0A8S5Q6I8,0,0,0,0,0
A0A8S5R2G9,0,0,0,0,0
A0A8S5U348,0,0,0,0,0
A0A8S5U903,0,0,0,0,0
A0A8S5U9B1,0,0,0,0,0
A0A8S5VD59,0,0,0,0,0
A0A8S5VQ61,0,0,0,0,0
Q19UT7,0,0,0,0,0
R9QCN7,0,0,0,0,0
U5Q0B8,0,0,0,0,0
U5Q1D8,0,0,0,0,0
A0A0E3M2X0,0,0,0,0,0
A0A142F1N9,0,0,0,0,0
A0A1B1P793,0,0,0,0,0
A0A1D8EV03,0,0,0,0,0
A0A2H4JE37,0,0,0,0,0
A0A2K9VH72,0,0,0,0,0
A0A3G3M4B2,0,0,0,0,0
A0A3S9UAI3,0,0,0,0,0
A0A6J5LSV7,0,0,0,0,0
A0A6J5QBU4,0,0,0,0,0
A0A8S5LDE7,0,0,0,0,0
A0A8S5MIL4,0,0,0,0,0
A0A8S5N3Y1,0,0,0,0,0
A0A8S5NW76,0,0,0,0,0
A0A8S5QX01,0,0,0,0,0
A0A8S5RSK4,0,0,0,0,0
A0A8S5SD71,0,0,0,0,0
A0A8S5SEY9,0,0,0,0,0
A0A8S5SI42,0,0,0,0,0
A0A8S5TD33,0,0,0,0,0
A0A8S5TNZ8,0,0,0,0,0
A0A8S5TUN4,0,0,0,0,0
A0A8S5VCQ4,0,0,0,0,0
I7IDI7,0,0,0,0,0
A0A023W6X0,0,0,0,0,0
A0A0D3MTD6,0,0,0,0,0
A0A0M4RBT1,0,0,0,0,0
A0A1B1P7C7,0,0,0,0,0
A0A1I9KK44,0,0,0,0,0
A0A1L7DRH6,0,0,0,0,0
A0A1S5VXR9,0,0,0,0,0
A0A1W6JMY2,0,0,0,0,0
A0A1W6JNF5,0,0,0,0,0
A0A1X9SI38,0,0,0,0,0
A0A2H4PB99,0,0,0,0,0
A0A3G2KI70,0,0,0,0,0
A0A649VKW6,0,0,0,0,0
A0A6G9LMQ5,0,0,0,0,0
A0A6J7W846,0,0,0,0,0
A0A7G5B8A7,0,0,0,0,0
A0A7G8LLG6,0,0,0,0,0
A0A7L7SMX3,0,0,0,0,0
A0A7L8ZKA8,0,0,0,0,0
A0A7S6RB78,0,0,0,0,0
A0A8S5NM00,0,0,0,0,0
A0A8S5Q0R9,0,0,0,0,0
A0A8S5V073,0,0,0,0,0
A0AAE8YPY1,0,0,0,0,0
A0AAE9K6M5,0,0,0,0,0
R4ICC6,0,0,0,0,0
A0A0A7AR08,0,0,0,0,0
A0A0H4TLY6,0,0,0,0,0
A0A1W6JJ78,0,0,0,0,0
A0A1W6JKN5,0,0,0,0,0
A0A1W6JLC4,0,0,0,0,0
A0A2H4JAA2,0,0,0,0,0
A0A385UEW3,0,0,0,0,0
A0A649V3Q1,0,0,0,0,0
A0A6H0X6F1,0,0,0,0,0
A0A6M3TAG6,0,0,0,0,0
A0A7D4XPE3,0,0,0,0,0
A0A7S6C6J3,0,0,0,0,0
A0A8F3E8N7,0,0,0,0,0
A0A8S5MJ20,0,0,0,0,0
A0A8S5N5P0,0,0,0,0,0
A0A8S5PGU9,0,0,0,0,0
A0A8S5TQ08,0,0,0,0,0
A0A8S5TZV4,0,0,0,0,0
A0A9E7E5Y9,0,0,0,0,0
A0AAE8BI72,0,0,0,0,0
A0AAE8YPA1,0,0,0,0,0
B5A613,0,0,0,0,0
C9DCM0,0,0,0,0,0
G1DHY7,0,0,0,0,0
G1JWS0,0,0,0,0,0
I6NSG1,0,0,0,0,0
A0A060AEW6,0,0,0,0,0
A0A0K2CZ62,0,0,0,0,0
A0A0K2CZL4,0,0,0,0,0
A0A0U3B271,0,0,0,0,0
A0A141E0Q7,0,0,0,0,0
A0A1W6JLR4,0,0,0,0,0
A0A222ZPS9,0,0,0,0,0
A0A222ZPY5,0,0,0,0,0
A0A345KX45,0,0,0,0,0
A0A345KYX7,0,0,0,0,0
A0A345MIR0,0,0,0,0,0
A0A385IK24,0,0,0,0,0
A0A3G3BVH8,0,0,0,0,0
A0A3Q9R7K6,0,0,0,0,0
A0A3Q9R7W4,0,0,0,0,0
A0A411B5E8,0,0,0,0,0
A0A482JGE0,0,0,0,0,0
A0A4P8MV44,0,0,0,0,0
A0A514DGV3,0,0,0,0,0
A0A6G9LNP3,0,0,0,0,0
A0A7G9VYQ7,0,0,0,0,0
A0A8S5LNM0,0,0,0,0,0
A0A8S5N9N7,0,0,0,0,0
A0A8S5PX15,0,0,0,0,0
A0A8S5Q8H7,0,0,0,0,0
A0A8S5QIE8,0,0,0,0,0
A0A8S5S2F8,0,0,0,0,0
A0AAE8BDE1,0,0,0,0,0
G1D0Q3,0,0,0,0,0
S5M872,0,0,0,0,0
S5Y1V3,0,0,0,0,0
A0A1D6X8B0,0,0,0,0,0
A0A1L7DQ84,0,0,0,0,0
A0A1W6JJR0,0,0,0,0,0
A0A1W6JMA5,0,0,0,0,0
A0A385DPT7,0,0,0,0,0
A0A5P8D9R7,0,0,0,0,0
A0A6G6XRX1,0,0,0,0,0
A0A6J5SVQ2,0,0,0,0,0
A0A7D5KU05,0,0,0,0,0
A0A8S5NJP5,0,0,0,0,0
A0A8S5NTV2,0,0,0,0,0
A0A8S5PRX5,0,0,0,0,0
A0A8S5QNB1,0,0,0,0,0
A0A8S5SK94,0,0,0,0,0
A0A8S5U335,0,0,0,0,0
A0A8S5UW54,0,0,0,0,0
A0AAE8YVF5,0,0,0,0,0
A0AAT9TTA9,0,0,0,0,0
E0YJ18,0,0,0,0,0
Q1A118,0,0,0,0,0
Q857V9,0,0,0,0,0
Q8W5Y3,0,0,0,0,0
V9VFQ5,0,0,0,0,0
W5RV39,0,0,0,0,0
A0A0F6WF30,0,0,0,0,0
A0A0K2CYP0,0,0,0,0,0
A0A0K2CZC3,0,0,0,0,0
A0A1W6JK69,0,0,0,0,0
A0A2D1GJR3,0,0,0,0,0
A0A2K9VC99,0,0,0,0,0
A0A3G2KJ59,0,0,0,0,0
A0A410TBP2,0,0,0,0,0
A0A411AXM8,0,0,0,0,0
A0A6B9LAB7,0,0,0,0,0
A0A6J5L0R8,0,0,0,0,0
A0A6J5RDD9,0,0,0,0,0
A0A8S5LRQ1,0,0,0,0,0
A0A8S5PWE8,0,0,0,0,0
A0A8S5VDK9,0,0,0,0,0
A0A9E7NJY3,0,0,0,0,0
A0AAE8YUX6,0,0,0,0,0
A0AAF0GNN9,0,0,0,0,0
A0AAU8GN55,0,0,0,0,0
A0AAU8GR03,0,0,0,0,0
A0AAX4J735,0,0,0,0,0
G1D2A3,0,0,0,0,0
G1D5R6,0,0,0,0,0
G9FGY1,0,0,0,0,0
U5JA40,0,0,0,0,0
A0A1S5SEW7,0,0,0,0,0
A0A8S5L803,0,0,0,0,0
A0A8S5MUS6,0,0,0,0,0
A0A8S5PK59,0,0,0,0,0
A0A8S5STM1,0,0,0,0,0
A0A8S5QI30,0,0,0,0,0
A7XX23,0,0,0,0,0
A0A2K9V5A8,0,0,0,0,0
A0A3G6K3I0,0,0,0,0,0
A0A8S5VCQ0,0,0,0,0,0
A0A8S5VE06,0,0,0,0,0
A0A8S5TQF2,0,0,0,0,0
A0A8S5UEV5,0,0,0,0,0
E5FFF9,0,0,0,0,0
A0A8S5PR23,0,0,0,0,0
A0A8S5SS76,0,0,0,0,0
A0A8S5T9L3,0,0,0,0,0
A0AAU8HYI5,1,1,1,1,1
A0A8S5L5T0,0,0,0,0,0
A0A8S5LJC0,0,0,0,0,0
A0A8S5LU46,0,0,0,0,0
A0A8S5LUE9,0,0,0,0,0
A0A8S5MHF2,0,0,0,0,0
A0A8S5MKS8,0,0,0,0,0
A0A8S5MZ49,0,0,0,0,0
A0A8S5N6B7,0,0,0,0,0
A0A8S5NH08,0,0,0,0,0
A0A8S5NX72,0,0,0,0,0
A0A8S5P8Y0,0,0,0,0,0
A0A8S5PQH5,0,0,0,0,0
A0A8S5R1S2,0,0,0,0,0
A0A8S5SRU3,0,0,0,0,0
A0A8S5SUL4,0,0,0,0,0
A0A8S5TEU3,0,0,0,0,0
A0A8S5TQ84,0,0,0,0,0
A0A8S5UVI7,0,0,0,0,0
A0A8S5V8Z5,0,0,0,0,0
A0AAU7PET4,0,0,0,0,0
A0A8S5M8Y1,0,0,0,0,0
A0A8S5MFX2,0,0,0,0,0
A0A8S5MG46,0,0,0,0,0
A0A8S5NC57,0,0,0,0,0
A0A8S5P0H0,0,0,0,0,0
A0A8S5P2N2,0,0,0,0,0
A0A8S5P3J2,0,0,0,0,0
A0A8S5PU90,0,0,0,0,0
A0A8S5PXC6,0,0,0,0,0
A0A8S5Q8F9,0,0,0,0,0
A0A8S5QAW8,0,0,0,0,0
A0A8S5QJ83,0,0,0,0,0
A0A8S5QV89,0,0,0,0,0
A0A8S5STS8,0,0,0,0,0
A0A8S5T4Y2,0,0,0,0,0
A0A8S5U7T8,0,0,0,0,0
A0A836PIB7,0,0,0,0,0
A0A8S5MSL1,0,0,0,0,0
A0A8S5MX92,0,0,0,0,0
A0A8S5N942,0,0,0,0,0
A0A8S5PMC2,0,0,0,0,0
A0A8S5PXM9,0,0,0,0,0
A0A8S5PZX0,0,0,0,0,0
A0A8S5QKU7,0,0,0,0,0
A0A8S5TNL5,0,0,0,0,0
A0A8S5VHK5,0,0,0,0,0
A0A8S5LPC8,0,0,0,0,0
A0A8S5M1L6,0,0,0,0,0
A0A8S5M8D7,0,0,0,0,0
A0A8S5MEI1,0,0,0,0,0
A0A8S5NAS8,0,0,0,0,0
A0A8S5NJ32,0,0,0,0,0
A0A8S5P8F2,0,0,0,0,0
A0A8S5PJ47,0,0,0,0,0
A0A8S5Q8U0,0,0,0,0,0
A0A8S5SAL8,0,0,0,0,0
A0A8S5T5M8,0,0,0,0,0
A0A8S5TRU4,0,0,0,0,0
A0A8S5MCQ3,0,0,0,0,0
A0A8S5MHS8,0,0,0,0,0
A0A8S5N3E3,0,0,0,0,0
A0A8S5NEX0,0,0,0,0,0
A0A8S5PUP1,0,0,0,0,0
A0A8S5Q1Q3,0,0,0,0,0
A0A8S5S6K7,0,0,0,0,0
A0A8S5SIP7,0,0,0,0,0
A0A8S5TEI7,0,0,0,0,0
A0A8S5TGK9,0,0,0,0,0
A0AAU8HXR4,1,1,1,1,1
Q5XLQ5,0,0,0,0,0
A0A090C6M9,0,0,0,0,0
A0A141DZB9,0,0,0,0,0
A0A141DZD4,0,0,0,0,0
A0A141E0E6,0,0,0,0,0
A0A1B1IWP1,0,0,0,0,0
A0A1B1P7Y2,0,0,0,0,0
A0A1B1P8K8,0,0,0,0,0
A0A1S5S8G1,0,0,0,0,0
A0A1S5SAV5,0,0,0,0,0
A0A1S5SCY6,0,0,0,0,0
A0A1S5SEC4,0,0,0,0,0
A0A1W6DWU1,0,0,0,0,0
A0A240F4W2,0,0,0,0,0
A0A2H4J790,0,0,0,0,0
A0A2I6UFC9,0,0,0,0,0
A0A345GTZ0,0,0,0,0,0
A0A5Q2WB94,0,0,0,0,0
A0A6G6XHA0,0,0,0,0,0
A0A6J5M524,0,0,0,0,0
A0A6J5NRC4,0,0,0,0,0
A0A6J5PQ14,0,0,0,0,0
A0A6J5S0W9,0,0,0,0,0
A0A6J7WC87,0,0,0,0,0
A0A830ZNU8,0,0,0,0,0
A0A876AXD4,0,0,0,0,0
A0A8S5MP89,0,0,0,0,0
A0A8S5MU83,0,0,0,0,0
A0A8S5N5N1,0,0,0,0,0
A0A8S5ND50,0,0,0,0,0
A0A8S5NQC7,0,0,0,0,0
A0A8S5NVE0,0,0,0,0,0
A0A8S5PVG5,0,0,0,0,0
A0A8S5QHD0,0,0,0,0,0
A0A8S5QJK5,0,0,0,0,0
A0A8S5S1H0,0,0,0,0,0
A0A8S5S675,0,0,0,0,0
A0A8S5SFS0,0,0,0,0,0
A0A8S5UA90,0,0,0,0,0
A0A8S5V118,0,0,0,0,0
A0A8S5V5P0,0,0,0,0,0
A0A9E7STG3,0,0,0,0,0
A0AA86Y599,0,0,0,0,0
A0AAE9G4J7,0,0,0,0,0
A8ATD6,0,0,0,0,0
A8WA17,0,0,0,0,0
E5E3N4,0,0,0,0,0
K4K327,0,0,0,0,0
K7PHM9,0,0,0,0,0
K7PKD7,0,0,0,0,0
K7PMF1,0,0,0,0,0
Q6R860,0,0,0,0,0
R9W0R3,0,0,0,0,0
A0A090DCL7,0,0,0,0,0
A0A096XER6,0,0,0,0,0
A0A0S2GLG4,0,0,0,0,0
A0A1B0WM49,0,0,0,0,0
A0A1B0WMK0,0,0,0,0,0
A0A1D9C9R5,0,0,0,0,0
A0A1S5S913,0,0,0,0,0
A0A1S5S994,0,0,0,0,0
A0A1S5S9E6,0,0,0,0,0
A0A1S5S9I9,0,0,0,0,0
A0A1S5SA16,0,0,0,0,0
A0A1S5SD67,0,0,0,0,0
A0A1S5SDP2,0,0,0,0,0
A0A1S5SG68,0,0,0,0,0
A0A1V0EDU5,0,0,0,0,0
A0A2H4J6I5,0,0,0,0,0
A0A385EC00,0,0,0,0,0
A0A481VZJ6,0,0,0,0,0
A0A481W174,0,0,0,0,0
A0A514A678,0,0,0,0,0
A0A6J5KWT0,0,0,0,0,0
A0A6J5M294,0,0,0,0,0
A0A6J5MMT8,0,0,0,0,0
A0A6J5QQZ7,0,0,0,0,0
A0A6J5S8Q1,0,0,0,0,0
A0A6J5SDZ4,0,0,0,0,0
A0A6J7WRP6,0,0,0,0,0
A0A6S4PAV6,0,0,0,0,0
A0A6S4PGQ9,0,0,0,0,0
A0A7L8ZLQ2,0,0,0,0,0
A0A8S5LMT7,0,0,0,0,0
A0A8S5M4Y4,0,0,0,0,0
A0A8S5N2A1,0,0,0,0,0
A0A8S5NCD6,0,0,0,0,0
A0A8S5P6C4,0,0,0,0,0
A0A8S5P6Z1,0,0,0,0,0
A0A8S5P901,0,0,0,0,0
A0A8S5P959,0,0,0,0,0
A0A8S5PRH0,0,0,0,0,0
A0A8S5PUU2,0,0,0,0,0
A0A8S5PXQ6,0,0,0,0,0
A0A8S5QQ13,0,0,0,0,0
A0A8S5TZB5,0,0,0,0,0
A0A8S5U8F1,0,0,0,0,0
A0A8S5VVM9,0,0,0,0,0
A0AAE9HF55,0,0,0,0,0
A4PE72,0,0,0,0,0
E8ZDL7,0,0,0,0,0
G3M5D1,0,0,0,0,0
J9QE93,0,0,0,0,0
K4JX14,0,0,0,0,0
K7P842,0,0,0,0,0
A0A059VF45,0,0,0,0,0
A0A0A0YRV7,0,0,0,0,0
A0A0H4THA0,0,0,0,0,0
A0A0U3TZ27,0,0,0,0,0
A0A1B3B0M5,0,0,0,0,0
A0A1L5C291,0,0,0,0,0
A0A1S5S9C2,0,0,0,0,0
A0A1S5SAV2,0,0,0,0,0
A0A1S5SFL0,0,0,0,0,0
A0A1V0EEQ0,0,0,0,0,0
A0A2H4J8L8,0,0,0,0,0
A0A385UCW1,0,0,0,0,0
A0A411CQH4,0,0,0,0,0
A0A482MDE9,0,0,0,0,0
A0A515MHB1,0,0,0,0,0
A0A6J5KTT8,0,0,0,0,0
A0A6J5LYD5,0,0,0,0,0
A0A6S4PA53,0,0,0,0,0
A0A7G5B8Z3,0,0,0,0,0
A0A7G5BAF1,0,0,0,0,0
A0A7G8ZZK8,0,0,0,0,0
A0A7G9UXM8,0,0,0,0,0
A0A830ZUB2,0,0,0,0,0
A0A8S5LF85,0,0,0,0,0
A0A8S5LLN0,0,0,0,0,0
A0A8S5LNE4,0,0,0,0,0
A0A8S5LW03,0,0,0,0,0
A0A8S5M6F5,0,0,0,0,0
A0A8S5NA04,0,0,0,0,0
A0A8S5P4E4,0,0,0,0,0
A0A8S5PDT3,0,0,0,0,0
A0A8S5QG11,0,0,0,0,0
A0A8S5QHL8,0,0,0,0,0
A0A8S5QQF6,0,0,0,0,0
A0A8S5QTW6,0,0,0,0,0
A0A8S5QVD0,0,0,0,0,0
A0A8S5R1T9,0,0,0,0,0
A0A8S5SNC7,0,0,0,0,0
A0A8S5SR05,0,0,0,0,0
A0A8S5SRG9,0,0,0,0,0
A0A8S5SUA1,0,0,0,0,0
A0A8S5T7L3,0,0,0,0,0
A0A8S5U0Y8,0,0,0,0,0
A0A8S5ULD6,0,0,0,0,0
A0A8S5UTX1,0,0,0,0,0
A0A8S5V4S2,0,0,0,0,0
A0A8S5V8A9,0,0,0,0,0
A0A8S5VC28,0,0,0,0,0
A0A9E7MQA7,0,0,0,0,0
A0A9E7MS78,0,0,0,0,0
A0AAE9GAN1,0,0,0,0,0
A0AAT9V7G2,0,0,0,0,0
C5J955,0,0,0,0,0
H0USV4,0,0,0,0,0
K4JRQ8,0,0,0,0,0
K4K6A1,0,0,0,0,0
M1TW19,0,0,0,0,0
Q4ZC42,0,0,0,0,0
W8CYP1,0,0,0,0,0
A0A023ZX87,0,0,0,0,0
A0A0A8WE94,0,0,0,0,0
A0A0A8WEV9,0,0,0,0,0
A0A0A8WI70,0,0,0,0,0
A0A0E3T6W0,0,0,0,0,0
A0A0E3T7Z8,0,0,0,0,0
A0A0E3XA96,0,0,0,0,0
A0A0M5M0L9,0,0,0,0,0
A0A0M5M0N3,0,0,0,0,0
A0A141E0P1,0,0,0,0,0
A0A1B0WMR1,0,0,0,0,0
A0A1I9SC88,0,0,0,0,0
A0A1L2BWP1,0,0,0,0,0
A0A1R3Y6Z3,0,0,0,0,0
A0A1S5S8B7,0,0,0,0,0
A0A1S5S9Q4,0,0,0,0,0
A0A1S5SA66,0,0,0,0,0
A0A1S5SAQ5,0,0,0,0,0
A0A1S5SCL0,0,0,0,0,0
A0A1S5SCV2,0,0,0,0,0
A0A1S5SCV4,0,0,0,0,0
A0A222ZES9,0,0,0,0,0
A0A2D1GFB1,0,0,0,0,0
A0A2H4J4W0,0,0,0,0,0
A0A2H4JG32,0,0,0,0,0
A0A385EA17,0,0,0,0,0
A0A3G2KCZ6,0,0,0,0,0
A0A3G2KH19,0,0,0,0,0
A0A514DJG5,0,0,0,0,0
A0A6G9LAV6,0,0,0,0,0
A0A6J5KJG7,0,0,0,0,0
A0A6J5KMJ4,0,0,0,0,0
A0A6J5KY07,0,0,0,0,0
A0A6J5SYB5,0,0,0,0,0
A0A6J7WFG2,0,0,0,0,0
A0A6S4PEE4,0,0,0,0,0
A0A8S5LET1,0,0,0,0,0
A0A8S5LMH1,0,0,0,0,0
A0A8S5M736,0,0,0,0,0
A0A8S5MGI6,0,0,0,0,0
A0A8S5N681,0,0,0,0,0
A0A8S5NWE8,0,0,0,0,0
A0A8S5PZC6,0,0,0,0,0
A0A8S5QBN7,0,0,0,0,0
A0A8S5SBA2,0,0,0,0,0
A0A8S5T4Q7,0,0,0,0,0
A0A8S5T7P2,0,0,0,0,0
A0A8S5TY86,0,0,0,0,0
A0A8S5VF03,0,0,0,0,0
A0A8T8JBJ0,0,0,0,0,0
A0AA48V652,0,0,0,0,0
A0AAE9K613,0,0,0,0,0
A0AAU8GKN6,0,0,0,0,0
A0AAU8GMB5,0,0,0,0,0
E8ZDR2,0,0,0,0,0
I3WU23,0,0,0,0,0
K7P7R5,0,0,0,0,0
Q58N46,0,0,0,0,0
Q9ZWV7,0,0,0,0,0
A0A0A8WF93,0,0,0,0,0
A0A0E3XBN7,0,0,0,0,0
A0A142KA26,0,0,0,0,0
A0A1J1J900,0,0,0,0,0
A0A1S5NNJ1,0,0,0,0,0
A0A1S5S7M5,0,0,0,0,0
A0A1S5SCL7,0,0,0,0,0
A0A1S5SER2,0,0,0,0,0
A0A220NRP6,0,0,0,0,0
A0A220NSB9,0,0,0,0,0
A0A2D1GPE8,0,0,0,0,0
A0A2K8I325,0,0,0,0,0
A0A385D0Z8,0,0,0,0,0
A0A3G3MAZ9,0,0,0,0,0
A0A5J6TJ14,0,0,0,0,0
A0A6J5MH52,0,0,0,0,0
A0A6J5MYJ3,0,0,0,0,0
A0A6J5NCE7,0,0,0,0,0
A0A6J5NHC9,0,0,0,0,0
A0A6J7VJD1,0,0,0,0,0
A0A7G9UZ96,0,0,0,0,0
A0A7L7SRF1,0,0,0,0,0
A0A7T0M148,0,0,0,0,0
A0A830ZWA6,0,0,0,0,0
A0A873WGI7,0,0,0,0,0
A0A8D9PE11,0,0,0,0,0
A0A8S5M052,0,0,0,0,0
A0A8S5MAF5,0,0,0,0,0
A0A8S5MCT0,0,0,0,0,0
A0A8S5MY35,0,0,0,0,0
A0A8S5N1W9,0,0,0,0,0
A0A8S5NSE9,0,0,0,0,0
A0A8S5PD27,0,0,0,0,0
A0A8S5PIJ5,0,0,0,0,0
A0A8S5PTQ2,0,0,0,0,0
A0A8S5Q9F0,0,0,0,0,0
A0A8S5SFI1,0,0,0,0,0
A0A8S5SL42,0,0,0,0,0
A0A8S5THM8,0,0,0,0,0
A0A8S5UAI5,0,0,0,0,0
A0A8S5UWM1,0,0,0,0,0
A0A8S5VC85,0,0,0,0,0
A0A8S5VDK1,0,0,0,0,0
A0A8S5VFH6,0,0,0,0,0
A0A8S5VG02,0,0,0,0,0
A0A9E7SR12,0,0,0,0,0
A0AAE8XQY2,0,0,0,0,0
A0AAE8Y621,0,0,0,0,0
A0AAE9K5N5,0,0,0,0,0
A0AAU8GPQ7,0,0,0,0,0
A0AB39BZG2,0,0,0,0,0
F6K8Q2,0,0,0,0,0
G8C7K6,0,0,0,0,0
L7TP61,0,0,0,0,0
Q8JL11,0,0,0,0,0
R9R596,0,0,0,0,0
A0A0A0RN34,0,0,0,0,0
A0A0F6SJK8,0,0,0,0,0
A0A0F7LA05,0,0,0,0,0
A0A0F7LBR0,0,0,0,0,0
A0A0K0MWE8,0,0,0,0,0
A0A0K0N6I5,0,0,0,0,0
A0A142K799,0,0,0,0,0
A0A142K7N4,0,0,0,0,0
A0A142K7V6,0,0,0,0,0
A0A1S5SAT1,0,0,0,0,0
A0A1X9H094,0,0,0,0,0
A0A2D1G850,0,0,0,0,0
A0A2H4PCY2,0,0,0,0,0
A0A2H4PEZ9,0,0,0,0,0
A0A2I6PD84,0,0,0,0,0
A0A2P1CEE3,0,0,0,0,0
A0A2U8UJ20,0,0,0,0,0
A0A2Z4Q4B7,0,0,0,0,0
A0A345KN08,0,0,0,0,0
A0A386KQ08,0,0,0,0,0
A0A3G2KEN3,0,0,0,0,0
A0A3G2KFQ7,0,0,0,0,0
A0A3G2KGK2,0,0,0,0,0
A0A3G3M3K4,0,0,0,0,0
A0A3S9URL8,0,0,0,0,0
A0A481S2R3,0,0,0,0,0
A0A4Y5TYR5,0,0,0,0,0
A0A4Y6EN05,0,0,0,0,0
A0A4Y6EXB0,0,0,0,0,0
A0A514A6G9,0,0,0,0,0
A0A514DKI2,0,0,0,0,0
A0A516KNZ0,0,0,0,0,0
A0A5C0CGY1,0,0,0,0,0
A0A5P1MBE6,0,0,0,0,0
A0A5P8DA33,0,0,0,0,0
A0A649V8C9,0,0,0,0,0
A0A649VDZ8,0,0,0,0,0
A0A653FS94,0,0,0,0,0
A0A653FV39,0,0,0,0,0
A0A6G8R254,0,0,0,0,0
A0A6J5R3Q3,0,0,0,0,0
A0A6J5RVZ6,0,0,0,0,0
A0A6N0A8M7,0,0,0,0,0
A0A7G8LJZ7,0,0,0,0,0
A0A7G8LLG7,0,0,0,0,0
A0A7M1CSG6,0,0,0,0,0
A0A7T1TTK6,0,0,0,0,0
A0A831ERF9,0,0,0,0,0
A0A874MFR5,0,0,0,0,0
A0A8F3E464,0,0,0,0,0
A0A8S5LF67,0,0,0,0,0
A0A8S5LTB7,0,0,0,0,0
A0A8S5M356,0,0,0,0,0
A0A8S5MEG2,0,0,0,0,0
A0A8S5MQW6,0,0,0,0,0
A0A8S5N193,0,0,0,0,0
A0A8S5PBA6,0,0,0,0,0
A0A8S5PIM7,0,0,0,0,0
A0A8S5PMX5,0,0,0,0,0
A0A8S5QCS5,0,0,0,0,0
A0A8S5R6Q2,0,0,0,0,0
A0A8S5S377,0,0,0,0,0
A0A8S5SPR5,0,0,0,0,0
A0A8S5T777,0,0,0,0,0
A0A8S5URZ2,0,0,0,0,0
A0A8S5UZ01,0,0,0,0,0
A0A8S5VBX4,0,0,0,0,0
A0A8S5VI86,0,0,0,0,0
A0AA49BQB6,0,0,0,0,0
A0AAE8BEH0,0,0,0,0,0
A0AAE8YHF4,0,0,0,0,0
A0AAE9BLR9,0,0,0,0,0
A0AAE9BM96,0,0,0,0,0
A0AAX3ZWA2,0,0,0,0,0
A0ZS04,0,0,0,0,0
A7TW87,0,0,0,0,0
E8ZDT4,0,0,0,0,0
G4KNR8,0,0,0,0,0
G9FH48,0,0,0,0,0
I1V1G3,0,0,0,0,0
K4PAZ9,0,0,0,0,0
Q1A0I1,0,0,0,0,0
Q1I119,0,0,0,0,0
Q1JS84,0,0,0,0,0
Q4ZBP1,0,0,0,0,0
Q4ZCJ6,0,0,0,0,0
Q783S0,0,0,0,0,0
U5U466,0,0,0,0,0
V5RAB5,0,0,0,0,0
V5UQJ8,0,0,0,0,0
A0A8S5LHH6,0,0,1,0,0
A0A068A216,0,0,0,0,0
A0A077KGX2,0,0,0,0,0
A0A088FBH7,0,0,0,0,0
A0A0M4RTQ0,0,0,0,0,0
A0A142K830,0,0,0,0,0
A0A142K8S6,0,0,0,0,0
A0A1B3B212,0,0,0,0,0
A0A1B3B223,0,0,0,0,0
A0A1J0MJ38,0,0,0,0,0
A0A1S5S9M9,0,0,0,0,0
A0A1S5SFR1,0,0,0,0,0
A0A222ZL05,0,0,0,0,0
A0A2D1GG61,0,0,0,0,0
A0A2H4JAG7,0,0,0,0,0
A0A2U8UME3,0,0,0,0,0
A0A2Z5XAS8,0,0,0,0,0
A0A345KR76,0,0,0,0,0
A0A345KSI5,0,0,0,0,0
A0A345L155,0,0,0,0,0
A0A385DX32,0,0,0,0,0
A0A385E0F8,0,0,0,0,0
A0A386K4W3,0,0,0,0,0
A0A3G2KI46,0,0,0,0,0
A0A3G2KIA2,0,0,0,0,0
A0A3G3BY95,0,0,0,0,0
A0A3G3LXI3,0,0,0,0,0
A0A3G3M3E3,0,0,0,0,0
A0A3Q9R8W5,0,0,0,0,0
A0A3S9UDB7,0,0,0,0,0
A0A410T7W0,0,0,0,0,0
A0A410TD52,0,0,0,0,0
A0A411BME6,0,0,0,0,0
A0A481W330,0,0,0,0,0
A0A513ZXN0,0,0,0,0,0
A0A514U687,0,0,0,0,0
A0A516KP77,0,0,0,0,0
A0A5P8DD31,0,0,0,0,0
A0A653FT76,0,0,0,0,0
A0A6B9SY35,0,0,0,0,0
A0A6J5N2A4,0,0,0,0,0
A0A6J5PAF1,0,0,0,0,0
A0A6J5RYE6,0,0,0,0,0
A0A6J7WQ52,0,0,0,0,0
A0A7G8LGJ1,0,0,0,0,0
A0A7S5RL90,0,0,0,0,0
A0A7S6R6W3,0,0,0,0,0
A0A7T3N177,0,0,0,0,0
A0A8F3E9R1,0,0,0,0,0
A0A8S5L713,0,0,0,0,0
A0A8S5LK10,0,0,0,0,0
A0A8S5M8P6,0,0,0,0,0
A0A8S5MEY2,0,0,0,0,0
A0A8S5NS90,0,0,0,0,0
A0A8S5NVT3,0,0,0,0,0
A0A8S5PHL2,0,0,0,0,0
A0A8S5Q874,0,0,0,0,0
A0A8S5QHM7,0,0,0,0,0
A0A8S5QNZ9,0,0,0,0,0
A0A8S5RRD8,0,0,0,0,0
A0A8S5S3J0,0,0,0,0,0
A0A8S5SQ18,0,0,0,0,0
A0A8S5SQ66,0,0,0,0,0
A0A8S5SXB6,0,0,0,0,0
A0A8S5TBB7,0,0,0,0,0
A0A8S5TBI6,0,0,0,0,0
A0A8S5TLF1,0,0,0,0,0
A0A8S5TNU4,0,0,0,0,0
A0A8S5TP88,0,0,0,0,0
A0A8S5TXG9,0,0,0,0,0
A0A8S5UUH9,0,0,0,0,0
A0A8S5V3M0,0,0,0,0,0
A0A8S5V8L7,0,0,0,0,0
A0A976UAC5,0,0,0,0,0
A0AAX3XG98,0,0,0,0,0
A0AAX3ZUX4,0,0,0,0,0
A0AAX3ZX27,0,0,0,0,0
B6SCW8,0,0,0,0,0
B8K1C8,0,0,0,0,0
C5J953,0,0,0,0,0
H2BDD9,0,0,0,0,0
Q4ZAT8,0,0,0,0,0
Q94N03,0,0,0,0,0
A0A097EYL9,0,0,0,0,0
A0A127KPJ0,0,0,0,0,0
A0A142K7G7,0,0,0,0,0
A0A142KAR5,0,0,0,0,0
A0A142UL99,0,0,0,0,0
A0A160DFQ6,0,0,0,0,0
A0A1B3AYT2,0,0,0,0,0
A0A1C9LX25,0,0,0,0,0
A0A218KCE2,0,0,0,0,0
A0A2D1G541,0,0,0,0,0
A0A2H4JCU1,0,0,0,0,0
A0A2I6PE87,0,0,0,0,0
A0A2I6PEZ6,0,0,0,0,0
A0A2K9VBR8,0,0,0,0,0
A0A2Z5HEE5,0,0,0,0,0
A0A385CZY5,0,0,0,0,0
A0A3G3LYI3,0,0,0,0,0
A0A410TDU0,0,0,0,0,0
A0A481VS58,0,0,0,0,0
A0A4D6E3F3,0,0,0,0,0
A0A4D6T625,0,0,0,0,0
A0A4P1QFI6,0,0,0,0,0
A0A4Y1NU32,0,0,0,0,0
A0A4Y5TZG1,0,0,0,0,0
A0A4Y6EK07,0,0,0,0,0
A0A514CXD8,0,0,0,0,0
A0A514DGU6,0,0,0,0,0
A0A514TWX2,0,0,0,0,0
A0A515MHI2,0,0,0,0,0
A0A5C0CGU1,0,0,0,0,0
A0A649V8X8,0,0,0,0,0
A0A653FU76,0,0,0,0,0
A0A6J5R3D3,0,0,0,0,0
A0A6J7W9F5,0,0,0,0,0
A0A6J7X532,0,0,0,0,0
A0A6S4P8E6,0,0,0,0,0
A0A7S5QVQ9,0,0,0,0,0
A0A7S5R9M9,0,0,0,0,0
A0A7S6R6T3,0,0,0,0,0
A0A7S6RAZ8,0,0,0,0,0
A0A8F3E904,0,0,0,0,0
A0A8F3EAF4,0,0,0,0,0
A0A8S5LIY9,0,0,0,0,0
A0A8S5LZB3,0,0,0,0,0
A0A8S5MMF1,0,0,0,0,0
A0A8S5MSI7,0,0,0,0,0
A0A8S5MT00,0,0,0,0,0
A0A8S5MVC4,0,0,0,0,0
A0A8S5NTI5,0,0,0,0,0
A0A8S5P068,0,0,0,0,0
A0A8S5P0C4,0,0,0,0,0
A0A8S5P1E9,0,0,0,0,0
A0A8S5PW89,0,0,0,0,0
A0A8S5PYE7,0,0,0,0,0
A0A8S5QPU7,0,0,0,0,0
A0A8S5RSQ9,0,0,0,0,0
A0A8S5RT62,0,0,0,0,0
A0A8S5SCF0,0,0,0,0,0
A0A8S5SI84,0,0,0,0,0
A0A8S5SUD8,0,0,0,0,0
A0A8S5SYD5,0,0,0,0,0
A0A8S5TX82,0,0,0,0,0
A0A8S5U5W0,0,0,0,0,0
A0A8T8JFY4,0,0,0,0,0
A0AAE9FSB0,0,0,0,0,0
A0AAX3ZX07,0,0,0,0,0
A0EX17,0,0,0,0,0
B5WZK8,0,0,0,0,0
B7T0F2,0,0,0,0,0
C5IHJ6,0,0,0,0,0
G1BMR9,0,0,0,0,0
M1HMA3,0,0,0,0,0
M1RZA8,0,0,0,0,0
M4W8M4,0,0,0,0,0
O80068,0,0,0,0,0
Q6EVM3,0,0,0,0,0
Q854V7,0,0,0,0,0
U4KJ82,0,0,0,0,0
V5UQU6,0,0,0,0,0
V9QKF1,0,0,0,0,0
A0A076YL28,0,0,0,0,0
A0A088CD23,0,0,0,0,0
A0A0A7S2C0,0,0,0,0,0
A0A0M5M1H9,0,0,0,0,0
A0A0N7E0Q8,0,0,0,0,0
A0A0S2SYQ7,0,0,0,0,0
A0A142K8K2,0,0,0,0,0
A0A142KB70,0,0,0,0,0
A0A143FS32,0,0,0,0,0
A0A160DFH7,0,0,0,0,0
A0A173G9D0,0,0,0,0,0
A0A173G9H3,0,0,0,0,0
A0A1B1SEB1,0,0,0,0,0
A0A1D8EZV4,0,0,0,0,0
A0A1S5SD03,0,0,0,0,0
A0A1X9HWP9,0,0,0,0,0
A0A248XD46,0,0,0,0,0
A0A2H4PF77,0,0,0,0,0
A0A2H4PFQ9,0,0,0,0,0
A0A2I6PEN0,0,0,0,0,0
A0A2I7SC08,0,0,0,0,0
A0A2R2ZGC4,0,0,0,0,0
A0A2U8UKM4,0,0,0,0,0
A0A2Z2FB15,0,0,0,0,0
A0A2Z4Q3U8,0,0,0,0,0
A0A385D2T0,0,0,0,0,0
A0A385DWJ7,0,0,0,0,0
A0A385UJW1,0,0,0,0,0
A0A3G2KG16,0,0,0,0,0
A0A3S9UPV9,0,0,0,0,0
A0A481VTR1,0,0,0,0,0
A0A481VX53,0,0,0,0,0
A0A481VYE2,0,0,0,0,0
A0A481VZR4,0,0,0,0,0
A0A4D6T700,0,0,0,0,0
A0A4Y5TNP6,0,0,0,0,0
A0A4Y6ELD5,0,0,0,0,0
A0A5C0CGY2,0,0,0,0,0
A0A5J6TJT5,0,0,0,0,0
A0A6B9J7M3,0,0,0,0,0
A0A6J5LTW7,0,0,0,0,0
A0A6J5PLG8,0,0,0,0,0
A0A6J5PX68,0,0,0,0,0
A0A6J7WU15,0,0,0,0,0
A0A6J7X7C6,0,0,0,0,0
A0A6M3TAD4,0,0,0,0,0
A0A7S6R6W4,0,0,0,0,0
A0A7T7K7Y6,0,0,0,0,0
A0A7T8IVA2,0,0,0,0,0
A0A890UQK3,0,0,0,0,0
A0A8F2IGS0,0,0,0,0,0
A0A8S5LQ89,0,0,0,0,0
A0A8S5MFL1,0,0,0,0,0
A0A8S5MKL7,0,0,0,0,0
A0A8S5MX70,0,0,0,0,0
A0A8S5MZD5,0,0,0,0,0
A0A8S5N252,0,0,0,0,0
A0A8S5NEE2,0,0,0,0,0
A0A8S5NLK8,0,0,0,0,0
A0A8S5NM06,0,0,0,0,0
A0A8S5PFE9,0,0,0,0,0
A0A8S5PQI3,0,0,0,0,0
A0A8S5Q2A9,0,0,0,0,0
A0A8S5Q9V4,0,0,0,0,0
A0A8S5QRA9,0,0,0,0,0
A0A8S5QTC2,0,0,0,0,0
A0A8S5QUQ5,0,0,0,0,0
A0A8S5R4A4,0,0,0,0,0
A0A8S5S3X5,0,0,0,0,0
A0A8S5T223,0,0,0,0,0
A0A8S5TLI3,0,0,0,0,0
A0A8S5UAS5,0,0,0,0,0
A0A8S5UAS7,0,0,0,0,0
A0A8S5UB00,0,0,0,0,0
A0A8S5UUE7,0,0,0,0,0
A0A8S5UXH0,0,0,0,0,0
A0A8S5VBW0,0,0,0,0,0
A0A8T8JCC2,0,0,0,0,0
A0AA48V6J2,0,0,0,0,0
A0AA96KP17,0,0,0,0,0
A0AAE6YNH4,0,0,0,0,0
A0AAE8Y007,0,0,0,0,0
A0AAU8GM54,0,0,0,0,0
A0AAX3ZY61,0,0,0,0,0
A0AAX4G2N6,0,0,0,0,0
A4JWQ7,0,0,0,0,0
A7YGM7,0,0,0,0,0
C5I622,0,0,0,0,0
E8ZDN6,0,0,0,0,0
G1FTX2,0,0,0,0,0
G1JV00,0,0,0,0,0
G4KNM6,0,0,0,0,0
G8IAY1,0,0,0,0,0
I1W5Y5,0,0,0,0,0
O80218,0,0,0,0,0
Q38460,0,0,0,0,0
Q6A1Z6,0,0,0,0,0
Q8SDS6,0,0,0,0,0
S5MNZ2,0,0,0,0,0
V5URZ6,0,0,0,0,0
W0LKA5,0,0,0,0,0
W6LMU7,0,0,0,0,0
A0A0A7NQ69,0,0,0,0,0
A0A0K2CMS1,0,0,0,0,0
A0A142K658,0,0,0,0,0
A0A142KAZ5,0,0,0,0,0
A0A160DEI3,0,0,0,0,0
A0A160DFA7,0,0,0,0,0
A0A166Y4L1,0,0,0,0,0
A0A1B3AYD4,0,0,0,0,0
A0A1S5SDD0,0,0,0,0,0
A0A1S5SDQ9,0,0,0,0,0
A0A220NQU7,0,0,0,0,0
A0A2D2W4Z2,0,0,0,0,0
A0A2H4J9L9,0,0,0,0,0
A0A2I6PDG9,0,0,0,0,0
A0A2I6PDK0,0,0,0,0,0
A0A2I6PE13,0,0,0,0,0
A0A2I6PER9,0,0,0,0,0
A0A2L1ISS9,0,0,0,0,0
A0A2S1PAH5,0,0,0,0,0
A0A2Z6BEL3,0,0,0,0,0
A0A345AQ68,0,0,0,0,0
A0A345KQX4,0,0,0,0,0
A0A385D516,0,0,0,0,0
A0A385DUP1,0,0,0,0,0
A0A386KHK4,0,0,0,0,0
A0A3G2KA18,0,0,0,0,0
A0A3G2KE83,0,0,0,0,0
A0A3G2KIQ1,0,0,0,0,0
A0A3G3M582,0,0,0,0,0
A0A481V8C1,0,0,0,0,0
A0A482JDC7,0,0,0,0,0
A0A4D6T9F4,0,0,0,0,0
A0A4Y1NRE0,0,0,0,0,0
A0A4Y5NZJ1,0,0,0,0,0
A0A4Y5TZB5,0,0,0,0,0
A0A4Y6ECV2,0,0,0,0,0
A0A4Y6EPI7,0,0,0,0,0
A0A515MKA1,0,0,0,0,0
A0A653FUL7,0,0,0,0,0
A0A653FWL2,0,0,0,0,0
A0A6G6XI61,0,0,0,0,0
A0A6J5LT59,0,0,0,0,0
A0A6J5N1M9,0,0,0,0,0
A0A6J5PA51,0,0,0,0,0
A0A6J5STS2,0,0,0,0,0
A0A6J7WIL1,0,0,0,0,0
A0A7D3UDT8,0,0,0,0,0
A0A7L7SIL0,0,0,0,0,0
A0A8S5LG85,0,0,0,0,0
A0A8S5LUI6,0,0,0,0,0
A0A8S5MMX4,0,0,0,0,0
A0A8S5N933,0,0,0,0,0
A0A8S5NBV1,0,0,0,0,0
A0A8S5NG63,0,0,0,0,0
A0A8S5NIU6,0,0,0,0,0
A0A8S5NY95,0,0,0,0,0
A0A8S5P1F7,0,0,0,0,0
A0A8S5PB77,0,0,0,0,0
A0A8S5PSS8,0,0,0,0,0
A0A8S5QPT4,0,0,0,0,0
A0A8S5R9L5,0,0,0,0,0
A0A8S5S343,0,0,0,0,0
A0A8S5S370,0,0,0,0,0
A0A8S5SJJ5,0,0,0,0,0
A0A8S5SL58,0,0,0,0,0
A0A8S5SX68,0,0,0,0,0
A0A8S5T428,0,0,0,0,0
A0A8S5T9V0,0,0,0,0,0
A0A8S5TME2,0,0,0,0,0
A0A8S5TXL1,0,0,0,0,0
A0A8S5U6B1,0,0,0,0,0
A0A8S5UWN0,0,0,0,0,0
A0A8S5VCB2,0,0,0,0,0
A0A8T8JFY8,0,0,0,0,0
A0A976XNA0,0,0,0,0,0
A0A9E7V2K5,0,0,0,0,0
A0AA50F2T2,0,0,0,0,0
A0AAE7MLA0,0,0,0,0,0
A0AAE7WKK0,0,0,0,0,0
A0AAE8Z3E0,0,0,0,0,0
A0AAE9WWD7,0,0,0,0,0
A0AAF0K6T5,0,0,0,0,0
A0AB39C734,0,0,0,0,0
A7TWE6,0,0,0,0,0
C5IUL7,0,0,0,0,0
I6NV26,0,0,0,0,0
I6X6P3,0,0,0,0,0
M9QWY9,0,0,0,0,0
Q45YI6,0,0,0,0,0
S5MAF5,0,0,0,0,0
W0LME3,0,0,0,0,0
W0LNN9,0,0,0,0,0
Q24LF5,0,0,0,0,0
A0A023W687,0,0,0,0,0
A0A0H3U2W9,0,0,0,0,0
A0A0H4IPC5,0,0,0,0,0
A0A0K2CX39,0,0,0,0,0
A0A0K2CYD2,0,0,0,0,0
A0A0N6WEK6,0,0,0,0,0
A0A0N6WEW7,0,0,0,0,0
A0A0N7BS75,0,0,0,0,0
A0A0N7BTZ0,0,0,0,0,0
A0A0N7BUX2,0,0,0,0,0
A0A0N7C0V3,0,0,0,0,0
A0A0N7C1V1,0,0,0,0,0
A0A0N7C1X9,0,0,0,0,0
A0A0N9SGH8,0,0,0,0,0
A0A0P0ZHR1,0,0,0,0,0
A0A0U4IH55,0,0,0,0,0
A0A1D8EW73,0,0,0,0,0
A0A1I9LJV3,0,0,0,0,0
A0A1J0MFJ0,0,0,0,0,0
A0A1W6JK87,0,0,0,0,0
A0A1W6JME8,0,0,0,0,0
A0A218KCA5,0,0,0,0,0
A0A249XRS2,0,0,0,0,0
A0A286RWG2,0,0,0,0,0
A0A2D1G5X0,0,0,0,0,0
A0A2H4J4I8,0,0,0,0,0
A0A2I6UGU2,0,0,0,0,0
A0A2K9VH95,0,0,0,0,0
A0A2P1JWU1,0,0,0,0,0
A0A2P1N233,0,0,0,0,0
A0A2S1GUC0,0,0,0,0,0
A0A2S1PC04,0,0,0,0,0
A0A2U8UMK0,0,0,0,0,0
A0A345ARR9,0,0,0,0,0
A0A345ASC1,0,0,0,0,0
A0A345MIE7,0,0,0,0,0
A0A3G3BVE5,0,0,0,0,0
A0A482JDN7,0,0,0,0,0
A0A516KRQ4,0,0,0,0,0
A0A5P8DDJ7,0,0,0,0,0
A0A649V2L6,0,0,0,0,0
A0A649VXU6,0,0,0,0,0
A0A6G9LGC9,0,0,0,0,0
A0A6J5MA13,0,0,0,0,0
A0A6J5Q7F8,0,0,0,0,0
A0A7G9UXG8,0,0,0,0,0
A0A8F3E241,0,0,0,0,0
A0A8S5LBG2,0,0,0,0,0
A0A8S5LK75,0,0,0,0,0
A0A8S5PA90,0,0,0,0,0
A0A8S5PEE1,0,0,0,0,0
A0A8S5PMF5,0,0,0,0,0
A0A8S5QBB0,0,0,0,0,0
A0A8S5QIT3,0,0,0,0,0
A0A8S5SCQ1,0,0,0,0,0
A0A8S5SH67,0,0,0,0,0
A0A8S5SRS0,0,0,0,0,0
A0A8S5SXW1,0,0,0,0,0
A0A8S5TJE0,0,0,0,0,0
A0A8S5TUQ0,0,0,0,0,0
A0A8S5U3Z3,0,0,0,0,0
A0A8S5U739,0,0,0,0,0
A0A8S5VI74,0,0,0,0,0
A0AAU7PEY7,0,0,0,0,0
A0AAU8HXH3,0,0,0,0,0
B0FEA0,0,0,0,0,0
G1BPZ1,0,0,0,0,0
G1FF92,0,0,0,0,0
G3MCJ1,0,0,0,0,0
H6WZF6,0,0,0,0,0
O64373,0,0,0,0,0
Q7Y2P8,0,0,0,0,0
Q9ZXG4,0,0,0,0,0
W5RAJ6,0,0,0,0,0
A0A076G872,0,0,0,0,0
A0A076YMH1,0,0,0,0,0
A0A097BYN0,0,0,0,0,0
A0A0C5AJI3,0,0,0,0,0
A0A0E3T8G5,0,0,0,0,0
A0A0H4ISP4,0,0,0,0,0
A0A0K1LKK4,0,0,0,0,0
A0A0N7BTB6,0,0,0,0,0
A0A0N7C3K8,0,0,0,0,0
A0A0U4K497,0,0,0,0,0
A0A142K6B6,0,0,0,0,0
A0A1D9CAT9,0,0,0,0,0
A0A1I9LJC6,0,0,0,0,0
A0A1I9LJL6,0,0,0,0,0
A0A1I9S4S3,0,0,0,0,0
A0A1J0GR39,0,0,0,0,0
A0A1W6JMV0,0,0,0,0,0
A0A1W6JPT9,0,0,0,0,0
A0A1X9H022,0,0,0,0,0
A0A1X9SH75,0,0,0,0,0
A0A220NRU8,0,0,0,0,0
A0A223LG92,0,0,0,0,0
A0A223LI82,0,0,0,0,0
A0A2D2W407,0,0,0,0,0
A0A2H4J2U1,0,0,0,0,0
A0A2H4JB04,0,0,0,0,0
A0A2H4JB53,0,0,0,0,0
A0A2I6UGM5,0,0,0,0,0
A0A2I7SD11,0,0,0,0,0
A0A2P1JR65,0,0,0,0,0
A0A2P1N145,0,0,0,0,0
A0A345AQ04,0,0,0,0,0
A0A345AU24,0,0,0,0,0
A0A345AYU4,0,0,0,0,0
A0A385AHG7,0,0,0,0,0
A0A385DX67,0,0,0,0,0
A0A385IRG7,0,0,0,0,0
A0A386KRN3,0,0,0,0,0
A0A482J761,0,0,0,0,0
A0A4Y6EQG0,0,0,0,0,0
A0A514DID6,0,0,0,0,0
A0A516KUG8,0,0,0,0,0
A0A5J6TDS0,0,0,0,0,0
A0A5J6THV3,0,0,0,0,0
A0A5J6TK82,0,0,0,0,0
A0A5J6TLW9,0,0,0,0,0
A0A5P8D3X3,0,0,0,0,0
A0A5P8DCJ2,0,0,0,0,0
A0A5Q2WJX7,0,0,0,0,0
A0A649VFC7,0,0,0,0,0
A0A649VM42,0,0,0,0,0
A0A6J5KYL8,0,0,0,0,0
A0A6J5LV88,0,0,0,0,0
A0A6J5LZP5,0,0,0,0,0
A0A6J7WF48,0,0,0,0,0
A0A6J7WSF7,0,0,0,0,0
A0A6M3T1S7,0,0,0,0,0
A0A6M3T730,0,0,0,0,0
A0A7L7SIP4,0,0,0,0,0
A0A8S5LNX9,0,0,0,0,0
A0A8S5M7X8,0,0,0,0,0
A0A8S5MBS4,0,0,0,0,0
A0A8S5MFU2,0,0,0,0,0
A0A8S5MHB2,0,0,0,0,0
A0A8S5MU72,0,0,0,0,0
A0A8S5P1G4,0,0,0,0,0
A0A8S5PL54,0,0,0,0,0
A0A8S5PQ48,0,0,0,0,0
A0A8S5QAU8,0,0,0,0,0
A0A8S5SA95,0,0,0,0,0
A0A8S5THW9,0,0,0,0,0
A0A8S5UJM6,0,0,0,0,0
A0A8T8JD52,0,0,0,0,0
A0AAE8BFX3,0,0,0,0,0
A0AAE8YTI1,0,0,0,0,0
A0AB39C7X6,0,0,0,0,0
E0YIN8,0,0,0,0,0
E0YPU6,0,0,0,0,0
G1BPP5,0,0,0,0,0
G1D1D5,0,0,0,0,0
G1DA82,0,0,0,0,0
G1DU19,0,0,0,0,0
G8I4W9,0,0,0,0,0
L7TNA8,0,0,0,0,0
Q4ZBG5,0,0,0,0,0
Q4ZDS8,0,0,0,0,0
Q776J8,0,0,0,0,0
Q9XJ90,0,0,0,0,0
A0A059T688,0,0,0,0,0
A0A075M047,0,0,0,0,0
A0A088F687,0,0,0,0,0
A0A0A7RW46,0,0,0,0,0
A0A0E3TAI8,0,0,0,0,0
A0A0F6N3M4,0,0,0,0,0
A0A0H4IU53,0,0,0,0,0
A0A0H4TFI8,0,0,0,0,0
A0A0N7BUA8,0,0,0,0,0
A0A0P0ZAL2,0,0,0,0,0
A0A0P0ZFT2,0,0,0,0,0
A0A0P0ZGT7,0,0,0,0,0
A0A141E0H2,0,0,0,0,0
A0A1B0Y876,0,0,0,0,0
A0A1J0GPB2,0,0,0,0,0
A0A1W6JKV5,0,0,0,0,0
A0A223LF15,0,0,0,0,0
A0A249XMI9,0,0,0,0,0
A0A249XTR3,0,0,0,0,0
A0A286MQS0,0,0,0,0,0
A0A2H4J2K7,0,0,0,0,0
A0A2H4J492,0,0,0,0,0
A0A2H4JBZ8,0,0,0,0,0
A0A2H4JG38,0,0,0,0,0
A0A2I7SCV1,0,0,0,0,0
A0A2S1PAS2,0,0,0,0,0
A0A345AT15,0,0,0,0,0
A0A345ATE7,0,0,0,0,0
A0A345ATU4,0,0,0,0,0
A0A345AUF1,0,0,0,0,0
A0A345KQJ3,0,0,0,0,0
A0A345KQQ9,0,0,0,0,0
A0A345L553,0,0,0,0,0
A0A345M454,0,0,0,0,0
A0A385DY71,0,0,0,0,0
A0A3G8FVM0,0,0,0,0,0
A0A3T0IHR3,0,0,0,0,0
A0A5B8RPT6,0,0,0,0,0
A0A5Q2WC88,0,0,0,0,0
A0A649VTI1,0,0,0,0,0
A0A6B7H6H9,0,0,0,0,0
A0A6J5Q5J2,0,0,0,0,0
A0A6J5SFU8,0,0,0,0,0
A0A6J7WMK7,0,0,0,0,0
A0A6M3SWT9,0,0,0,0,0
A0A7L8ZD98,0,0,0,0,0
A0A831EP30,0,0,0,0,0
A0A8E4ZE48,0,0,0,0,0
A0A8E4ZM97,0,0,0,0,0
A0A8F3E3V5,0,0,0,0,0
A0A8S5L7Y1,0,0,0,0,0
A0A8S5QPI9,0,0,0,0,0
A0A8S5RTH4,0,0,0,0,0
A0A8S5S9M1,0,0,0,0,0
A0A8S5SUC9,0,0,0,0,0
A0A8S5TQC4,0,0,0,0,0
A0AAE7P3I1,0,0,0,0,0
A0AAE8XE77,0,0,0,0,0
A0AAE8YPB4,0,0,0,0,0
A0AAE9K5Y4,0,0,0,0,0
A0EWV2,0,0,0,0,0
B5U4N9,0,0,0,0,0
B7T092,0,0,0,0,0
E0YQK3,0,0,0,0,0
E7EJR3,0,0,0,0,0
G1BNL0,0,0,0,0,0
G1BRD2,0,0,0,0,0
G1DUD3,0,0,0,0,0
H6WSE3,0,0,0,0,0
O21990,0,0,0,0,0
Q38325,0,0,0,0,0
Q4ZAM3,0,0,0,0,0
Q4ZB85,0,0,0,0,0
Q4ZE08,0,0,0,0,0
Q8W767,0,0,0,0,0
Q9G044,0,0,0,0,0
Q9T1Z2,0,0,0,0,0
A0A088F8U2,0,0,0,0,0
A0A088FRZ3,0,0,0,0,0
A0A0A0RKX7,0,0,0,0,0
A0A0K2CXS9,0,0,0,0,0
A0A0K2FP87,0,0,0,0,0
A0A0N7C0W6,0,0,0,0,0
A0A0N7C259,0,0,0,0,0
A0A0N7C348,0,0,0,0,0
A0A0N7CFT7,0,0,0,0,0
A0A0N7KZF5,0,0,0,0,0
A0A0P0ZDB0,0,0,0,0,0
A0A127KNN4,0,0,0,0,0
A0A1J0GPZ7,0,0,0,0,0
A0A1J0MF14,0,0,0,0,0
A0A1P8L6H8,0,0,0,0,0
A0A1W6JIT9,0,0,0,0,0
A0A1W6JLW7,0,0,0,0,0
A0A1W6JPJ9,0,0,0,0,0
A0A1X9SHN8,0,0,0,0,0
A0A223LI14,0,0,0,0,0
A0A2H4J1X5,0,0,0,0,0
A0A2H4J5L5,0,0,0,0,0
A0A2H4J8J9,0,0,0,0,0
A0A2H4J8W6,0,0,0,0,0
A0A2I6UG75,0,0,0,0,0
A0A2I7SCH1,0,0,0,0,0
A0A2P1JS61,0,0,0,0,0
A0A2P1JYZ2,0,0,0,0,0
A0A2R4AP20,0,0,0,0,0
A0A2S1PCZ9,0,0,0,0,0
A0A2Z5H7T1,0,0,0,0,0
A0A345AQX0,0,0,0,0,0
A0A345AU86,0,0,0,0,0
A0A345L1E4,0,0,0,0,0
A0A385D0J9,0,0,0,0,0
A0A385DZ65,0,0,0,0,0
A0A385UJI4,0,0,0,0,0
A0A3Q9R7Q8,0,0,0,0,0
A0A3S9UAJ5,0,0,0,0,0
A0A3S9UNS3,0,0,0,0,0
A0A499SSP2,0,0,0,0,0
A0A4Y6EGZ5,0,0,0,0,0
A0A4Y6EM40,0,0,0,0,0
A0A514DDM8,0,0,0,0,0
A0A5K7NL48,0,0,0,0,0
A0A5Q2WLU3,0,0,0,0,0
A0A6B9L8I9,0,0,0,0,0
A0A6H0X6I3,0,0,0,0,0
A0A6J5NFE4,0,0,0,0,0
A0A6J5RFH6,0,0,0,0,0
A0A6M3T1D7,0,0,0,0,0
A0A830ZV66,0,0,0,0,0
A0A890UWR7,0,0,0,0,0
A0A8S5LYW8,0,0,0,0,0
A0A8S5N636,0,0,0,0,0
A0A8S5NCD9,0,0,0,0,0
A0A8S5NQJ4,0,0,0,0,0
A0A8S5NX35,0,0,0,0,0
A0A8S5S1J6,0,0,0,0,0
A0A8S5SET4,0,0,0,0,0
A0A8S5SFT7,0,0,0,0,0
A0A8S5SXJ0,0,0,0,0,0
A0A8S5SYF8,0,0,0,0,0
A0A8S5U7R4,0,0,0,0,0
A0A8S5UKU6,0,0,0,0,0
A0AAE8YSA0,0,0,0,0,0
A0AAE8YW29,0,0,0,0,0
A0AAE8YXV5,0,0,0,0,0
A0AAE9CER9,0,0,0,0,0
B6DZ48,0,0,0,0,0
D4N7I1,0,0,0,0,0
G1D4G5,0,0,0,0,0
G1JV85,0,0,0,0,0
I7ASX4,0,0,0,0,0
K0JCR4,0,0,0,0,0
M9NRK0,0,0,0,0,0
Q38644,0,0,0,0,0
Q4ZB10,0,0,0,0,0
Q4ZCC1,0,0,0,0,0
Q6HA01,0,0,0,0,0
Q6J1W6,0,0,0,0,0
Q77YW7,0,0,0,0,0
V9VFB5,0,0,0,0,0
A0A076YKK3,0,0,0,0,0
A0A0A0RMD3,0,0,0,0,0
A0A0D3MSN8,0,0,0,0,0
A0A0H3U2V9,0,0,0,0,0
A0A0N6WER1,0,0,0,0,0
A0A0N7BT04,0,0,0,0,0
A0A0N7C141,0,0,0,0,0
A0A0N7CFM0,0,0,0,0,0
A0A0P0ZBU5,0,0,0,0,0
A0A0P0ZGA8,0,0,0,0,0
A0A143FRM4,0,0,0,0,0
A0A1C9M037,0,0,0,0,0
A0A1J0MFM2,0,0,0,0,0
A0A1W6JJB2,0,0,0,0,0
A0A1W6JJT4,0,0,0,0,0
A0A1W6JLD2,0,0,0,0,0
A0A222Z1F0,0,0,0,0,0
A0A222ZJY3,0,0,0,0,0
A0A222ZND1,0,0,0,0,0
A0A249XLQ2,0,0,0,0,0
A0A249XVB5,0,0,0,0,0
A0A2H4JGN1,0,0,0,0,0
A0A2L1IYJ3,0,0,0,0,0
A0A2R4A2A2,0,0,0,0,0
A0A2U8UM82,0,0,0,0,0
A0A2U8UP33,0,0,0,0,0
A0A2Z5H2X6,0,0,0,0,0
A0A345ARJ0,0,0,0,0,0
A0A345AS50,0,0,0,0,0
A0A385DN13,0,0,0,0,0
A0A385DXH6,0,0,0,0,0
A0A385DZR1,0,0,0,0,0
A0A385UKC9,0,0,0,0,0
A0A3G3LZ19,0,0,0,0,0
A0A3G3M2N4,0,0,0,0,0
A0A3G8FFA2,0,0,0,0,0
A0A411CQE5,0,0,0,0,0
A0A4Y5P0L9,0,0,0,0,0
A0A515MGU4,0,0,0,0,0
A0A5J6TD13,0,0,0,0,0
A0A5J6TKD5,0,0,0,0,0
A0A5J6TNS3,0,0,0,0,0
A0A5Q2WR45,0,0,0,0,0
A0A6J5KS88,0,0,0,0,0
A0A6J5PQH7,0,0,0,0,0
A0A6J5Q1U6,0,0,0,0,0
A0A6J5STV3,0,0,0,0,0
A0A6M3T4E3,0,0,0,0,0
A0A7D5G4J4,0,0,0,0,0
A0A7D5JER5,0,0,0,0,0
A0A7G9UZZ1,0,0,0,0,0
A0A8F2E4P7,0,0,0,0,0
A0A8S5P3U4,0,0,0,0,0
A0A8S5Q1A0,0,0,0,0,0
A0A8S5RQI3,0,0,0,0,0
A0A8S5S7K2,0,0,0,0,0
A0A8S5SLE7,0,0,0,0,0
A0A8S5TBW5,0,0,0,0,0
A0A8T8L5R5,0,0,0,0,0
A0EWH2,0,0,0,0,0
A1KWY3,0,0,0,0,0
A1KX52,0,0,0,0,0
A8ATC7,0,0,0,0,0
B3VGI4,0,0,0,0,0
D1LWF8,0,0,0,0,0
E0Y3N4,0,0,0,0,0
E9LT82,0,0,0,0,0
G8I9Q6,0,0,0,0,0
P79671,0,0,0,0,0
Q38045,0,0,0,0,0
Q4ZCY6,0,0,0,0,0
R4JEL2,0,0,0,0,0
R9QT87,0,0,0,0,0
U5J9N0,0,0,0,0,0
V5UQA4,0,0,0,0,0
W6ATL1,0,0,0,0,0
A0A6N0URU7,0,0,0,0,0
A0A0C5AN64,0,0,0,0,0
A0A0U3U8Y8,0,0,0,0,0
A0A2I7SCM3,0,0,0,0,0
A0A2I7SD88,0,0,0,0,0
A0A345ASR9,0,0,0,0,0
A0A3G1E3I6,0,0,0,0,0
A0A481V9B7,0,0,0,0,0
A0A482MI53,0,0,0,0,0
A0A653FWN9,0,0,0,0,0
A0A6C0R1J8,0,0,0,0,0
J9QD18,0,0,0,0,0
O21925,0,0,0,0,0
O21931,0,0,0,0,0
O21933,0,0,0,0,0
Q9T1P3,0,0,0,0,0
A0A1B0Y2Q7,0,0,0,0,0
A0A2Z5XD03,0,0,0,0,0
A0A4V0ZN92,0,0,0,0,0
A6XML7,0,0,0,0,0
O21940,0,0,0,0,0
Q0H247,0,0,0,0,0
Q4ZBW3,0,0,0,0,0
Q8HAI6,0,0,0,0,0
Q9T1R0,0,0,0,0,0
X5JB41,0,0,0,0,0
A0A090EUH1,0,0,0,0,0
A0A0A8WFL2,0,0,0,0,0
A0A0A8WIF9,0,0,0,0,0
A0A2H4JCB7,0,0,0,0,0
A0A2H4JFF0,0,0,0,0,0
A0A345AT77,0,0,0,0,0
A0A345ATK6,0,0,0,0,0
A0A3G1E3B1,0,0,0,0,0
A0A410T4M5,0,0,0,0,0
A0AAE8BLX6,0,0,0,0,0
M9NTA3,0,0,0,0,0
O21929,0,0,0,0,0
U5U6W4,0,0,0,0,0
W5R968,0,0,0,0,0
A0A0A8WF08,0,0,0,0,0
A0A0B5A7B7,0,0,0,0,0
A0A1W6JPZ8,0,0,0,0,0
A0A2H4JBC4,0,0,0,0,0
A0A345ASI2,0,0,0,0,0
A0A9E7TK85,0,0,0,0,0
A3QSD5,0,0,0,0,0
E9LUK6,0,0,0,0,0
O21927,0,0,0,0,0
Q787C6,0,0,0,0,0
U5U4L5,0,0,0,0,0
A0A0C5AES8,0,0,0,0,0
A0A0P0I3D2,0,0,0,0,0
A0A142K956,0,0,0,0,0
A0A653FR35,0,0,0,0,0
A0A6I8WFC2,0,0,0,0,0
A0A6J7WIA5,0,0,0,0,0
A0AAE8YZ68,0,0,0,0,0
D6PSS4,0,0,0,0,0
I6SMN0,0,0,0,0,0
Q4ZD55,0,0,0,0,0
A0AB39C9S6,0,0,0,0,0
B2ZYT9,0,0,0,0,0
O34032,0,0,0,0,0
O64049,0,0,0,0,0
Q77FU6,0,0,0,0,0
Q8SDN3,0,0,0,0,0
A0A8S5M431,0,0,0,0,0
A0A8S5SHZ7,0,0,0,0,0
A0A8S5TF49,0,0,0,0,0
A0A8S5LDH1,0,0,0,0,0
A0A8S5MTL3,0,0,0,0,0
A0A8S5NBB9,0,0,0,0,0
A0A8S5PPN9,0,0,0,0,0
A0A8S5Q513,0,0,0,0,0
A0A8S5R693,0,0,0,0,0
A0A8S5T7X4,0,0,0,0,0
A0A8S5TEH7,0,0,0,0,0
A0A8S5U2W1,0,0,0,0,0
A0AAU8AVU5,0,0,0,0,0
A0A8S5LYW7,0,0,0,0,0
A0A8S5UAD4,0,0,0,0,0
A0A6J7WCP2,0,0,0,0,0
A0A8S5NZ53,0,0,0,0,0
A0A8S5S6J4,0,0,0,0,0
A0A8S5SFS9,0,0,0,0,0
A0A8S5TUV6,0,0,0,0,0
A0A8S5V003,0,0,0,0,0
Q76UT6,0,0,0,0,0
A0A831EP35,0,0,0,0,0
A0A8S5RFZ6,0,0,0,0,0
M1HHP1,0,0,0,0,0
M1I642,0,0,0,0,0
M1GYC4,0,0,0,0,0
A0A8S5LPQ2,0,0,0,0,0
O64099,0,0,0,0,0
Q9XJG6,0,0,0,0,0
Q9KXH6,0,0,0,0,0
A0A096VKD7,0,0,0,0,0
A0A096VKY5,0,0,0,0,0
A0A0N7CFD9,0,0,0,0,0
A0A2P1CCU8,0,0,0,0,0
A0A514A5Q7,0,0,0,0,0
A0A653FRY6,0,0,0,0,0
A0A653FT45,0,0,0,0,0
A0A6J5MCD2,0,0,0,0,0
A0A6J5NP01,0,0,0,0,0
A0A6J5QSI7,0,0,0,0,0
A0A6J7WQU0,0,0,0,0,0
A0A6M2YSW0,0,0,0,0,0
A0A7T7K769,0,0,0,0,0
A0A8S5PWK5,0,0,0,0,0
A0A8S5UVY0,0,0,0,0,0
A0AAD1QTP4,0,0,0,0,0
A0AAU8HXI3,0,0,0,0,0
A0AAX3Y698,0,0,0,0,0
A4ZR98,0,0,0,0,0
L7TK95,0,0,0,0,0
M1T338,0,0,0,0,0
Q1A0P7,0,0,0,0,0
R4TQT9,0,0,0,0,0
A0A0B5GXV1,0,0,0,0,0
A0A0M4S6G4,0,0,0,0,0
A0A1C9EI13,0,0,0,0,0
A0A1S6L016,0,0,0,0,0
A0A222ZPR2,0,0,0,0,0
A0A385EBS8,0,0,0,0,0
A0A411CQL0,0,0,0,0,0
A0A4D6TAI0,0,0,0,0,0
A0A5C0CGG5,0,0,0,0,0
A0A6F8Z5A8,0,0,0,0,0
A0A6J5KJ91,0,0,0,0,0
A0A6J5M284,0,0,0,0,0
A0A6J5MU16,0,0,0,0,0
A0A6J5N5X4,0,0,0,0,0
A0A7D7IL93,0,0,0,0,0
A0A8S5M2U6,0,0,0,0,0
A0A9E7LDX4,0,0,0,0,0
A0AAE9GKI1,0,0,0,0,0
D6PIF1,0,0,0,0,0
F1BUN9,0,0,0,0,0
Q9T1J7,0,0,0,0,0
W0LMH5,0,0,0,0,0
A0A160DJR8,0,0,0,0,0
A0A249XTI5,0,0,0,0,0
A0A2K9VF00,0,0,0,0,0
A0A482J1Y1,0,0,0,0,0
A0A4D6TAK2,0,0,0,0,0
A0A5C0CH84,0,0,0,0,0
A0A6J7XL24,0,0,0,0,0
A0A8S5LIS4,0,0,0,0,0
A0A8S5QE06,0,0,0,0,0
A0A8S5QKA5,0,0,0,0,0
A0A8S5TY11,0,0,0,0,0
A0A9E6Z1R6,0,0,0,0,0
A0A9E7MRY6,0,0,0,0,0
A0A9X9JSJ7,0,0,0,0,0
A0AAU8GTB3,0,0,0,0,0
A9ZT04,0,0,0,0,0
E5G6L0,0,0,0,0,0
G8EYF8,0,0,0,0,0
A0A0N6WGF2,0,0,0,0,0
A0A143FPY7,0,0,0,0,0
A0A160DF60,0,0,0,0,0
A0A160DHB9,0,0,0,0,0
A0A4Y6EH58,0,0,0,0,0
A0A6F9EXL8,0,0,0,0,0
A0A6J5LDT6,0,0,0,0,0
A0A6J5LIJ5,0,0,0,0,0
A0A6J5P1R9,0,0,0,0,0
A0A6J5SX22,0,0,0,0,0
A0A6M3A3E5,0,0,0,0,0
A0A6S4PIJ0,0,0,0,0,0
A0A8S5NF47,0,0,0,0,0
A0A8S5P2S1,0,0,0,0,0
A0A8S5R0W1,0,0,0,0,0
A0A9E7SST2,0,0,0,0,0
A5X9F3,0,0,0,0,0
Q9T205,0,0,0,0,0
A0A0N7CH26,0,0,0,0,0
A0A1D8EVR9,0,0,0,0,0
A0A2D1G5M4,0,0,0,0,0
A0A385EG11,0,0,0,0,0
A0A481VSU8,0,0,0,0,0
A0A482J6R9,0,0,0,0,0
A0A653FTJ5,0,0,0,0,0
A0A653FU63,0,0,0,0,0
A0A653FVX0,0,0,0,0,0
A0A6J5L1I3,0,0,0,0,0
A0A6J5NN70,0,0,0,0,0
A0A6J5NPU0,0,0,0,0,0
A0A6J5PCQ3,0,0,0,0,0
A0A6J5PKA7,0,0,0,0,0
A0A6J5QBB3,0,0,0,0,0
A0A7T3KB07,0,0,0,0,0
A0AAE7SNB2,0,0,0,0,0
A0AAE7VMN2,0,0,0,0,0
D6PI08,0,0,0,0,0
E0YQ33,0,0,0,0,0
G8I6R6,0,0,0,0,0
Q6K1G2,0,0,0,0,0
Q83VS6,0,0,0,0,0
R4WEA3,0,0,0,0,0
A0A0U4IBS1,0,0,0,0,0
A0A142F2H8,0,0,0,0,0
A0A1L4BLV1,0,0,0,0,0
A0A218M4I3,0,0,0,0,0
A0A3G2KJF9,0,0,0,0,0
A0A482J402,0,0,0,0,0
A0A8S5LGB2,0,0,0,0,0
A0A8S5UVV9,0,0,0,0,0
A0AAE7V7B2,0,0,0,0,0
A0AAE9FQ11,0,0,0,0,0
A6N1V9,0,0,0,0,0
G1JY06,0,0,0,0,0
A0A2Z2F984,0,0,0,0,0
A0A386KK90,0,0,0,0,0
A0A482J5M1,0,0,0,0,0
A0A482MFK9,0,0,0,0,0
A0A5P1M3K0,0,0,0,0,0
A0A653FVA6,0,0,0,0,0
A0A7D3UIT7,0,0,0,0,0
A0A7D5KBS7,0,0,0,0,0
A0AAD1V6H5,0,0,0,0,0
A0AAE9BPF2,0,0,0,0,0
A0AAE9FPY4,0,0,0,0,0
A0AAF0JI96,0,0,0,0,0
A0AAX4Q180,0,0,0,0,0
S4TP66,0,0,0,0,0
A0A218MLA5,0,0,0,0,0
A0A386KFK5,0,0,0,0,0
A0A482IKL5,0,0,0,0,0
A0A4Y5U0T3,0,0,0,0,0
A0A7D3V1R8,0,0,0,0,0
A0A7S7YDP7,0,0,0,0,0
A0A8S5PHX2,0,0,0,0,0
A0A8S5RMY8,0,0,0,0,0
A0A8S5UT49,0,0,0,0,0
A0AA50A6V0,0,0,0,0,0
A0AAE9JXJ8,0,0,0,0,0
B5U3A1,0,0,0,0,0
Q7Y4C5,0,0,0,0,0
U5N0A8,0,0,0,0,0
A0A1W6DX53,0,0,0,0,0
A0A345AY92,0,0,0,0,0
A0A386KGJ2,0,0,0,0,0
A0A411AXT1,0,0,0,0,0
A0A482IMB3,0,0,0,0,0
A0A5P1M1V1,0,0,0,0,0
A0A5P1M3D1,0,0,0,0,0
A0A8S5LAS5,0,0,0,0,0
A0A8S5UK15,0,0,0,0,0
A0AAX3ZVR9,0,0,0,0,0
A0AAX3ZWA9,0,0,0,0,0
A0AAX4G2I6,0,0,0,0,0
A0AAX4M838,0,0,0,0,0
C5IYB2,0,0,0,0,0
F1BUS9,0,0,0,0,0
Q858U3,0,0,0,0,0
W8EHC2,0,0,0,0,0
A0A166Y2G8,0,0,0,0,0
A0A2I7RNH5,0,0,0,0,0
A0A4Y5TZQ6,0,0,0,0,0
A0A5P1M2Y1,0,0,0,0,0
A0A653FVF0,0,0,0,0,0
A0A653FVF1,0,0,0,0,0
A0A9E7E5P3,0,0,0,0,0
M1SNL2,0,0,0,0,0
A0A2H4J6P1,0,0,0,0,0
A0A830ZVR4,0,0,0,0,0
A0A8S5RNA6,0,0,0,0,0
R9ZY34,0,0,0,0,0
R9ZYY8,0,0,0,0,0
S0A5Q5,0,0,0,0,0
A0A1S5RHF7,0,0,0,0,0
A0A8S5PDS8,0,0,0,0,0
A0AAE8YWF9,0,0,0,0,0
A0A8S5MIR5,0,0,0,0,0
A0A8S5Q638,0,0,0,0,0
A0AA49X4U4,0,0,0,0,0
A0AAT9JCN6,0,0,0,0,0
A0A8S5NBK6,0,0,0,0,0
A0A8S5ND73,0,0,0,0,0
A0A8S5PA44,0,0,0,0,0
A0A8S5QPA7,0,0,0,0,0
A0AA49X2L3,0,0,0,0,0
A0A6M6R847,0,0,0,0,0
A0AAT9J9J2,0,0,0,0,0
A0AAU7PGH4,0,0,0,0,0
A7IVV8,0,0,0,0,0
A0A8S5PEZ1,0,0,0,0,0
A0A8S5R9N0,0,0,0,0,0
A0A8S5RKP7,0,0,0,0,0
A0AA49X328,0,0,0,0,0
Q38159,0,0,0,0,0
A0A7G5B9H2,0,0,0,0,0
A0A8S5RGA3,0,0,0,0,0
A0AAU6W2R9,0,0,0,0,0
A0A3G1ZKS4,0,0,0,0,0
A0A8S5M0I9,0,0,0,0,0
A0A8S5NF42,0,0,0,0,0
A0AA49X4L7,0,0,0,0,0
A0AAU8GQ75,0,0,0,0,0
A0A1S5SFL4,0,0,0,0,0
A0A2Z5HEK6,0,0,0,0,0
A0A411BY20,0,0,0,0,0
A0A5P8DDG9,0,0,0,0,0
A0A830RA25,0,0,0,0,0
A0A873WBV6,0,0,0,0,0
A0A8S5N200,0,0,0,0,0
A0A8S5NQA5,0,0,0,0,0
A0A8S5PVU6,0,0,0,0,0
A0A8S5QH46,0,0,0,0,0
A0A8S5SQ65,0,0,0,0,0
Q9MBY7,0,0,0,0,0
A0A1S5S8J0,0,0,0,0,0
A0A1S5SEJ5,0,0,0,0,0
A0A5J6TFF6,0,0,0,0,0
A0A6G8R0Y8,0,0,0,0,0
A0A7T0Q537,0,0,0,0,0
A0A8S5LCB6,0,0,0,0,0
A0A8S5LM88,0,0,0,0,0
A0A8S5M0R0,0,0,0,0,0
A0A8S5N3K6,0,0,0,0,0
A0A8S5P9T4,0,0,0,0,0
A0A8S5Q6L3,0,0,0,0,0
A0A8S5QYP5,0,0,0,0,0
A0A8S5R1V8,0,0,0,0,0
A0A8S5R214,0,0,0,0,0
A0A8S5TZJ7,0,0,0,0,0
A0A8S5UKK1,0,0,0,0,0
A0AB39C5L0,0,0,0,0,0
A0A410TCT4,0,0,0,0,0
A0A411BVZ3,0,0,0,0,0
A0A515MIG1,0,0,0,0,0
A0A8S5NHP7,0,0,0,0,0
A0A8S5NXV2,0,0,0,0,0
A0A8S5P7E8,0,0,0,0,0
A0A8S5TNR4,0,0,0,0,0
A0A8S5TVG5,0,0,0,0,0
A0A8S5U1A9,0,0,0,0,0
A0A8S5V2Q4,0,0,0,0,0
I6P595,0,0,0,0,0
A0A1S5SC70,0,0,0,0,0
A0A411AWU2,0,0,0,0,0
A0A6B9SRZ9,0,0,0,0,0
A0A8S5LQY8,0,0,0,0,0
A0A8S5N0J2,0,0,0,0,0
A0A8S5N7J4,0,0,0,0,0
A0A8S5NIE1,0,0,0,0,0
A0A8S5PTB0,0,0,0,0,0
A0A8S5QM04,0,0,0,0,0
A0A8S5UAQ3,0,0,0,0,0
A0A8S5UR67,0,0,0,0,0
A0A8S5UZ62,0,0,0,0,0
A0A8S5V6A2,0,0,0,0,0
A0A8S5VFP4,0,0,0,0,0
Q94M77,0,0,0,0,0
Q94MV5,0,0,0,0,0
A0A142KC41,0,0,0,0,0
A0A1S5SE20,0,0,0,0,0
A0A345ANU4,0,0,0,0,0
A0A3S9ULM8,0,0,0,0,0
A0A5J6TU94,0,0,0,0,0
A0A8S5LEL7,0,0,0,0,0
A0A8S5LUT1,0,0,0,0,0
A0A8S5MB22,0,0,0,0,0
A0A8S5MR67,0,0,0,0,0
A0A8S5P4E0,0,0,0,0,0
A0A8S5QAW7,0,0,0,0,0
A0A8S5UNJ1,0,0,0,0,0
A0A8S5VBL1,0,0,0,0,0
Q6JIJ8,0,0,0,0,0
Q6VY35,0,0,0,0,0
Q8W6R7,0,0,0,0,0
A0A141DZS4,0,0,0,0,0
A0A1S5S7V9,0,0,0,0,0
A0A1S5S817,0,0,0,0,0
A0A1S5SEM0,0,0,0,0,0
A0A220NQQ9,0,0,0,0,0
A0A346D7K0,0,0,0,0,0
A0A3G2KEZ2,0,0,0,0,0
A0A3G2KIH2,0,0,0,0,0
A0A514A2X9,0,0,0,0,0
A0A5J6TVF3,0,0,0,0,0
A0A6J5KI15,0,0,0,0,0
A0A6J5LMA1,0,0,0,0,0
A0A6J5N6A8,0,0,0,0,0
A0A6J7VNT7,0,0,0,0,0
A0A8S5PXI9,0,0,0,0,0
A0A8S5SHT3,0,0,0,0,0
A0AAE9BZH9,0,0,0,0,0
A0AAE9C1I6,0,0,0,0,0
A0AAT9JEJ4,0,0,0,0,0
A0A141E0C7,0,0,0,0,0
A0A141E0R3,0,0,0,0,0
A0A1S5SF00,0,0,0,0,0
A0A346D7K2,0,0,0,0,0
A0A3G2KHK0,0,0,0,0,0
A0A6J5PGA8,0,0,0,0,0
A0A7G8LG95,0,0,0,0,0
A0A8S5LLW2,0,0,0,0,0
A0A8S5M0V8,0,0,0,0,0
A0A8S5MV34,0,0,0,0,0
A0A8S5N2H2,0,0,0,0,0
A0A8S5NXD1,0,0,0,0,0
A0A8S5TU88,0,0,0,0,0
A0A8S5U9Y0,0,0,0,0,0
A0AAT9J8D4,0,0,0,0,0
A0AAT9J8N9,0,0,0,0,0
A0AAU8KWS9,0,0,0,0,0
E8ZDD3,0,0,0,0,0
O03963,0,0,0,0,0
A0A0P0IXL3,0,0,0,0,0
A0A126GGR0,0,0,0,0,0
A0A141DZH6,0,0,0,0,0
A0A160DEV1,0,0,0,0,0
A0A1S5SB66,0,0,0,0,0
A0A1S5SIK7,0,0,0,0,0
A0A2K9V349,0,0,0,0,0
A0A2U8UN94,0,0,0,0,0
A0A5J6TX44,0,0,0,0,0
A0A8F2DA32,0,0,0,0,0
A0A8S5Q0P8,0,0,0,0,0
A0A8S5QGT4,0,0,0,0,0
A0A8S5UT93,0,0,0,0,0
A0A9E7QBX1,0,0,0,0,0
A0AAE7MUA8,0,0,0,0,0
A0AAE7SCE3,0,0,0,0,0
A0AAT9JD79,0,0,0,0,0
A0AAT9JDK8,0,0,0,0,0
A0AAT9JET2,0,0,0,0,0
A0AAX3Y6H7,0,0,0,0,0
A0AAX4RBA2,0,0,0,0,0
A3RGA0,0,0,0,0,0
X2KSV6,0,0,0,0,0
A0A0U4B2E0,0,0,0,0,0
A0A141E076,0,0,0,0,0
A0A1S5S7P7,0,0,0,0,0
A0A1S5SBA4,0,0,0,0,0
A0A1S5SBA5,0,0,0,0,0
A0A1S5SDE8,0,0,0,0,0
A0A2U8UHG5,0,0,0,0,0
A0A346D7J9,0,0,0,0,0
A0A346D7K1,0,0,0,0,0
A0A346D7K3,0,0,0,0,0
A0A3G2KF97,0,0,0,0,0
A0A3G2KHX5,0,0,0,0,0
A0A6J5M6Z3,0,0,0,0,0
A0A6J5N0J6,0,0,0,0,0
A0A6J5NJ65,0,0,0,0,0
A0A8S5MEY0,0,0,0,0,0
A0A8S5SC28,0,0,0,0,0
A0A8S5V301,0,0,0,0,0
A0A8S5V7W3,0,0,0,0,0
A0A977KLM0,0,0,0,0,0
A0AAU8B3F7,0,0,0,0,0
Q37956,0,0,0,0,0
Q94MK9,0,0,0,0,0
A0A141DZM5,0,0,0,0,0
A0A142KCL4,0,0,0,0,0
A0A1D8EX55,0,0,0,0,0
A0A1S5SBU0,0,0,0,0,0
A0A2Z4Q939,0,0,0,0,0
A0A345L5F0,0,0,0,0,0
A0A3G2KFH9,0,0,0,0,0
A0A6J5N7L0,0,0,0,0,0
A0A6J5T906,0,0,0,0,0
A0A8S5LH84,0,0,0,0,0
A0A8S5N4D9,0,0,0,0,0
A0A8S5Q5W1,0,0,0,0,0
A0A8S5Q6H9,0,0,0,0,0
A0A8S5QWK4,0,0,0,0,0
A0A8S5RY87,0,0,0,0,0
A0A8S5TIS2,0,0,0,0,0
A0A8S5VID1,0,0,0,0,0
A0A8S5VIR9,0,0,0,0,0
A0AAE7MUA9,0,0,0,0,0
A0AAE7MUI3,0,0,0,0,0
A0AAT9J9F8,0,0,0,0,0
I7HHN9,0,0,0,0,0
A0A0F6YRM4,0,0,0,0,0
A0A0K1Y6X1,0,0,0,0,0
A0A0K2CLY2,0,0,0,0,0
A0A1D8ERZ7,0,0,0,0,0
A0A1D8ETE3,0,0,0,0,0
A0A1D8ETY6,0,0,0,0,0
A0A1D8EUB1,0,0,0,0,0
A0A1D8EXS4,0,0,0,0,0
A0A1I9ZKG2,0,0,0,0,0
A0A1I9ZKL0,0,0,0,0,0
A0A1I9ZKL3,0,0,0,0,0
A0A1I9ZL25,0,0,0,0,0
A0A222ZLF2,0,0,0,0,0
A0A2D1GH94,0,0,0,0,0
A0A2H4J1K3,0,0,0,0,0
A0A345MGY5,0,0,0,0,0
A0A385E1D6,0,0,0,0,0
A0A482J7Z7,0,0,0,0,0
A0A482MG80,0,0,0,0,0
A0A494WIM9,0,0,0,0,0
A0A494WIR5,0,0,0,0,0
A0A5J6T9B0,0,0,0,0,0
A0A5Q2W9E5,0,0,0,0,0
A0A5Q2WR76,0,0,0,0,0
A0A649V7X7,0,0,0,0,0
A0A7D7JBJ3,0,0,0,0,0
A0A7G9UVD1,0,0,0,0,0
A0A8S5N603,0,0,0,0,0
A0A8S5NFG4,0,0,0,0,0
A0A8S5NNU7,0,0,0,0,0
A0A8S5PEN1,0,0,0,0,0
A0A8S5PX17,0,0,0,0,0
A0A8S5S728,0,0,0,0,0
A0A8S5SXI9,0,0,0,0,0
A0A8S5T893,0,0,0,0,0
A0A8S5V984,0,0,0,0,0
A0AAF0CXB4,0,0,0,0,0
B6ET93,0,0,0,0,0
G1BSG1,0,0,0,0,0
I3WWT2,0,0,0,0,0
Q7M297,0,0,0,0,0
Q855G4,0,0,0,0,0
A0A023W6L7,0,0,0,0,0
A0A076YKE0,0,0,0,0,0
A0A0B5A387,0,0,0,0,0
A0A0E3Y5J2,0,0,0,0,0
A0A0K1LKV3,0,0,0,0,0
A0A0M4QX09,0,0,0,0,0
A0A142K9J8,0,0,0,0,0
A0A1J0GWI9,0,0,0,0,0
A0A1J0MDL3,0,0,0,0,0
A0A222ZTR3,0,0,0,0,0
A0A2D1G9S9,0,0,0,0,0
A0A2K9VE74,0,0,0,0,0
A0A2P1JRR5,0,0,0,0,0
A0A2Z5H4L1,0,0,0,0,0
A0A346FBY3,0,0,0,0,0
A0A385DRP0,0,0,0,0,0
A0A385DTT9,0,0,0,0,0
A0A3G3LKJ4,0,0,0,0,0
A0A3G3M1Y0,0,0,0,0,0
A0A3G8FK15,0,0,0,0,0
A0A411AX10,0,0,0,0,0
A0A411BP97,0,0,0,0,0
A0A411BTI1,0,0,0,0,0
A0A481VUY5,0,0,0,0,0
A0A494WCS6,0,0,0,0,0
A0A515ML71,0,0,0,0,0
A0A649VJ69,0,0,0,0,0
A0A6J5KUQ4,0,0,0,0,0
A0A6J5P6E0,0,0,0,0,0
A0A7T3KCM1,0,0,0,0,0
A0A8S5M2A3,0,0,0,0,0
A0A8S5NJG8,0,0,0,0,0
A0A8S5NTG9,0,0,0,0,0
A0A8S5PSM5,0,0,0,0,0
A0A8S5QWP7,0,0,0,0,0
A0A8S5SAW8,0,0,0,0,0
A0A8S5T753,0,0,0,0,0
A0A8S5UYE6,0,0,0,0,0
B4XYR4,0,0,0,0,0
G1D044,0,0,0,0,0
G8IR34,0,0,0,0,0
I6X3B7,0,0,0,0,0
Q855R3,0,0,0,0,0
S5Y4C1,0,0,0,0,0
A0A097EWF1,0,0,0,0,0
A0A222ZRP3,0,0,0,0,0
A0A286MQE7,0,0,0,0,0
A0A286MRB3,0,0,0,0,0
A0A2P1A2M2,0,0,0,0,0
A0A2R4AQF7,0,0,0,0,0
A0A2Z5H558,0,0,0,0,0
A0A385DNK4,0,0,0,0,0
A0A386KQQ6,0,0,0,0,0
A0A5J6T5W7,0,0,0,0,0
A0A5J6TIN9,0,0,0,0,0
A0A649VEU1,0,0,0,0,0
A0A6G9LEH9,0,0,0,0,0
A0A7M1CL79,0,0,0,0,0
A0A7U0GCN0,0,0,0,0,0
A0A8S5LUL0,0,0,0,0,0
A0A8S5M1T9,0,0,0,0,0
A0A8S5P6C8,0,0,0,0,0
A0A8S5Q932,0,0,0,0,0
A0A8S5QWC8,0,0,0,0,0
A0A8S5QWN1,0,0,0,0,0
A0A8S5URN4,0,0,0,0,0
A0AAT9J975,0,0,0,0,0
E3W8I1,0,0,0,0,0
F6M833,0,0,0,0,0
G1DAL8,0,0,0,0,0
G3ME18,0,0,0,0,0
R4JH62,0,0,0,0,0
A0A0K1Y7P5,0,0,0,0,0
A0A0S1S2W2,0,0,0,0,0
A0A1D8EQ46,0,0,0,0,0
A0A1D8ETK2,0,0,0,0,0
A0A1P8DU54,0,0,0,0,0
A0A222ZKH6,0,0,0,0,0
A0A222ZMX1,0,0,0,0,0
A0A248SL35,0,0,0,0,0
A0A249XQ20,0,0,0,0,0
A0A2P1CGA2,0,0,0,0,0
A0A385DTH7,0,0,0,0,0
A0A385DWP3,0,0,0,0,0
A0A481VR73,0,0,0,0,0
A0A482JN57,0,0,0,0,0
A0A4Y5NYL1,0,0,0,0,0
A0A4Y6E9T1,0,0,0,0,0
A0A5J6TU37,0,0,0,0,0
A0A6B9LMD7,0,0,0,0,0
A0A7G8LII2,0,0,0,0,0
A0A830ZPM9,0,0,0,0,0
A0A8S5MNG0,0,0,0,0,0
A0A8S5PRC4,0,0,0,0,0
A0A8S5Q002,0,0,0,0,0
A0A8S5QAR3,0,0,0,0,0
A0A8S5R0T7,0,0,0,0,0
A0A8S5SU60,0,0,0,0,0
A0A8S5VF33,0,0,0,0,0
A0AAU8AYR0,0,0,0,0,0
S5XYA9,0,0,0,0,0
A0A059VKS6,0,0,0,0,0
A0A088FPM4,0,0,0,0,0
A0A0K1LR30,0,0,0,0,0
A0A0K2FN88,0,0,0,0,0
A0A0K2FN97,0,0,0,0,0
A0A0M4RQI5,0,0,0,0,0
A0A1D8ETE8,0,0,0,0,0
A0A1D8EU23,0,0,0,0,0
A0A1I9ZKL6,0,0,0,0,0
A0A1I9ZKZ3,0,0,0,0,0
A0A222YVZ3,0,0,0,0,0
A0A249XMS8,0,0,0,0,0
A0A291I9U9,0,0,0,0,0
A0A2S1PAZ4,0,0,0,0,0
A0A345MFY4,0,0,0,0,0
A0A3G2KHA1,0,0,0,0,0
A0A3S9UAU7,0,0,0,0,0
A0A482JBV7,0,0,0,0,0
A0A5J6TG46,0,0,0,0,0
A0A649VH45,0,0,0,0,0
A0A6G6XSK9,0,0,0,0,0
A0A6G6XTP3,0,0,0,0,0
A0A6J5L231,0,0,0,0,0
A0A6M3TE20,0,0,0,0,0
A0A7G8LLZ2,0,0,0,0,0
A0A7G9W146,0,0,0,0,0
A0A8S5P6I9,0,0,0,0,0
A0A8S5PKM9,0,0,0,0,0
A0A8S5PNA9,0,0,0,0,0
A0A8S5QTF1,0,0,0,0,0
A0A8S5S5G3,0,0,0,0,0
A0A8S5TIH7,0,0,0,0,0
A0A8S5TNA2,0,0,0,0,0
A0A8S5TNL7,0,0,0,0,0
A0A8S5U2C7,0,0,0,0,0
A0A8S5UKJ6,0,0,0,0,0
A7X7X0,0,0,0,0,0
G1D551,0,0,0,0,0
G1FGD4,0,0,0,0,0
A0A0K2FIJ3,0,0,0,0,0
A0A0S2MV79,0,0,0,0,0
A0A162E140,0,0,0,0,0
A0A1U9AJC1,0,0,0,0,0
A0A2H4JB87,0,0,0,0,0
A0A2S0M3B7,0,0,0,0,0
A0A482JC65,0,0,0,0,0
A0A4Y6EAM3,0,0,0,0,0
A0A5Q2F4J2,0,0,0,0,0
A0A653FQE2,0,0,0,0,0
A0A653FR85,0,0,0,0,0
A0A653FVD8,0,0,0,0,0
A0A6J7WDJ6,0,0,0,0,0
A0A7T3U731,0,0,0,0,0
B5U586,0,0,0,0,0
G1BRW2,0,0,0,0,0
G1D3W7,0,0,0,0,0
G1JTI7,0,0,0,0,0
G1JZ59,0,0,0,0,0
H2DE63,0,0,0,0,0
I7I4C5,0,0,0,0,0
Q19YL5,0,0,0,0,0
Q5YAA6,0,0,0,0,0
Q774Z5,0,0,0,0,0
A0A0S2GLI2,0,0,0,0,0
A0A0U1UNT3,0,0,0,0,0
A0A222ZKG8,0,0,0,0,0
A0A2H4J5F8,0,0,0,0,0
A0A2H4JGM5,0,0,0,0,0
A0A2I6UF35,0,0,0,0,0
A0A2R2Z2Y0,0,0,0,0,0
A0A345BLY9,0,0,0,0,0
A0A4Y6EN82,0,0,0,0,0
A0A514U513,0,0,0,0,0
A0A7G3S008,0,0,0,0,0
A0A8S5Q0Z1,0,0,0,0,0
A0A8S5SR08,0,0,0,0,0
A0AAE9G8N0,0,0,0,0,0
A5YK11,0,0,0,0,0
G1BTH5,0,0,0,0,0
G1DUN8,0,0,0,0,0
H2D0G6,0,0,0,0,0
K7P703,0,0,0,0,0
K7PHL6,0,0,0,0,0
M1F165,0,0,0,0,0
Q286Y6,0,0,0,0,0
Q6J1Q2,0,0,0,0,0
Q9G075,0,0,0,0,0
A0A068F1P9,0,0,0,0,0
A0A0N7C056,0,0,0,0,0
A0A0P0ZCE7,0,0,0,0,0
A0A0P0ZDE8,0,0,0,0,0
A0A1S5S7K9,0,0,0,0,0
A0A2D2W400,0,0,0,0,0
A0A2H4IYC8,0,0,0,0,0
A0A2H4IYX8,0,0,0,0,0
A0A2H4J339,0,0,0,0,0
A0A2H4JB45,0,0,0,0,0
A0A345KV30,0,0,0,0,0
A0A6J5KI91,0,0,0,0,0
A0A6J5LYB4,0,0,0,0,0
A0A6J7WRR4,0,0,0,0,0
A0A7G9V459,0,0,0,0,0
A0A873WI51,0,0,0,0,0
A0A8S5SH46,0,0,0,0,0
A0A8S5TDW9,0,0,0,0,0
B5A6Q3,0,0,0,0,0
E7DYQ6,0,0,0,0,0
G8I5D9,0,0,0,0,0
H0UST3,0,0,0,0,0
K7P6P6,0,0,0,0,0
K7P7J2,0,0,0,0,0
Q08J69,0,0,0,0,0
Q77WA5,0,0,0,0,0
T1SAN6,0,0,0,0,0
V5YSU2,0,0,0,0,0
A0A077KET4,0,0,0,0,0
A0A0D4DBR3,0,0,0,0,0
A0A0N7C1N3,0,0,0,0,0
A0A0P0ZAS3,0,0,0,0,0
A0A0P0ZC08,0,0,0,0,0
A0A160DEQ4,0,0,0,0,0
A0A1U9AJ52,0,0,0,0,0
A0A291LA13,0,0,0,0,0
A0A2L0V119,0,0,0,0,0
A0A2P1JQX0,0,0,0,0,0
A0A386KAG3,0,0,0,0,0
A0A4Y1NS13,0,0,0,0,0
A0A5B9MWA0,0,0,0,0,0
A0A6G9LJF2,0,0,0,0,0
A0A6J5KL41,0,0,0,0,0
A0A6J5M2V4,0,0,0,0,0
A0A7L8G7Q8,0,0,0,0,0
A0A8S5NF13,0,0,0,0,0
A0A8S5NWQ8,0,0,0,0,0
A0A9E8M5W4,0,0,0,0,0
A0AA51VJJ8,0,0,0,0,0
E0YPG9,0,0,0,0,0
E7DYQ7,0,0,0,0,0
G1D2Z0,0,0,0,0,0
G8J7P2,0,0,0,0,0
I3WTZ9,0,0,0,0,0
J7KM29,0,0,0,0,0
Q19ZX7,0,0,0,0,0
T1S9J3,0,0,0,0,0
A0A0F6TJM5,0,0,0,0,0
A0A0N7BSQ3,0,0,0,0,0
A0A0N7KZC6,0,0,0,0,0
A0A0P0ZDN8,0,0,0,0,0
A0A1D8ETR5,0,0,0,0,0
A0A1I9LJC3,0,0,0,0,0
A0A2H4J7D5,0,0,0,0,0
A0A2H4JAT5,0,0,0,0,0
A0A6J5NM59,0,0,0,0,0
A0A6J5NVH2,0,0,0,0,0
A0A6J7W5L8,0,0,0,0,0
A0A889IR57,0,0,0,0,0
A0A8S5LBP9,0,0,0,0,0
A0A8S5P6U8,0,0,0,0,0
B5U5J1,0,0,0,0,0
B6DZS1,0,0,0,0,0
G1BQG4,0,0,0,0,0
G3CFG6,0,0,0,0,0
I7IDJ1,0,0,0,0,0
K7P7E1,0,0,0,0,0
K7PLT1,0,0,0,0,0
Q5QF66,0,0,0,0,0
A0A8S5LZY0,0,0,0,0,0
I3ULU8,0,0,0,0,0
A0AAX3ZXF1,0,0,0,0,0
I7HHN1,0,0,0,0,0
K7PHK0,0,0,0,0,0
Q854H9,0,0,0,0,0
K7PMH8,0,0,0,0,0
Q9AZ40,0,0,0,0,0
A0A346FJ43,0,0,0,0,0
K7P8A1,0,0,0,0,0
Q858E8,0,0,0,0,0
Q9MCR4,0,0,0,0,0
A0A2H4J6F0,0,0,0,0,0
A0A8S5P096,0,0,0,0,0
A0A8S5SPQ2,0,0,0,0,0
A0A8S5QSS5,0,0,0,0,0
A0A8S5NSB2,0,0,0,0,0
A0A345MBH2,0,0,0,0,0
A0A142DVT1,0,0,0,0,0
A0A2X0RU06,0,0,0,0,0
A0A8S5NW72,0,0,0,0,0
A0A8S5SF74,0,0,0,0,0
A0AA96EQV6,0,0,0,0,0
A0A8S5L7J4,0,0,0,0,0
A0A8S5MHS4,0,0,0,0,0
A0A8S5QDW4,0,0,0,0,0
A0A223VZV8,1,1,1,1,0
J9PWJ0,1,1,1,0,0
A0A1D7SBF8,1,1,1,0,0
Q30L73,1,1,1,0,0
A0A6G8R6M2,1,1,1,0,0
A0A218MKR9,1,1,1,0,0
A0A8E5KCS3,1,1,1,0,0
L7TIH5,1,1,1,1,1
A0A8E5KAQ1,1,1,1,0,0
A0A8E5KD38,1,1,1,0,0
D9J0U7,1,1,1,0,0
A0A0U1ZZE0,1,1,1,0,0
A0A2Z5H9V8,1,1,1,1,1
A0A3Q9R5D2,1,1,1,0,0
A0A4D6DVS1,1,1,1,0,0
A0A873WGH9,1,1,1,0,0
G9B1K4,1,1,1,0,0
I6PC46,1,1,1,0,0
K7QNK2,1,1,1,0,0
W0TWH5,1,1,1,0,0
W5RAR4,1,1,1,0,0
A0A1D7SY18,1,1,1,0,0
A0A1S6KVX6,1,1,1,0,0
A0A1X9SJ76,1,1,1,0,0
A0A0D3MWB2,1,1,1,0,0
A0A1D7SYV3,1,1,1,0,0
A0A8E4CDM1,1,1,1,0,0
A0A076YPH8,1,1,1,0,0
A0A0D3MV13,1,1,1,0,0
A0A1D8KNP2,1,1,1,0,0
A0A3G1SV81,1,1,1,0,0
J9PTU9,1,1,1,0,0
A0A1S6UAR0,1,1,1,1,1
A0A346FKJ1,1,1,1,0,0
A0A7G7WVQ0,1,1,1,0,0
K7R5U2,1,1,1,0,0
Q4Z9W4,1,1,1,0,0
A0A4Y5JVE1,1,1,1,0,0
A0A8S5LE81,1,1,1,0,0
A0A5C0CDM0,1,1,1,0,1
A0A7T7Z8I2,1,1,1,0,1
A0AAU8GGE7,1,1,1,0,1
A0A248A8F0,1,1,1,0,1
A0A5C0CCA0,1,1,1,0,1
A0A5C0CCU9,1,1,1,0,1
I7B257,1,1,1,0,1
A0A193GY31,1,1,1,0,1
A0A2H4PP56,1,1,1,0,1
A0A2Z5HLB1,1,1,1,0,1
A0AAU8GLM0,1,1,1,0,1
A0A678PBH2,1,1,1,0,1
A0A8S5QGP3,1,1,1,0,0
A0AAU8EI60,1,1,1,0,0
R4T869,0,0,1,0,0
L7TGY5,0,0,1,0,0
A0A0N7CFS8,1,1,1,0,0
A0A8S5LQA1,0,0,1,0,0
Q8LTD8,0,0,0,0,0
A0A411B2Q8,0,0,0,0,0
A0A0K0N5Q5,0,0,0,0,0
A0A411B1U8,0,0,0,0,0
A0A160DDJ5,0,0,0,0,0
A0A411B4X5,0,0,0,0,0
A0A482JC96,0,0,0,0,0
A0A482JJB8,0,0,0,0,0
A0A514A5Z9,0,0,0,0,0
A0A482JEG3,0,0,0,0,0
A0A0K0N692,0,0,0,0,0
A0A2H4PFX0,0,0,0,0,0
A0A2P1N5S0,0,0,0,0,0
A0A411B4N1,0,0,0,0,0
A0A4Y6EDX7,0,0,0,0,0
A0A514A4W4,0,0,0,0,0
A0A8S5NAV3,0,0,0,0,0
A0A510BNT5,0,0,0,0,0
A0A8S5RED1,0,0,0,0,0
A0AA49X2U6,0,0,0,0,0
A0A8S5TJ63,0,0,1,0,0
A0AAU8GSV3,0,0,0,0,0
A0A141E023,0,0,0,0,0
A0A141E111,0,0,0,0,0
A0A141E1D6,0,0,0,0,0
A0AA49X330,0,0,0,0,0
A0AAU8GLH5,0,0,0,0,0
A0AAU8GMQ5,0,0,0,0,0
A0AAU8GPG0,0,0,0,0,0
A0AA50AD56,0,0,0,0,0
B7VET0,0,0,0,0,0
A0A060QNW0,0,0,0,0,0
A0A141E159,0,0,0,0,0
A0A8S5MYC9,0,0,0,0,0
A0A8S5QC98,0,0,0,0,0
E8ZD76,0,0,0,0,0
A0A8S5SK95,0,0,0,0,0
E8ZDJ1,0,0,0,0,0
E8ZDY7,0,0,0,0,0
E8ZE43,0,0,0,0,0
Q9XJF6,0,0,0,0,0
A0AA50ADI8,0,0,0,0,0
A0A060QND1,0,0,0,0,0
A0A2H4J992,0,0,0,0,0
A0A510BQI0,0,0,0,0,0
A0A8S5M2D4,0,0,0,0,0
A0A481Z8W0,0,0,0,0,0
A0A8S5Q9W5,0,0,0,0,0
A0A8S5T030,0,0,0,0,0
A0A8S5R9J2,0,0,0,0,0
A0A8S5RFC9,0,0,0,0,0
A0A2H5BLK4,0,0,0,0,0
A0A8S5MIT2,0,0,0,0,0
A0A8S5LSU3,0,0,0,0,0
A0A8S5S4V7,0,0,0,0,0
A0AA49X4L6,0,0,0,0,0
A0AA50ADC7,0,0,0,0,0
A0A141E1W5,0,0,0,0,0
A0A510BNT9,0,0,0,0,0
A0A141DZX2,0,0,0,0,0
A0A141E0M0,0,0,0,0,0
A0A060QNA4,0,0,0,0,0
A0A8S5N9W7,0,0,0,0,0
A0A510BNT4,0,0,0,0,0
A0A8S5PPI5,0,0,0,0,0
A0A8S5RRG6,0,0,0,0,0
A0A8S5SCI9,0,0,0,0,0
A0A8S5SZK8,0,0,0,0,0
A0A8S5TN46,0,0,0,0,0
A0A8S5L8F0,0,0,0,0,0
A0A8S5NCH1,0,0,0,0,0
A0A8S5PED9,0,0,0,0,0
A0A8S5TJN9,0,0,0,0,0
A0A8S5TR94,0,0,0,0,0
A0A8S5TW60,0,0,0,0,0
A0A8S5V401,0,0,0,0,0
A0A385DQI8,0,0,0,0,0
A0A8S5LK54,0,0,0,0,0
A0A8S5MAJ5,0,0,0,0,0
A0A8S5MH37,0,0,0,0,0
A0A8S5PZF2,0,0,0,0,0
A0A8S5Q2X9,0,0,0,0,0
A0A8S5QIA3,0,0,0,0,0
A0A8S5SPA0,0,0,0,0,0
A0A8S5UPN1,0,0,0,0,0
A0A291LIA8,0,0,0,0,0
A0A873WJI6,0,0,0,0,0
A0A8S5M0B3,0,0,0,0,0
A0A8S5S1G7,0,0,0,0,0
A0A8S5R9I5,0,0,0,0,0
A0A8S5RQB3,0,0,0,0,0
A0A8S5UYJ2,0,0,0,0,0
A0A8S5RNI2,0,0,0,0,0
A0A8S5ST61,0,0,0,0,0
A0A0K2CLF7,0,0,0,0,0
A0A221J774,0,0,0,0,0
A0A2D1G8E6,0,0,0,0,0
A0A2H4PGH2,0,0,0,0,0
A0A385DUZ0,0,0,0,0,0
A0A516KR38,0,0,0,0,0
A0A5J6TCI5,0,0,0,0,0
A0A7T0Q562,0,0,0,0,0
A0A8S5NMF2,0,0,0,0,0
A0A8S5TUH6,0,0,0,0,0
A0AAU8GTH9,0,0,0,0,0
B3VG98,0,0,0,0,0
B3VH20,0,0,0,0,0
G1DTS6,0,0,0,0,0
G3MEM1,0,0,0,0,0
I3WUC0,0,0,0,0,0
K4HYA1,0,0,0,0,0
W0LN23,0,0,0,0,0
A0A1C9EGT0,0,0,0,0,0
A0A1C9LYJ4,0,0,0,0,0
A0A1L5C0J5,0,0,0,0,0
A0A222ZSW3,0,0,0,0,0
A0A291AUY4,0,0,0,0,0
A0A2H5BLD7,0,0,0,0,0
A0A2K9VI78,0,0,0,0,0
A0A2P1JT86,0,0,0,0,0
A0A345L329,0,0,0,0,0
A0A5J6TDK3,0,0,0,0,0
A0A649VRY4,0,0,0,0,0
A0A7T0M320,0,0,0,0,0
A0A8S5U1V0,0,0,0,0,0
B5LLP0,0,0,0,0,0
G1D387,0,0,0,0,0
G1D4R1,0,0,0,0,0
G1D9Z1,0,0,0,0,0
G1EV04,0,0,0,0,0
G3MDR2,0,0,0,0,0
G9FHS1,0,0,0,0,0
I3WUG9,0,0,0,0,0
J7KF86,0,0,0,0,0
K0G7W5,0,0,0,0,0
A0A0K1Y9M7,0,0,0,0,0
A0A222ZLZ9,0,0,0,0,0
A0A2P1JZS6,0,0,0,0,0
A0A345M968,0,0,0,0,0
A0A482JGZ0,0,0,0,0,0
A0A4D6E3X6,0,0,0,0,0
A0A6B9LHL0,0,0,0,0,0
A0A8S5NG14,0,0,0,0,0
A0A8S5NTU9,0,0,0,0,0
A0A8S5PR50,0,0,0,0,0
A0A8S5QPK2,0,0,0,0,0
A0A8S5SQB1,0,0,0,0,0
A0A8S5T4W3,0,0,0,0,0
A0AAU7GXC8,0,0,0,0,0
D2XRN4,0,0,0,0,0
G1D6Y1,0,0,0,0,0
G1JTT7,0,0,0,0,0
G8I5Y4,0,0,0,0,0
G8I6I5,0,0,0,0,0
H9NCR1,0,0,0,0,0
I6SN61,0,0,0,0,0
Q37839,0,0,0,0,0
Q5J5R8,0,0,0,0,0
A0A0C5AAI5,0,0,0,0,0
A0A141VTQ0,0,0,0,0,0
A0A1I9S3Y2,0,0,0,0,0
A0A2Z4Q8A6,0,0,0,0,0
A0A482JHE5,0,0,0,0,0
A0A7U0GCF5,0,0,0,0,0
A0A8F3IJK5,0,0,0,0,0
A0A8S5TLN0,0,0,0,0,0
A0A8S5U4W5,0,0,0,0,0
A0AAU8GU34,0,0,0,0,0
G1D3I2,0,0,0,0,0
G1D6D8,0,0,0,0,0
G1EV89,0,0,0,0,0
G1FMU1,0,0,0,0,0
G3LWZ8,0,0,0,0,0
I3WX81,0,0,0,0,0
K0GAS3,0,0,0,0,0
Q9B086,0,0,0,0,0
A0A1W6JP94,0,0,0,0,0
A0A2P1JTR4,0,0,0,0,0
A0A2R4APX0,0,0,0,0,0
A0A2Z5XVG5,0,0,0,0,0
A0A481VTF3,0,0,0,0,0
A0A5J6TK62,0,0,0,0,0
A0A5J6TUR4,0,0,0,0,0
A0A6J5KM20,0,0,0,0,0
A0A7G8LKS7,0,0,0,0,0
A0A7U0J6G1,0,0,0,0,0
A0A8S5NH16,0,0,0,0,0
A0AB39U2F7,0,0,0,0,0
B3VG09,0,0,0,0,0
B3VGS6,0,0,0,0,0
G8IB76,0,0,0,0,0
Q5J5I7,0,0,0,0,0
R4JHQ1,0,0,0,0,0
A0A2H4JG99,0,0,0,0,0
A0A873WEF8,0,0,0,0,0
A0A8S5LNV5,0,0,0,0,0
A0A8S5QZX0,0,0,0,0,0
D2IZI4,0,0,0,0,0
A0A411CQ89,0,0,0,0,0
A0A8S5LSH4,0,0,0,0,0
A0A8S5RYF5,0,0,0,0,0
D2IYS3,0,0,0,0,0
A0A2H4J068,0,0,0,0,0
A0A8S5MAA3,0,0,0,0,0
A0A8S5QZS9,0,0,0,0,0
D2IYY4,0,0,0,0,0
D2IZC1,0,0,0,0,0
D2IZP3,0,0,0,0,0
D2IZV7,0,0,0,0,0
A0A8S5MAH1,0,0,0,0,0
A0A8S5NR83,0,0,0,0,0
A0A8S5QJ96,0,0,0,0,0
A0A8S5SIW5,0,0,0,0,0
D2IZ47,0,0,0,0,0
A0A8S5QMH3,0,0,0,0,0
A0A8S5S4X7,0,0,0,0,0
A0A8S5VE95,0,0,0,0,0
A0AAU8B6J4,0,0,0,0,0
A0A8S5NAG4,0,0,0,0,0
Q0KKA9,0,0,0,0,0
Q9ZWV9,0,0,0,0,0
A0A8S5RP79,0,0,0,0,0
A0A8S5TY24,0,0,0,0,0
Q3BLW3,0,0,0,0,0
A0A0K1Y917,0,0,0,0,0
A0A0K1Y9A2,0,0,0,0,0
A0A0K1Y9V5,0,0,0,0,0
A0A291AW99,0,0,0,0,0
A0A411CTY8,0,0,0,0,0
A0A4Y6EGI8,0,0,0,0,0
A0A514U2C1,0,0,0,0,0
A0A649VGR8,0,0,0,0,0
A0A6C0RTK8,0,0,0,0,0
A0A6G6XS89,0,0,0,0,0
A0A7M1CL95,0,0,0,0,0
A0A7M1CLG0,0,0,0,0,0
A0A7T3KBU4,0,0,0,0,0
A0A8S5LJM3,0,0,0,0,0
A0A8S5M4L0,0,0,0,0,0
A0A8S5MG02,0,0,0,0,0
A0A8S5QE61,0,0,0,0,0
A0A8S5QEU9,0,0,0,0,0
A0A8S5QKJ7,0,0,0,0,0
A0A8S5QRF7,0,0,0,0,0
A0A8S5R3X6,0,0,0,0,0
A0A8S5R4B6,0,0,0,0,0
A0A8S5S882,0,0,0,0,0
A0A8S5SJG1,0,0,0,0,0
A0A8S5SPS1,0,0,0,0,0
A0A8S5T374,0,0,0,0,0
A0A8S5T738,0,0,0,0,0
A0A8S5TB38,0,0,0,0,0
A0A8S5TUZ8,0,0,0,0,0
A0A8S5U9I0,0,0,0,0,0
A0A9E8M9F5,0,0,0,0,0
A0AA48Y3V2,0,0,0,0,0
A0AA49B3J5,0,0,0,0,0
A0AAF0CK35,0,0,0,0,0
A0AAF0GH17,0,0,0,0,0
A0AB39U1U6,0,0,0,0,0
A0AB39U2X2,0,0,0,0,0
B8R885,0,0,0,0,0
E9LT67,0,0,0,0,0
G1BQ75,0,0,0,0,0
G1EDH8,0,0,0,0,0
G1JUK5,0,0,0,0,0
Q4ZAE8,0,0,0,0,0
Q4ZDB7,0,0,0,0,0
S4SW92,0,0,0,0,0
A0A0K1LJD8,0,0,0,0,0
A0A0K2CMU5,0,0,0,0,0
A0A2Z4QCC9,0,0,0,0,0
A0A3G2KFK3,0,0,0,0,0
A0A3S9UN47,0,0,0,0,0
A0A482JBN0,0,0,0,0,0
A0A4D6TE61,0,0,0,0,0
A0A5J6D8C5,0,0,0,0,0
A0A6B9LDJ1,0,0,0,0,0
A0A7G8LH26,0,0,0,0,0
A0A7G9W248,0,0,0,0,0
A0A7L8ZEC6,0,0,0,0,0
A0A873WQL2,0,0,0,0,0
A0A8S5MJM3,0,0,0,0,0
A0A8S5MJU4,0,0,0,0,0
A0A8S5MNI3,0,0,0,0,0
A0A8S5Q7E8,0,0,0,0,0
A0A8S5QSY0,0,0,0,0,0
A0A8S5QZV5,0,0,0,0,0
A0A8S5T4B7,0,0,0,0,0
A0A8S5TS65,0,0,0,0,0
A0A8S5TVU4,0,0,0,0,0
A0A8S5UCW3,0,0,0,0,0
A0A8S5VFP6,0,0,0,0,0
A0AA49B4G7,0,0,0,0,0
A0AAF0CL99,0,0,0,0,0
A0AAU8AWD9,0,0,0,0,0
A0AB39U2V7,0,0,0,0,0
A0A8S5RCG0,0,0,0,0,0
A0A291AW36,0,0,0,0,0
A0A291AWL3,0,0,0,0,0
A0A2I7SDG6,0,0,0,0,0
A0A411B323,0,0,0,0,0
A0A411B3W4,0,0,0,0,0
A0A411CTS7,0,0,0,0,0
A0A4D6E496,0,0,0,0,0
A0A8S5LJD3,0,0,0,0,0
A0A8S5LSB0,0,0,0,0,0
A0A8S5LTB9,0,0,0,0,0
A0A8S5LTD5,0,0,0,0,0
A0A8S5LWS7,0,0,0,0,0
A0A8S5M9R3,0,0,0,0,0
A0A8S5MRR9,0,0,0,0,0
A0A8S5MY12,0,0,0,0,0
A0A8S5P2L3,0,0,0,0,0
A0A8S5PCC2,0,0,0,0,0
A0A8S5PY57,0,0,0,0,0
A0A8S5Q7Y8,0,0,0,0,0
A0A8S5QCH0,0,0,0,0,0
A0A8S5QG90,0,0,0,0,0
A0A8S5QJU1,0,0,0,0,0
A0A8S5QL51,0,0,0,0,0
A0A8S5QTJ4,0,0,0,0,0
A0A8S5S496,0,0,0,0,0
A0A8S5S4V3,0,0,0,0,0
A0A8S5T0C1,0,0,0,0,0
A0A8S5U3G9,0,0,0,0,0
A0A8S5U8J4,0,0,0,0,0
A0A8S5UJ54,0,0,0,0,0
A0A8S5UU65,0,0,0,0,0
A0A8S5V727,0,0,0,0,0
A0A8S5V780,0,0,0,0,0
A0AA49B4F4,0,0,0,0,0
A0AA92N4D6,0,0,0,0,0
A0AA96HJD2,0,0,0,0,0
A0AAF0GGX5,0,0,0,0,0
A0AB39U2D6,0,0,0,0,0
A0ABZ2CLJ2,0,0,0,0,0
H9NCU4,0,0,0,0,0
R9W007,0,0,0,0,0
S5YKF5,0,0,0,0,0
A0A076YLS8,0,0,0,0,0
A0A0B4ZYE2,0,0,0,0,0
A0A0K1Y8K8,0,0,0,0,0
A0A1S5VY36,0,0,0,0,0
A0A291AV82,0,0,0,0,0
A0A2D1GQ20,0,0,0,0,0
A0A3G1LE78,0,0,0,0,0
A0A514U4V6,0,0,0,0,0
A0A8F3EAA4,0,0,0,0,0
A0A8S5LSJ5,0,0,0,0,0
A0A8S5M2J3,0,0,0,0,0
A0A8S5MG55,0,0,0,0,0
A0A8S5PD42,0,0,0,0,0
A0A8S5Q0N3,0,0,0,0,0
A0A8S5Q0V1,0,0,0,0,0
A0A8S5Q6B5,0,0,0,0,0
A0A8S5Q7E7,0,0,0,0,0
A0A8S5QDC9,0,0,0,0,0
A0A8S5QX88,0,0,0,0,0
A0A8S5T5L7,0,0,0,0,0
A0A8S5TIW7,0,0,0,0,0
A0A8S5TUJ1,0,0,0,0,0
A0A8S5TV25,0,0,0,0,0
A0A8S5U8X0,0,0,0,0,0
A0A8S5UV52,0,0,0,0,0
A0A8S5V2A6,0,0,0,0,0
A0A8S5V4Y5,0,0,0,0,0
A0A8S5V723,0,0,0,0,0
A0A9E7QM47,0,0,0,0,0
A0AAF0GKR3,0,0,0,0,0
A0ABZ2CLA9,0,0,0,0,0
G9FHL4,0,0,0,0,0
K4M479,0,0,0,0,0
K4NX61,0,0,0,0,0
Q4ZDJ7,0,0,0,0,0
V5R9C4,0,0,0,0,0
Q38184,0,0,0,0,0
A0A0K1Y8X2,0,0,0,0,0
A0A0K1YA06,0,0,0,0,0
A0A0N9SKY0,0,0,0,0,0
A0A1I9S7U5,0,0,0,0,0
A0A1J0GNZ3,0,0,0,0,0
A0A291AVJ1,0,0,0,0,0
A0A291AWQ5,0,0,0,0,0
A0A2H4PF88,0,0,0,0,0
A0A2P1N242,0,0,0,0,0
A0A2U8UTP1,0,0,0,0,0
A0A411AYX0,0,0,0,0,0
A0A411CVJ6,0,0,0,0,0
A0A4Y6EAY8,0,0,0,0,0
A0A514U382,0,0,0,0,0
A0A5Q2WER5,0,0,0,0,0
A0A653FS56,0,0,0,0,0
A0A6G6XKH0,0,0,0,0,0
A0A8S5M486,0,0,0,0,0
A0A8S5MGD7,0,0,0,0,0
A0A8S5MKM6,0,0,0,0,0
A0A8S5MTE0,0,0,0,0,0
A0A8S5N301,0,0,0,0,0
A0A8S5NNF9,0,0,0,0,0
A0A8S5P4S0,0,0,0,0,0
A0A8S5Q3U6,0,0,0,0,0
A0A8S5R4U6,0,0,0,0,0
A0A8S5S5I4,0,0,0,0,0
A0A8S5SQB8,0,0,0,0,0
A0A8S5T843,0,0,0,0,0
A0A8S5TD73,0,0,0,0,0
A0A9X9P6U4,0,0,0,0,0
A0AA49BPN4,0,0,0,0,0
A0AA49BRJ0,0,0,0,0,0
A0AA50ICY4,0,0,0,0,0
A0AA96HEC2,0,0,0,0,0
A0AA96HWJ2,0,0,0,0,0
A0AB39U1K8,0,0,0,0,0
A0AB39U248,0,0,0,0,0
A0AB39U2I4,0,0,0,0,0
K0GFY5,0,0,0,0,0
Q4ZA74,0,0,0,0,0
A0A8S5U0E7,0,0,0,0,0
A0A510IM18,0,0,0,0,0
A0A345KR74,0,0,0,0,0
A0A385DU52,0,0,0,0,0
A0A514DGU8,0,0,0,0,0
A0A7L7SIV2,0,0,0,0,0
A0A8S5M4P6,0,0,0,0,0
A0A8S5Q1V5,0,0,0,0,0
A0AA96KNT8,0,0,0,0,0
A0A1B3B1S2,0,0,0,0,0
A0A4Y5TYW4,0,0,0,0,0
A0A4Y5U0C9,0,0,0,0,0
A0A514CXD1,0,0,0,0,0
A0A5P8DAX4,0,0,0,0,0
A0A7G8LGI9,0,0,0,0,0
A0A515MHH7,0,0,0,0,0
A0A6M3T0M4,0,0,0,0,0
A0A8S5PDD9,0,0,0,0,0
A0A166Y2F2,0,0,0,0,0
A0A345KSI3,0,0,0,0,0
A0A411AXR2,0,0,0,0,0
A0A4D6T6Z7,0,0,0,0,0
A0A4Y5TZR5,0,0,0,0,0
A0A4Y5U051,0,0,0,0,0
A0A7D5JQA2,0,0,0,0,0
A0A890UWF5,0,0,0,0,0
A0A385D4C8,0,0,0,0,0
A0A3G2KJG4,0,0,0,0,0
A0A3G8FG64,0,0,0,0,0
A0A649VM41,0,0,0,0,0
A0A7G8LHR1,0,0,0,0,0
A0A8S5NFN5,0,0,0,0,0
A0A8S5PDP0,0,0,0,0,0
G1D5I8,0,0,0,0,0
A0A514DJB1,0,0,0,0,0
A0A8S5Q055,0,0,0,0,0
A0A8S5QRD1,0,0,0,0,0
A0A8S5T466,0,0,0,0,0
A0AB39U286,0,0,0,0,0
A0A510ILW6,0,0,0,0,0
A0A1L6BYQ7,0,0,0,0,0
A0A3G2KHR2,0,0,0,0,0
A0A8S5MMT6,0,0,0,0,0
A0A8S5T8I1,0,0,0,0,0
A0AA96NGU9,0,0,0,0,0
A0AB39U1Z8,0,0,0,0,0
A0AB39U2K7,0,0,0,0,0
A0AB39U2Q7,0,0,0,0,0
A4ZF67,0,0,0,0,0
A8R7E9,0,0,0,0,0
A0A0M4S439,0,0,0,0,0
A0A2Z4Q9D7,0,0,0,0,0
A0A516KRI9,0,0,0,0,0
G8IEF3,0,0,0,0,0
R4TNI9,0,0,0,0,0
A0A7G9A2J5,0,0,0,0,0
A0A8S5M9Z7,0,0,0,0,0
A0A8S5TUM6,0,0,0,0,0
A0AAU8GMQ8,0,0,0,0,0
A0A8D9PGQ3,0,0,0,0,0
A0A8S5LSS7,0,0,0,0,0
A0ABM9HVJ9,0,0,0,0,0
A0A8S5MJ73,0,0,0,0,0
A0A8S5T0U4,0,0,0,0,0
A0A8S5M276,0,0,0,0,0
A0A8S5Q7F4,0,0,0,0,0
A0A8S5MK71,0,0,0,0,0
A0A8S5R5T3,0,0,0,0,0
A0A8S5TUZ6,0,0,0,0,0
D5L281,0,0,0,0,0
A0A8S5LSL2,0,0,0,0,0
A0A8S5M402,0,0,0,0,0
A0A8S5S4A2,0,0,0,0,0
A0A510INP3,0,0,0,0,0
A0A0A1ELA3,0,0,0,0,0
A0A0N9RZ59,0,0,0,0,0
A0A1L5C1D3,0,0,0,0,0
A0A222ZHJ3,0,0,0,0,0
A0A2P1N523,0,0,0,0,0
A0A2U8UPY3,0,0,0,0,0
A0A345L2T6,0,0,0,0,0
A0A385UHV9,0,0,0,0,0
A0A411BZJ8,0,0,0,0,0
A0A482J7B6,0,0,0,0,0
A0A514DHB2,0,0,0,0,0
A0A7D4XQ74,0,0,0,0,0
G1JZW8,0,0,0,0,0
A0A1D8EUJ5,0,0,0,0,0
A0A1J0GQW7,0,0,0,0,0
A0A1L5C0S0,0,0,0,0,0
A0A2P1CIM9,0,0,0,0,0
A0A385D4J5,0,0,0,0,0
A0A411BQL7,0,0,0,0,0
A0A6B9LA77,0,0,0,0,0
C9DC17,0,0,0,0,0
F6MDR1,0,0,0,0,0
G1DB52,0,0,0,0,0
G1FN72,0,0,0,0,0
K0G8B9,0,0,0,0,0
Q859R3,0,0,0,0,0
R4JFD3,0,0,0,0,0
A0A142K5M6,0,0,0,0,0
A0A143FRU4,0,0,0,0,0
A0A1B1SE21,0,0,0,0,0
A0A1J0GQS2,0,0,0,0,0
A0A1J0MBF0,0,0,0,0,0
A0A1L5C1K5,0,0,0,0,0
A0A2U8UH26,0,0,0,0,0
A0A2U8UQZ5,0,0,0,0,0
A0A345KRF5,0,0,0,0,0
A0A482JHI6,0,0,0,0,0
A0A4Y6EEB4,0,0,0,0,0
A0A6B9LAA6,0,0,0,0,0
A0A6N0A4T4,0,0,0,0,0
A0A7G3V9W2,0,0,0,0,0
A0A8S5Q0V5,0,0,0,0,0
A0A0M3UKN1,0,0,0,0,0
A0A143FSC2,0,0,0,0,0
A0A1C9LXI0,0,0,0,0,0
A0A1D8EWJ5,0,0,0,0,0
A0A1J0GS09,0,0,0,0,0
A0A1J0MAX1,0,0,0,0,0
A0A1J0MB68,0,0,0,0,0
A0A1L5C117,0,0,0,0,0
A0A222YXW7,0,0,0,0,0
A0A2R4AMQ9,0,0,0,0,0
A0A345BMT0,0,0,0,0,0
A0A386KLJ0,0,0,0,0,0
A0A386KS89,0,0,0,0,0
A0A482J7Q7,0,0,0,0,0
A0A7G8LLP4,0,0,0,0,0
A0A8S5MUD3,0,0,0,0,0
A0A8S5TMX9,0,0,0,0,0
G1BL06,0,0,0,0,0
I6RTW8,0,0,0,0,0
A0A0A7S214,0,0,0,0,0
A0A0H4TH47,0,0,0,0,0
A0A1D8EZZ6,0,0,0,0,0
A0A1J0MAX2,0,0,0,0,0
A0A1L5C0A8,0,0,0,0,0
A0A1L5C203,0,0,0,0,0
A0A2D1GCF1,0,0,0,0,0
A0A2H4PEQ2,0,0,0,0,0
A0A2P1CK05,0,0,0,0,0
A0A2S1PC98,0,0,0,0,0
A0A345BN68,0,0,0,0,0
A0A345KVC3,0,0,0,0,0
A0A3S9UNW7,0,0,0,0,0
A0A411BPQ1,0,0,0,0,0
A0A411C0F5,0,0,0,0,0
A0A482JHH1,0,0,0,0,0
A0A7M1CSP0,0,0,0,0,0
A0A8S5LMQ9,0,0,0,0,0
A0A8S5M5P5,0,0,0,0,0
A0A8S5V4U1,0,0,0,0,0
A0AAD1QT89,0,0,0,0,0
A0A0F7LA37,0,0,0,0,0
A0A9E6Z3D2,0,0,0,0,0
A0A510IM42,0,0,0,0,0
A0A510IQL4,0,0,0,0,0
A0A1S6L009,0,0,0,0,0
A0A8S5QNL5,0,0,0,0,0
A0A0F7L5T4,0,0,0,0,0
A0A8S5RQL9,0,0,0,0,0
A0A0A7RV84,0,0,0,0,0
A0A1J0MC55,0,0,0,0,0
A0A1J0MC93,0,0,0,0,0
A0A1J0MCK0,0,0,0,0,0
A0A2H5BLZ7,0,0,0,0,0
A0A411CYK8,0,0,0,0,0
A0A481VZI0,0,0,0,0,0
A0A6M9Z3J8,0,0,0,0,0
A0A7D5JKB6,0,0,0,0,0
A0A873WDY4,0,0,0,0,0
A0A9E7E7F7,0,0,0,0,0
A0AAT9J9C2,0,0,0,0,0
A0AAT9JFQ0,0,0,0,0,0
R4JND1,0,0,0,0,0
A0A0A7RTG2,0,0,0,0,0
A0A1V0SLR3,0,0,0,0,0
A0A6M9Z4V4,0,0,0,0,0
A0A8S5NIC8,0,0,0,0,0
A0A088FUQ5,0,0,0,0,0
A0A1J0MCY2,0,0,0,0,0
A0A221J6X2,0,0,0,0,0
A0A223FZK9,0,0,0,0,0
A0A291LI58,0,0,0,0,0
A0A2H5BLN0,0,0,0,0,0
A0A411CUC2,0,0,0,0,0
A0A6N0A930,0,0,0,0,0
A0A873WEI0,0,0,0,0,0
A0A8S5MTW4,0,0,0,0,0
A0A8S5QXR0,0,0,0,0,0
A0A8S5U3G7,0,0,0,0,0
A0A9E7E5J1,0,0,0,0,0
A0A9E7T1B4,0,0,0,0,0
K4HYM3,0,0,0,0,0
A0A1B1PA72,0,0,0,0,0
A0A1B1SFC1,0,0,0,0,0
A0A222ZJ78,0,0,0,0,0
A0A291LHY3,0,0,0,0,0
A0A385D509,0,0,0,0,0
A0A385E0H5,0,0,0,0,0
A0A5J6TNQ6,0,0,0,0,0
A0A6M3SYI0,0,0,0,0,0
A0A8S5QZ35,0,0,0,0,0
I6ZYX4,0,0,0,0,0
Q0KKA7,0,0,0,0,0
Q858X3,0,0,0,0,0
A0A1I9SD82,0,0,0,0,0
A0A514U0N7,0,0,0,0,0
A0A649VAA9,0,0,0,0,0
A0A6M9Z552,0,0,0,0,0
A0A6N0A614,0,0,0,0,0
A0A7S6U077,0,0,0,0,0
A0A8S5NF45,0,0,0,0,0
A0A8S5SSV0,0,0,0,0,0
A0AAT9J8Y6,0,0,0,0,0
A0A8S5RE44,0,0,0,0,0
A0A8S5RL38,0,0,0,0,0
A0AB38ZLI8,0,0,0,0,0
A0AAF0FNV2,0,0,0,0,0
A0A8S5UJJ5,0,0,0,0,0
A0A291AVM0,0,0,0,0,0
A0A3S7HQI5,0,0,0,0,0
A0A873WNW6,0,0,0,0,0
A0AA94WSM0,0,0,0,0,0
A0A1C9LWJ0,0,0,0,0,0
A0A1J0MCB8,0,0,0,0,0
A0A1W5LU24,0,0,0,0,0
A0A2U8UTV5,0,0,0,0,0
A0A411B127,0,0,0,0,0
A0A7U0GCZ8,0,0,0,0,0
A0A9E7QB35,0,0,0,0,0
M1T2R9,0,0,0,0,0
R4TIL0,0,0,0,0,0
A0A1C9LXQ9,0,0,0,0,0
A0A7G4AX56,0,0,0,0,0
A0A1C9LWR0,0,0,0,0,0
A0A514DEW6,0,0,0,0,0
A0A7G4AWY3,0,0,0,0,0
A0AA50F162,0,0,0,0,0
A0AAT9JF34,0,0,0,0,0
R4TMT1,0,0,0,0,0
A0AAU6W557,0,0,0,0,0
B6SD78,0,0,0,0,0
A0A0K1Y8U8,0,0,0,0,0
A0A1J0MC35,0,0,0,0,0
A0A514U4A3,0,0,0,0,0
R4TPE6,0,0,0,0,0
A0AAT9J7Z1,0,0,0,0,0
A0A1D8H0E3,0,0,0,0,0
A0A8S5PJF5,0,0,0,0,0
A0AAT9JC56,0,0,0,0,0
B6SD79,0,0,0,0,0
A0AA49X3A7,0,0,0,0,0
A0AAU6W436,0,0,0,0,0
A0A8S5RDZ7,0,0,0,0,0
A0AA50AEG4,0,0,0,0,0
A0A8S5SSX5,0,0,0,0,0
A0A076FD33,0,0,0,0,0
A0A8S5QUX4,0,0,0,0,0
A0A8S5RLX6,0,0,0,0,0
Q0ZP35,0,0,0,0,0
O55248,0,0,0,0,0
A0A8S5SPJ2,0,0,0,0,0
A0A8S5TJZ5,0,0,0,0,0
A0A8S5RFN1,0,0,0,0,0
A0AB74UNZ6,0,0,0,0,0
Q9ZXG6,0,0,0,0,0
A0A1B0VP19,0,0,0,0,0
A0A653FUP2,0,0,0,0,0
A0A6J5KYX6,0,0,0,0,0
A0A386K9B8,0,0,0,0,0
A0A8S5T6E4,0,0,0,0,0
A0A9E6Z813,0,0,0,0,0
A0AA49X3E6,0,0,0,0,0
A0AB39BZ33,0,0,0,0,0
A0A172WZE2,0,0,0,0,0
Q38086,0,0,0,0,0
Q859D2,0,0,0,0,0
A0A410S833,0,0,0,0,0
A0AA49X3J5,0,0,0,0,0
Q20GI2,0,0,0,0,0
Q0GYE5,0,0,0,0,0
A0AAT9J7X9,0,0,0,0,0
A0A6J5ST64,0,0,0,0,0
A0AAE9FQF7,0,0,0,0,0
A0A1B1V5H2,0,0,0,0,0
A0A8S5UQC8,0,0,0,0,0
A0A346TPL2,0,0,0,0,0
A0ABM8Y518,0,0,0,0,0
A0A0A7NPV4,0,0,0,0,0
A0AAE9FT08,0,0,0,0,0
K7PGS7,0,0,0,0,0
A0A126FC53,0,0,0,0,0
A0A2Z4HI24,0,0,0,0,0
Q0N430,0,0,0,0,0
A0A8S5MFT0,0,0,0,0,0
A0A8S5MG19,0,0,0,0,0
A0A288QPP2,0,0,0,0,0
A0AAU7PFN4,0,0,0,0,0
C3VNX2,0,0,0,0,0
A0A5C0CAQ4,0,0,0,0,0
Q38194,0,0,0,0,0
A0AAT9JCG8,0,0,0,0,0
A0AAT9J9T6,0,0,0,0,0
A0A8S5M2T5,0,0,0,0,0
A0A0F7L7C7,0,0,0,0,0
A0A1S5Y2X7,0,0,0,0,0
A0AB39BYF0,0,0,0,0,0
B3GAN2,0,0,0,0,0
Q9T221,0,0,0,0,0
Q5I9I2,0,0,0,0,0
A0AB39BZ74,0,0,0,0,0
A0AAT9J8R0,0,0,0,0,0
A0AAT9JEI6,0,0,0,0,0
A0AAT9JDK4,0,0,0,0,0
Q77RJ7,0,0,0,0,0
A0A9E7IPT3,0,0,0,0,0
A0AAN0LHK8,0,0,0,0,0
A0A8S5RP53,0,0,0,0,0
Q56VN7,0,0,0,0,0
Q91BF1,0,0,0,0,0
A0A1J1J8Z4,0,0,0,0,0
A0AAU7YRB8,0,0,0,0,0
M1J4A4,0,0,0,0,0
A0A8S5SYT6,0,0,0,0,0
A0A8T8JJE2,0,0,0,0,0
A0A653FQS8,0,0,0,0,0
A0A7D2LKR4,0,0,0,0,0
A0A8E7FPS5,0,0,0,0,0
A0A3G4S8X9,0,0,0,0,0
A0A8S5NWC3,0,0,0,0,0
A0A9E7CDC4,0,0,0,0,0
A0A8S5U0H4,0,0,0,0,0
A0ABX6TRH0,0,0,0,0,0
A0A8S5QF37,0,0,0,0,0
A0A481Z649,0,0,0,0,0
A0A8S5MZW2,0,0,0,0,0
A0A8S5REC2,0,0,0,0,0
A0A411HB86,0,0,0,0,0
A0A482EQW3,0,0,0,0,0
A0A8S5LY27,0,0,0,0,0
H2EE94,0,0,0,0,0
A0A097P8Z7,0,0,0,0,0
A0A6J5L677,0,0,0,0,0
A0A8S5SSC0,0,0,0,0,0
A0A8S5SST6,0,0,0,0,0
A0AAE7MUG4,0,0,0,0,0
A0A0E3GIB9,0,0,0,0,0
A0A0E3JA45,0,0,0,0,0
A0A8S5V8T6,0,0,0,0,0
A0A3G5AFD4,0,0,0,0,0
A0A6J5PAU6,0,0,0,0,0
A0A8S5T584,0,0,0,0,0
A0AAX3AWJ8,0,0,0,0,0
C3TWX7,0,0,0,0,0
Q91BW3,0,0,0,0,0
A0AAE9VDN1,0,0,0,0,0
A0A6J7WYJ5,0,0,0,0,0
A0A8S5NSK5,0,0,0,0,0
A0A059T666,0,0,0,0,0
A0A0N7CRL6,0,0,0,0,0
A0A9E7LPW2,0,0,0,0,0
A0A0B5CTW8,0,0,0,0,0
A0A2U8UUS5,0,0,0,0,0
Q0IL30,0,0,0,0,0
A0AAU7J7N8,0,0,0,0,0
A0AAU7J7Y8,0,0,0,0,0
A0ABY5TRY6,0,0,0,0,0
A0ABY5TSS8,0,0,0,0,0
A0AA50ACV3,0,0,0,0,0
A0ABY5TRI4,0,0,0,0,0
A0ABY5TTE3,0,0,0,0,0
A0ABY5T6I8,0,0,0,0,0
A0A0B4UK99,0,0,0,0,0
A0A6J5MVF1,0,0,0,0,0
A0A8S5N0R3,0,0,0,0,0
A0A8S5TZT4,0,0,0,0,0
A0AAT9V7V9,0,0,0,0,0
H2EBD7,0,0,0,0,0
T1QZ73,0,0,0,0,0
V9XTJ1,0,0,0,0,0
A0AA49X4N2,0,0,0,0,0
A0A0E3JAD2,0,0,0,0,0
A0A0E3URR1,0,0,0,0,0
A0A1X9IGV9,0,0,0,0,0
A0A346RNT0,0,0,0,0,0
A0A346TQ25,0,0,0,0,0
A0A6J5KXK8,0,0,0,0,0
A0A6J5NI31,0,0,0,0,0
A0A8S5QBR9,0,0,0,0,0
A0A8S5QZ00,0,0,0,0,0
A0AAE9LNI9,0,0,0,0,0
D4N2B9,0,0,0,0,0
Q4KT04,0,0,0,0,0
S5MKW5,0,0,0,0,0
A0AA49X1W2,0,0,0,0,0
A0A481V7D4,0,0,0,0,0
A0A6J5S6G1,0,0,0,0,0
A0AAE7T2D0,0,0,0,0,0
A0AAT9J7R1,0,0,0,0,0
A0EYW4,0,0,0,0,0
B0FDT8,0,0,0,0,0
L0CLM0,0,0,0,0,0
T1QZZ2,0,0,0,0,0
W0UXI8,0,0,0,0,0
A0A0S3J020,0,0,0,0,0
A0A2H4UZV6,0,0,0,0,0
A0A3G2JU19,0,0,0,0,0
A0A6J5NFL3,0,0,0,0,0
A0A8S5MTZ9,0,0,0,0,0
A0A8S5N741,0,0,0,0,0
A0A8S5TNU2,0,0,0,0,0
A0A8S5TP74,0,0,0,0,0
A0A9E7YIV7,0,0,0,0,0
A0AAF1DB54,0,0,0,0,0
Q8V5S6,0,0,0,0,0
A0A075TZ37,0,0,0,0,0
A0A0A7KTF2,0,0,0,0,0
A0A0S3IYA7,0,0,0,0,0
A0A2H4JDJ8,0,0,0,0,0
A0A6B7KH68,0,0,0,0,0
A0A8S5PLZ4,0,0,0,0,0
Q461Z5,0,0,0,0,0
U3RAT4,0,0,0,0,0
K4GHJ0,0,0,0,0,0
Q80LN5,0,0,0,0,0
A8ASM0,0,0,0,0,0
I6V9E9,0,0,0,0,0
U3RDM2,0,0,0,0,0
A0A1C8ZY97,0,0,0,0,0
A0A1C8ZZ01,0,0,0,0,0
A0A5B8YT09,0,0,0,0,0
A0A6J5NM36,0,0,0,0,0
A0A6J5QJN8,0,0,0,0,0
A0A8S5N5Y0,0,0,0,0,0
A0AAE7T1S2,0,0,0,0,0
A0AAE8XTW9,0,0,0,0,0
Q7TDH8,0,0,0,0,0
A0A6B9CHE1,0,0,0,0,0
A0A6J5N5K7,0,0,0,0,0
A0A8S5NB44,0,0,0,0,0
A0AAE6H373,0,0,0,0,0
A0ABM8Y4T3,0,0,0,0,0
B6D613,0,0,0,0,0
A0A6J5PBU4,0,0,0,0,0
A0A6J5PN07,0,0,0,0,0
A0A2Z6C5D3,0,0,0,0,0
A0A6J5LZV7,0,0,0,0,0
A0A8S5MQ78,0,0,0,0,0
A0ABM8Y4Z2,0,0,0,0,0
A0A0A1E728,0,0,0,0,0
A0A1C8ZX84,0,0,0,0,0
A0A5J6TT38,0,0,0,0,0
A0A6J5M4G4,0,0,0,0,0
A0A8S5R9A8,0,0,0,0,0
B5X068,0,0,0,0,0
S5N9A0,0,0,0,0,0
A0A8S5LGH4,0,0,0,0,0
A0A8S5S8Q9,0,0,0,0,0
A0AAT9JED2,0,0,0,0,0
Q8V6N8,0,0,0,0,0
V9LSZ0,0,0,0,0,0
A0A1V0SL24,0,0,0,0,0
A0A6G9RW45,0,0,0,0,0
A0A6J5KYX4,0,0,0,0,0
A0A8S5MYJ6,0,0,0,0,0
A0AAE9BVL7,0,0,0,0,0
A0AAE9BWK5,0,0,0,0,0
A0AAT9JEN4,0,0,0,0,0
B5LW92,0,0,0,0,0
A0A224AUK0,0,0,0,0,0
A0A1S5SFI5,0,0,0,0,0
A0A8S5SM02,0,0,0,0,0
A0A976SUX7,0,0,0,0,0
A0AAE9BXP2,0,0,0,0,0
A0AAT9JE02,0,0,0,0,0
A0AAT9JEB7,0,0,0,0,0
A0AAT9JEJ1,0,0,0,0,0
A0AAT9JKT1,0,0,0,0,0
R4TLK0,0,0,0,0,0
A0A0M3WNM7,0,0,0,0,0
A0A2P0ZKY7,0,0,0,0,0
A0A8S5L7W4,0,0,0,0,0
A0A8S5MS24,0,0,0,0,0
A0A8S5SGC2,0,0,0,0,0
A0A8S5UNF8,0,0,0,0,0
A0A8S5VH44,0,0,0,0,0
A0AAE8XUT6,0,0,0,0,0
A0AAE8XVN4,0,0,0,0,0
R4TJH3,0,0,0,0,0
O92441,0,0,0,0,0
A0A0B4ZZU7,0,0,0,0,0
A0A6B9JGC5,0,0,0,0,0
A0A6J5MQ85,0,0,0,0,0
A0A8S5LIZ8,0,0,0,0,0
A0A9W3USL6,0,0,0,0,0
A0AAE8XRM3,0,0,0,0,0
A0AAE9BV32,0,0,0,0,0
A0AAE9BY80,0,0,0,0,0
A0AAT9J8V0,0,0,0,0,0
A0AAT9J8Z7,0,0,0,0,0
Q1MVP4,0,0,0,0,0
A0A1V0SJI5,0,0,0,0,0
A0A2U8UNS3,0,0,0,0,0
A0A8S5LCA5,0,0,0,0,0
L7RD59,0,0,0,0,0
Q9MBT8,0,0,0,0,0
A0A291LIR9,0,0,0,0,0
A0A2P1EMJ6,0,0,0,0,0
A0A385AHJ1,0,0,0,0,0
A0A6J5LZA5,0,0,0,0,0
A0A8S5NR19,0,0,0,0,0
A0A3G6JKD8,0,0,0,0,0
A0A6J5NUJ6,0,0,0,0,0
A0A8S5QTT0,0,0,0,0,0
A0A8S5T476,0,0,0,0,0
F1BUU6,0,0,0,0,0
A0A8S5Q2S0,0,0,0,0,0
A0A1B0VDN8,0,0,0,0,0
A0A1V0SE39,0,0,0,0,0
A0A8S5PUV2,0,0,0,0,0
A0ABZ0Z3U5,0,0,0,0,0
G9FH00,0,0,0,0,0
A0A8S5P893,0,0,0,0,0
A0AAX4B1T6,0,0,0,0,0
A0A2P0QED0,0,0,0,0,0
A0A5J6T7M9,0,0,0,0,0
A0ABM7NUD8,0,0,0,0,0
A0A8S5V8J1,0,0,0,0,0
A0AA96J2R0,0,0,0,0,0
M1I7V8,0,0,0,0,0
A0A6J5LLK2,0,0,0,0,0
I3WFA4,0,0,0,0,0
Q8B9H7,0,0,0,0,0
A0A8S5R6W6,0,0,0,0,0
A0A6J5QUQ6,0,0,0,0,0
O64014,0,0,0,0,0
A0A248SKV1,0,0,0,0,0
A0A8S5SL96,0,0,0,0,0
A0A8S5TRI3,0,0,0,0,0
A0A8S5V7J1,0,0,0,0,0
A0A8F8PNE7,0,0,0,0,0
A0A8S5T8Y0,0,0,0,0,0
A0A8S5THJ3,0,0,0,0,0
A0AAT9J9D4,0,0,0,0,0
A0AAU8GNE0,0,0,0,0,0
A0A1E1EV93,0,0,0,0,0
A0A3G5AFG4,0,0,0,0,0
Q6VTR7,0,0,0,0,0
A0A0G2Y3S3,0,0,0,0,0
A0A1E1EUH5,0,0,0,0,0
A0A1E1EV94,0,0,0,0,0
A0A6J5LFB5,0,0,0,0,0
A0A6J7WTE7,0,0,0,0,0
A0A6N1NTD7,0,0,0,0,0
A0A8E8H231,0,0,0,0,0
V9THC3,0,0,0,0,0
A0A2H4UVB1,0,0,0,0,0
A0A385AHF9,0,0,0,0,0
A0ABZ0Z371,0,0,0,0,0
Q9Q0A8,0,0,0,0,0
A0A7U0MGJ5,0,0,0,0,0
A0A7U0MGZ0,0,0,0,0,0
A0A8S5MXY5,0,0,0,0,0
A0A8S5V633,0,0,0,0,0
A0AAT9J727,0,0,0,0,0
A0AAT9JEY0,0,0,0,0,0
I6NV42,0,0,0,0,0
A0A0G2Y229,0,0,0,0,0
A0A159ZP67,0,0,0,0,0
A0A165X7M7,0,0,0,0,0
A0A385AHL8,0,0,0,0,0
A0A6J5LCK6,0,0,0,0,0
A0A6N1NGW8,0,0,0,0,0
A0A6N1NWE5,0,0,0,0,0
A1YJ74,0,0,0,0,0
Q2NNZ8,0,0,0,0,0
W6GVE2,0,0,0,0,0
A0A0A0Z131,0,0,0,0,0
A0A1B1MQV5,0,0,0,0,0
A0A2S1XBB6,0,0,0,0,0
A0A6J5SH87,0,0,0,0,0
Q91GI4,0,0,0,0,0
A0A7U0MGL0,0,0,0,0,0
A0A7U0MGT7,0,0,0,0,0
A0A7U0MH19,0,0,0,0,0
A0A7U0RAM1,0,0,0,0,0
A0A7U0RAM7,0,0,0,0,0
A0A7U0RB24,0,0,0,0,0
A0A8S5NHW1,0,0,0,0,0
A0A8S5SFF0,0,0,0,0,0
A0A8S5V363,0,0,0,0,0
A0AA86Y9X7,0,0,0,0,0
A0AAT9J7A6,0,0,0,0,0
A0AAT9J7C6,0,0,0,0,0
A0AAT9JAJ8,0,0,0,0,0
A0AAT9JGD9,0,0,0,0,0
A0AAT9JGJ8,0,0,0,0,0
C5IHJ9,0,0,0,0,0
A0A7U0MGL2,0,0,0,0,0
A0A7U0MGY0,0,0,0,0,0
A0A7U0RB05,0,0,0,0,0
A0A7U0RB11,0,0,0,0,0
A0A8S5U527,0,0,0,0,0
A0A7U0MGK3,0,0,0,0,0
A0A7U0MGZ7,0,0,0,0,0
A0A8S5LLM5,0,0,0,0,0
A0A8S5MHX7,0,0,0,0,0
A0A8S5MPH2,0,0,0,0,0
A0AAT9JFR9,0,0,0,0,0
A0AAU8GNM2,0,0,0,0,0
A0A7U0MGM3,0,0,0,0,0
A0A7U0MGU7,0,0,0,0,0
A0A7U0MGX0,0,0,0,0,0
A0A7U0RAB9,0,0,0,0,0
A0A7U0RB21,0,0,0,0,0
A0A8S5T546,0,0,0,0,0
A0A8S5TBL6,0,0,0,0,0
A0A8S5V3U0,0,0,0,0,0
I6XGB4,0,0,0,0,0
W8ECD3,0,0,0,0,0
Q6V7S4,0,0,0,0,0
I6NVL9,0,0,0,0,0
A0A142F2J2,0,0,0,0,0
A0A1I9SCM2,0,0,0,0,0
A0A286N2W0,0,0,0,0,0
A0A286N459,0,0,0,0,0
A0A2I6UH27,0,0,0,0,0
A0A5J6D8I8,0,0,0,0,0
A0A6B9JD37,0,0,0,0,0
A0A6J5KRI7,0,0,0,0,0
A0A6J5M4U5,0,0,0,0,0
A0A6J5M8I2,0,0,0,0,0
A0A6J5N0H9,0,0,0,0,0
A0A6J5N4D6,0,0,0,0,0
A0A6J5Q7R7,0,0,0,0,0
A0A8S5LPE4,0,0,0,0,0
A0A8S5SBR3,0,0,0,0,0
A0A8S5T9K3,0,0,0,0,0
A0AAE9C3S3,0,0,0,0,0
A0AAN0LW79,0,0,0,0,0
Q6V7T2,0,0,0,0,0
A0A0M3UKE4,0,0,0,0,0
A0A0U4JIW7,0,0,0,0,0
A0A1B1SG39,0,0,0,0,0
A0A286N3U7,0,0,0,0,0
A0A2I6UG61,0,0,0,0,0
A0A481VWQ3,0,0,0,0,0
A0A516KPH4,0,0,0,0,0
A0A5J6TY80,0,0,0,0,0
A0A6B9LII6,0,0,0,0,0
A0A6J5M5C0,0,0,0,0,0
A0A6J5S6I2,0,0,0,0,0
A0A8S5QD99,0,0,0,0,0
A0A8S5TQV5,0,0,0,0,0
A0A1J0GRG5,0,0,0,0,0
A0A1J0GRZ2,0,0,0,0,0
A0A286N3I5,0,0,0,0,0
A0A482J990,0,0,0,0,0
A0A4D6TE71,0,0,0,0,0
A0A6B9LCH9,0,0,0,0,0
A0A6J5LAK6,0,0,0,0,0
A0A6J5LNB1,0,0,0,0,0
A0A6J5LZZ1,0,0,0,0,0
A0A6J5MS23,0,0,0,0,0
A0A8S5PMB9,0,0,0,0,0
A0AAU6W2J6,0,0,0,0,0
A0AAU6W4A2,0,0,0,0,0
A0AB39C161,0,0,0,0,0
A0A249XNF0,0,0,0,0,0
A0A286N374,0,0,0,0,0
A0A2Z4Q5V7,0,0,0,0,0
A0A2Z4Q9C4,0,0,0,0,0
A0A482J6N2,0,0,0,0,0
A0A4Y6EGL3,0,0,0,0,0
A0A6J5LPV2,0,0,0,0,0
A0A6J5N0E5,0,0,0,0,0
A0A6J5P1P1,0,0,0,0,0
A0A6J5P9H9,0,0,0,0,0
A0A6J5S3F6,0,0,0,0,0
A0A6J5SWW0,0,0,0,0,0
A0A6J7XGS5,0,0,0,0,0
A0A7T1TTH8,0,0,0,0,0
A0A8S5QKV0,0,0,0,0,0
A0A8S5T1S9,0,0,0,0,0
A0A8S5TW09,0,0,0,0,0
A0AA50A767,0,0,0,0,0
A0AAU8GLP3,0,0,0,0,0
U6C712,0,0,0,0,0
A0A023ZXB3,0,0,0,0,0
A0A0A7HAM5,0,0,0,0,0
A0A1I9SCY4,0,0,0,0,0
A0A2I6UGK9,0,0,0,0,0
A0A2I6UGT6,0,0,0,0,0
A0A2K9VEZ2,0,0,0,0,0
A0A345GTY2,0,0,0,0,0
A0A386KBC4,0,0,0,0,0
A0A3G3E631,0,0,0,0,0
A0A5J6D9U0,0,0,0,0,0
A0A649VAT4,0,0,0,0,0
A0A6J5MNM4,0,0,0,0,0
A0A6J5N5D6,0,0,0,0,0
A0A8S5U8T7,0,0,0,0,0
A0A8S5VAK1,0,0,0,0,0
A0AAU6W4A3,0,0,0,0,0
G4W986,0,0,0,0,0
C5IHK8,0,0,0,0,0
I6XGC2,0,0,0,0,0
A0A5K0U807,0,0,0,0,0
W5VKG4,0,0,0,0,0
A0A1C9C5F2,0,0,0,0,0
A0A482MIU7,0,0,0,0,0
A0A482MI69,0,0,0,0,0
A0A482MI83,0,0,0,0,0
A0A482MIW0,0,0,0,0,0
Q6JPC6,0,0,0,0,0
A0A1V0S8F8,0,0,0,0,0
A0A482MGS3,0,0,0,0,0
Q9YMP1,0,0,0,0,0
W6GVF0,0,0,0,0,0
A0A165X883,0,0,0,0,0
W6GWL0,0,0,0,0,0
A0A0R7EYW4,0,0,0,0,0
A0A2H4T2N1,0,0,0,0,0
A0A2I7G2W4,0,0,0,0,0
A0A2U8UJC2,0,0,0,0,0
A0A2U8UPM6,0,0,0,0,0
A0A2Z4Q9U2,0,0,0,0,0
A0A345KUC3,0,0,0,0,0
A0A385D0W7,0,0,0,0,0
A0A385DVV8,0,0,0,0,0
A0A3G3M7V0,0,0,0,0,0
A0A3G3MA68,0,0,0,0,0
A0A481S1X7,0,0,0,0,0
A0A4P8NFE4,0,0,0,0,0
A0A514A6A1,0,0,0,0,0
A0A514DHK5,0,0,0,0,0
A0A5P8D8S0,0,0,0,0,0
A0A5Q2WDU6,0,0,0,0,0
A0A649VMY8,0,0,0,0,0
A0A649VNT5,0,0,0,0,0
A0A6G9LDE6,0,0,0,0,0
A0A6J5LJ28,0,0,0,0,0
A0A6J7XNB2,0,0,0,0,0
A0A7L7SNS6,0,0,0,0,0
A0A7T0M0W1,0,0,0,0,0
A0A9E7SWL0,0,0,0,0,0
A0AA96H0X5,0,0,0,0,0
A0AAE8BMA3,0,0,0,0,0
A0ABY5T7N9,0,0,0,0,0
A0A142KAT5,0,0,0,0,0
A0A1B3AYT6,0,0,0,0,0
A0A2Z4Q6A3,0,0,0,0,0
A0A3G3M8W8,0,0,0,0,0
A0A3G3M9J1,0,0,0,0,0
A0A3G3MAE2,0,0,0,0,0
A0A514DIU3,0,0,0,0,0
A0A516KP16,0,0,0,0,0
A0A5P8D6M6,0,0,0,0,0
A0A6B9QQY4,0,0,0,0,0
A0A6J5QJX7,0,0,0,0,0
A0A6J7WG90,0,0,0,0,0
A0A7G8LKK0,0,0,0,0,0
A0A7G8LM97,0,0,0,0,0
A0A7G8ZZN4,0,0,0,0,0
A0A8S5T612,0,0,0,0,0
A0A9E7E4Q6,0,0,0,0,0
Q6JKB5,0,0,0,0,0
A0A1C9EGC7,0,0,0,0,0
A0A345MHX9,0,0,0,0,0
A0A385DWP0,0,0,0,0,0
A0A385UEG2,0,0,0,0,0
A0A3G3MBN3,0,0,0,0,0
A0A3G3MBP4,0,0,0,0,0
A0A411BW21,0,0,0,0,0
A0A482MDI6,0,0,0,0,0
A0A514DEM3,0,0,0,0,0
A0A516KUT1,0,0,0,0,0
A0A649VRU6,0,0,0,0,0
A0A649VXR3,0,0,0,0,0
A0A6J5N049,0,0,0,0,0
A0A6J5PMZ5,0,0,0,0,0
A0A7G8LDY2,0,0,0,0,0
A0A7G8LL97,0,0,0,0,0
A0A7T0M109,0,0,0,0,0
A0A899IRW0,0,0,0,0,0
A0A8A5LIV4,0,0,0,0,0
A0A8S5QQC5,0,0,0,0,0
A0A8S5R1N1,0,0,0,0,0
A0AAE7FAH8,0,0,0,0,0
A0AAE7XDX1,0,0,0,0,0
A0AAE8Y0W5,0,0,0,0,0
X5GEA8,0,0,0,0,0
A0A142K9V0,0,0,0,0,0
A0A2D1GEY1,0,0,0,0,0
A0A2U8UHW1,0,0,0,0,0
A0A2U8UKR1,0,0,0,0,0
A0A385DMT3,0,0,0,0,0
A0A4Y6ELX1,0,0,0,0,0
A0A515ML09,0,0,0,0,0
A0A516KR63,0,0,0,0,0
A0A649VU92,0,0,0,0,0
A0A6J5KYM3,0,0,0,0,0
A0A6J5MX41,0,0,0,0,0
A0A6J5P324,0,0,0,0,0
A0A7G3V985,0,0,0,0,0
A0A7G3VBF2,0,0,0,0,0
A0A7G8LKU8,0,0,0,0,0
A0A7G9A0X2,0,0,0,0,0
A0A8F3E9V8,0,0,0,0,0
A0A976UE81,0,0,0,0,0
A0A9E7T0Y4,0,0,0,0,0
A0AAE8Y0Q4,0,0,0,0,0
A0ABY5U838,0,0,0,0,0
G9FH56,0,0,0,0,0
A0A0H4THC0,0,0,0,0,0
A0A0K2CMN7,0,0,0,0,0
A0A2U9PFV8,0,0,0,0,0
A0A345KPF9,0,0,0,0,0
A0A3G3M7W0,0,0,0,0,0
A0A3G3M925,0,0,0,0,0
A0A3G3M9F6,0,0,0,0,0
A0A514DDE9,0,0,0,0,0
A0A514DHX8,0,0,0,0,0
A0A516KP97,0,0,0,0,0
A0A5J6TCK3,0,0,0,0,0
A0A6J5N573,0,0,0,0,0
A0A6J5PTW6,0,0,0,0,0
A0A6J5SSD5,0,0,0,0,0
A0A6J7WVD5,0,0,0,0,0
A0A7T1KS95,0,0,0,0,0
A0A8S5R5D1,0,0,0,0,0
A0A8S5V6E1,0,0,0,0,0
A0A976U9R4,0,0,0,0,0
A0A977PQ41,0,0,0,0,0
A0AAX4RAM5,0,0,0,0,0
A0A6J7WB44,0,0,0,0,0
A0A6M6R7W4,0,0,0,0,0
A0A649VK13,0,0,0,0,0
A0A6J5SYB9,0,0,0,0,0
A0A8S5R8Y7,0,0,0,0,0
A0A8T8JBK3,0,0,0,0,0
A0AAE7VCP8,0,0,0,0,0
A0AB38ZMC5,0,0,0,0,0
A0A6M6R1Q3,0,0,0,0,0
A0A6M6R365,0,0,0,0,0
A0A6M6R532,0,0,0,0,0
A0A2H4UX80,0,0,0,0,0
A0A2K9VSB5,0,0,0,0,0
A0A411CSF5,0,0,0,0,0
A0AA96KMN2,0,0,0,0,0
A4L243,0,0,0,0,0
A0A2D1GEX1,0,0,0,0,0
A0A3G4ZLW8,0,0,0,0,0
A0A514DI47,0,0,0,0,0
A0A6J5QSY3,0,0,0,0,0
A0A7L7SZL6,0,0,0,0,0
A0A9E7QBJ0,0,0,0,0,0
A0AA50ACJ9,0,0,0,0,0
A1YRC2,0,0,0,0,0
A0A6J5NKA5,0,0,0,0,0
A0A7G9UXQ3,0,0,0,0,0
A0AA49X4A2,0,0,0,0,0
A0AB38Z418,0,0,0,0,0
A0A162GUS0,0,0,0,0,0
A0A2L0HJL4,0,0,0,0,0
A0A6J7XDL7,0,0,0,0,0
A0A7T1KSA4,0,0,0,0,0
A0A8S5Q379,0,0,0,0,0
A0A8S5UX26,0,0,0,0,0
A0AB39J7I3,0,0,0,0,0
A8WA40,0,0,0,0,0
A0A0G2Y1K4,0,0,0,0,0
A0A482MIW9,0,0,0,0,0
Q7TLS5,0,0,0,0,0
A0A0G2YCE3,0,0,0,0,0
A0A482MIB0,0,0,0,0,0
A0A7Q0,0,0,0,0,0
A0A482MIF1,0,0,0,0,0
A0A4Y5FED7,0,0,0,0,0
A0A8S5M440,0,0,0,0,0
A0A8S5M4W1,0,0,0,0,0
A0A8S5Q2R8,0,0,0,0,0
A0ABZ0Z1J3,0,0,0,0,0
A0A8S5LPI6,0,0,0,0,0
A0A8S5SSU7,0,0,0,0,0
A0A8S5TCC6,0,0,0,0,0
A0A8S5VXD8,0,0,0,0,0
A0A2L0WU36,0,0,0,0,0
A0A2U7U8G2,0,0,0,0,0
A0A8S5LWF8,0,0,0,0,0
A0A8S5PMM8,0,0,0,0,0
A0A8S5QDK6,0,0,0,0,0
A0A8S5UVA3,0,0,0,0,0
A0AAE6R628,0,0,0,0,0
A0A068LK97,0,0,0,0,0
A0A8S5LZ18,0,0,0,0,0
A0A8S5MBJ1,0,0,0,0,0
A0A8S5QLW2,0,0,0,0,0
A0A8S5SN67,0,0,0,0,0
A0A8S5U233,0,0,0,0,0
A0A8S5VII6,0,0,0,0,0
A0A6J7WXX5,0,0,0,0,0
A0A8S5LDZ3,0,0,0,0,0
A0A8S5LQP0,0,0,0,0,0
A0A8S5R477,0,0,0,0,0
A0A8S5SFQ4,0,0,0,0,0
A0A8S5UKH8,0,0,0,0,0
A0AA49CJ71,0,0,0,0,0
A0A3G2C681,0,0,0,0,0
A0ABY0JYM2,0,0,0,0,0
Q1HH22,0,0,0,0,0
A0A3G2C672,0,0,0,0,0
A0A6J5KH93,0,0,0,0,0
A0A6J5N5A0,0,0,0,0,0
A0A6J5NSB2,0,0,0,0,0
A0A6J5Q9P0,0,0,0,0,0
A0A8S5PVI3,0,0,0,0,0
A0A8S5RND0,0,0,0,0,0
A0A8S5SYP1,0,0,0,0,0
A0AAU8I0D0,0,0,0,0,0
Q8JM48,0,0,0,0,0
S4VWQ6,0,0,0,0,0
A0A514CX33,0,0,0,0,0
A0A5K7XX21,0,0,0,0,0
A0A6J5KP98,0,0,0,0,0
A0A6J5LZH1,0,0,0,0,0
A0A6J5Q003,0,0,0,0,0
A0A6J7X2Q4,0,0,0,0,0
A0A0A8WJD4,0,0,0,0,0
A0A1D7XF59,0,0,0,0,0
A0A6J5PQI6,0,0,0,0,0
A0A6J5RUH7,0,0,0,0,0
A0A6J7XQF4,0,0,0,0,0
A0A811BNH3,0,0,0,0,0
A0A8E4ZFV8,0,0,0,0,0
A0A8S5PKK1,0,0,0,0,0
A0A8S5V6B3,0,0,0,0,0
A0A8S5VL71,0,0,0,0,0
A0AAE9VKB1,0,0,0,0,0
A0ABZ0Z0Y0,0,0,0,0,0
M1IPJ8,0,0,0,0,0
A0A2H4UVX9,0,0,0,0,0
A0A6J5LFB4,0,0,0,0,0
A0A6J5M8V2,0,0,0,0,0
A0AAE9CEY9,0,0,0,0,0
A0AAU6NUW4,0,0,0,0,0
A0AB39C6H5,0,0,0,0,0
S4VU67,0,0,0,0,0
A0A1B1P8I7,0,0,0,0,0
A0A6J5LZT4,0,0,0,0,0
A0A6J5NQH2,0,0,0,0,0
A0A6J7VM89,0,0,0,0,0
A0A6J7WCH7,0,0,0,0,0
A0A8S5T1T0,0,0,0,0,0
I7HPE9,0,0,0,0,0
A0A3G2C657,0,0,0,0,0
A0A3G2C669,0,0,0,0,0
E3T5C8,0,0,0,0,0
A0A2U7UEM3,0,0,0,0,0
A0A6J7WS34,0,0,0,0,0
A9Q1W5,0,0,0,0,0
A0A1B1IVX3,0,0,0,0,0
A0A3B8E6D2,0,0,0,0,0
A0A494RAY4,0,0,0,0,0
A0A8S5MHD3,0,0,0,0,0
A0A8S5P8K8,0,0,0,0,0
A0A9E8G4Z5,0,0,0,0,0
A0A7G8L1X2,0,0,0,0,0
A0A7T3N5R5,0,0,0,0,0
A0A8S5LV37,0,0,0,0,0
A7K9N2,0,0,0,0,0
Q8JL21,0,0,0,0,0
Q9MC71,0,0,0,0,0
A0A2U7UBX5,0,0,0,0,0
A0A2U8UWK5,0,0,0,0,0
A0A6G6XJY6,0,0,0,0,0
A0A6J5PTK6,0,0,0,0,0
A0A8S5M0A8,0,0,0,0,0
B5LWE1,0,0,0,0,0
E5E3T0,0,0,0,0,0
A0A9E7MMV8,0,0,0,0,0
A0AAE7E1M3,0,0,0,0,0
Q6J7Y2,0,0,0,0,0
Q6TDM9,0,0,0,0,0
Q6XLZ3,0,0,0,0,0
A0A0H4IU68,0,0,0,0,0
A0A0N7BUT1,0,0,0,0,0
A0A0N7BZM5,0,0,0,0,0
A0A0N7C098,0,0,0,0,0
A0A0N7C2S1,0,0,0,0,0
A0A0N7C3F8,0,0,0,0,0
A0A0N7C3I3,0,0,0,0,0
A0A1B0VMB3,0,0,0,0,0
A0A2H4PF29,0,0,0,0,0
A0A2H4UVP3,0,0,0,0,0
A0A345L176,0,0,0,0,0
A0A346FJ49,0,0,0,0,0
A0A6J5LWB3,0,0,0,0,0
A0A6J5NB23,0,0,0,0,0
A0A6J5P522,0,0,0,0,0
A0A6J5QYG2,0,0,0,0,0
A0A6J5TBD8,0,0,0,0,0
A0A8S5LXM3,0,0,0,0,0
A0AAE8YGN8,0,0,0,0,0
A0AB39BZP9,0,0,0,0,0
Q6H9Z0,0,0,0,0,0
A0A096XEQ3,0,0,0,0,0
A0A0N6WEM5,0,0,0,0,0
A0A0N7BZ26,0,0,0,0,0
A0A0N7C1P6,0,0,0,0,0
A0A0N7C3B4,0,0,0,0,0
A0A0P0ZFI7,0,0,0,0,0
A0A1L2BWW5,0,0,0,0,0
A0A1U9AJ65,0,0,0,0,0
A0A1U9AJI1,0,0,0,0,0
A0A2R2Z325,0,0,0,0,0
A0A410TDW2,0,0,0,0,0
A0A6B9J178,0,0,0,0,0
A0A6J5KHT0,0,0,0,0,0
A0A7G3S014,0,0,0,0,0
A0A8F2D9D1,0,0,0,0,0
A0A8S5MFC2,0,0,0,0,0
A0A8S5MS14,0,0,0,0,0
A0A8S5NLQ1,0,0,0,0,0
A0A8S5NRT3,0,0,0,0,0
A0A8S5P8I9,0,0,0,0,0
A0A8S5PPL9,0,0,0,0,0
A0A8S5UZC9,0,0,0,0,0
B0FEB3,0,0,0,0,0
H9C0R7,0,0,0,0,0
A0A0N6WET1,0,0,0,0,0
A0A0N7C031,0,0,0,0,0
A0A0N7C2V7,0,0,0,0,0
A0A0N7KZW4,0,0,0,0,0
A0A0N7KZY6,0,0,0,0,0
A0A0P0ZDJ2,0,0,0,0,0
A0A0P0ZG96,0,0,0,0,0
A0A4Y6E9W6,0,0,0,0,0
A0A6J5KHW8,0,0,0,0,0
A0A6J5L0I8,0,0,0,0,0
A0A6J5MVI2,0,0,0,0,0
A0A6J5NF01,0,0,0,0,0
A0A6J5PIQ9,0,0,0,0,0
A0A8S5NGH6,0,0,0,0,0
A0A8S5S7A6,0,0,0,0,0
A0A8S5UZV3,0,0,0,0,0
A0AAE9K686,0,0,0,0,0
B6DZ61,0,0,0,0,0
E7DYS9,0,0,0,0,0
K0JCR8,0,0,0,0,0
L7RFX6,0,0,0,0,0
Q08J54,0,0,0,0,0
A0A0K2FIU4,0,0,0,0,0
A0A0N7BZ00,0,0,0,0,0
A0A0N7BZC2,0,0,0,0,0
A0A0N7BZV7,0,0,0,0,0
A0A0N7C071,0,0,0,0,0
A0A0N7C0F9,0,0,0,0,0
A0A0N7CF40,0,0,0,0,0
A0A385DZ13,0,0,0,0,0
A0A3G3M3N3,0,0,0,0,0
A0A5P8DCE4,0,0,0,0,0
A0A5Q2F900,0,0,0,0,0
A0A6J5M4H8,0,0,0,0,0
A0A6J5NFR2,0,0,0,0,0
A0A6J5NVT0,0,0,0,0,0
A0A6J5P1X3,0,0,0,0,0
A0A6J5R939,0,0,0,0,0
A0A6J5SV21,0,0,0,0,0
A0A6J7WCC6,0,0,0,0,0
A0A8S5LT68,0,0,0,0,0
A0A8S5MDC6,0,0,0,0,0
A0A8S5P1N8,0,0,0,0,0
A0A8S5QCD3,0,0,0,0,0
A0A8S5SIZ8,0,0,0,0,0
A0A8S5TCS8,0,0,0,0,0
A0A8S5TEN2,0,0,0,0,0
G9L6H1,0,0,0,0,0
H6WZG6,0,0,0,0,0
K7P8A6,0,0,0,0,0
A0A088CE37,0,0,0,0,0
A0A0N6WGJ2,0,0,0,0,0
A0A0N7BTI1,0,0,0,0,0
A0A0N7BZ69,0,0,0,0,0
A0A0P0ZCD4,0,0,0,0,0
A0A0P0ZCQ7,0,0,0,0,0
A0A2S0M3D5,0,0,0,0,0
A0A385AH68,0,0,0,0,0
A0A4Y6EAK1,0,0,0,0,0
A0A6J5L1I6,0,0,0,0,0
A0A6J5MV92,0,0,0,0,0
A0A6J5N6Q9,0,0,0,0,0
A0A6J5NJ91,0,0,0,0,0
A0A6J5TA20,0,0,0,0,0
A0A6J7X161,0,0,0,0,0
A0A8F3E9H6,0,0,0,0,0
A0A8S5N0W0,0,0,0,0,0
A0A8S5NZV4,0,0,0,0,0
A0A8S5Q8T2,0,0,0,0,0
A0A9E7IDQ4,0,0,0,0,0
A0A9E7V2L2,0,0,0,0,0
A0AAE8Y6M7,0,0,0,0,0
B6DZT0,0,0,0,0,0
B8XWX1,0,0,0,0,0
Q4A1M5,0,0,0,0,0
A0AAU6W213,0,0,0,0,0
A0AAU6W2W9,0,0,0,0,0
Q8HA08,0,0,0,0,0
A0A8S5PK73,0,0,0,0,0
A0AAU6W3S4,0,0,0,0,0
A0A8S5TXZ7,0,0,0,0,0
Q8H9Z8,0,0,0,0,0
A0AAU6W351,0,0,0,0,0
A0A0P0ZBW4,0,0,0,0,0
A0A0U2BXF3,0,0,0,0,0
A0A142KB09,0,0,0,0,0
A0A219YBA9,0,0,0,0,0
A0A2D1GG84,0,0,0,0,0
A0A3G2KD80,0,0,0,0,0
A0A3G2KH06,0,0,0,0,0
A0A3G2KHL0,0,0,0,0,0
A0A3G2KIH7,0,0,0,0,0
A0A5J6TGW7,0,0,0,0,0
A0A5J6TX17,0,0,0,0,0
A0A5Q2WC53,0,0,0,0,0
A0A653FS45,0,0,0,0,0
A0A653FUW1,0,0,0,0,0
A0A6J5KJK7,0,0,0,0,0
A0A6J5KPW3,0,0,0,0,0
A0A6J5KWB2,0,0,0,0,0
A0A6J5L3F5,0,0,0,0,0
A0A6J5LJY9,0,0,0,0,0
A0A6J5P2J4,0,0,0,0,0
A0A6J5RF50,0,0,0,0,0
A0A6J5SUS4,0,0,0,0,0
A0A6J5SVF7,0,0,0,0,0
A0A6J7WJG1,0,0,0,0,0
A0A6J7X4D0,0,0,0,0,0
A0A8S5LS15,0,0,0,0,0
A0A8S5R218,0,0,0,0,0
A0A8S5SLU3,0,0,0,0,0
A0A8S5T3A8,0,0,0,0,0
B6ETA4,0,0,0,0,0
G3CFH9,0,0,0,0,0
L7XYF8,0,0,0,0,0
A0A0U4JKN8,0,0,0,0,0
A0A160DEI1,0,0,0,0,0
A0A167RGI6,0,0,0,0,0
A0A219YBD4,0,0,0,0,0
A0A222ZFK1,0,0,0,0,0
A0A345MIU1,0,0,0,0,0
A0A3G2KFD3,0,0,0,0,0
A0A653FXG6,0,0,0,0,0
A0A6J5L0E1,0,0,0,0,0
A0A6J5LHB4,0,0,0,0,0
A0A6J5LLG6,0,0,0,0,0
A0A6J5MG58,0,0,0,0,0
A0A6J5MT06,0,0,0,0,0
A0A6J5PL53,0,0,0,0,0
A0A6J5PLR0,0,0,0,0,0
A0A6J5SVC0,0,0,0,0,0
A0A6J7WJC7,0,0,0,0,0
A0A8S5LF40,0,0,0,0,0
A0A8S5LUJ3,0,0,0,0,0
A0A8S5NNN6,0,0,0,0,0
A0A8S5NY32,0,0,0,0,0
A0A8S5QS39,0,0,0,0,0
A0A8S5S462,0,0,0,0,0
A0A8S5TI63,0,0,0,0,0
A0A8S5TLE1,0,0,0,0,0
A0A8S5TVT5,0,0,0,0,0
A0A8S5UXC2,0,0,0,0,0
A0A8T8JJG0,0,0,0,0,0
D2IZ62,0,0,0,0,0
D2IZD6,0,0,0,0,0
G5CST4,0,0,0,0,0
K7Z8B2,0,0,0,0,0
A0A076FHB8,0,0,0,0,0
A0A0P0ZBV6,0,0,0,0,0
A0A160DFP2,0,0,0,0,0
A0A1B3AYG5,0,0,0,0,0
A0A2K9V8J1,0,0,0,0,0
A0A2U8UUT7,0,0,0,0,0
A0A653FR16,0,0,0,0,0
A0A653FXJ3,0,0,0,0,0
A0A6J5KRG4,0,0,0,0,0
A0A6J5L365,0,0,0,0,0
A0A6J5LUE8,0,0,0,0,0
A0A6J5LV64,0,0,0,0,0
A0A6J5MQY2,0,0,0,0,0
A0A6J5N0V4,0,0,0,0,0
A0A6J5PSR6,0,0,0,0,0
A0A6J5QIB3,0,0,0,0,0
A0A6J5RI25,0,0,0,0,0
A0A6J5SN74,0,0,0,0,0
A0A6J5T7U6,0,0,0,0,0
A0A6J7WFX3,0,0,0,0,0
A0A6J7X7K9,0,0,0,0,0
A0A8S5LWM5,0,0,0,0,0
A0A8S5Q829,0,0,0,0,0
A0A8S5SGV9,0,0,0,0,0
A6XMH8,0,0,0,0,0
V5UT69,0,0,0,0,0
A0A0M3ULE0,0,0,0,0,0
A0A0P0ZCE8,0,0,0,0,0
A0A1E1ET87,0,0,0,0,0
A0A3G2KFB5,0,0,0,0,0
A0A3G2KHY0,0,0,0,0,0
A0A3G4ZZI3,0,0,0,0,0
A0A3S5HL96,0,0,0,0,0
A0A410TD49,0,0,0,0,0
A0A653FVI4,0,0,0,0,0
A0A653FX37,0,0,0,0,0
A0A6J5KML4,0,0,0,0,0
A0A6J5KVG7,0,0,0,0,0
A0A6J5KX58,0,0,0,0,0
A0A6J5KYL6,0,0,0,0,0
A0A6J5LLN7,0,0,0,0,0
A0A6J5N6V2,0,0,0,0,0
A0A6J5PQS2,0,0,0,0,0
A0A6J5R761,0,0,0,0,0
A0A6J7WAP1,0,0,0,0,0
A0A6J7X6T9,0,0,0,0,0
A0A6J7XHF6,0,0,0,0,0
A0A8S5N3L2,0,0,0,0,0
A0A8S5NY50,0,0,0,0,0
A0A8S5TN41,0,0,0,0,0
A0A8S5TNB7,0,0,0,0,0
D2IYT8,0,0,0,0,0
D2IYZ9,0,0,0,0,0
D2IZK1,0,0,0,0,0
D2IZR0,0,0,0,0,0
D2IZX8,0,0,0,0,0
Q858E0,0,0,0,0,0
A0A0B5CYQ7,0,0,0,0,0
A0A0P0ZC32,0,0,0,0,0
A0A0P0ZCL1,0,0,0,0,0
A0A160DEY0,0,0,0,0,0
A0A160DF97,0,0,0,0,0
A0A3G2KF11,0,0,0,0,0
A0A482JH62,0,0,0,0,0
A0A653FRB5,0,0,0,0,0
A0A6J5KVW5,0,0,0,0,0
A0A6J5L4B5,0,0,0,0,0
A0A6J5LHQ7,0,0,0,0,0
A0A6J5M717,0,0,0,0,0
A0A6J5NUA9,0,0,0,0,0
A0A6J5QWZ2,0,0,0,0,0
A0A6J5T1N2,0,0,0,0,0
A0A6J7WFR9,0,0,0,0,0
A0A6J7WGU8,0,0,0,0,0
A0A6J7WJT9,0,0,0,0,0
A0A6J7WPW4,0,0,0,0,0
A0A6J7WQY4,0,0,0,0,0
A0A6J7X694,0,0,0,0,0
A0A8S5P6B9,0,0,0,0,0
A0A8S5PUJ5,0,0,0,0,0
A0A8S5RR15,0,0,0,0,0
A0A8S5U8Y0,0,0,0,0,0
A0A8S5UUH1,0,0,0,0,0
A0A9E7LPY0,0,0,0,0,0
A0AAF0AF26,0,0,0,0,0
A9YW44,0,0,0,0,0
C6ZCV3,0,0,0,0,0
A0A142K959,0,0,0,0,0
A0A165XG41,0,0,0,0,0
A0A1I9SCA2,0,0,0,0,0
A0A385D4I0,0,0,0,0,0
A0A386K740,0,0,0,0,0
A0A3G2KA53,0,0,0,0,0
A0A3G2KG37,0,0,0,0,0
A0A411CQ20,0,0,0,0,0
A0A481VXV0,0,0,0,0,0
A0A481VYF2,0,0,0,0,0
A0A481VZC9,0,0,0,0,0
A0A4Y6ELG1,0,0,0,0,0
A0A5P8PHZ2,0,0,0,0,0
A0A6J5P3U3,0,0,0,0,0
A0A6J5QRX7,0,0,0,0,0
A0A6M3TC54,0,0,0,0,0
A0A8S5V4F2,0,0,0,0,0
A0AAE7P3P6,0,0,0,0,0
A0AAE8XJL4,0,0,0,0,0
A0AAE8YK95,0,0,0,0,0
G3M5E5,0,0,0,0,0
M4W6X8,0,0,0,0,0
A0A0M4QVD5,0,0,0,0,0
A0A0S2SY31,0,0,0,0,0
A0A0U4JUW5,0,0,0,0,0
A0A140E0P3,0,0,0,0,0
A0A142K7H9,0,0,0,0,0
A0A142K7W7,0,0,0,0,0
A0A222Z3G4,0,0,0,0,0
A0A2H4PFS5,0,0,0,0,0
A0A385D5I4,0,0,0,0,0
A0A386KLI4,0,0,0,0,0
A0A3G2KIU8,0,0,0,0,0
A0A4D6T5H6,0,0,0,0,0
A0A4Y6EME7,0,0,0,0,0
A0A6J5SXL1,0,0,0,0,0
A0A7G8LK08,0,0,0,0,0
A0A7G8LQT0,0,0,0,0,0
A0A8A5LS48,0,0,0,0,0
A0A8S5QVG7,0,0,0,0,0
A0A976YF97,0,0,0,0,0
A0AAE7TR17,0,0,0,0,0
A0A0U4B6G6,0,0,0,0,0
A0A0U4IWG1,0,0,0,0,0
A0A142K841,0,0,0,0,0
A0A1B0V7I5,0,0,0,0,0
A0A222Z1Z2,0,0,0,0,0
A0A222Z950,0,0,0,0,0
A0A386KF44,0,0,0,0,0
A0A5B8WMD1,0,0,0,0,0
A0A5J6TE20,0,0,0,0,0
A0A5P8PHY2,0,0,0,0,0
A0A6G8R2E5,0,0,0,0,0
A0A6G9LDU4,0,0,0,0,0
A0A6J5M6K9,0,0,0,0,0
A0A6J5N9Z3,0,0,0,0,0
A0A8F3E5Q3,0,0,0,0,0
A0AA48V688,0,0,0,0,0
A0AA49E4W4,0,0,0,0,0
A0AA49GZH5,0,0,0,0,0
A0AA96GUP2,0,0,0,0,0
E0YQ48,0,0,0,0,0
A0A097EYS6,0,0,0,0,0
A0A0U4JYU9,0,0,0,0,0
A0A1I9LJ52,0,0,0,0,0
A0A1I9LJE0,0,0,0,0,0
A0A1I9LJW7,0,0,0,0,0
A0A222Z898,0,0,0,0,0
A0A222ZL02,0,0,0,0,0
A0A2Z5HGA6,0,0,0,0,0
A0A345KN25,0,0,0,0,0
A0A3S9UPZ0,0,0,0,0,0
A0A481VUF2,0,0,0,0,0
A0A514A5I5,0,0,0,0,0
A0A6J5NFH2,0,0,0,0,0
A0A6J5NG84,0,0,0,0,0
A0A6J5RJW2,0,0,0,0,0
A0A7G3WHY3,0,0,0,0,0
A0AAE7P547,0,0,0,0,0
B5U3B6,0,0,0,0,0
A0A140G761,0,0,0,0,0
A0A142K7B0,0,0,0,0,0
A0A1I9LJM9,0,0,0,0,0
A0A3G3M4L4,0,0,0,0,0
A0A481VZ56,0,0,0,0,0
A0A481W120,0,0,0,0,0
A0A5B8WJ43,0,0,0,0,0
A0A6G9L6W6,0,0,0,0,0
A0A6J5KVG9,0,0,0,0,0
A0A6J5LHC4,0,0,0,0,0
A0A8S5NN14,0,0,0,0,0
A0AA48V5V6,0,0,0,0,0
A0AA48V5Z7,0,0,0,0,0
A0AA96HWF1,0,0,0,0,0
A0A2U9DT70,0,0,0,0,0
A0A5B9N745,0,0,0,0,0
A0A8S5R3E4,0,0,0,0,0
A0A8S5THD1,0,0,0,0,0
Q287H9,0,0,0,0,0
X2CRN9,0,0,0,0,0
A0A1J0MFJ2,0,0,0,0,0
A0A2L2DJE3,0,0,0,0,0
A0A6J5NW40,0,0,0,0,0
A0A8S5T3M2,0,0,0,0,0
A0A8S5V0E8,0,0,0,0,0
A0A9X9IAT4,0,0,0,0,0
A7IW89,0,0,0,0,0
A0A2L2DMI9,0,0,0,0,0
A0A5K0UBB4,0,0,0,0,0
A0A6B9WXQ2,0,0,0,0,0
A0A8S5MZ96,0,0,0,0,0
A0A8S5U5C4,0,0,0,0,0
A0AAU8AV14,0,0,0,0,0
A0A8S5MCY3,0,0,0,0,0
A0A8S5UZH6,0,0,0,0,0
A0A5Q2F788,0,0,0,0,0
A0A7D0NI66,0,0,0,0,0
A0A8S5LGD1,0,0,0,0,0
A0A8S5M1C3,0,0,0,0,0
A0A9E6YBK4,0,0,0,0,0
A0AAE8Y4F3,0,0,0,0,0
E3W036,0,0,0,0,0
I3XMB4,0,0,0,0,0
A0A0U2BZJ2,0,0,0,0,0
A0A5K0U796,0,0,0,0,0
A7ITU5,0,0,0,0,0
O48490,0,0,0,0,0
Q919Q1,0,0,0,0,0
Q9KXG3,0,0,0,0,0
Q9T1N7,0,0,0,0,0
Q38139,0,0,0,0,0
Q8QNK7,0,0,0,0,0
Q9XJH8,0,0,0,0,0
A0A1C9C591,0,0,0,0,0
A7J6S2,0,0,0,0,0
I7JC24,0,0,0,0,0
Q9J855,0,0,0,0,0
E3T4X6,0,0,0,0,0
A0A481YW11,0,0,0,0,0
Q8QLC8,0,0,0,0,0
A0A653FVU5,0,0,0,0,0
A0A6M8EFC9,0,0,0,0,0
A0A6M8F0W3,0,0,0,0,0
A0A1R3Y605,0,0,0,0,0
A0A8S5LHF9,0,0,0,0,0
A0A8S5SSD4,0,0,0,0,0
A0A8S5SXA6,0,0,0,0,0
A0A8S5SZ98,0,0,0,0,0
A0A8S5T1H5,0,0,0,0,0
A0A8S5U0W4,0,0,0,0,0
A0A6H0X5U9,0,0,0,0,0
A0A8S5LV25,0,0,0,0,0
A0A8S5LHS3,0,0,0,0,0
A0A8S5U0U6,0,0,0,0,0
A0A8S5NEY0,0,0,0,0,0
A0A8S5PNE5,0,0,0,0,0
A0A8S5QX67,0,0,0,0,0
A0A8S5SAQ4,0,0,0,0,0
A0A8S5M0A6,0,0,0,0,0
A0A8S5PLG2,0,0,0,0,0
A0A6M8F0N6,0,0,0,0,0
A0A6M8F5F4,0,0,0,0,0
A0A0N7CAT7,0,0,0,0,0
A0A2I6PIF6,0,0,0,0,0
A0A346FJ62,0,0,0,0,0
H6WZI6,0,0,0,0,0
Q4A1A9,0,0,0,0,0
A0A2H4J8D9,0,0,0,0,0
A0A6M3TE44,0,0,0,0,0
B6DZ80,0,0,0,0,0
B6DZV2,0,0,0,0,0
A0A059VG13,0,0,0,0,0
K7PK24,0,0,0,0,0
Q6H9X2,0,0,0,0,0
A0A219YC25,0,0,0,0,0
A0A2H4J1T9,0,0,0,0,0
A0A2H4JA22,0,0,0,0,0
A0A653FS15,0,0,0,0,0
A0A7D2HH00,0,0,0,0,0
B6ETC0,0,0,0,0,0
K7P746,0,0,0,0,0
K7PKZ4,0,0,0,0,0
A0A0N6WGE9,0,0,0,0,0
A0A0N7CES1,0,0,0,0,0
A0A0N7CGP2,0,0,0,0,0
A0A1B0VMG4,0,0,0,0,0
A0A219YBK4,0,0,0,0,0
A0AAE9BTD0,0,0,0,0,0
B8K1F8,0,0,0,0,0
Q8HA25,0,0,0,0,0
A0A6M8ELZ7,0,0,0,0,0
A0A6J5NWX9,0,0,0,0,0
A0A0N6WEW1,0,0,0,0,0
A0A0N7BUG5,0,0,0,0,0
A0A0N7C0S1,0,0,0,0,0
A0A0N7C364,0,0,0,0,0
A0A0P0ZEG6,0,0,0,0,0
A0A2S0M3G1,0,0,0,0,0
A0A5C0CAF5,0,0,0,0,0
K7P720,0,0,0,0,0
K7PGZ3,0,0,0,0,0
Q08J33,0,0,0,0,0
Q8SC43,0,0,0,0,0
A0A0N6WEQ5,0,0,0,0,0
A0A0N6WGK3,0,0,0,0,0
A0A0N7BV83,0,0,0,0,0
A0A0N7BZG8,0,0,0,0,0
A0A0N7C0I3,0,0,0,0,0
A0A0N7C2A9,0,0,0,0,0
A0A0P0ZBT3,0,0,0,0,0
A0AA48P7R3,0,0,0,0,0
H9C0T0,0,0,0,0,0
K7P733,0,0,0,0,0
K7PJW4,0,0,0,0,0
K7PKW7,0,0,0,0,0
A0A088CBP6,0,0,0,0,0
A0A0N7C162,0,0,0,0,0
A0A0N7C1K1,0,0,0,0,0
A0A0N7CH12,0,0,0,0,0
A0A0P0ZCW6,0,0,0,0,0
A0A0S2SYC1,0,0,0,0,0
K7P6I8,0,0,0,0,0
A0A0N6WEK0,0,0,0,0,0
A0A0N7BUP4,0,0,0,0,0
A0A0N7C158,0,0,0,0,0
A0A0N7C1U3,0,0,0,0,0
A0A0N7C2V1,0,0,0,0,0
A0A220NQX4,0,0,0,0,0
A0A7G3RZF4,0,0,0,0,0
A0AB39BZK9,0,0,0,0,0
B0FED3,0,0,0,0,0
G8C7M5,0,0,0,0,0
K7P843,0,0,0,0,0
Q7Y2K0,0,0,0,0,0
A0A0N7C1X1,0,0,0,0,0
A0A0N7C275,0,0,0,0,0
A0A7S6R7W0,0,0,0,0,0
A0A7T8EN25,0,0,0,0,0
K7P6U0,0,0,0,0,0
K7P6Y3,0,0,0,0,0
K7PHA4,0,0,0,0,0
A0A0P0ZD27,0,0,0,0,0
A0AA95EDA8,0,0,0,0,0
A0A0N7KZ87,0,0,0,0,0
A0A0P0ZC50,0,0,0,0,0
A0A0P0ZCC6,0,0,0,0,0
A0A1I9LJG0,0,0,0,0,0
A0A7S6U1L8,0,0,0,0,0
G3CFK0,0,0,0,0,0
A0A1I9LJP8,0,0,0,0,0
A0A811BMF8,0,0,0,0,0
V5UT46,0,0,0,0,0
A0A1I9LJ72,0,0,0,0,0
A0A220NRM1,0,0,0,0,0
A0A8S5PLD2,0,0,0,0,0
A0A1I9LJY7,0,0,0,0,0
A0ABM7NR64,0,0,0,0,0
A0ABM7NU28,0,0,0,0,0
A0ABM7NQX0,0,0,0,0,0
A0A3G4ZX90,0,0,0,0,0
A0ABM7NQU7,0,0,0,0,0
A0ABM7NSI3,0,0,0,0,0
A0A2H4J061,0,0,0,0,0
A0A3S5HLE3,0,0,0,0,0
D7NW85,0,0,0,0,0
A0A1V0S996,0,0,0,0,0
A0A3G5ADM4,0,0,0,0,0
A0A8S5RC67,0,0,0,0,0
S4VZ68,0,0,0,0,0
A0A1V0SDE2,0,0,0,0,0
A0A8F8KNT3,0,0,0,0,0
I3WEY3,0,0,0,0,0
A0A191ZD63,0,0,0,0,0
A0A2H4UUZ2,0,0,0,0,0
A0A811BLQ6,0,0,0,0,0
W6ARE2,0,0,0,0,0
A0A191ZCX9,0,0,0,0,0
A0A1E1EV78,0,0,0,0,0
A0A1V0SA26,0,0,0,0,0
A0A1V0SK49,0,0,0,0,0
G5CSY5,0,0,0,0,0
S4VZ39,0,0,0,0,0
A0A1V0S9X0,0,0,0,0,0
A0A1V0SEC6,0,0,0,0,0
A0A1V0SKR3,0,0,0,0,0
A0A6J5PZ15,0,0,0,0,0
A0A191ZCM8,0,0,0,0,0
A0A1V0SAM8,0,0,0,0,0
A0A2H4UU84,0,0,0,0,0
A0A2H4UUX6,0,0,0,0,0
A0A2K9V806,0,0,0,0,0
A0A6J5M3I5,0,0,0,0,0
A0A6J7XGR1,0,0,0,0,0
A0A8S5M9F8,0,0,0,0,0
A0A1B1UZU4,0,0,0,0,0
A0A1B1UZV6,0,0,0,0,0
A0A1V0SEV1,0,0,0,0,0
A0A3G4ZSA1,0,0,0,0,0
A0A6M9TZY4,0,0,0,0,0
A0A1B1UZU5,0,0,0,0,0
A0A1B1UZU9,0,0,0,0,0
A0A1B1UZV1,0,0,0,0,0
A0A1B1UZV2,0,0,0,0,0
A0A1B1UZV7,0,0,0,0,0
A0A1B1UZT6,0,0,0,0,0
A0A0G2Y9J9,0,0,0,0,0
A0A1B1UZU1,0,0,0,0,0
A0A1B1UZU6,0,0,0,0,0
A0A2U7UDF9,0,0,0,0,0
A0A1B1UZU3,0,0,0,0,0
A0A1B1UZV0,0,0,0,0,0
A0A1B1UZV5,0,0,0,0,0
A0A1B1UZV9,0,0,0,0,0
A0A1B1UZW8,0,0,0,0,0
R4WAK8,0,0,0,0,0
A0A0N7CGX5,0,0,0,0,0
A0A140E0D8,0,0,0,0,0
F8J2B4,0,0,0,0,0
A0A165X887,0,0,0,0,0
A0A6F8Z6D4,0,0,0,0,0
A0A0N7CFV4,0,0,0,0,0
A0A1V0SF70,0,0,0,0,0
A0A8S5LFP6,0,0,0,0,0
A0A0G2Y9A8,0,0,0,0,0
L7RBG0,0,0,0,0,0
A0A0N7CAW7,0,0,0,0,0
A0A068LKF9,0,0,0,0,0
A0A2L0WTZ0,0,0,0,0,0
A0A5B8HXX2,0,0,0,0,0
A9LMF0,0,0,0,0,0
Q9AZ15,0,0,0,0,0
A0A1B1UZV4,0,0,0,0,0
A0A1B1UZV8,0,0,0,0,0
A0A1B1UZW0,0,0,0,0,0
A0A1S5YE08,0,0,0,0,0
A0A2H4T2R1,0,0,0,0,0
A0A8S5TIW1,0,0,0,0,0
A0ABM7NRB8,0,0,0,0,0
A0A1B1UZV3,0,0,0,0,0
A0A1B1UZW1,0,0,0,0,0
A0A3G5ADM5,0,0,0,0,0
A0A6J5NXH3,0,0,0,0,0
A0A7U3U867,0,0,0,0,0
A0A8S5TI31,0,0,0,0,0
A0A3G4ZWK6,0,0,0,0,0
A0A9E8BVZ8,0,0,0,0,0
Q716C6,0,0,0,0,0
A0A097DAT3,0,0,0,0,0
A0A0C5AQ93,0,0,0,0,0
A0A0K0WS97,0,0,0,0,0
A0A0S3IUX4,0,0,0,0,0
A0A0S3IXF2,0,0,0,0,0
A0A172WZ93,0,0,0,0,0
A0A346TPX9,0,0,0,0,0
A0A8S5T878,0,0,0,0,0
A0A977XU70,0,0,0,0,0
A0AAF1D2A1,0,0,0,0,0
A5IZU9,0,0,0,0,0
F4ZKW8,0,0,0,0,0
Q8JRW0,0,0,0,0,0
Q9MCP4,0,0,0,0,0
U5KB67,0,0,0,0,0
A0A0S3IXD3,0,0,0,0,0
A0A1B1UZW3,0,0,0,0,0
A0A8S5P6G9,0,0,0,0,0
Q6JKC9,0,0,0,0,0
Q8HAF8,0,0,0,0,0
Q9DVU4,0,0,0,0,0
V9LSR5,0,0,0,0,0
X5GE93,0,0,0,0,0
A0A076FEQ4,0,0,0,0,0
A0A162GU42,0,0,0,0,0
A0A1B2CS72,0,0,0,0,0
A0A1L5JGS2,0,0,0,0,0
A0A2K9VS56,0,0,0,0,0
A0A481SFB6,0,0,0,0,0
A0AAE7SXR2,0,0,0,0,0
A0AB39CDT4,0,0,0,0,0
A1YRG4,0,0,0,0,0
A8CGE3,0,0,0,0,0
E5G6P5,0,0,0,0,0
K4EQ31,0,0,0,0,0
Q1A4L0,0,0,0,0,0
A0A0B4VGK8,0,0,0,0,0
A0A0S3J182,0,0,0,0,0
A0A161C729,0,0,0,0,0
A0A1V0SIW2,0,0,0,0,0
A0A288QB01,0,0,0,0,0
A0A411HB76,0,0,0,0,0
A0A4D6EFC8,0,0,0,0,0
A0A4D6EJ61,0,0,0,0,0
A0A8S5M156,0,0,0,0,0
A0A8S5U232,0,0,0,0,0
A0ABX6TR39,0,0,0,0,0
Q671M5,0,0,0,0,0
Q9ZWX8,0,0,0,0,0
A0A097P979,0,0,0,0,0
A0A0S3IW82,0,0,0,0,0
A0A1B1UZW6,0,0,0,0,0
A0A6H0X5Q8,0,0,0,0,0
A0A6N1NMX1,0,0,0,0,0
A0A8S5VGD0,0,0,0,0,0
A0AAE6H2X6,0,0,0,0,0
A0AAE9BYP3,0,0,0,0,0
A0AAE9LNK4,0,0,0,0,0
D2J4Q7,0,0,0,0,0
L0CK54,0,0,0,0,0
S5MKS6,0,0,0,0,0
V9XTN9,0,0,0,0,0
D4I5U6,0,0,0,0,0
A9JM18,0,0,0,0,0
A0A0K2FIP6,0,0,0,0,0
A0A2L2DKR6,0,0,0,0,0
A0A7L9AYC2,0,0,0,0,0
Q0GY92,0,0,0,0,0
Q9T1M1,0,0,0,0,0
Q9T207,0,0,0,0,0
A0A1B1V5N1,0,0,0,0,0
A0A1B2CSJ6,0,0,0,0,0
A0A1C8ZX52,0,0,0,0,0
A0A3G2JTS8,0,0,0,0,0
A0A6J5S6P1,0,0,0,0,0
B6D5W1,0,0,0,0,0
S5MK82,0,0,0,0,0
T1QZT2,0,0,0,0,0
A0A0A7KR32,0,0,0,0,0
A0A2L2DM75,0,0,0,0,0
A0A8S5PGM9,0,0,0,0,0
A0AAE8YEV6,0,0,0,0,0
A9YMW8,0,0,0,0,0
Q06KD9,0,0,0,0,0
A0A0B4ULY3,0,0,0,0,0
A0A120L165,0,0,0,0,0
A0A1C8ZXI5,0,0,0,0,0
A0A346QW45,0,0,0,0,0
A0A8S5LL92,0,0,0,0,0
M1I979,0,0,0,0,0
Q6LEH3,0,0,0,0,0
Q9KXE5,0,0,0,0,0
T1R0B2,0,0,0,0,0
A0A0S3J082,0,0,0,0,0
A0A109WXR4,0,0,0,0,0
A0A2L2DIY4,0,0,0,0,0
A0A6G6ACB1,0,0,0,0,0
A0A8S5MCM0,0,0,0,0,0
A0A8S5RS72,0,0,0,0,0
A0A109WW91,0,0,0,0,0
A0A1L5JGR7,0,0,0,0,0
A0A288WIT3,0,0,0,0,0
A0A2Z6C5F6,0,0,0,0,0
A0A6B7KH88,0,0,0,0,0
A0A8S5MSR2,0,0,0,0,0
A0A8S5Q5Q3,0,0,0,0,0
Q4KSV3,0,0,0,0,0
Q9DVS7,0,0,0,0,0
A0A0K0WSB6,0,0,0,0,0
A0A0R7EYU7,0,0,0,0,0
A0A6N0C1L3,0,0,0,0,0
A0AAX3AUH2,0,0,0,0,0
A0ABM7NUC2,0,0,0,0,0
A0ABM7NUG5,0,0,0,0,0
A7IXN6,0,0,0,0,0
C3VP22,0,0,0,0,0
Q0N3Y5,0,0,0,0,0
A0A1D8QLF7,0,0,0,0,0
A0A1V0S8G3,0,0,0,0,0
A0A346TPR2,0,0,0,0,0
A0A8S5L820,0,0,0,0,0
A0A8S5LGK1,0,0,0,0,0
A0A8S5SG34,0,0,0,0,0
A0A977TP40,0,0,0,0,0
A0AAE6R6I8,0,0,0,0,0
A0ABM7NSK0,0,0,0,0,0
Q1A4J2,0,0,0,0,0
Q461U7,0,0,0,0,0
S5TJA8,0,0,0,0,0
A0A097DAT4,0,0,0,0,0
A0A0X9FH87,0,0,0,0,0
A0A1C8ZZF4,0,0,0,0,0
A0A1C9C4X2,0,0,0,0,0
A0A1C9C5D9,0,0,0,0,0
A0A2Z4HI78,0,0,0,0,0
A0A410S7Q0,0,0,0,0,0
A0A481V8X4,0,0,0,0,0
A0A8S5R969,0,0,0,0,0
A0A8S5U541,0,0,0,0,0
A0AAE6IQP2,0,0,0,0,0
A0AAF1D2B0,0,0,0,0,0
B0FDZ2,0,0,0,0,0
A0A0C5ASH6,0,0,0,0,0
A0A346RNY2,0,0,0,0,0
A0A3G4ZRY1,0,0,0,0,0
A0A3G5EC19,0,0,0,0,0
A0A8S5TYA6,0,0,0,0,0
A0ABM7NR45,0,0,0,0,0
V9IQN0,0,0,0,0,0
A0A0C5AYZ6,0,0,0,0,0
A0A6G6AGR4,0,0,0,0,0
A0A6V6ZFB8,0,0,0,0,0
A0A7R8Z3W7,0,0,0,0,0
A9JL83,0,0,0,0,0
A0A0A1DY22,0,0,0,0,0
A0A0C5AZG4,0,0,0,0,0
A0A6G7KTP8,0,0,0,0,0
A0A6G7KTV4,0,0,0,0,0
A0A894ZTL6,0,0,0,0,0
A0A0E3Z884,0,0,0,0,0
A0A0M3WNF7,0,0,0,0,0
A0A2P1EMN1,0,0,0,0,0
A0A8S5V443,0,0,0,0,0
L7RGJ3,0,0,0,0,0
A0A0G2Y9W5,0,0,0,0,0
A0A1E1ESP3,0,0,0,0,0
A0A1S5YE75,0,0,0,0,0
A0A8S5QX20,0,0,0,0,0
A0A8S5TBJ6,0,0,0,0,0
A0EYZ6,0,0,0,0,0
G5CT57,0,0,0,0,0
Q8JMA4,0,0,0,0,0
A0A8S5T7Y5,0,0,0,0,0
A0AA49CJG6,0,0,0,0,0
D4N2I7,0,0,0,0,0
A0A165XAU2,0,0,0,0,0
U5KBN4,0,0,0,0,0
W6GIY7,0,0,0,0,0
A0A162GW49,0,0,0,0,0
A0A7S8BDM9,0,0,0,0,0
A0A8S5P5I6,0,0,0,0,0
A5IZW9,0,0,0,0,0
D2J4S4,0,0,0,0,0
F4ZKY6,0,0,0,0,0
A0A0B4ZUP8,0,0,0,0,0
A0A2H4V007,0,0,0,0,0
A0A481SFQ6,0,0,0,0,0
A0AAE7SYT7,0,0,0,0,0
A0AB39C7E2,0,0,0,0,0
Q8JRU5,0,0,0,0,0
A0A0E3JAB7,0,0,0,0,0
A0A0E3JAN4,0,0,0,0,0
A0A0E3JB52,0,0,0,0,0
A0A3G4ZVG8,0,0,0,0,0
A0ABC8QKA1,0,0,0,0,0
A0A126FC26,0,0,0,0,0
A0A3G8F1K9,0,0,0,0,0
A0AAE8XXQ9,0,0,0,0,0
A7IWK9,0,0,0,0,0
A7IXM7,0,0,0,0,0
A0A482ER63,0,0,0,0,0
A0A8S5TEK0,0,0,0,0,0
C3TX19,0,0,0,0,0
Q99GT7,0,0,0,0,0
A0A0E3JAG9,0,0,0,0,0
A0A8S5SYK0,0,0,0,0,0
A0A976SFK9,0,0,0,0,0
A0A8S5MBZ2,0,0,0,0,0
A9YMY8,0,0,0,0,0
U6E9A8,0,0,0,0,0
A0A0G2Y008,0,0,0,0,0
A0A1E1ESC8,0,0,0,0,0
A7IY04,0,0,0,0,0
B5LW91,0,0,0,0,0
K7YXM8,0,0,0,0,0
A0A0G2Y3Y7,0,0,0,0,0
A0A6N1NRT4,0,0,0,0,0
A0AAE9CBA7,0,0,0,0,0
L7Y3B4,0,0,0,0,0
A0A075TSI1,0,0,0,0,0
A0A1C9C587,0,0,0,0,0
A0A6N1NWJ8,0,0,0,0,0
A0AAE8YUC3,0,0,0,0,0
A0AAE9CAU9,0,0,0,0,0
Q9E224,0,0,0,0,0
U5J9B8,0,0,0,0,0
A0A1D8QLG3,0,0,0,0,0
A0A6J5NWI4,0,0,0,0,0
M1I611,0,0,0,0,0
Q6VTL1,0,0,0,0,0
A0A8S5NMX8,0,0,0,0,0
Q2NNS4,0,0,0,0,0
A0A0R5RHM5,0,0,0,0,0
A0A2L2DI45,0,0,0,0,0
A0A3G4S908,0,0,0,0,0
A7IWQ3,0,0,0,0,0
K4JYK0,0,0,0,0,0
W8CYZ2,0,0,0,0,0
A0A140E0C5,0,0,0,0,0
A0A2L2DNW3,0,0,0,0,0
A7IVV5,0,0,0,0,0
B5X0B2,0,0,0,0,0
A0A830RA40,0,0,0,0,0
Q6QH43,0,0,0,0,0
Q91GD7,0,0,0,0,0
Q9DJ42,0,0,0,0,0
A0A0G2Y396,0,0,0,0,0
A0A140HRL8,0,0,0,0,0
A0A1B1MR57,0,0,0,0,0
A0A4P8NJ25,0,0,0,0,0
A0A513WWJ7,0,0,0,0,0
A0A5K0U8S1,0,0,0,0,0
A0A5K0U8Y8,0,0,0,0,0
A1YJ29,0,0,0,0,0
E3T5C7,0,0,0,0,0
J7H7J4,0,0,0,0,0
Q0IKY5,0,0,0,0,0
Q7T9S4,0,0,0,0,0
A0A077CXT2,0,0,0,0,0
A0A140E169,0,0,0,0,0
A0A6H0F1Z1,0,0,0,0,0
Q287N1,0,0,0,0,0
A0A0A0YZB3,0,0,0,0,0
A0A140HR31,0,0,0,0,0
A0A7G3W7P0,0,0,0,0,0
A0A8S5TC44,0,0,0,0,0
I3XM65,0,0,0,0,0
Q9YMH1,0,0,0,0,0
V9TK09,0,0,0,0,0
A0A140HQK8,0,0,0,0,0
A0A1D8QN09,0,0,0,0,0
A0A5K0UB82,0,0,0,0,0
A0A8S5MF31,0,0,0,0,0
A0A8S5SBG9,0,0,0,0,0
M1JTI8,0,0,0,0,0
A0A193DU53,0,0,0,0,0
A0A2H4ZK97,0,0,0,0,0
A0A4Y5FG07,0,0,0,0,0
A0A8E8LC10,0,0,0,0,0
A0A8S5NAA3,0,0,0,0,0
B2KWX2,0,0,0,0,0
G8I4G6,0,0,0,0,0
Q7T5J6,0,0,0,0,0
W5VKL8,0,0,0,0,0
A0A6B9I5A9,0,0,0,0,0
A0A140E196,0,0,0,0,0
A0A097P174,0,0,0,0,0
Q919M3,0,0,0,0,0
Q9J894,0,0,0,0,0
A0A097P0U2,0,0,0,0,0
A0A097P226,0,0,0,0,0
A0A097P2D5,0,0,0,0,0
Q80LU4,0,0,0,0,0
O21972,0,0,0,0,0
Q77CH1,0,0,0,0,0
O21975,0,0,0,0,0
O21969,0,0,0,0,0
O21973,0,0,0,0,0
O21974,0,0,0,0,0
O21971,0,0,0,0,0
A0A097P2F1,0,0,0,0,0
A0A0G2Y713,0,0,0,0,0
Q7T9Q8,0,0,0,0,0
Q8QLI0,0,0,0,0,0
Q9PYS2,0,0,0,0,0
A0A0G2Y1R9,0,0,0,0,0
A0A2Z6C5N2,0,0,0,0,0
A0A7G7Y838,0,0,0,0,0
B6S6Z6,0,0,0,0,0
I6V066,0,0,0,0,0
K4GIL0,0,0,0,0,0
O02182,0,0,0,0,0
A0A023MIE3,0,0,0,0,0
A0A097P0W1,0,0,0,0,0
A0A224ATS3,0,0,0,0,0
A0A8F4XD23,0,0,0,0,0
A8C5W8,0,0,0,0,0
Q71AF8,0,0,0,0,0
Q91EU9,0,0,0,0,0
U3RJ74,0,0,0,0,0
K9LQ61,0,0,0,0,0
Q1HH71,0,0,0,0,0
Q2XSM0,0,0,0,0,0
Q6QXL7,0,0,0,0,0
A0A097DC28,0,0,0,0,0
A0A2H4ZK95,0,0,0,0,0
A0A7G7Y919,0,0,0,0,0
O92487,0,0,0,0,0
Q7T5H8,0,0,0,0,0
Q91ET0,0,0,0,0,0
B6S721,0,0,0,0,0
Q8B9C9,0,0,0,0,0
Q9PYQ1,0,0,0,0,0
Q6QXH5,0,0,0,0,0
A0A023MHG4,0,0,0,0,0
A0A0C4UR24,0,0,0,0,0
Q37876,0,0,0,0,0
Q37877,0,0,0,0,0
C9DGL1,0,0,0,0,0
Q9T0S5,0,0,0,0,0
Q859M4,0,0,0,0,0
